时间戳,帧计数器,游戏时间,挂载对象位置X,挂载对象位置Y,挂载对象位置Z,挂载对象旋转X,挂载对象旋转Y,挂载对象旋转Z,目标对象1旋转X,目标对象1旋转Y,目标对象1旋转Z,注视原点X,注视原点Y,注视原点Z,注视方向X,注视方向Y,注视方向Z,碰撞点X,碰撞点Y,碰撞点Z,碰撞物体名称,左瞳孔直径,右瞳孔直径,左瞳孔X,左瞳孔Y,右瞳孔X,右瞳孔Y,左眼睁眼度,右眼睁眼度,眼动追踪状态,
05:58.5,1,0,0.413246,1.258904,26.27372,359.9871,-0.000112,0.001655,0,0,0,0.413246,1.258904,26.27372,-0.000002,0.000226,1,0.413234,1.260326,32.57522,触发点,0,0,0.5,0.5,0.5,0.5,1,1,Invalid,#NAME?
06:00.6,2,0.02,1.000263,1.112913,26.79833,3.548345,357.6712,359.9483,0,0,0,0.998722,1.11741,26.81194,-0.182249,-0.307921,0.933793,0.337361,0.000001,30.20057,Road,0,0,0.5,0.5,0.5,0.5,1,1,Valid,#NAME?
06:00.9,3,0.27,0.988773,1.101111,26.78534,7.045259,350.604,358.4549,0,0,0,0.985664,1.10479,26.79893,-0.120575,-0.336112,0.934072,0.589339,0.000001,29.86919,Road,0,0,0.5,0.5,0.5,0.5,1,1,Valid,#NAME?
06:00.9,4,0.3152,0.99201,1.100801,26.78556,6.770342,352.3521,359.151,0,0,0,0.989258,1.104536,26.79921,-0.090607,-0.332192,0.93885,0.687992,0.000001,29.92088,Road,0,0,0.5,0.5,0.5,0.5,1,1,Valid,#NAME?
06:01.0,5,0.3354,0.992561,1.100521,26.78557,6.755921,352.768,359.3257,0,0,0,0.989891,1.104256,26.79924,-0.113981,-0.317979,0.941222,0.594065,0.000001,30.06786,Road,0,0,0.5,0.5,0.5,0.5,1,1,Valid,#NAME?
06:01.0,6,0.3446,0.992792,1.100434,26.78544,6.75643,352.9503,359.4728,0,0,0,0.990152,1.104167,26.79912,-0.110465,-0.317973,0.941643,0.60656,0.000001,30.06898,Road,0,0,0.5,0.5,0.5,0.5,1,1,Valid,#NAME?
06:01.0,7,0.3541,0.992832,1.100457,26.78541,6.748138,352.9977,359.4744,0,0,0,0.990204,1.104192,26.79909,-0.142159,-0.302548,0.942473,0.471375,0.000001,30.23878,Road,0,0,0.5,0.5,0.5,0.5,1,1,Valid,#NAME?
06:01.0,8,0.3664,0.992899,1.100458,26.78537,6.769521,353.0205,359.5093,0,0,0,0.990273,1.104187,26.79905,-0.165144,-0.29894,0.939874,0.380284,0.000001,30.27064,Road,0,0,0.5,0.5,0.5,0.5,1,1,Valid,#NAME?
06:01.0,9,0.3776,0.992857,1.100446,26.78529,6.710711,353.0494,359.4725,0,0,0,0.990242,1.104189,26.79897,-0.170573,-0.299169,0.938831,0.360681,0.000001,30.26405,Road,0,0,0.5,0.5,0.5,0.5,1,1,Valid,#NAME?
06:01.0,10,0.3879,0.992865,1.100447,26.78524,6.684352,353.0627,359.4616,0,0,0,0.990253,1.104197,26.79892,-0.170406,-0.29872,0.939004,0.360359,0.000001,30.26987,Road,0,0,0.5,0.5,0.5,0.5,1,1,Valid,#NAME?
06:01.0,11,0.3985,0.992851,1.100498,26.78519,6.675129,353.0713,359.4538,0,0,0,0.990242,1.104251,26.79886,-0.17337,-0.314983,0.933129,0.382453,0.000001,30.07018,Road,0,0,0.5,0.5,0.5,0.5,1,1,Valid,#NAME?
06:01.0,12,0.4096,0.992863,1.100497,26.78513,6.652921,353.0739,359.4532,0,0,0,0.990255,1.104256,26.79881,-0.174903,-0.321706,0.930545,0.389901,0.000001,29.9929,Road,0,0,0.5,0.5,0.5,0.5,1,1,Valid,#NAME?
06:01.0,13,0.4209,0.992842,1.100496,26.78509,6.63352,353.067,359.4658,0,0,0,0.990233,1.104259,26.79876,-0.174981,-0.3214,0.930636,0.389036,0.000001,29.99622,Road,0,0,0.5,0.5,0.5,0.5,1,1,Valid,#NAME?
06:01.1,14,0.438,0.992828,1.100508,26.78508,6.603684,353.0451,359.4694,0,0,0,0.990213,1.104278,26.79875,-0.165908,-0.334852,0.92755,0.443082,0.000001,29.85764,Road,0,0,0.5,0.5,0.5,0.5,1,1,Valid,#NAME?
06:01.1,15,0.4449,0.992819,1.10055,26.78507,6.590425,353.031,359.4673,0,0,0,0.9902,1.104323,26.79874,-0.178867,-0.321561,0.929842,0.375925,0.000001,29.99207,Road,0,0,0.5,0.5,0.5,0.5,1,1,Valid,#NAME?
06:01.1,16,0.4545,0.992798,1.100586,26.78502,6.561041,353.0258,359.4391,0,0,0,0.990179,1.104367,26.79869,-0.179077,-0.321045,0.92998,0.37417,0.000001,29.99774,Road,0,0,0.5,0.5,0.5,0.5,1,1,Valid,#NAME?
06:01.1,17,0.4664,0.992771,1.100644,26.785,6.529493,353.0196,359.4035,0,0,0,0.990156,1.104433,26.79867,-0.179796,-0.32738,0.927629,0.383606,0.000001,29.92808,Road,0,0,0.5,0.5,0.5,0.5,1,1,Valid,#NAME?
06:01.1,18,0.4767,0.992729,1.100737,26.78501,6.5308,353.0172,359.3726,0,0,0,0.990116,1.104526,26.79867,-0.161544,-0.344819,0.924664,0.472657,0.000001,29.76057,Road,0,0,0.5,0.5,0.5,0.5,1,1,Valid,#NAME?
06:01.1,19,0.4876,0.992695,1.100762,26.78498,6.503635,353.0186,359.3414,0,0,0,0.990086,1.104558,26.79864,-0.173175,-0.341155,0.923918,0.429399,0.000001,29.79002,Road,0,0,0.5,0.5,0.5,0.5,1,1,Valid,#NAME?
06:01.1,20,0.4984,0.992653,1.100843,26.78499,6.499345,353.0209,359.3193,0,0,0,0.990046,1.104641,26.79865,-0.173228,-0.341062,0.923942,0.42899,0.000001,29.79114,Road,0,0,0.5,0.5,0.5,0.5,1,1,Valid,#NAME?
06:01.1,21,0.5096,0.992619,1.100912,26.78498,6.492947,353.0049,359.3091,0,0,0,0.990007,1.104712,26.79865,-0.168393,-0.345791,0.923078,0.452037,0.000001,29.74764,Road,0,0,0.5,0.5,0.5,0.5,1,1,Valid,#NAME?
06:01.1,22,0.521,0.992561,1.100925,26.78495,6.463352,352.9966,359.2985,0,0,0,0.989952,1.104733,26.79861,-0.158892,-0.347503,0.924118,0.484828,0.000001,29.73643,Road,0,0,0.5,0.5,0.5,0.5,1,1,Valid,#NAME?
06:01.2,23,0.5319,0.992514,1.100993,26.78494,6.452805,352.983,359.311,0,0,0,0.989899,1.104802,26.7986,-0.159067,-0.347341,0.924149,0.483948,0.000001,29.73808,Road,0,0,0.5,0.5,0.5,0.5,1,1,Valid,#NAME?
06:01.2,24,0.5431,0.992436,1.101054,26.78488,6.436607,352.9726,359.3213,0,0,0,0.989817,1.104867,26.79853,-0.160418,-0.349941,0.922934,0.483331,0.000001,29.7125,Road,0,0,0.5,0.5,0.5,0.5,1,1,Valid,#NAME?
06:01.2,25,0.5541,0.992374,1.101099,26.78483,6.422284,352.9646,359.3266,0,0,0,0.989754,1.104915,26.79849,-0.160485,-0.353281,0.921649,0.487826,0.000001,29.68102,Road,0,0,0.5,0.5,0.5,0.5,1,1,Valid,#NAME?
06:01.2,26,0.5652,0.992308,1.101194,26.78482,6.393277,352.9603,359.3327,0,0,0,0.989685,1.105018,26.79847,-0.160549,-0.352813,0.921817,0.486842,0.000001,29.68562,Road,0,0,0.5,0.5,0.5,0.5,1,1,Valid,#NAME?
06:01.2,27,0.5767,0.992224,1.101255,26.78478,6.367696,352.9627,359.3545,0,0,0,0.989601,1.105084,26.79843,-0.155582,-0.351469,0.923181,0.500422,0.000001,29.70108,Road,0,0,0.5,0.5,0.5,0.5,1,1,Valid,#NAME?
06:01.2,28,0.5944,0.992147,1.101307,26.78475,6.314503,352.9681,359.3615,0,0,0,0.989527,1.105148,26.7984,-0.152009,-0.348241,0.924998,0.507124,0.000001,29.7339,Road,0,0,0.5,0.5,0.5,0.5,1,1,Valid,#NAME?
06:01.2,29,0.6014,0.992096,1.101449,26.78473,6.296269,352.9628,359.3865,0,0,0,0.989471,1.105294,26.79838,-0.151022,-0.347709,0.92536,0.509404,0.000001,29.7399,Road,0,0,0.5,0.5,0.5,0.5,1,1,Valid,#NAME?
06:01.2,30,0.6094,0.992022,1.101512,26.78465,6.265006,352.9639,359.4101,0,0,0,0.989393,1.105365,26.79829,-0.150929,-0.347213,0.925561,0.508907,0.000001,29.74484,Road,0,0,0.5,0.5,0.5,0.5,1,1,Valid,#NAME?
06:01.2,31,0.6206,0.991947,1.101574,26.78457,6.235394,352.9655,359.4209,0,0,0,0.989321,1.105433,26.79821,-0.150398,-0.349341,0.924847,0.51341,0.000001,29.72473,Road,0,0,0.5,0.5,0.5,0.5,1,1,Valid,#NAME?
06:01.3,32,0.6316,0.991896,1.101657,26.78449,6.20361,352.9547,359.4394,0,0,0,0.989265,1.105524,26.79813,-0.149675,-0.348951,0.925111,0.515074,0.000001,29.72902,Road,0,0,0.5,0.5,0.5,0.5,1,1,Valid,#NAME?
06:01.3,33,0.6427,0.991827,1.1017,26.78439,6.184245,352.9467,359.4619,0,0,0,0.989191,1.105571,26.79803,-0.149724,-0.348648,0.925218,0.514415,0.000001,29.73191,Road,0,0,0.5,0.5,0.5,0.5,1,1,Valid,#NAME?
06:01.3,34,0.654,0.991753,1.101766,26.78429,6.175937,352.941,359.4831,0,0,0,0.989115,1.105639,26.79793,-0.148726,-0.349547,0.925039,0.518686,0.000001,29.72389,Road,0,0,0.5,0.5,0.5,0.5,1,1,Valid,#NAME?
06:01.3,35,0.6651,0.991711,1.101875,26.78422,6.161764,352.9313,359.5105,0,0,0,0.989067,1.105751,26.79786,-0.148705,-0.348355,0.925492,0.517048,0.000001,29.73556,Road,0,0,0.5,0.5,0.5,0.5,1,1,Valid,#NAME?
06:01.3,36,0.6765,0.99165,1.101976,26.7841,6.160469,352.9249,359.5401,0,0,0,0.989002,1.105853,26.79773,-0.147557,-0.349301,0.925319,0.521853,0.000001,29.7272,Road,0,0,0.5,0.5,0.5,0.5,1,1,Valid,#NAME?
06:01.3,37,0.6876,0.9916,1.102048,26.78396,6.162713,352.9279,359.551,0,0,0,0.988953,1.105924,26.7976,-0.14746,-0.349344,0.925319,0.522138,0.000001,29.72691,Road,0,0,0.5,0.5,0.5,0.5,1,1,Valid,#NAME?
06:01.3,38,0.6982,0.991564,1.102145,26.78382,6.1973,352.9255,359.5663,0,0,0,0.988915,1.106011,26.79745,-0.146053,-0.351872,0.924584,0.529837,0.000001,29.70362,Road,0,0,0.5,0.5,0.5,0.5,1,1,Valid,#NAME?
06:01.3,39,0.7097,0.99151,1.102251,26.78357,6.285155,352.9205,359.5782,0,0,0,0.988857,1.106096,26.79721,-0.145668,-0.352024,0.924586,0.531153,0.000001,29.70237,Road,0,0,0.5,0.5,0.5,0.5,1,1,Valid,#NAME?
06:01.3,40,0.7205,0.991444,1.102326,26.78336,6.375983,352.9329,359.5847,0,0,0,0.988792,1.10615,26.79701,-0.145372,-0.35351,0.924066,0.533916,0.000001,29.68845,Road,0,0,0.5,0.5,0.5,0.5,1,1,Valid,#NAME?
06:01.4,41,0.7319,0.991413,1.102491,26.78314,6.468915,352.9267,359.5875,0,0,0,0.988758,1.106292,26.79679,-0.144434,-0.3561,0.923218,0.540048,0.000001,29.66494,Road,0,0,0.5,0.5,0.5,0.5,1,1,Valid,#NAME?
06:01.4,42,0.7485,0.991379,1.10261,26.78287,6.554226,352.9189,359.5891,0,0,0,0.988722,1.10639,26.79653,-0.144249,-0.357093,0.922863,0.541792,0.000001,29.65586,Road,0,0,0.5,0.5,0.5,0.5,1,1,Valid,#NAME?
06:01.4,43,0.7559,0.991325,1.102823,26.78245,6.68243,352.9145,359.5793,0,0,0,0.988667,1.106572,26.79612,-0.143276,-0.359572,0.922052,0.547741,0.000001,29.63371,Road,0,0,0.5,0.5,0.5,0.5,1,1,Valid,#NAME?
06:01.4,44,0.765,0.991266,1.103102,26.78186,6.767205,352.894,359.5567,0,0,0,0.988606,1.106831,26.79554,-0.143637,-0.36094,0.921461,0.548141,0.000001,29.62122,Road,0,0,0.5,0.5,0.5,0.5,1,1,Valid,#NAME?
06:01.4,45,0.782,0.991186,1.103401,26.78125,6.873182,352.8644,359.5388,0,0,0,0.98852,1.107105,26.79493,-0.144103,-0.362475,0.920786,0.548387,0.000001,29.60729,Road,0,0,0.5,0.5,0.5,0.5,1,1,Valid,#NAME?
06:01.4,46,0.7911,0.9911,1.103641,26.78061,6.930495,352.8537,359.5174,0,0,0,0.98843,1.107331,26.7943,-0.144575,-0.363308,0.920383,0.547779,0.000001,29.59954,Road,0,0,0.5,0.5,0.5,0.5,1,1,Valid,#NAME?
06:01.4,47,0.8023,0.990995,1.104036,26.77972,6.950897,352.8038,359.5229,0,0,0,0.988316,1.10772,26.7934,-0.145045,-0.364152,0.919976,0.547101,0.000001,29.5919,Road,0,0,0.5,0.5,0.5,0.5,1,1,Valid,#NAME?
06:01.4,48,0.8109,0.990881,1.104426,26.77879,6.945024,352.7592,359.5296,0,0,0,0.988188,1.108113,26.79247,-0.145738,-0.36406,0.919903,0.544598,0.000001,29.59243,Road,0,0,0.5,0.5,0.5,0.5,1,1,Valid,#NAME?
06:01.4,49,0.8206,0.990692,1.105122,26.7774,6.902574,352.6804,359.5677,0,0,0,0.987978,1.108818,26.79107,-0.146376,-0.363954,0.919843,0.542031,0.000001,29.59347,Road,0,0,0.5,0.5,0.5,0.5,1,1,Valid,#NAME?
06:01.5,50,0.8318,0.990549,1.105912,26.77633,6.876494,352.6066,359.6384,0,0,0,0.987812,1.109613,26.78999,-0.146678,-0.363748,0.919877,0.540373,0.000001,29.59608,Road,0,0,0.5,0.5,0.5,0.5,1,1,Valid,#NAME?
06:01.5,51,0.8427,0.990347,1.106696,26.77517,6.833381,352.5229,359.7167,0,0,0,0.987581,1.110406,26.78882,-0.147717,-0.363084,0.919973,0.535824,0.000001,29.60234,Road,0,0,0.5,0.5,0.5,0.5,1,1,Valid,#NAME?
06:01.5,52,0.8539,0.990068,1.107592,26.77393,6.821182,352.4127,359.7964,0,0,0,0.987268,1.111304,26.78758,-0.148465,-0.363105,0.919844,0.532883,0.000001,29.60281,Road,0,0,0.5,0.5,0.5,0.5,1,1,Valid,#NAME?
06:01.5,53,0.8649,0.989656,1.10861,26.77246,6.815716,352.2405,359.8653,0,0,0,0.986811,1.112322,26.7861,-0.150944,-0.362972,0.919493,0.524247,0.000001,29.60388,Road,0,0,0.5,0.5,0.5,0.5,1,1,Valid,#NAME?
06:01.5,54,0.876,0.989313,1.109199,26.7714,6.814673,352.0968,359.923,0,0,0,0.986427,1.11291,26.78504,-0.153,-0.36298,0.91915,0.517324,0.000001,29.60319,Road,0,0,0.5,0.5,0.5,0.5,1,1,Valid,#NAME?
06:01.5,55,0.8875,0.988819,1.110033,26.76993,6.828579,351.9023,0.007099,0,0,0,0.985878,1.113739,26.78355,-0.155408,-0.363363,0.918595,0.509539,0.000001,29.59913,Road,0,0,0.5,0.5,0.5,0.5,1,1,Valid,#NAME?
06:01.5,56,0.9048,0.988113,1.110996,26.76818,6.905374,351.634,0.126108,0,0,0,0.9851,1.114682,26.78179,-0.158716,-0.364545,0.91756,0.499788,0.000001,29.58746,Road,0,0,0.5,0.5,0.5,0.5,1,1,Valid,#NAME?
06:01.5,57,0.9122,0.987461,1.111643,26.76662,6.976586,351.3673,0.227507,0,0,0,0.984373,1.115309,26.78022,-0.162479,-0.365743,0.916424,0.488906,0.000001,29.57479,Road,0,0,0.5,0.5,0.5,0.5,1,1,Valid,#NAME?
06:01.5,58,0.9209,0.986744,1.11219,26.76501,7.129192,351.108,0.377513,0,0,0,0.983578,1.115817,26.7786,-0.165826,-0.368279,0.914807,0.481156,0.000001,29.55029,Road,0,0,0.5,0.5,0.5,0.5,1,1,Valid,#NAME?
06:01.6,59,0.9326,0.986246,1.112476,26.76396,7.303715,350.9424,0.468197,0,0,0,0.983032,1.116059,26.77755,-0.167214,-0.371389,0.913296,0.480538,0.000001,29.52209,Road,0,0,0.5,0.5,0.5,0.5,1,1,Valid,#NAME?
06:01.6,60,0.9437,0.985516,1.112802,26.76239,7.626297,350.7143,0.585684,0,0,0,0.982233,1.116303,26.77599,-0.169414,-0.376964,0.910603,0.480549,0.000001,29.47256,Road,0,0,0.5,0.5,0.5,0.5,1,1,Valid,#NAME?
06:01.6,61,0.9543,0.9846,1.113018,26.76022,8.192353,350.437,0.681804,0,0,0,0.981239,1.116381,26.77383,-0.172777,-0.386127,0.90612,0.481704,0.000001,29.39363,Road,0,0,0.5,0.5,0.5,0.5,1,1,Valid,#NAME?
06:01.6,62,0.9655,0.983961,1.113214,26.75864,8.699489,350.2609,0.730035,0,0,0,0.980549,1.116451,26.77227,-0.174075,-0.394757,0.902145,0.48823,0.000001,29.32373,Road,0,0,0.5,0.5,0.5,0.5,1,1,Valid,#NAME?
06:01.6,63,0.9765,0.983328,1.113233,26.7569,9.35224,350.094,0.774267,0,0,0,0.979864,1.11631,26.77055,-0.174916,-0.405521,0.897194,0.498359,0.000001,29.24033,Road,0,0,0.5,0.5,0.5,0.5,1,1,Valid,#NAME?
06:01.6,64,0.9877,0.982761,1.113079,26.75522,10.116,349.9933,0.814035,0,0,0,0.979263,1.115968,26.76891,-0.174586,-0.41794,0.891541,0.513091,0.000001,29.14947,Road,0,0,0.5,0.5,0.5,0.5,1,1,Valid,#NAME?
06:01.6,65,0.9991,0.98243,1.112878,26.75428,10.63051,349.9371,0.777372,0,0,0,0.978916,1.115641,26.76799,-0.174958,-0.426069,0.887612,0.520798,0.000001,29.09216,Road,0,0,0.5,0.5,0.5,0.5,1,1,Valid,#NAME?
06:01.6,66,1.0101,0.981854,1.112318,26.75253,11.56515,349.883,0.744634,0,0,0,0.978323,1.114851,26.76628,-0.173752,-0.441246,0.880405,0.539323,0.000001,28.99072,Road,0,0,0.5,0.5,0.5,0.5,1,1,Valid,#NAME?
06:01.6,67,1.0211,0.98144,1.111522,26.75109,12.42383,349.9053,0.650457,0,0,0,0.977917,1.113844,26.76488,-0.171782,-0.45523,0.873646,0.557605,0.000001,28.9025,Road,0,0,0.5,0.5,0.5,0.5,1,1,Valid,#NAME?
06:01.7,68,1.0322,0.981131,1.110426,26.74944,13.3896,350.0481,0.527358,0,0,0,0.977646,1.112511,26.76328,-0.167965,-0.471065,0.865959,0.580966,0.000001,28.80843,Road,0,0,0.5,0.5,0.5,0.5,1,1,Valid,#NAME?
06:01.7,69,1.0436,0.980866,1.109316,26.74771,14.33387,350.131,0.188001,0,0,0,0.977428,1.111172,26.76159,-0.166846,-0.485441,0.858201,0.59552,0.000001,28.72601,Road,0,0,0.5,0.5,0.5,0.5,1,1,Valid,#NAME?
06:01.7,70,1.0615,0.980656,1.107732,26.7453,15.61577,350.389,0.008069,0,0,0,0.977289,1.109272,26.75924,-0.161128,-0.50566,0.847553,0.623821,0.000001,28.61852,Road,0,0,0.5,0.5,0.5,0.5,1,1,Valid,#NAME?
06:01.7,71,1.0703,0.98056,1.10653,26.74336,16.71631,350.5888,359.8594,0,0,0,0.977251,1.107797,26.75734,-0.155274,-0.52389,0.837514,0.648916,0.000001,28.52831,Road,0,0,0.5,0.5,0.5,0.5,1,1,Valid,#NAME?
06:01.7,72,1.0774,0.980434,1.105766,26.7421,17.31804,350.6932,359.7946,0,0,0,0.977156,1.106884,26.7561,-0.153138,-0.532787,0.832278,0.659007,0.000001,28.48518,Road,0,0,0.5,0.5,0.5,0.5,1,1,Valid,#NAME?
06:01.7,73,1.0879,0.980259,1.10447,26.73984,18.40385,350.8739,359.7186,0,0,0,0.97703,1.105317,26.75386,-0.151407,-0.546678,0.82354,0.670904,0.000001,28.41898,Road,0,0,0.5,0.5,0.5,0.5,1,1,Valid,#NAME?
06:01.7,74,1.0991,0.98011,1.103544,26.73808,19.19219,350.9959,359.5799,0,0,0,0.976921,1.104196,26.75213,-0.147908,-0.55887,0.815958,0.68469,0.000001,28.36427,Road,0,0,0.5,0.5,0.5,0.5,1,1,Valid,#NAME?
06:01.7,75,1.11,0.979895,1.102725,26.73627,19.89149,351.0749,359.6354,0,0,0,0.976717,1.103199,26.75032,-0.145864,-0.565821,0.811523,0.692323,0.000001,28.33259,Road,0,0,0.5,0.5,0.5,0.5,1,1,Valid,#NAME?
06:01.7,76,1.1215,0.979668,1.101961,26.73437,20.57415,351.1093,359.6905,0,0,0,0.976494,1.102263,26.74844,-0.144086,-0.575619,0.804924,0.700581,0.000001,28.28982,Road,0,0,0.5,0.5,0.5,0.5,1,1,Valid,#NAME?
06:01.8,77,1.1325,0.979481,1.101116,26.73233,21.2606,351.1846,359.7247,0,0,0,0.976322,1.101245,26.7464,-0.141926,-0.586044,0.797753,0.709627,0.000001,28.24547,Road,0,0,0.5,0.5,0.5,0.5,1,0.978211,Valid,#NAME?
06:01.8,78,1.1433,0.979364,1.100144,26.73033,21.94413,351.2889,359.7794,0,0,0,0.976227,1.100101,26.74441,-0.138095,-0.600169,0.787863,0.723101,0.000001,28.18855,Road,0,0,0.5,0.5,0.5,0.5,1,0.978211,Valid,#NAME?
06:01.8,79,1.1545,0.979271,1.098956,26.72813,22.66061,351.4228,359.8001,0,0,0,0.976164,1.098732,26.74221,-0.135034,-0.610127,0.780712,0.732992,0.000001,28.14814,Road,0,0,0.5,0.5,0.5,0.5,1,0.96078,Valid,#NAME?
06:01.8,80,1.1656,0.979282,1.097704,26.72596,23.41802,351.5417,359.9231,0,0,0,0.976194,1.097289,26.74004,-0.130485,-0.625868,0.768937,0.747424,0.000001,28.08817,Road,0,0,0.5,0.5,0.5,0.5,1,0.96078,Valid,#NAME?
06:01.8,81,1.1767,0.979296,1.096066,26.72351,24.24052,351.7013,0.038244,0,0,0,0.976238,1.095443,26.73759,-0.125079,-0.656752,0.743662,0.76761,0.000001,27.978,Road,0,0,0.5,0.5,0.5,0.5,1,0.96078,Valid,#NAME?
06:01.8,82,1.1878,0.979258,1.09467,26.72101,25.09352,351.8838,0.11137,0,0,0,0.976238,1.093832,26.73508,-0.120951,-0.667922,0.734338,0.778162,0.000001,27.93769,Road,0,0,0.5,0.5,0.5,0.5,1,0.96078,Valid,#NAME?
06:01.8,83,1.1988,0.979322,1.093536,26.71857,25.95475,352.0729,0.046957,0,0,0,0.976357,1.092484,26.73264,-0.119777,-0.680717,0.722688,0.784126,0.000001,27.89249,Road,0,0,0.5,0.5,0.5,0.5,1,0.96078,Valid,#NAME?
06:01.8,84,1.2156,0.979345,1.092353,26.7162,26.78946,352.2379,0.047059,0,0,0,0.976425,1.091091,26.73027,-0.119705,-0.700095,0.703945,0.789867,0.000001,27.82736,Road,0,0,0.5,0.5,0.5,0.5,1,0.96078,Valid,#NAME?
06:01.8,85,1.2249,0.979435,1.091119,26.71405,27.51668,352.3981,0.132704,0,0,0,0.976547,1.089674,26.72811,-0.123005,-0.715855,0.68733,0.78931,0.000001,27.77436,Road,0,0,0.5,0.5,0.5,0.5,1,0.96078,Valid,#NAME?
06:01.9,86,1.2332,0.979534,1.09039,26.71274,28.04825,352.4909,0.150807,0,0,0,0.976669,1.088812,26.72678,-0.120921,-0.722304,0.680922,0.794392,0.000001,27.75322,Road,0,0,0.5,0.5,0.5,0.5,1,0.974899,Valid,#NAME?
06:01.9,87,1.2438,0.979622,1.089079,26.71074,28.79744,352.6648,0.272842,0,0,0,0.976793,1.087312,26.72477,-0.116687,-0.733284,0.669835,0.80377,0.000001,27.718,Road,0,0,0.5,0.5,0.5,0.5,1,0.974899,Valid,#NAME?
06:01.9,88,1.2547,0.979771,1.087367,26.70817,29.77582,352.8738,0.449699,0,0,0,0.97698,1.085354,26.72217,-0.11636,-0.742473,0.659693,0.806885,0.000001,27.68652,Road,0,0,0.5,0.5,0.5,0.5,1,0.974899,Valid,#NAME?
06:01.9,89,1.2656,0.979958,1.08589,26.70572,30.76206,353.0896,0.597345,0,0,0,0.977211,1.08363,26.71969,-0.11152,-0.753952,0.647394,0.816927,0.000001,27.65018,Road,0,0,0.5,0.5,0.5,0.5,1,0.979919,Valid,#NAME?
06:01.9,90,1.2769,0.980223,1.084373,26.70294,31.77741,353.3295,0.643879,0,0,0,0.977535,1.081861,26.71688,-0.107787,-0.764387,0.635685,0.824981,0.000001,27.61658,Road,0,0,0.5,0.5,0.5,0.5,1,0.979919,Valid,#NAME?
06:01.9,91,1.2878,0.980679,1.082541,26.69917,33.0019,353.5992,0.774621,0,0,0,0.97805,1.079725,26.71306,-0.097131,-0.779012,0.61944,0.843425,0.000001,27.57162,Road,0,0,0.5,0.5,0.5,0.5,1,0.979919,Valid,#NAME?
06:01.9,92,1.2989,0.981066,1.081561,26.69679,33.7239,353.7452,0.921288,0,0,0,0.978464,1.078565,26.71065,-0.091155,-0.789933,0.60638,0.854002,0.000001,27.5386,Road,0,0,0.5,0.5,0.5,0.5,1,0.983936,Valid,#NAME?
06:01.9,93,1.3104,0.981379,1.08043,26.69439,34.49173,353.9655,0.944149,0,0,0,0.978832,1.077245,26.70822,-0.087577,-0.798081,0.596152,0.860621,0.000001,27.51289,Road,0,0,0.5,0.5,0.5,0.5,1,0.983936,Valid,#NAME?
06:01.9,94,1.3215,0.981766,1.079417,26.69213,35.02612,354.1031,1.218975,0,0,0,0.979229,1.076097,26.70593,-0.08156,-0.805731,0.58664,0.870302,0.000001,27.48942,Road,0,0,0.5,0.5,0.5,0.5,1,0.983936,Valid,#NAME?
06:02.0,95,1.3322,0.982132,1.078365,26.68986,35.59783,354.2427,1.539355,0,0,0,0.979605,1.074901,26.70362,-0.081811,-0.813926,0.57518,0.871562,0.000001,27.46323,Road,0,0,0.5,0.5,0.5,0.5,1,0.983936,Valid,#NAME?
06:02.0,96,1.3432,0.982544,1.077567,26.68689,36.20965,354.6324,1.771523,0,0,0,0.980093,1.07395,26.70063,-0.075769,-0.820153,0.567105,0.880877,0.000001,27.44323,Road,0,0,0.5,0.5,0.5,0.5,1,0.983936,Valid,#NAME?
06:02.0,97,1.3545,0.982937,1.076838,26.68434,36.7033,355.0352,1.775438,0,0,0,0.980585,1.073102,26.69806,-0.09066,-0.804365,0.587178,0.859636,0.000001,27.48143,Road,0,0,0.5,0.5,0.5,0.5,1,0.983936,Valid,#NAME?
06:02.0,98,1.3717,0.983353,1.076628,26.68209,37.01501,355.3026,1.750454,0,0,0,0.981068,1.072816,26.69581,-0.080653,-0.817655,0.570031,0.875246,0.000001,27.44373,Road,0,0,0.5,0.5,0.5,0.5,1,0.986875,Valid,#NAME?
06:02.0,99,1.3796,0.983908,1.076495,26.67991,37.13158,355.4626,1.764531,0,0,0,0.981661,1.072655,26.69363,-0.083292,-0.817405,0.57001,0.872359,0.000001,27.44164,Road,0,0,0.5,0.5,0.5,0.5,1,0.989227,Valid,#NAME?
06:02.0,100,1.3881,0.984377,1.076354,26.67824,37.19996,355.5582,1.778651,0,0,0,0.982153,1.072497,26.69196,-0.08219,-0.818098,0.569176,0.874405,0.000001,27.43814,Road,0,0,0.5,0.5,0.5,0.5,1,0.989227,Valid,#NAME?
06:02.0,101,1.3987,0.984903,1.076518,26.67658,37.08601,355.6969,1.870719,0,0,0,0.982704,1.072687,26.69031,-0.082193,-0.820421,0.565821,0.875239,0.000001,27.43011,Road,0,0,0.5,0.5,0.5,0.5,1,0.989227,Valid,#NAME?
06:02.0,102,1.4098,0.98551,1.076413,26.67462,37.01553,355.9188,1.992006,0,0,0,0.983351,1.072597,26.68836,-0.077121,-0.826634,0.55743,0.883282,0.000001,27.41166,Road,0,0,0.5,0.5,0.5,0.5,1,0.989227,Valid,#NAME?
06:02.0,103,1.4208,0.986206,1.076404,26.67241,36.93501,356.1833,2.127138,0,0,0,0.984098,1.072605,26.68616,-0.073863,-0.825914,0.558937,0.888173,0.000001,27.41204,Road,0,0,0.5,0.5,0.5,0.5,1,0.989227,Valid,#NAME?
06:02.1,104,1.4323,0.986635,1.07681,26.67075,36.84431,356.407,2.162272,0,0,0,0.984577,1.073033,26.68452,-0.065479,-0.835053,0.546259,0.900438,0.000001,27.38646,Road,0,0,0.5,0.5,0.5,0.5,1,0.989227,Valid,#NAME?
06:02.1,105,1.4432,0.987387,1.076936,26.66858,36.79704,356.6115,2.296947,0,0,0,0.985365,1.073168,26.68235,-0.055756,-0.840604,0.538773,0.914184,0.000001,27.37019,Road,0,0,0.5,0.5,0.5,0.5,1,0.989227,Valid,#NAME?
06:02.1,106,1.4549,0.988121,1.077169,26.66648,36.7326,356.8205,2.307843,0,0,0,0.986149,1.073417,26.68026,-0.053855,-0.841785,0.53712,0.917475,0.000001,27.36517,Road,0,0,0.5,0.5,0.5,0.5,1,0.989227,Valid,#NAME?
06:02.1,107,1.4655,0.988796,1.077658,26.66442,36.64947,357.0561,2.34035,0,0,0,0.986877,1.073925,26.67822,-0.051509,-0.841013,0.538558,0.921104,0.000001,27.36592,Road,0,0,0.5,0.5,0.5,0.5,1,0.989227,Valid,#NAME?
06:02.1,108,1.4765,0.98946,1.077897,26.66266,36.56501,357.233,2.332057,0,0,0,0.987583,1.074185,26.67646,-0.044868,-0.845607,0.531917,0.930587,0.000001,27.35217,Road,0,0,0.5,0.5,0.5,0.5,1,0.989227,Valid,#NAME?
06:02.1,109,1.4878,0.990231,1.078303,26.66075,36.3788,357.4709,2.323186,0,0,0,0.988413,1.074636,26.67458,-0.037012,-0.848456,0.527971,0.941535,0.000001,27.34331,Road,0,0,0.5,0.5,0.5,0.5,1,0.993106,Valid,#NAME?
06:02.1,110,1.4987,0.990612,1.078862,26.65953,36.28342,357.5921,2.273199,0,0,0,0.988829,1.075219,26.67337,-0.032069,-0.850418,0.525129,0.948282,0.000001,27.33732,Road,0,0,0.5,0.5,0.5,0.5,1,0.994484,Valid,#NAME?
06:02.1,111,1.5103,0.991396,1.079213,26.65777,36.14682,357.7999,2.261037,0,0,0,0.989662,1.075603,26.67162,-0.030322,-0.84916,0.527265,0.951254,0.000001,27.33949,Road,0,0,0.5,0.5,0.5,0.5,1,0.995588,Valid,#NAME?
06:02.2,112,1.528,0.992199,1.079556,26.656,36.02518,358.0051,2.190792,0,0,0,0.990521,1.075978,26.66987,-0.030775,-0.848753,0.527893,0.951506,0.000001,27.33909,Road,0,0,0.5,0.5,0.5,0.5,1,0.99647,Valid,#NAME?
06:02.2,113,1.5361,0.992853,1.080126,26.65438,35.94205,358.2447,2.240393,0,0,0,0.99123,1.076567,26.66826,-0.019531,-0.851425,0.524112,0.966534,0.000001,27.33097,Road,0,0,0.5,0.5,0.5,0.5,1,0.99647,Valid,#NAME?
06:02.2,114,1.5431,0.993725,1.08056,26.6524,35.85315,358.4966,2.236247,0,0,0,0.992161,1.077023,26.6663,-0.017289,-0.85061,0.525513,0.970269,0.000001,27.33169,Road,0,0,0.5,0.5,0.5,0.5,1,0.99647,Valid,#NAME?
06:02.2,115,1.5544,0.994488,1.081002,26.65075,35.79628,358.706,2.216769,0,0,0,0.992977,1.077478,26.66465,-0.012781,-0.851813,0.52369,0.97681,0.000001,27.3271,Road,0,0,0.5,0.5,0.5,0.5,1,0.99647,Valid,#NAME?
06:02.2,116,1.5653,0.995165,1.081607,26.6492,35.69034,358.9182,2.179825,0,0,0,0.993708,1.07811,26.66311,-0.010903,-0.853059,0.5217,0.979928,0.000001,27.32244,Road,0,0,0.5,0.5,0.5,0.5,1,0.997741,Valid,#NAME?
06:02.2,117,1.5771,0.995955,1.082147,26.64762,35.56304,359.0908,2.074146,0,0,0,0.994551,1.078682,26.66155,-0.007076,-0.852791,0.522204,0.985601,0.000001,27.32208,Road,0,0,0.5,0.5,0.5,0.5,1,0.998193,Valid,#NAME?
06:02.2,118,1.5878,0.997053,1.082754,26.64565,35.33728,359.3569,2.106649,0,0,0,0.99571,1.079344,26.6596,-0.004466,-0.850726,0.525591,0.990044,0.000001,27.32643,Road,0,0,0.5,0.5,0.5,0.5,1,0.998193,Valid,#NAME?
06:02.2,119,1.5991,0.997656,1.083361,26.64441,35.16609,359.5745,2.161916,0,0,0,0.996363,1.079991,26.65837,0.00105,-0.851187,0.524862,0.997695,0.000001,27.32433,Road,0,0,0.5,0.5,0.5,0.5,1,0.998554,Valid,#NAME?
06:02.2,120,1.6099,0.998491,1.08369,26.64307,35.021,359.7762,2.121567,0,0,0,0.997248,1.080357,26.65704,0.005394,-0.850303,0.526267,1.0041,0.000001,27.32568,Road,0,0,0.5,0.5,0.5,0.5,1,0.998554,Valid,#NAME?
06:02.2,121,1.6209,0.999304,1.083947,26.64171,34.94024,-0.002294,2.141834,0,0,0,0.998116,1.080634,26.65569,0.007568,-0.849558,0.527441,1.007742,0.000001,27.3266,Road,0,0,0.5,0.5,0.5,0.5,1,0.999075,Valid,#NAME?
06:02.3,122,1.6321,1.00001,1.084362,26.64034,34.87198,0.267648,2.177128,0,0,0,0.998882,1.081064,26.65433,0.012577,-0.848299,0.529369,1.014911,0.000001,27.32896,Road,0,0,0.5,0.5,0.5,0.5,1,0.999075,Valid,#NAME?
06:02.3,123,1.6435,1.000769,1.084484,26.63895,34.88803,0.532458,2.215989,0,0,0,0.999703,1.081182,26.65294,0.018366,-0.849361,0.527493,1.023081,0.000001,27.32441,Road,0,0,0.5,0.5,0.5,0.5,1,0.99926,Valid,#NAME?
06:02.3,124,1.6547,1.001503,1.084707,26.63741,34.93488,0.839197,2.263413,0,0,0,1.000507,1.081392,26.65141,0.024185,-0.849831,0.5265,1.031282,0.000001,27.32137,Road,0,0,0.5,0.5,0.5,0.5,1,0.99926,Valid,#NAME?
06:02.3,125,1.6654,1.002237,1.084898,26.63592,34.9884,1.125412,2.235842,0,0,0,1.001314,1.081572,26.64992,0.026609,-0.850329,0.525578,1.035159,0.000001,27.31842,Road,0,0,0.5,0.5,0.5,0.5,1,0.99926,Valid,#NAME?
06:02.3,126,1.6831,1.003052,1.085046,26.63435,35.05554,1.447931,2.361791,0,0,0,1.002195,1.0817,26.64835,0.032063,-0.848992,0.527431,1.043047,0.000001,27.32034,Road,0,0,0.5,0.5,0.5,0.5,1,0.999526,Valid,#NAME?
06:02.3,127,1.6913,1.003729,1.085326,26.63303,35.08836,1.703276,2.414152,0,0,0,1.00293,1.081971,26.64703,0.035385,-0.849692,0.526091,1.047988,0.000001,27.31693,Road,0,0,0.5,0.5,0.5,0.5,1,0.999526,Valid,#NAME?
06:02.3,128,1.6991,1.004444,1.085562,26.63169,35.10521,1.976307,2.432385,0,0,0,1.00371,1.082203,26.64569,0.038008,-0.849842,0.525666,1.05211,0.000001,27.31509,Road,0,0,0.5,0.5,0.5,0.5,1,0.999621,Valid,#NAME?
06:02.3,129,1.71,1.005165,1.085741,26.6305,35.0609,2.176937,2.55369,0,0,0,1.004469,1.082391,26.6445,0.041447,-0.849602,0.525793,1.057272,0.000001,27.31437,Road,0,0,0.5,0.5,0.5,0.5,1,0.999621,Valid,#NAME?
06:02.3,130,1.7211,1.005733,1.085896,26.62942,35.02919,2.386816,2.664125,0,0,0,1.005077,1.082551,26.64343,0.045964,-0.849216,0.526041,1.063671,0.000001,27.31402,Road,0,0,0.5,0.5,0.5,0.5,1,0.999697,Valid,#NAME?
06:02.4,131,1.7321,1.006189,1.08634,26.62828,34.97606,2.626201,2.72944,0,0,0,1.005587,1.083008,26.6423,0.050287,-0.849633,0.524971,1.069686,0.000001,27.31146,Road,0,0,0.5,0.5,0.5,0.5,1,0.999697,Valid,#NAME?
06:02.4,132,1.7431,1.006756,1.08644,26.62706,34.97795,2.809313,2.811821,0,0,0,1.006189,1.083105,26.64108,0.052531,-0.849619,0.524774,1.073156,0.000001,27.31007,Road,0,0,0.5,0.5,0.5,0.5,1,0.999697,Valid,#NAME?
06:02.4,133,1.7547,1.007238,1.086607,26.62596,34.99137,2.982724,2.844966,0,0,0,1.006712,1.083269,26.63997,0.057123,-0.849096,0.525141,1.079589,0.000001,27.30994,Road,0,0,0.5,0.5,0.5,0.5,1,0.999806,Valid,#NAME?
06:02.4,134,1.7654,1.007566,1.086918,26.62487,35.02378,3.137769,2.903997,0,0,0,1.007072,1.08357,26.63888,0.059579,-0.849827,0.523684,1.083039,0.000001,27.3066,Road,0,0,0.5,0.5,0.5,0.5,1,0.999845,Valid,#NAME?
06:02.4,135,1.7765,1.008005,1.08709,26.62365,35.01436,3.28148,2.927424,0,0,0,1.007545,1.083744,26.63767,0.061062,-0.84973,0.523671,1.085424,0.000001,27.30556,Road,0,0,0.5,0.5,0.5,0.5,1,0.999876,Valid,#NAME?
06:02.4,136,1.7879,1.008425,1.087275,26.6225,35.00391,3.380483,2.977735,0,0,0,1.007984,1.08393,26.63652,0.06418,-0.849634,0.523452,1.089862,0.000001,27.30433,Road,0,0,0.5,0.5,0.5,0.5,1,0.999876,Valid,#NAME?
06:02.4,137,1.7989,1.008669,1.087492,26.6216,34.95762,3.426738,2.996126,0,0,0,1.008238,1.084159,26.63562,0.066629,-0.849308,0.523676,1.093291,0.000001,27.30411,Road,0,0,0.5,0.5,0.5,0.5,1,0.999876,Valid,#NAME?
06:02.4,138,1.8099,1.008972,1.087687,26.62063,34.91805,3.502463,3.04366,0,0,0,1.008556,1.084363,26.63465,0.069844,-0.849061,0.523658,1.097757,0.000001,27.30343,Road,0,0,0.5,0.5,0.5,0.5,1,0.999921,Valid,#NAME?
06:02.4,139,1.8211,1.009275,1.087791,26.61956,34.87997,3.514219,3.081155,0,0,0,1.008858,1.084476,26.63359,0.070245,-0.84869,0.524205,1.098618,0.000001,27.30343,Road,0,0,0.5,0.5,0.5,0.5,1,0.999936,Valid,#NAME?
06:02.5,140,1.8381,1.009438,1.088026,26.61856,34.88194,3.543457,3.102205,0,0,0,1.009026,1.084709,26.63259,0.071581,-0.84856,0.524235,1.100527,0.000001,27.30273,Road,0,0,0.5,0.5,0.5,0.5,1,0.999949,Valid,#NAME?
06:02.5,141,1.8475,1.009684,1.088094,26.61724,34.91262,3.557289,3.103612,0,0,0,1.009274,1.08477,26.63126,0.07257,-0.848713,0.523852,1.102028,0.000001,27.30082,Road,0,0,0.5,0.5,0.5,0.5,1,0.999949,Valid,#NAME?
06:02.5,142,1.8563,1.009918,1.088164,26.61607,34.94664,3.566851,3.10443,0,0,0,1.009512,1.084832,26.63009,0.07325,-0.849204,0.52296,1.103087,0.000001,27.29816,Road,0,0,0.5,0.5,0.5,0.5,1,0.999959,Valid,#NAME?
06:02.5,143,1.8653,1.009987,1.088486,26.61506,34.9693,3.555274,3.045348,0,0,0,1.009583,1.08515,26.62908,0.072716,-0.849446,0.522641,1.102476,0.000001,27.29676,Road,0,0,0.5,0.5,0.5,0.5,1,0.999959,Valid,#NAME?
06:02.5,144,1.8768,1.010191,1.088655,26.61397,34.94424,3.518873,2.987818,0,0,0,1.009783,1.085325,26.62799,0.07425,-0.849482,0.522368,1.104647,0.000001,27.29539,Road,0,0,0.5,0.5,0.5,0.5,1,0.999959,Valid,#NAME?
06:02.5,145,1.888,1.010334,1.088857,26.61303,34.86238,3.443794,2.916343,0,0,0,1.009914,1.085548,26.62706,0.072163,-0.848852,0.523683,1.1022,0.000001,27.29678,Road,0,0,0.5,0.5,0.5,0.5,1,0.999974,Valid,#NAME?
06:02.5,146,1.8989,1.010359,1.089275,26.61235,34.71994,3.334529,2.816227,0,0,0,1.009922,1.086003,26.62638,0.070595,-0.847596,0.525925,1.100374,0.000001,27.30024,Road,0,0,0.5,0.5,0.5,0.5,1,0.999974,Valid,#NAME?
06:02.5,147,1.91,1.010441,1.089563,26.6116,34.56622,3.216869,2.712285,0,0,0,1.009985,1.086331,26.62564,0.070259,-0.846272,0.528097,1.100174,0.000001,27.30356,Road,0,0,0.5,0.5,0.5,0.5,1,0.999974,Valid,#NAME?
06:02.5,148,1.9205,1.010508,1.089906,26.61088,34.38666,3.083004,2.583289,0,0,0,1.010033,1.08672,26.62493,0.06867,-0.844794,0.530668,1.098367,0.000001,27.30757,Road,0,0,0.5,0.5,0.5,0.5,1,0.999979,Valid,#NAME?
06:02.6,149,1.9316,1.010496,1.090454,26.61026,34.21217,2.962735,2.46647,0,0,0,1.010002,1.087312,26.62433,0.067385,-0.84334,0.533139,1.096881,0.000001,27.31171,Road,0,0,0.5,0.5,0.5,0.5,1,0.999983,Valid,#NAME?
06:02.6,150,1.9431,1.010553,1.090798,26.60962,34.04966,2.808338,2.336168,0,0,0,1.010035,1.087699,26.62369,0.065163,-0.84189,0.5357,1.094223,0.000001,27.3158,Road,0,0,0.5,0.5,0.5,0.5,1,0.999983,Valid,#NAME?
06:02.6,151,1.9538,1.010624,1.091105,26.60889,33.89198,2.658355,2.24703,0,0,0,1.010078,1.088046,26.62297,0.063929,-0.840469,0.538075,1.092839,0.000001,27.31954,Road,0,0,0.5,0.5,0.5,0.5,1,0.999983,Valid,#NAME?
06:02.6,152,1.9649,1.010578,1.0916,26.6083,33.7431,2.52906,2.130988,0,0,0,1.010012,1.088579,26.62239,0.057478,-0.83918,0.540808,1.084571,0.000001,27.32393,Road,0,0,0.5,0.5,0.5,0.5,1,0.999989,Valid,#NAME?
06:02.6,153,1.9765,1.01063,1.091874,26.6076,33.61671,2.399208,2.053345,0,0,0,1.010038,1.088886,26.6217,0.055792,-0.838018,0.542783,1.082532,0.000001,27.32697,Road,0,0,0.5,0.5,0.5,0.5,1,0.999989,Valid,#NAME?
06:02.6,154,1.9934,1.01067,1.092117,26.60694,33.48783,2.299522,1.956278,0,0,0,1.010061,1.089162,26.62104,0.05455,-0.836935,0.544577,1.081051,0.000001,27.32973,Road,0,0,0.5,0.5,0.5,0.5,1,0.999993,Valid,#NAME?
06:02.6,155,2.0016,1.010605,1.092507,26.60631,33.35321,2.21876,1.840804,0,0,0,1.009991,1.089587,26.62041,0.05355,-0.835917,0.546237,1.07979,0.000001,27.33242,Road,0,0,0.5,0.5,0.5,0.5,1,0.999993,Valid,#NAME?
06:02.6,156,2.0093,1.010612,1.092754,26.60579,33.23513,2.120215,1.724499,0,0,0,1.009983,1.089866,26.6199,0.051867,-0.83484,0.548043,1.077694,0.000001,27.33535,Road,0,0,0.5,0.5,0.5,0.5,1,0.999993,Valid,#NAME?
06:02.6,157,2.0207,1.010614,1.093046,26.60512,33.04766,2.000119,1.574694,0,0,0,1.00997,1.090206,26.61925,0.050247,-0.833315,0.55051,1.075706,0.000001,27.33947,Road,0,0,0.5,0.5,0.5,0.5,1,0.999993,Valid,#NAME?
06:02.7,158,2.0316,1.010565,1.093462,26.60465,32.9039,1.910233,1.461731,0,0,0,1.009911,1.090659,26.61878,0.049216,-0.831985,0.552611,1.074428,0.000001,27.34321,Road,0,0,0.5,0.5,0.5,0.5,1,0.999996,Valid,#NAME?
06:02.7,159,2.0427,1.010572,1.093776,26.60407,32.7595,1.786216,1.355547,0,0,0,1.009895,1.09101,26.61821,0.047864,-0.830616,0.554785,1.072764,0.000001,27.34692,Road,0,0,0.5,0.5,0.5,0.5,1,0.999996,Valid,#NAME?
06:02.7,160,2.0539,1.01058,1.094091,26.60348,32.62935,1.703244,1.252486,0,0,0,1.009893,1.091359,26.61762,0.046401,-0.829397,0.55673,1.07095,0.000001,27.3502,Road,0,0,0.5,0.5,0.5,0.5,1,0.999996,Valid,#NAME?
06:02.7,161,2.065,1.010529,1.094502,26.603,32.49863,1.640125,1.174752,0,0,0,1.009832,1.091804,26.61715,0.045101,-0.828249,0.558542,1.069284,0.000001,27.35343,Road,0,0,0.5,0.5,0.5,0.5,1,0.999997,Valid,#NAME?
06:02.7,162,2.0761,1.01053,1.094794,26.60255,32.35003,1.564254,1.08977,0,0,0,1.009825,1.092133,26.6167,0.045277,-0.82715,0.560154,1.069607,0.000001,27.35632,Road,0,0,0.5,0.5,0.5,0.5,1,0.999998,Valid,#NAME?
06:02.7,163,2.0872,1.010534,1.095137,26.60212,32.18771,1.493456,1.019181,0,0,0,1.009817,1.092517,26.61628,0.044155,-0.825588,0.562543,1.068248,0.000001,27.36071,Road,0,0,0.5,0.5,0.5,0.5,1,0.999998,Valid,#NAME?
06:02.7,164,2.0985,1.010473,1.095659,26.60193,31.97029,1.42846,0.963477,0,0,0,1.009747,1.093094,26.6161,0.044011,-0.823677,0.565349,1.068153,0.000001,27.36637,Road,0,0,0.5,0.5,0.5,0.5,1,0.999998,Valid,#NAME?
06:02.7,165,2.1094,1.010445,1.096063,26.60171,31.75314,1.35625,0.922331,0,0,0,1.009703,1.093553,26.61589,0.042595,-0.821508,0.568604,1.066403,0.000001,27.3728,Road,0,0,0.5,0.5,0.5,0.5,1,0.999998,Valid,#NAME?
06:02.7,166,2.1206,1.010414,1.096438,26.60146,31.52925,1.310552,0.88171,0,0,0,1.009665,1.093983,26.61565,0.043006,-0.819517,0.571439,1.067074,0.000001,27.37846,Road,0,0,0.5,0.5,0.5,0.5,1,0.999999,Valid,#NAME?
06:02.8,167,2.1319,1.010324,1.096998,26.6013,31.30537,1.278041,0.832672,0,0,0,1.009573,1.094599,26.6155,0.042412,-0.817296,0.574655,1.066374,0.000001,27.38513,Road,0,0,0.5,0.5,0.5,0.5,1,0.999999,Valid,#NAME?
06:02.8,168,2.1486,1.010294,1.097395,26.6011,31.0958,1.229662,0.77379,0,0,0,1.009537,1.095049,26.61531,0.04218,-0.815541,0.57716,1.066172,0.000001,27.39029,Road,0,0,0.5,0.5,0.5,0.5,1,0.999999,Valid,#NAME?
06:02.8,169,2.1559,1.010235,1.097783,26.60095,30.87116,1.189733,0.728962,0,0,0,1.009472,1.095493,26.61516,0.042155,-0.813765,0.579664,1.06622,0.000001,27.39551,Road,0,0,0.5,0.5,0.5,0.5,1,0.999999,Valid,#NAME?
06:02.8,170,2.1648,1.010109,1.098318,26.60084,30.64625,1.134731,0.686809,0,0,0,1.009335,1.096085,26.61506,0.041366,-0.811499,0.582888,1.065208,0.000001,27.40236,Road,0,0,0.5,0.5,0.5,0.5,1,0.999999,Valid,#NAME?
06:02.8,171,2.1762,1.010042,1.098771,26.60076,30.41892,1.087307,0.656497,0,0,0,1.00926,1.096595,26.61499,0.041327,-0.809522,0.585634,1.065242,0.000001,27.40831,Road,0,0,0.5,0.5,0.5,0.5,1,0.999999,Valid,#NAME?
06:02.8,172,2.1874,1.009979,1.099163,26.60069,30.2211,1.043566,0.635379,0,0,0,1.00919,1.097036,26.61493,0.041524,-0.808271,0.587345,1.065548,0.000001,27.41212,Road,0,0,0.5,0.5,0.5,0.5,1,0.999999,Valid,#NAME?
06:02.8,173,2.1985,1.009871,1.099671,26.60067,30.02559,1.010987,0.614656,0,0,0,1.009073,1.097593,26.61492,0.041328,-0.806752,0.589444,1.0653,0.000001,27.41687,Road,0,0,0.5,0.5,0.5,0.5,1,1,Valid,#NAME?
06:02.8,174,2.2094,1.009758,1.100152,26.60067,29.77485,0.978553,0.586537,0,0,0,1.008955,1.098137,26.61493,0.040856,-0.804175,0.592987,1.064746,0.000001,27.42468,Road,0,0,0.5,0.5,0.5,0.5,1,1,Valid,#NAME?
06:02.8,175,2.2206,1.009657,1.100524,26.60062,29.56469,0.946544,0.551917,0,0,0,1.008852,1.098561,26.61489,0.040425,-0.80252,0.595255,1.06419,0.000001,27.42973,Road,0,0,0.5,0.5,0.5,0.5,1,1,Valid,#NAME?
06:02.9,176,2.2315,1.00951,1.100977,26.60062,29.38011,0.934424,0.528286,0,0,0,1.008701,1.099061,26.61489,0.040537,-0.800487,0.597978,1.064358,0.000001,27.43591,Road,0,0,0.5,0.5,0.5,0.5,1,1,Valid,#NAME?
06:02.9,177,2.2432,1.009422,1.101257,26.60063,29.22718,0.911292,0.500504,0,0,0,1.008612,1.09938,26.6149,0.028898,-0.798131,0.601791,1.048416,0.000001,27.44384,Road,0,0,0.5,0.5,0.5,0.5,1,1,Valid,#NAME?
06:02.9,178,2.2545,1.009336,1.101407,26.60065,29.10052,0.911709,0.508884,0,0,0,1.008526,1.099561,26.61492,0.028989,-0.796795,0.603554,1.04853,0.000001,27.44781,Road,0,0,0.5,0.5,0.5,0.5,1,1,Valid,#NAME?
06:02.9,179,2.2652,1.009226,1.101795,26.60069,29.00226,0.893095,0.505231,0,0,0,1.008411,1.099974,26.61497,-0.001607,-0.779746,0.626094,1.006144,0.000001,27.49821,Road,0,0,0.5,0.5,0.5,0.5,1,1,Valid,#NAME?
06:02.9,180,2.2764,1.009136,1.101979,26.60069,28.87273,0.885594,0.517127,0,0,0,1.008318,1.100189,26.61497,-0.002082,-0.75145,0.659787,1.005269,0.000001,27.58096,Road,0,0,0.5,0.5,0.5,0.5,1,1,Valid,#NAME?
06:02.9,181,2.2875,1.009045,1.102173,26.60069,28.75074,0.89503,0.528283,0,0,0,1.008228,1.100414,26.61498,-0.001882,-0.750046,0.661383,1.005466,0.000001,27.58531,Road,0,0,0.5,0.5,0.5,0.5,1,1,Valid,#NAME?
06:02.9,182,2.3058,1.008938,1.102429,26.60068,28.63838,0.905281,0.530567,0,0,0,1.008123,1.100698,26.61497,0.000229,-0.733433,0.679762,1.008467,0.000001,27.63512,Road,0,0,0.5,0.5,0.5,0.5,1,1,Valid,#NAME?
06:02.9,183,2.3143,1.00882,1.102598,26.60072,28.5458,0.913967,0.551702,0,0,0,1.008005,1.100889,26.61502,0.000468,-0.732337,0.680942,1.008708,0.000001,27.63865,Road,0,0,0.5,0.5,0.5,0.5,1,1,Valid,#NAME?
06:02.9,184,2.321,1.008739,1.102734,26.60075,28.44352,0.931783,0.551662,0,0,0,1.007929,1.10105,26.61505,0.000701,-0.731121,0.682248,1.008984,0.000001,27.6425,Road,0,0,0.5,0.5,0.5,0.5,1,0.980709,Valid,#NAME?
06:03.0,185,2.3317,1.008606,1.103001,26.60075,28.37077,0.942075,0.569806,0,0,0,1.007797,1.101336,26.61505,-0.052745,-0.614068,0.787489,0.913199,0.000001,28.02742,Road,0,0,0.5,0.5,0.5,0.5,1,0.980709,Valid,#NAME?
06:03.0,186,2.3431,1.00853,1.103047,26.6008,28.29614,0.962139,0.591496,0,0,0,1.007725,1.1014,26.6151,-0.041296,-0.641518,0.765995,0.936825,0.000001,27.93021,Road,0,0,0.5,0.5,0.5,0.5,1,0.965275,Valid,#NAME?
06:03.0,187,2.3542,1.008438,1.103124,26.60086,28.21259,0.973983,0.612663,0,0,0,1.007633,1.101498,26.61516,-0.072759,-0.593757,0.801348,0.872655,0.000001,28.10177,Road,0,0,0.5,0.5,0.5,0.5,1,0.965275,Valid,#NAME?
06:03.0,188,2.3652,1.008274,1.103406,26.60092,28.1573,0.980798,0.653226,0,0,0,1.007469,1.101793,26.61523,-0.072552,-0.593039,0.801899,0.872677,0.000001,28.10506,Road,0,0,0.5,0.5,0.5,0.5,1,0.965275,Valid,#NAME?
06:03.0,189,2.3762,1.008175,1.103457,26.601,28.06907,1.009599,0.687813,0,0,0,1.007372,1.101866,26.61531,-0.094821,-0.560278,0.822859,0.820892,0.000001,28.23358,Road,0,0,0.5,0.5,0.5,0.5,1,0.965275,Valid,#NAME?
06:03.0,190,2.3875,1.008083,1.103526,26.60107,28.01103,1.002944,0.723797,0,0,0,1.007277,1.101948,26.61538,-0.109464,-0.55398,0.825302,0.789537,0.000001,28.25703,Road,0,0,0.5,0.5,0.5,0.5,1,0.965275,Valid,#NAME?
06:03.0,191,2.3984,1.008032,1.103588,26.6011,27.96537,1.020584,0.739725,0,0,0,1.007227,1.102021,26.61541,-0.109174,-0.553355,0.82576,0.789805,0.000001,28.25993,Road,0,0,0.5,0.5,0.5,0.5,1,0.965275,Valid,#NAME?
06:03.0,192,2.4097,1.007893,1.103795,26.60115,27.91811,1.032609,0.7719,0,0,0,1.007088,1.10224,26.61546,-0.119936,-0.528628,0.840338,0.75701,0.000001,28.36764,Road,0,0,0.5,0.5,0.5,0.5,1,0.965275,Valid,#NAME?
06:03.0,193,2.4205,1.007772,1.103918,26.60121,27.87324,1.049466,0.796153,0,0,0,1.006969,1.102373,26.61552,-0.11661,-0.549297,0.827451,0.772948,0.000001,28.27612,Road,0,0,0.5,0.5,0.5,0.5,1,0.965275,Valid,#NAME?
06:03.1,194,2.4319,1.007633,1.104111,26.60126,27.81679,1.064368,0.814235,0,0,0,1.006834,1.10258,26.61557,-0.119294,-0.545053,0.829872,0.765516,0.000001,28.29431,Road,0,0,0.5,0.5,0.5,0.5,1,0.97222,Valid,#NAME?
06:03.1,195,2.443,1.007513,1.104224,26.60133,27.76255,1.082793,0.813837,0,0,0,1.006718,1.102706,26.61565,-0.119018,-0.544268,0.830426,0.765583,0.000001,28.29813,Road,0,0,0.5,0.5,0.5,0.5,1,0.977776,Valid,#NAME?
06:03.1,196,2.4596,1.007412,1.10428,26.60146,27.69356,1.0775,0.80948,0,0,0,1.006615,1.10278,26.61578,-0.117586,-0.547266,0.828658,0.769671,0.000001,28.28558,Road,0,0,0.5,0.5,0.5,0.5,1,0.982221,Valid,#NAME?
06:03.1,197,2.4671,1.007286,1.104485,26.60159,27.61688,1.077792,0.815129,0,0,0,1.006489,1.103004,26.61591,-0.132705,-0.516436,0.845981,0.723057,0.000001,28.42277,Road,0,0,0.5,0.5,0.5,0.5,1,0.982221,Valid,#NAME?
06:03.1,198,2.4762,1.007174,1.104621,26.60175,27.51903,1.068273,0.815785,0,0,0,1.006372,1.103164,26.61607,-0.114115,-0.555901,0.823378,0.779916,0.000001,28.25003,Road,0,0,0.5,0.5,0.5,0.5,1,0.985777,Valid,#NAME?
06:03.1,199,2.4874,1.007013,1.104756,26.60202,27.36882,1.051323,0.826583,0,0,0,1.006208,1.103337,26.61635,-0.114311,-0.553768,0.824787,0.778454,0.000001,28.25968,Road,0,0,0.5,0.5,0.5,0.5,1,0.985777,Valid,#NAME?
06:03.1,200,2.4984,1.006857,1.10498,26.60216,27.28115,1.04589,0.831838,0,0,0,1.00605,1.103583,26.61649,-0.13046,-0.523909,0.841724,0.731243,0.000001,28.38954,Road,0,0,0.5,0.5,0.5,0.5,1,0.988621,Valid,#NAME?
06:03.1,201,2.5094,1.006765,1.10509,26.60229,27.20712,1.023846,0.827125,0,0,0,1.005955,1.103711,26.61663,-0.117438,-0.547139,0.828763,0.769054,0.000001,28.28845,Road,0,0,0.5,0.5,0.5,0.5,1,0.988621,Valid,#NAME?
06:03.1,202,2.5207,1.006662,1.105148,26.60239,27.12689,1.016365,0.838816,0,0,0,1.005848,1.103789,26.61672,-0.117511,-0.546005,0.8295,0.768292,0.000001,28.29363,Road,0,0,0.5,0.5,0.5,0.5,1,0.992718,Valid,#NAME?
06:03.2,203,2.5317,1.006512,1.105336,26.60247,27.07854,1.010721,0.851894,0,0,0,1.005695,1.103989,26.61681,-0.117887,-0.547141,0.828698,0.76783,0.000001,28.2889,Road,0,0,0.5,0.5,0.5,0.5,1,0.992718,Valid,#NAME?
06:03.2,204,2.5429,1.006422,1.105373,26.60251,26.98532,1.006141,0.858919,0,0,0,1.005602,1.104049,26.61684,-0.125749,-0.534005,0.836078,0.745618,0.000001,28.34543,Road,0,0,0.5,0.5,0.5,0.5,1,0.992718,Valid,#NAME?
06:03.2,205,2.5539,1.006346,1.105455,26.60263,26.95949,1.004536,0.865157,0,0,0,1.005526,1.104138,26.61697,-0.124187,-0.538513,0.833415,0.750901,0.000001,28.32575,Road,0,0,0.5,0.5,0.5,0.5,1,0.995339,Valid,#NAME?
06:03.2,206,2.565,1.006222,1.105679,26.60265,26.90171,0.992239,0.869992,0,0,0,1.0054,1.104375,26.61699,-0.124347,-0.537685,0.833926,0.749997,0.000001,28.32983,Road,0,0,0.5,0.5,0.5,0.5,1,0.995339,Valid,#NAME?
06:03.2,207,2.576,1.006142,1.105795,26.60275,26.80877,0.991001,0.87904,0,0,0,1.005318,1.104515,26.61709,-0.122859,-0.540195,0.832523,0.754113,0.000001,28.31931,Road,0,0,0.5,0.5,0.5,0.5,1,0.995339,Valid,#NAME?
06:03.2,208,2.5875,1.006075,1.10592,26.60287,26.70977,0.974611,0.890216,0,0,0,1.005245,1.104664,26.61721,-0.121104,-0.542664,0.831174,0.758722,0.000001,28.30917,Road,0,0,0.5,0.5,0.5,0.5,1,0.995339,Valid,#NAME?
06:03.2,209,2.5984,1.005976,1.106182,26.60298,26.60127,0.97408,0.910448,0,0,0,1.005144,1.104953,26.61732,-0.121055,-0.541136,0.832177,0.75796,0.000001,28.31657,Road,0,0,0.5,0.5,0.5,0.5,1,0.997017,Valid,#NAME?
06:03.2,210,2.6155,1.005863,1.106495,26.60315,26.42597,0.96789,0.914937,0,0,0,1.00503,1.105309,26.6175,-0.119257,-0.54327,0.831045,0.762396,0.000001,28.30831,Road,0,0,0.5,0.5,0.5,0.5,1,0.997614,Valid,#NAME?
06:03.2,211,2.6232,1.005791,1.106737,26.60334,26.29476,0.963358,0.895168,0,0,0,1.004959,1.105585,26.61769,-0.119342,-0.541329,0.832299,0.761221,0.000001,28.31754,Road,0,0,0.5,0.5,0.5,0.5,1,0.997614,Valid,#NAME?
06:03.3,212,2.6315,1.005594,1.107236,26.6035,26.14979,0.967377,0.885457,0,0,0,1.004763,1.106121,26.61786,-0.11928,-0.539206,0.833684,0.760073,0.000001,28.32806,Road,0,0,0.5,0.5,0.5,0.5,1,0.998091,Valid,#NAME?
06:03.3,213,2.6427,1.005552,1.107468,26.60373,25.97386,0.96873,0.851132,0,0,0,1.004725,1.106397,26.61809,-0.120166,-0.536962,0.835004,0.757125,0.000001,28.3386,Road,0,0,0.5,0.5,0.5,0.5,1,0.998091,Valid,#NAME?
06:03.3,214,2.6539,1.00548,1.107734,26.60399,25.78028,0.976969,0.828604,0,0,0,1.004658,1.106712,26.61835,-0.120304,-0.534434,0.836605,0.75553,0.000001,28.35081,Road,0,0,0.5,0.5,0.5,0.5,1,0.998091,Valid,#NAME?
06:03.3,215,2.665,1.005358,1.108195,26.60419,25.59937,0.962367,0.811039,0,0,0,1.004534,1.107219,26.61856,-0.121162,-0.531292,0.83848,0.752031,0.000001,28.36596,Road,0,0,0.5,0.5,0.5,0.5,1,0.998778,Valid,#NAME?
06:03.3,216,2.6763,1.00527,1.108603,26.60452,25.36385,0.967564,0.81221,0,0,0,1.004446,1.107686,26.61889,-0.121047,-0.527852,0.840666,0.750432,0.000001,28.383,Road,0,0,0.5,0.5,0.5,0.5,1,0.999023,Valid,#NAME?
06:03.3,217,2.6875,1.005211,1.108959,26.60483,25.13408,0.963493,0.823364,0,0,0,1.004385,1.108099,26.6192,-0.123513,-0.506037,0.853623,0.733922,0.000001,28.48843,Road,0,0,0.5,0.5,0.5,0.5,1,0.999023,Valid,#NAME?
06:03.3,218,2.6995,1.005089,1.109522,26.60512,24.87728,0.973193,0.836415,0,0,0,1.004265,1.108726,26.61949,-0.125575,-0.480262,0.868089,0.714364,0.000001,28.62355,Road,0,0,0.5,0.5,0.5,0.5,1,0.999218,Valid,#NAME?
06:03.3,219,2.7097,1.004995,1.110089,26.60547,24.56894,0.97944,0.838326,0,0,0,1.004171,1.10937,26.61985,-0.126617,-0.456764,0.880531,0.696649,0.000001,28.75845,Road,0,0,0.5,0.5,0.5,0.5,1,0.999375,Valid,#NAME?
06:03.3,220,2.7207,1.004936,1.11059,26.60579,24.28909,0.97929,0.844018,0,0,0,1.004112,1.109941,26.62017,-0.126576,-0.452481,0.882745,0.693619,0.000001,28.78557,Road,0,0,0.5,0.5,0.5,0.5,1,0.999375,Valid,#NAME?
06:03.4,221,2.732,1.004803,1.111144,26.60598,24.09966,0.971661,0.855702,0,0,0,1.003977,1.110542,26.62037,-0.127593,-0.4353,0.891198,0.678461,0.000001,28.894,Road,0,0,0.5,0.5,0.5,0.5,1,0.9995,Valid,#NAME?
06:03.4,222,2.7429,1.004744,1.111624,26.60629,23.85874,0.966798,0.883565,0,0,0,1.003914,1.111082,26.62068,-0.127024,-0.442328,0.887813,0.684844,0.000001,28.85077,Road,0,0,0.5,0.5,0.5,0.5,1,0.9995,Valid,#NAME?
06:03.4,223,2.7539,1.00469,1.112118,26.60658,23.57021,0.956182,0.90733,0,0,0,1.003855,1.111649,26.62097,-0.127132,-0.437917,0.889981,0.681131,0.000001,28.88018,Road,0,0,0.5,0.5,0.5,0.5,1,0.99968,Valid,#NAME?
06:03.4,224,2.7718,1.004572,1.112536,26.60678,23.38273,0.967575,0.922722,0,0,0,1.003738,1.112113,26.62117,-0.127999,-0.404674,0.905459,0.651975,0.000001,29.10954,Road,0,0,0.5,0.5,0.5,0.5,1,0.99968,Valid,#NAME?
06:03.4,225,2.7789,1.00445,1.113099,26.6071,23.09751,0.973327,0.941343,0,0,0,1.003616,1.112747,26.62149,-0.12787,-0.400215,0.907456,0.64809,0.000001,29.14457,Road,0,0,0.5,0.5,0.5,0.5,1,0.99968,Valid,#NAME?
06:03.4,226,2.7872,1.00436,1.113592,26.60745,22.79084,0.966375,0.952363,0,0,0,1.003523,1.113317,26.62185,-0.127942,-0.39539,0.909559,0.643271,0.000001,29.18294,Road,0,0,0.5,0.5,0.5,0.5,1,0.999795,Valid,#NAME?
06:03.4,227,2.7986,1.004194,1.114171,26.60783,22.50701,0.950038,0.963557,0,0,0,1.003351,1.113967,26.62222,-0.128215,-0.380003,0.916056,0.627495,0.000001,29.30762,Road,0,0,0.5,0.5,0.5,0.5,1,0.999795,Valid,#NAME?
06:03.4,228,2.8096,1.00403,1.114735,26.60822,22.20943,0.948459,0.980128,0,0,0,1.003187,1.114606,26.62261,-0.127939,-0.371603,0.919534,0.619441,0.000001,29.38072,Road,0,0,0.5,0.5,0.5,0.5,1,0.999795,Valid,#NAME?
06:03.4,229,2.8206,1.00392,1.115242,26.60866,21.92082,0.9214,0.981207,0,0,0,1.003069,1.115184,26.62306,-0.128979,-0.366278,0.921523,0.610374,0.000001,29.42876,Road,0,0,0.5,0.5,0.5,0.5,1,0.999836,Valid,#NAME?
06:03.5,230,2.8317,1.003687,1.115891,26.60916,21.60233,0.913085,0.981477,0,0,0,1.002834,1.115914,26.62356,-0.129081,-0.361162,0.923526,0.604003,0.000001,29.47706,Road,0,0,0.5,0.5,0.5,0.5,1,0.999836,Valid,#NAME?
06:03.5,231,2.843,1.0035,1.11648,26.6097,21.28756,0.903196,0.965505,0,0,0,1.002647,1.116583,26.62409,-0.130495,-0.348636,0.928129,0.584708,0.000001,29.59663,Road,0,0,0.5,0.5,0.5,0.5,1,0.999836,Valid,#NAME?
06:03.5,232,2.8539,1.003328,1.117025,26.61025,20.95941,0.891652,0.953482,0,0,0,1.002472,1.11721,26.62465,-0.130627,-0.335487,0.932944,0.567471,0.000001,29.73145,Road,0,0,0.5,0.5,0.5,0.5,1,0.999895,Valid,#NAME?
06:03.5,233,2.865,1.003071,1.117692,26.61085,20.60334,0.881641,0.925344,0,0,0,1.002216,1.117966,26.62524,-0.131511,-0.338687,0.931663,0.568115,0.000001,29.70055,Road,0,0,0.5,0.5,0.5,0.5,1,0.999895,Valid,#NAME?
06:03.5,234,2.8773,1.002874,1.118266,26.61154,20.23446,0.863387,0.896613,0,0,0,1.002018,1.118633,26.62593,-0.13177,-0.332627,0.933807,0.558873,0.000001,29.76636,Road,0,0,0.5,0.5,0.5,0.5,1,0.999895,Valid,#NAME?
06:03.5,235,2.8878,1.002632,1.118891,26.61258,19.75141,0.851969,0.886601,0,0,0,1.001772,1.11938,26.62696,-0.132183,-0.314394,0.940045,0.531143,0.000001,29.97393,Road,0,0,0.5,0.5,0.5,0.5,1,0.999933,Valid,#NAME?
06:03.5,236,2.8984,1.002401,1.119415,26.61355,19.34443,0.857939,0.879859,0,0,0,1.001545,1.120007,26.62793,-0.132961,-0.312108,0.940696,0.524411,0.000001,30.00364,Road,0,0,0.5,0.5,0.5,0.5,1,0.999933,Valid,#NAME?
06:03.5,237,2.9096,1.002151,1.119959,26.6147,18.89986,0.841273,0.87511,0,0,0,1.001289,1.120662,26.62908,-0.133198,-0.304805,0.943055,0.511565,0.000001,30.09637,Road,0,0,0.5,0.5,0.5,0.5,1,0.999957,Valid,#NAME?
06:03.5,238,2.9263,1.001919,1.120426,26.61578,18.46656,0.834451,0.881426,0,0,0,1.001057,1.121238,26.63015,-0.133419,-0.290271,0.947598,0.485695,0.000001,30.29047,Road,0,0,0.5,0.5,0.5,0.5,1,0.999957,Valid,#NAME?
06:03.6,239,2.9343,1.001812,1.120732,26.6165,18.23547,0.836887,0.85552,0,0,0,1.000952,1.121602,26.63087,-0.133731,-0.288495,0.948096,0.481037,0.000001,30.31685,Road,0,0,0.5,0.5,0.5,0.5,1,0.999957,Valid,#NAME?
06:03.6,240,2.9429,1.001503,1.121401,26.61785,17.88244,0.818896,0.922648,0,0,0,1.000633,1.122358,26.63221,-0.13403,-0.282825,0.949761,0.468751,0.000001,30.40122,Road,0,0,0.5,0.5,0.5,0.5,1,0.999966,Valid,#NAME?
06:03.6,241,2.9542,1.001314,1.121825,26.61911,17.55977,0.822996,0.957403,0,0,0,1.000441,1.122862,26.63346,-0.13375,-0.28841,0.94812,0.479716,0.000001,30.32477,Road,0,0,0.5,0.5,0.5,0.5,1,0.999966,Valid,#NAME?
06:03.6,242,2.9655,1.000992,1.122313,26.62047,17.27917,0.840123,0.988362,0,0,0,1.000118,1.12342,26.63482,-0.13407,-0.281845,0.950047,0.465723,0.000001,30.42165,Road,0,0,0.5,0.5,0.5,0.5,1,0.999973,Valid,#NAME?
06:03.6,243,2.9765,1.000725,1.122655,26.62186,17.02471,0.877043,1.011496,0,0,0,0.999861,1.123825,26.6362,-0.133751,-0.275072,0.952075,0.453413,0.000001,30.52596,Road,0,0,0.5,0.5,0.5,0.5,1,0.999978,Valid,#NAME?
06:03.6,244,2.9874,1.000469,1.122929,26.62319,16.7556,0.906831,1.020146,0,0,0,0.999611,1.124166,26.63753,-0.133238,-0.270629,0.953419,0.446154,0.000001,30.59795,Road,0,0,0.5,0.5,0.5,0.5,1,0.999986,Valid,#NAME?
06:03.6,245,2.9985,1.000168,1.123278,26.62466,16.51385,0.926308,1.035766,0,0,0,0.999311,1.124576,26.639,-0.132294,-0.271002,0.953445,0.450334,0.000001,30.5955,Road,0,0,0.5,0.5,0.5,0.5,1,0.999986,Valid,#NAME?
06:03.6,246,3.01,0.999882,1.123602,26.62616,16.25813,0.951372,1.037045,0,0,0,0.999033,1.124963,26.64049,-0.132008,-0.268147,0.954291,0.445219,0.000001,30.64404,Road,0,0,0.5,0.5,0.5,0.5,1,0.999986,Valid,#NAME?
06:03.6,247,3.0208,0.999666,1.123941,26.62772,16.00568,0.962701,1.068593,0,0,0,0.998817,1.125365,26.64205,-0.129357,-0.272173,0.953514,0.463959,0.000001,30.58457,Road,0,0,0.5,0.5,0.5,0.5,1,0.999989,Valid,#NAME?
06:03.7,248,3.0319,0.999447,1.124272,26.62929,15.74894,0.997309,1.088226,0,0,0,0.998604,1.12576,26.64361,-0.128761,-0.267956,0.954788,0.457643,0.000001,30.65495,Road,0,0,0.5,0.5,0.5,0.5,1,0.999989,Valid,#NAME?
06:03.7,249,3.043,0.999199,1.124793,26.63099,15.55776,1.003739,1.165847,0,0,0,0.99835,1.126326,26.64531,-0.128625,-0.265685,0.955441,0.453066,0.000002,30.69572,Road,0,0,0.5,0.5,0.5,0.5,1,0.999991,Valid,#NAME?
06:03.7,250,3.0561,0.998951,1.125187,26.63337,15.27517,1.031616,1.257015,0,0,0,0.998102,1.12679,26.64767,-0.123734,-0.265959,0.95601,0.473877,0.000002,30.698,Road,0,0,0.5,0.5,0.5,0.5,1,0.999993,Valid,#NAME?
06:03.7,251,3.0655,0.998688,1.125524,26.63493,15.07401,1.059735,1.300031,0,0,0,0.997839,1.127176,26.64923,-0.123245,-0.262712,0.956971,0.469054,0.000002,30.75514,Road,0,0,0.5,0.5,0.5,0.5,1,0.999993,Valid,#NAME?
06:03.7,252,3.0826,0.99851,1.125705,26.63664,14.87584,1.076908,1.342005,0,0,0,0.997664,1.127405,26.65094,-0.121093,-0.261413,0.957601,0.47542,0.000002,30.78082,Road,0,0,0.5,0.5,0.5,0.5,1,0.999993,Valid,#NAME?
06:03.7,253,3.0904,0.998314,1.125891,26.6386,14.67306,1.096359,1.406143,0,0,0,0.997465,1.12764,26.65289,-0.116475,-0.267154,0.956589,0.505831,0.000001,30.69058,Road,0,0,0.5,0.5,0.5,0.5,1,0.999993,Valid,#NAME?
06:03.7,254,3.0986,0.998205,1.125986,26.63961,14.56803,1.128749,1.43854,0,0,0,0.997362,1.127761,26.6539,-0.115916,-0.265478,0.957123,0.504949,0.000002,30.71979,Road,0,0,0.5,0.5,0.5,0.5,1,0.999993,Valid,#NAME?
06:03.7,255,3.1098,0.998003,1.126199,26.64142,14.38458,1.135796,1.498181,0,0,0,0.997156,1.128018,26.6557,-0.113619,-0.272523,0.955417,0.52687,0.000001,30.61034,Road,0,0,0.5,0.5,0.5,0.5,1,0.999993,Valid,#NAME?
06:03.7,256,3.1215,0.997789,1.126413,26.64325,14.20267,1.176689,1.552911,0,0,0,0.996948,1.128277,26.65752,-0.11141,-0.273827,0.955304,0.537897,0.000001,30.59376,Road,0,0,0.5,0.5,0.5,0.5,1,0.999993,Valid,#NAME?
06:03.8,257,3.132,0.997572,1.126622,26.64506,14.02843,1.216185,1.609962,0,0,0,0.996735,1.128528,26.65933,-0.107406,-0.27835,0.954455,0.561273,0.000001,30.52901,Road,0,0,0.5,0.5,0.5,0.5,1,0.999993,Valid,#NAME?
06:03.8,258,3.1429,0.997406,1.126797,26.64692,13.91284,1.227264,1.68815,0,0,0,0.996565,1.12873,26.66119,-0.107157,-0.276598,0.954993,0.559284,0.000001,30.55828,Road,0,0,0.5,0.5,0.5,0.5,1,0.999993,Valid,#NAME?
06:03.8,259,3.1541,0.997303,1.126841,26.64823,13.81943,1.264311,1.74639,0,0,0,0.996466,1.128797,26.66249,-0.10262,-0.282034,0.9539,0.585745,0.000001,30.48032,Road,0,0,0.5,0.5,0.5,0.5,1,0.999993,Valid,#NAME?
06:03.8,260,3.1651,0.997143,1.126899,26.64999,13.70886,1.260463,1.815539,0,0,0,0.996296,1.12888,26.66425,-0.103186,-0.279865,0.954478,0.580079,0.000001,30.5143,Road,0,0,0.5,0.5,0.5,0.5,1,0.999994,Valid,#NAME?
06:03.8,261,3.1762,0.997006,1.126943,26.65137,13.61965,1.294073,1.870345,0,0,0,0.996162,1.128945,26.66562,-0.099398,-0.289324,0.952057,0.608309,0.000001,30.38056,Road,0,0,0.5,0.5,0.5,0.5,1,0.999994,Valid,#NAME?
06:03.8,262,3.1874,0.996878,1.126903,26.65324,13.5315,1.28426,1.925357,0,0,0,0.996027,1.128926,26.66749,-0.099497,-0.287976,0.952455,0.605979,0.000001,30.40132,Road,0,0,0.5,0.5,0.5,0.5,1,0.999994,Valid,#NAME?
06:03.8,263,3.1985,0.996714,1.12696,26.65505,13.40259,1.27745,1.98779,0,0,0,0.995855,1.129014,26.6693,-0.099533,-0.285966,0.953057,0.60289,0.000001,30.43204,Road,0,0,0.5,0.5,0.5,0.5,1,0.999995,Valid,#NAME?
06:03.8,264,3.2098,0.996534,1.127017,26.65688,13.28224,1.310263,2.060927,0,0,0,0.995678,1.1291,26.67112,-0.096368,-0.29064,0.951967,0.621302,0.000001,30.36938,Road,0,0,0.5,0.5,0.5,0.5,1,0.999997,Valid,#NAME?
06:03.8,265,3.2208,0.996227,1.127006,26.66097,12.97809,1.270515,2.166347,0,0,0,0.995352,1.129161,26.67521,-0.096876,-0.285807,0.953378,0.612617,0.000001,30.44179,Road,0,0,0.5,0.5,0.5,0.5,1,0.999997,Valid,#NAME?
06:03.9,266,3.238,0.996002,1.127164,26.6627,12.87305,1.237499,2.211245,0,0,0,0.995113,1.129345,26.67693,-0.096626,-0.290029,0.952128,0.618862,0.000001,30.38442,Road,0,0,0.5,0.5,0.5,0.5,1,0.999998,Valid,#NAME?
06:03.9,267,3.2452,0.995846,1.127172,26.66443,12.76536,1.214806,2.267252,0,0,0,0.994946,1.129379,26.67865,-0.096922,-0.288354,0.952606,0.615337,0.000001,30.40966,Road,0,0,0.5,0.5,0.5,0.5,1,0.999998,Valid,#NAME?
06:03.9,268,3.2541,0.995693,1.127187,26.66618,12.66559,1.192021,2.326499,0,0,0,0.994782,1.129417,26.6804,-0.094835,-0.293027,0.951389,0.62926,0.000001,30.34735,Road,0,0,0.5,0.5,0.5,0.5,1,0.999998,Valid,#NAME?
06:03.9,269,3.2651,0.995443,1.127346,26.6678,12.55006,1.154387,2.351144,0,0,0,0.99452,1.129604,26.68201,-0.095414,-0.29116,0.951904,0.624345,0.000001,30.37508,Road,0,0,0.5,0.5,0.5,0.5,1,0.999998,Valid,#NAME?
06:03.9,270,3.2764,0.995197,1.127506,26.66939,12.43819,1.104555,2.367789,0,0,0,0.994261,1.129792,26.6836,-0.095438,-0.292672,0.951438,0.625846,0.000001,30.35641,Road,0,0,0.5,0.5,0.5,0.5,1,0.999999,Valid,#NAME?
06:03.9,271,3.2873,0.995136,1.127481,26.67113,12.24467,1.044852,2.380566,0,0,0,0.994183,1.129814,26.68533,-0.096393,-0.289488,0.952316,0.61798,0.000001,30.40202,Road,0,0,0.5,0.5,0.5,0.5,1,0.999999,Valid,#NAME?
06:03.9,272,3.2984,0.994841,1.127861,26.6727,12.0292,0.986577,2.403047,0,0,0,0.99387,1.130247,26.68689,-0.097311,-0.285956,0.953289,0.609245,0.000001,30.45479,Road,0,0,0.5,0.5,0.5,0.5,1,0.999999,Valid,#NAME?
06:03.9,273,3.3094,0.994715,1.127968,26.67393,11.86701,0.944945,2.415658,0,0,0,0.993733,1.130394,26.68812,-0.098184,-0.286941,0.952903,0.60694,0.000001,30.44205,Road,0,0,0.5,0.5,0.5,0.5,1,0.999999,Valid,#NAME?
06:03.9,274,3.3206,0.99452,1.12816,26.67562,11.65348,0.86765,2.416019,0,0,0,0.993521,1.130638,26.68979,-0.099265,-0.286417,0.952949,0.601671,0.000001,30.45158,Road,0,0,0.5,0.5,0.5,0.5,1,0.999999,Valid,#NAME?
06:04.0,275,3.3317,0.994268,1.128428,26.6768,11.43299,0.743395,2.417505,0,0,0,0.993238,1.130961,26.69096,-0.101315,-0.282757,0.953826,0.588004,0.000001,30.50603,Road,0,0,0.5,0.5,0.5,0.5,1,0.999999,Valid,#NAME?
06:04.0,276,3.3431,0.993746,1.128971,26.67825,11.13334,0.504608,2.402476,0,0,0,0.992657,1.131578,26.69239,-0.103504,-0.281012,0.954106,0.575869,0.000001,30.53438,Road,0,0,0.5,0.5,0.5,0.5,1,0.999999,Valid,#NAME?
06:04.0,277,3.3542,0.993265,1.129477,26.67972,10.84902,0.256601,2.355795,0,0,0,0.992119,1.132155,26.69385,-0.107701,-0.276189,0.95505,0.550632,0.000001,30.60879,Road,0,0,0.5,0.5,0.5,0.5,1,0.999999,Valid,#NAME?
06:04.0,278,3.3654,0.992096,1.130375,26.68202,10.25371,359.6351,2.166861,0,0,0,0.990814,1.133204,26.6961,-0.118649,-0.271596,0.955069,0.495764,0.000001,30.68101,Road,0,0,0.5,0.5,0.5,0.5,1,0.999999,Valid,#NAME?
06:04.0,279,3.3762,0.991427,1.130918,26.68343,9.911376,359.2659,2.020963,0,0,0,0.990068,1.133834,26.69749,-0.12507,-0.265598,0.955937,0.456149,0.000002,30.77836,Road,0,0,0.5,0.5,0.5,0.5,1,0.999999,Valid,#NAME?
06:04.0,280,3.3951,0.990852,1.131411,26.68436,9.510201,358.9949,1.878521,0,0,0,0.989441,1.134428,26.69839,-0.129862,-0.258611,0.957213,0.419785,0.000002,30.89734,Road,0,0,0.5,0.5,0.5,0.5,1,1,Valid,#NAME?
06:04.0,281,3.4031,0.990025,1.13242,26.68552,8.913551,358.6111,1.844853,0,0,0,0.988522,1.135584,26.69951,-0.136393,-0.248541,0.95897,0.365343,0.000002,31.08103,Road,0,0,0.5,0.5,0.5,0.5,1,1,Valid,#NAME?
06:04.0,282,3.4111,0.989279,1.133474,26.68674,8.287766,358.1724,1.853222,0,0,0,0.987671,1.136791,26.70068,-0.143802,-0.238036,0.960552,0.300917,0.000002,31.28799,Road,0,0,0.5,0.5,0.5,0.5,1,1,Valid,#NAME?
06:04.0,283,3.4222,0.988579,1.134422,26.68778,7.730601,357.7454,1.860686,0,0,0,0.986868,1.137875,26.70167,-0.151034,-0.228659,0.961719,0.23528,0.000002,31.48747,Road,0,0,0.5,0.5,0.5,0.5,1,1,Valid,#NAME?
06:04.1,284,3.4386,0.98766,1.13553,26.68881,7.181754,357.2686,1.846201,0,0,0,0.985836,1.139117,26.70266,-0.159157,-0.219358,0.962575,0.159342,0.000002,31.70127,Road,0,0,0.5,0.5,0.5,0.5,1,1,Valid,#NAME?
06:04.1,285,3.4458,0.986713,1.136503,26.68985,6.717674,356.7358,1.780511,0,0,0,0.984768,1.140203,26.70366,-0.168313,-0.211373,0.962804,0.076842,0.000002,31.89729,Road,0,0,0.5,0.5,0.5,0.5,1,1,Valid,#NAME?
06:04.1,286,3.4539,0.985842,1.137209,26.69064,6.396502,356.2651,1.720337,0,0,0,0.983791,1.140988,26.7044,-0.176395,-0.205809,0.962563,0.005875,0.000002,32.04077,Road,0,0,0.5,0.5,0.5,0.5,1,1,Valid,#NAME?
06:04.1,287,3.4651,0.984686,1.137993,26.69142,6.083852,355.738,1.610183,0,0,0,0.982519,1.14185,26.70514,-0.18551,-0.200285,0.962014,-0.075095,0.000002,32.18969,Road,0,0,0.5,0.5,0.5,0.5,1,1,Valid,#NAME?
06:04.1,288,3.4762,0.983734,1.138528,26.69219,5.870118,355.2448,1.501165,0,0,0,0.981461,1.142439,26.70588,-0.19403,-0.196439,0.961126,-0.146967,0.000002,32.29554,Road,0,0,0.5,0.5,0.5,0.5,1,1,Valid,#NAME?
06:04.1,289,3.4875,0.982813,1.138947,26.69287,5.692509,354.7488,1.409745,0,0,0,0.980433,1.142902,26.70654,-0.202551,-0.193238,0.960017,-0.217548,0.000002,32.38452,Road,0,0,0.5,0.5,0.5,0.5,1,1,Valid,#NAME?
06:04.1,290,3.4984,0.981787,1.139307,26.69351,5.682771,354.288,1.269158,0,0,0,0.979307,1.143268,26.70716,-0.210505,-0.192794,0.958393,-0.268984,0.000002,32.3904,Road,0,0,0.5,0.5,0.5,0.5,1,1,Valid,#NAME?
06:04.1,291,3.5095,0.980953,1.139457,26.69418,5.667122,353.8324,1.204993,0,0,0,0.978373,1.143423,26.7078,-0.218232,-0.192401,0.956743,-0.318562,0.000002,32.39363,Road,0,0,0.5,0.5,0.5,0.5,1,1,Valid,#NAME?
06:04.1,292,3.5212,0.980152,1.139514,26.69481,5.730698,353.399,1.156765,0,0,0,0.97747,1.143465,26.70841,-0.225519,-0.193387,0.954852,-0.355986,0.000002,32.3543,Road,0,0,0.5,0.5,0.5,0.5,1,1,Valid,#NAME?
06:04.2,293,3.5319,0.979342,1.13956,26.69535,5.883548,352.9981,1.105932,0,0,0,0.97657,1.143475,26.70895,-0.232216,-0.195885,0.952735,-0.378988,0.000002,32.27053,Road,0,0,0.5,0.5,0.5,0.5,1,1,Valid,#NAME?
06:04.2,294,3.5494,0.978579,1.139417,26.69597,6.044971,352.5921,1.048146,0,0,0,0.975716,1.143294,26.70956,-0.238986,-0.198513,0.950515,-0.400673,0.000002,32.18384,Road,0,0,0.5,0.5,0.5,0.5,1,1,Valid,#NAME?
06:04.2,295,3.5576,0.977926,1.139206,26.69652,6.230533,352.2472,1.017662,0,0,0,0.974981,1.143039,26.71011,-0.244668,-0.201604,0.948416,-0.412214,0.000002,32.08737,Road,0,0,0.5,0.5,0.5,0.5,1,1,Valid,#NAME?
06:04.2,296,3.565,0.977293,1.139041,26.69702,6.431657,351.9401,0.977694,0,0,0,0.974278,1.142826,26.7106,-0.249714,-0.204938,0.946384,-0.418236,0.000002,31.98805,Road,0,0,0.5,0.5,0.5,0.5,1,1,Valid,#NAME?
06:04.2,297,3.5762,0.976677,1.138648,26.69757,6.695184,351.6328,0.945595,0,0,0,0.973589,1.14237,26.71116,-0.2547,-0.209343,0.944089,-0.416291,0.000002,31.86299,Road,0,0,0.5,0.5,0.5,0.5,1,1,Valid,#NAME?
06:04.2,298,3.5875,0.976141,1.138261,26.69803,6.954517,351.3916,0.923218,0,0,0,0.972996,1.14192,26.71162,-0.258567,-0.213692,0.942061,-0.408724,0.000002,31.74577,Road,0,0,0.5,0.5,0.5,0.5,1,1,Valid,#NAME?
06:04.2,299,3.5986,0.975868,1.138083,26.69819,7.101549,351.2809,0.909582,0,0,0,0.972696,1.141707,26.71178,-0.260327,-0.216154,0.941014,-0.402328,0.000002,31.68215,Road,0,0,0.5,0.5,0.5,0.5,1,1,Valid,#NAME?
06:04.2,300,3.611,0.975048,1.137351,26.69882,7.579258,350.915,0.890945,0,0,0,0.971787,1.140859,26.71242,-0.26607,-0.224193,0.93752,-0.382173,0.000002,31.48321,Road,0,0,0.5,0.5,0.5,0.5,1,1,Valid,#NAME?
06:04.2,301,3.6207,0.974577,1.136838,26.69917,7.851955,350.6959,0.884908,0,0,0,0.97126,1.14028,26.71278,-0.26949,-0.228785,0.935432,-0.371898,0.000002,31.37504,Road,0,0,0.5,0.5,0.5,0.5,1,1,Valid,#NAME?
06:04.3,302,3.6318,0.974077,1.136322,26.69937,8.09637,350.4883,0.865801,0,0,0,0.970711,1.139705,26.71298,-0.272748,-0.232869,0.933478,-0.364168,0.000002,31.28159,Road,0,0,0.5,0.5,0.5,0.5,1,1,Valid,#NAME?
06:04.3,303,3.644,0.973585,1.135825,26.69963,8.337029,350.2726,0.833259,0,0,0,0.970167,1.13915,26.71324,-0.276148,-0.236858,0.931472,-0.357941,0.000002,31.19308,Road,0,0,0.5,0.5,0.5,0.5,1,1,Valid,#NAME?
06:04.3,304,3.6779,0.973082,1.135423,26.69988,8.494343,350.0408,0.77596,0,0,0,0.969612,1.13871,26.71348,-0.279896,-0.239393,0.929704,-0.361755,0.000002,31.13577,Road,0,0,0.5,0.5,0.5,0.5,1,1,Valid,#NAME?
06:04.3,305,3.6857,0.971642,1.135139,26.70044,8.623219,349.3762,0.591708,0,0,0,0.968031,1.138398,26.71402,-0.290869,-0.241195,0.925862,-0.40482,0.000002,31.08392,Road,0,0,0.5,0.5,0.5,0.5,1,1,Valid,#NAME?
06:04.3,306,3.7,0.971243,1.135149,26.7006,8.588502,349.1704,0.627458,0,0,0,0.967581,1.138416,26.71416,-0.294161,-0.240682,0.924955,-0.423787,0.000002,31.08916,Road,0,0,0.5,0.5,0.5,0.5,1,1,Valid,#NAME?
06:04.3,307,3.7086,0.970844,1.135182,26.70076,8.572157,348.9755,0.5808,0,0,0,0.96714,1.138454,26.71431,-0.297396,-0.240314,0.924016,-0.441728,0.000002,31.09171,Road,0,0,0.5,0.5,0.5,0.5,1,1,Valid,#NAME?
06:04.3,308,3.7165,0.970238,1.135234,26.70101,8.546926,348.6797,0.509947,0,0,0,0.966471,1.138513,26.71454,-0.302301,-0.239749,0.922569,-0.469088,0.000002,31.0956,Road,0,0,0.5,0.5,0.5,0.5,1,1,Valid,#NAME?
06:04.3,309,3.7238,0.970102,1.135522,26.70089,8.451126,348.5623,0.561176,0,0,0,0.966305,1.138824,26.71441,-0.304185,-0.238239,0.922341,-0.487752,0.000002,31.12336,Road,0,0,0.5,0.5,0.5,0.5,1,1,Valid,#NAME?
06:04.4,310,3.7318,0.969708,1.1356,26.70097,8.413537,348.3781,0.688976,0,0,0,0.965855,1.138908,26.71447,-0.306967,-0.23786,0.921517,-0.503947,0.000002,31.12682,Road,0,0,0.5,0.5,0.5,0.5,1,1,Valid,#NAME?
06:04.4,311,3.743,0.969338,1.135669,26.70094,8.394284,348.1881,0.678334,0,0,0,0.965441,1.138982,26.71442,-0.310055,-0.237515,0.920572,-0.521402,0.000002,31.12894,Road,0,0,0.5,0.5,0.5,0.5,1,1,Valid,#NAME?
06:04.4,312,3.754,0.968929,1.135793,26.70084,8.326588,347.9801,0.67623,0,0,0,0.964985,1.139122,26.71431,-0.313457,-0.236371,0.919714,-0.545631,0.000002,31.1466,Road,0,0,0.5,0.5,0.5,0.5,1,1,Valid,#NAME?
06:04.4,313,3.7651,0.968676,1.136129,26.70091,8.301299,347.8475,0.70693,0,0,0,0.964697,1.139465,26.71436,-0.315555,-0.236006,0.91909,-0.55884,0.000002,31.15184,Road,0,0,0.5,0.5,0.5,0.5,1,1,Valid,#NAME?
06:04.4,314,3.7762,0.968441,1.13632,26.7009,8.257213,347.7383,0.752004,0,0,0,0.964436,1.139665,26.71435,-0.31727,-0.235353,0.918667,-0.571901,0.000002,31.16286,Road,0,0,0.5,0.5,0.5,0.5,1,1,Valid,#NAME?
06:04.4,315,3.7876,0.968235,1.136668,26.70095,8.218483,347.6768,0.796488,0,0,0,0.964211,1.140022,26.71439,-0.318216,-0.234789,0.918484,-0.580893,0.000002,31.1741,Road,0,0,0.5,0.5,0.5,0.5,1,1,Valid,#NAME?
06:04.4,316,3.7983,0.968025,1.136949,26.701,8.192952,347.6145,0.839956,0,0,0,0.963984,1.140308,26.71443,-0.319163,-0.234445,0.918243,-0.588381,0.000002,31.18063,Road,0,0,0.5,0.5,0.5,0.5,1,1,Valid,#NAME?
06:04.4,317,3.8096,0.967863,1.137202,26.7011,8.153945,347.5792,0.878168,0,0,0,0.96381,1.140571,26.71452,-0.3197,-0.233863,0.918205,-0.595393,0.000002,31.19267,Road,0,0,0.5,0.5,0.5,0.5,1,1,Valid,#NAME?
06:04.4,318,3.8207,0.967682,1.137485,26.70127,8.138028,347.5534,0.931336,0,0,0,0.963617,1.140856,26.71469,-0.320038,-0.233701,0.918128,-0.59871,0.000002,31.1967,Road,0,0,0.5,0.5,0.5,0.5,1,1,Valid,#NAME?
06:04.5,319,3.8317,0.967503,1.137764,26.70144,8.11496,347.5211,0.969284,0,0,0,0.963429,1.14114,26.71485,-0.320513,-0.233387,0.918042,-0.603712,0.000002,31.20359,Road,0,0,0.5,0.5,0.5,0.5,1,1,Valid,#NAME?
06:04.5,320,3.8437,0.967306,1.137737,26.70161,8.15248,347.4752,1.027843,0,0,0,0.963215,1.141104,26.71502,-0.321117,-0.234135,0.917641,-0.601808,0.000002,31.18732,Road,0,0,0.5,0.5,0.5,0.5,1,1,Valid,#NAME?
06:04.5,321,3.861,0.967154,1.137812,26.70174,8.157762,347.4367,1.062759,0,0,0,0.963049,1.141176,26.71515,-0.321669,-0.234293,0.917407,-0.60371,0.000002,31.18359,Road,0,0,0.5,0.5,0.5,0.5,1,1,Valid,#NAME?
06:04.5,322,3.8689,0.966951,1.13771,26.70208,8.295248,347.4449,1.100516,0,0,0,0.962845,1.14104,26.71549,-0.321353,-0.236684,0.916904,-0.586378,0.000002,31.13583,Road,0,0,0.5,0.5,0.5,0.5,1,1,Valid,#NAME?
06:04.5,323,3.8762,0.966738,1.137593,26.70234,8.437628,347.4161,1.137606,0,0,0,0.962618,1.140887,26.71576,-0.321622,-0.239154,0.916169,-0.571683,0.000002,31.08637,Road,0,0,0.5,0.5,0.5,0.5,1,1,Valid,#NAME?
06:04.5,324,3.8873,0.966496,1.137341,26.70262,8.639445,347.3843,1.16643,0,0,0,0.962364,1.140585,26.71605,-0.321896,-0.242605,0.915164,-0.550996,0.000002,31.01859,Road,0,0,0.5,0.5,0.5,0.5,1,1,Valid,#NAME?
06:04.5,325,3.8984,0.966139,1.137205,26.70306,8.895267,347.3354,1.189464,0,0,0,0.96199,1.140386,26.7165,-0.3224,-0.24695,0.913824,-0.526813,0.000002,30.93644,Road,0,0,0.5,0.5,0.5,0.5,1,1,Valid,#NAME?
06:04.5,326,3.9096,0.965818,1.136594,26.70333,9.231338,347.2715,1.227867,0,0,0,0.961647,1.139692,26.71678,-0.32303,-0.252665,0.912037,-0.495434,0.000002,30.83069,Road,0,0,0.5,0.5,0.5,0.5,1,1,Valid,#NAME?
06:04.5,327,3.9204,0.965473,1.136004,26.70363,9.541146,347.189,1.209073,0,0,0,0.961281,1.139027,26.71709,-0.324069,-0.25782,0.910224,-0.470428,0.000002,30.73839,Road,0,0,0.5,0.5,0.5,0.5,1,1,Valid,#NAME?
06:04.6,328,3.9321,0.965036,1.135455,26.70398,9.845831,347.0871,1.186378,0,0,0,0.960819,1.138403,26.71745,-0.325416,-0.262874,0.908296,-0.448427,0.000001,30.65093,Road,0,0,0.5,0.5,0.5,0.5,1,1,Valid,#NAME?
06:04.6,329,3.943,0.964663,1.134886,26.70423,10.11943,346.9836,1.172237,0,0,0,0.960419,1.137768,26.7177,-0.326795,-0.267418,0.906473,-0.429977,0.000001,30.57442,Road,0,0,0.5,0.5,0.5,0.5,1,1,Valid,#NAME?
06:04.6,330,3.954,0.964254,1.134474,26.70452,10.31438,346.8637,1.178083,0,0,0,0.95998,1.137308,26.718,-0.328474,-0.270683,0.904895,-0.420141,0.000001,30.52003,Road,0,0,0.5,0.5,0.5,0.5,1,1,Valid,#NAME?
06:04.6,331,3.965,0.963718,1.13432,26.70496,10.46078,346.7242,1.146753,0,0,0,0.959412,1.137118,26.71844,-0.33057,-0.273063,0.903416,-0.417181,0.000001,30.48054,Road,0,0,0.5,0.5,0.5,0.5,1,1,Valid,#NAME?
06:04.6,332,3.9763,0.963167,1.134093,26.70528,10.56788,346.528,1.118675,0,0,0,0.958817,1.136865,26.71875,-0.33359,-0.274793,0.90178,-0.421298,0.000001,30.44955,Road,0,0,0.5,0.5,0.5,0.5,1,1,Valid,#NAME?
06:04.6,333,3.9874,0.962542,1.1339,26.70552,10.64719,346.2842,1.100179,0,0,0,0.958134,1.136653,26.71897,-0.337364,-0.276078,0.899981,-0.430842,0.000001,30.42432,Road,0,0,0.5,0.5,0.5,0.5,1,1,Valid,#NAME?
06:04.6,334,3.9985,0.961704,1.13395,26.70578,10.69823,345.933,1.060618,0,0,0,0.957216,1.136691,26.71921,-0.342881,-0.27685,0.897656,-0.450583,0.000001,30.4048,Road,0,0,0.5,0.5,0.5,0.5,1,1,Valid,#NAME?
06:04.6,335,4.0156,0.960804,1.133896,26.70592,10.7246,345.5045,1.025376,0,0,0,0.956219,1.136631,26.71931,-0.349614,-0.27722,0.894941,-0.477233,0.000001,30.38866,Road,0,0,0.5,0.5,0.5,0.5,1,1,Valid,#NAME?
06:04.6,336,4.0234,0.959703,1.133953,26.70594,10.67706,344.9589,0.928187,0,0,0,0.955,1.136702,26.71929,-0.358344,-0.276238,0.891786,-0.519562,0.000001,30.38894,Road,0,0,0.5,0.5,0.5,0.5,1,1,Valid,#NAME?
06:04.7,337,4.0319,0.958584,1.134171,26.70608,10.64348,344.4265,0.952017,0,0,0,0.953754,1.136927,26.71938,-0.366619,-0.275725,0.888575,-0.557963,0.000001,30.38334,Road,0,0,0.5,0.5,0.5,0.5,1,1,Valid,#NAME?
06:04.7,338,4.0429,0.957089,1.13457,26.70589,10.46669,343.6122,0.839709,0,0,0,0.952084,1.137372,26.71912,-0.379637,-0.272558,0.884074,-0.632123,0.000001,30.40832,Road,0,0,0.5,0.5,0.5,0.5,1,1,Valid,#NAME?
06:04.7,339,4.054,0.955389,1.135038,26.70563,10.25411,342.658,0.7965,0,0,0,0.950172,1.137894,26.71877,-0.394679,-0.268927,0.878582,-0.719808,0.000001,30.43626,Road,0,0,0.5,0.5,0.5,0.5,1,1,Valid,#NAME?
06:04.7,340,4.065,0.953808,1.135513,26.70547,10.07577,341.83,0.780466,0,0,0,0.948404,1.138413,26.71852,-0.407622,-0.265917,0.873575,-0.796655,0.000001,30.45836,Road,0,0,0.5,0.5,0.5,0.5,1,1,Valid,#NAME?
06:04.7,341,4.0762,0.951632,1.135993,26.7049,9.805194,340.607,0.549706,0,0,0,0.945976,1.138964,26.71782,-0.42697,-0.260938,0.865799,-0.9177,0.000001,30.49695,Road,0,0,0.5,0.5,0.5,0.5,1,1,Valid,#NAME?
06:04.7,342,4.0874,0.949476,1.136371,26.70426,9.577228,339.4282,0.407189,0,0,0,0.943571,1.1394,26.71707,-0.445289,-0.256839,0.85776,-1.031835,0.000001,30.52229,Road,0,0,0.5,0.5,0.5,0.5,1,1,Valid,#NAME?
06:04.7,343,4.0985,0.947376,1.136841,26.70374,9.373532,338.314,0.290282,0,0,0,0.94124,1.139922,26.71642,-0.462411,-0.253194,0.849747,-1.14061,0.000001,30.54213,Road,0,0,0.5,0.5,0.5,0.5,1,1,Valid,#NAME?
06:04.7,344,4.1097,0.944916,1.137223,26.70276,9.180147,336.9576,0.039487,0,0,0,0.938505,1.140356,26.71529,-0.483136,-0.24945,0.839259,-1.27014,0.000001,30.55195,Road,0,0,0.5,0.5,0.5,0.5,1,1,Valid,#NAME?
06:04.7,345,4.122,0.942579,1.137543,26.70185,8.955521,335.6919,359.8737,0,0,0,0.935911,1.140733,26.71423,-0.502221,-0.245346,0.829204,-1.399151,0.000001,30.56959,Road,0,0,0.5,0.5,0.5,0.5,1,1,Valid,#NAME?
06:04.8,346,4.1343,0.940018,1.138095,26.70083,8.74278,334.2686,359.6399,0,0,0,0.933071,1.141341,26.71304,-0.523426,-0.241301,0.81719,-1.542704,0.000001,30.5783,Road,0,0,0.5,0.5,0.5,0.5,1,1,Valid,#NAME?
06:04.8,347,4.1452,0.937717,1.13849,26.69987,8.510417,332.9781,359.5119,0,0,0,0.930513,1.141795,26.71192,-0.542338,-0.237134,0.806,-1.680832,0.000001,30.5928,Road,0,0,0.5,0.5,0.5,0.5,1,1,Valid,#NAME?
06:04.8,348,4.1552,0.935366,1.138859,26.69873,8.2795,331.6243,359.3871,0,0,0,0.927895,1.142222,26.7106,-0.561874,-0.232993,0.793733,-1.826628,0.000001,30.60178,Road,0,0,0.5,0.5,0.5,0.5,1,1,Valid,#NAME?
06:04.8,349,4.1721,0.932985,1.13938,26.69762,8.055799,330.28,359.2769,0,0,0,0.925253,1.1428,26.7093,-0.580956,-0.228999,0.781057,-1.97396,0.000001,30.60711,Road,0,0,0.5,0.5,0.5,0.5,1,1,Valid,#NAME?
06:04.8,350,4.1807,0.9307,1.139643,26.69641,7.874891,328.9787,359.0971,0,0,0,0.922724,1.14311,26.70791,-0.599185,-0.225581,0.768173,-2.113581,0.000001,30.60056,Road,0,0,0.5,0.5,0.5,0.5,1,1,Valid,#NAME?
06:04.8,351,4.1888,0.928417,1.139949,26.69516,7.671127,327.6582,359.1284,0,0,0,0.920183,1.143465,26.70646,-0.617108,-0.222204,0.754853,-2.255456,0.000001,30.59094,Road,0,0,0.5,0.5,0.5,0.5,1,1,Valid,#NAME?
06:04.8,352,4.1997,0.926163,1.140322,26.6938,7.518725,326.3051,358.9742,0,0,0,0.917681,1.143878,26.70491,-0.635314,-0.219315,0.740458,-2.395913,0.000001,30.5669,Road,0,0,0.5,0.5,0.5,0.5,1,1,Valid,#NAME?
06:04.8,353,4.2104,0.923933,1.140583,26.69242,7.350582,324.9847,358.9752,0,0,0,0.915203,1.144179,26.70332,-0.652572,-0.216474,0.726147,-2.533985,0.000001,30.54139,Road,0,0,0.5,0.5,0.5,0.5,1,1,Valid,#NAME?
06:04.8,354,4.2213,0.9217,1.14081,26.69094,7.197475,323.6575,358.9123,0,0,0,0.912731,1.144444,26.70163,-0.669647,-0.213755,0.711253,-2.672562,0.000001,30.5097,Road,0,0,0.5,0.5,0.5,0.5,1,1,Valid,#NAME?
06:04.9,355,4.2327,0.919558,1.14111,26.68946,7.046834,322.383,358.8771,0,0,0,0.910362,1.144782,26.69995,-0.685692,-0.211133,0.696599,-2.807523,0.000001,30.47697,Road,0,0,0.5,0.5,0.5,0.5,1,1,Valid,#NAME?
06:04.9,356,4.2433,0.917484,1.141286,26.68797,6.896883,321.1123,358.8893,0,0,0,0.908064,1.144994,26.69823,-0.7013,-0.208617,0.681658,-2.941009,0.000001,30.43951,Road,0,0,0.5,0.5,0.5,0.5,1,1,Valid,#NAME?
06:04.9,357,4.2546,0.915529,1.141472,26.68655,6.755766,319.8946,358.93,0,0,0,0.905895,1.145214,26.69661,-0.715901,-0.206309,0.667026,-3.068048,0.000001,30.39925,Road,0,0,0.5,0.5,0.5,0.5,1,1,Valid,#NAME?
06:04.9,358,4.2654,0.913578,1.141654,26.68501,6.612473,318.653,359.1439,0,0,0,0.903721,1.145427,26.69484,-0.730236,-0.204315,0.651928,-3.190109,0.000001,30.34967,Road,0,0,0.5,0.5,0.5,0.5,1,1,Valid,#NAME?
06:04.9,359,4.2764,0.911593,1.141818,26.68347,6.533668,317.4487,359.3667,0,0,0,0.901518,1.145606,26.69307,-0.74367,-0.203432,0.636844,-3.286385,0.000001,30.27938,Road,0,0,0.5,0.5,0.5,0.5,1,1,Valid,#NAME?
06:04.9,360,4.2875,0.909609,1.141953,26.68193,6.345554,316.2169,359.3172,0,0,0,0.899342,1.145788,26.6913,-0.757712,-0.200138,0.621142,-3.438538,0.000001,30.24732,Road,0,0,0.5,0.5,0.5,0.5,1,1,Valid,#NAME?
06:04.9,361,4.2986,0.908772,1.142082,26.68113,6.259168,315.6676,359.1572,0,0,0,0.898432,1.14594,26.69041,-0.76405,-0.198346,0.613911,-3.515852,0.000001,30.23727,Road,0,0,0.5,0.5,0.5,0.5,1,1,Valid,#NAME?
06:04.9,362,4.31,0.906727,1.142262,26.67939,6.203294,314.4931,359.5331,0,0,0,0.896175,1.146129,26.68843,-0.77613,-0.198161,0.598627,-3.592812,0.000001,30.15079,Road,0,0,0.5,0.5,0.5,0.5,1,1,Valid,#NAME?
06:05.0,363,4.3279,0.904787,1.142382,26.67775,5.997466,313.3778,359.6378,0,0,0,0.894066,1.146296,26.68657,-0.788016,-0.194876,0.583998,-3.741174,0.000001,30.12173,Road,0,0,0.5,0.5,0.5,0.5,1,1,Valid,#NAME?
06:05.0,364,4.3352,0.902834,1.142507,26.67612,5.826923,312.2712,359.9413,0,0,0,0.891933,1.146457,26.6847,-0.799198,-0.192591,0.569378,-3.865545,0.000001,30.0741,Road,0,0,0.5,0.5,0.5,0.5,1,1,Valid,#NAME?
06:05.0,365,4.3435,0.900944,1.142705,26.67438,5.491004,311.122,359.8743,0,0,0,0.889898,1.146738,26.68272,-0.811376,-0.186739,0.553894,-4.092628,0.000001,30.08409,Road,0,0,0.5,0.5,0.5,0.5,1,1,Valid,#NAME?
06:05.0,366,4.3542,0.899033,1.142994,26.6726,5.289937,309.9912,0.334961,0,0,0,0.887808,1.147067,26.68068,-0.8221,-0.184243,0.538708,-4.230434,0.000001,30.03458,Road,0,0,0.5,0.5,0.5,0.5,1,1,Valid,#NAME?
06:05.0,367,4.3654,0.895678,1.143553,26.66956,4.831843,307.9457,0.284044,0,0,0,0.884199,1.147737,26.67722,-0.841999,-0.176331,0.509848,-4.596345,0.000001,29.9958,Road,0,0,0.5,0.5,0.5,0.5,1,1,Valid,#NAME?
06:05.0,368,4.3767,0.893667,1.14377,26.66769,4.550591,306.7483,0.378573,0,0,0,0.882042,1.14802,26.67509,-0.85305,-0.171721,0.492766,-4.820908,0.000001,29.96941,Road,0,0,0.5,0.5,0.5,0.5,1,1,Valid,#NAME?
06:05.0,369,4.3882,0.891724,1.143846,26.66579,4.300804,305.5348,0.445375,0,0,0,0.879957,1.148154,26.67293,-0.864504,-0.170251,0.472914,-4.950141,0.000001,29.8622,Road,0,0,0.5,0.5,0.5,0.5,1,1,Valid,#NAME?
06:05.0,370,4.3987,0.890511,1.143882,26.66448,4.169076,304.7404,0.701657,0,0,0,0.878641,1.148217,26.67143,-0.871019,-0.168525,0.461438,-5.055884,0.000001,29.81535,Road,0,0,0.5,0.5,0.5,0.5,1,1,Valid,#NAME?
06:05.0,371,4.4099,0.888693,1.143888,26.66256,4.074538,303.5968,0.955219,0,0,0,0.87668,1.148241,26.66924,-0.901157,-0.212311,0.377942,-3.997034,0.000001,28.71326,Road,0,0,0.5,0.5,0.5,0.5,1,1,Valid,#NAME?
06:05.0,372,4.421,0.887009,1.143763,26.66059,4.037388,302.5144,0.958412,0,0,0,0.874874,1.148125,26.66705,-0.897309,-0.193671,0.396647,-4.444554,0.000001,29.01846,Road,0,0,0.5,0.5,0.5,0.5,1,1,Valid,#NAME?
06:05.1,373,4.4323,0.885641,1.143826,26.65869,4.071185,301.4615,0.973725,0,0,0,0.873388,1.148179,26.66492,-0.911843,-0.228748,0.340907,-3.703524,0.000001,28.37608,Road,0,0,0.5,0.5,0.5,0.5,1,1,Valid,#NAME?
06:05.1,374,4.4433,0.884338,1.143738,26.65676,4.084549,300.5098,1.035163,0,0,0,0.871979,1.148087,26.66278,-0.917234,-0.229168,0.325829,-3.723171,0.000001,28.29511,Road,0,0,0.5,0.5,0.5,0.5,1,1,Valid,#NAME?
06:05.1,375,4.4541,0.88294,1.143675,26.6549,4.048617,299.5406,0.987757,0,0,0,0.870485,1.148033,26.66071,-0.93694,-0.26282,0.230366,-3.222201,0.000001,27.66698,Road,0,0,0.5,0.5,0.5,0.5,1,1,Valid,#NAME?
06:05.1,376,4.4653,0.88242,1.143585,26.65374,4.039932,299.0359,1.064085,0,0,0,0.869911,1.147944,26.65944,-0.937665,-0.287906,0.194667,-2.868752,0.000001,27.43562,Road,0,0,0.5,0.5,0.5,0.5,1,1,Valid,#NAME?
06:05.1,377,4.4824,0.88134,1.143447,26.65197,4.079139,298.2089,1.119497,0,0,0,0.868746,1.147796,26.65748,-0.93049,-0.318615,0.180754,-2.483297,0.000001,27.30865,Road,0,0,0.5,0.5,0.5,0.5,1,1,Valid,#NAME?
06:05.1,378,4.4902,0.880333,1.143292,26.65031,4.125648,297.4756,1.17754,0,0,0,0.867664,1.147628,26.65566,-0.932361,-0.319633,0.168929,-2.479931,0.000001,27.26218,Road,0,0,0.5,0.5,0.5,0.5,1,1,Valid,#NAME?
06:05.1,379,4.4987,0.87952,1.1432,26.64873,4.219408,296.8286,1.210158,0,0,0,0.866783,1.147513,26.65393,-0.913101,-0.344152,0.218646,-2.177788,0.000001,27.38298,Road,0,0,0.5,0.5,0.5,0.5,1,1,Valid,#NAME?
06:05.1,380,4.5098,0.878759,1.143129,26.64724,4.291101,296.2331,1.212629,0,0,0,0.865965,1.147426,26.65231,-0.911815,-0.366347,0.185429,-1.9899,0.000001,27.23309,Road,0,0,0.5,0.5,0.5,0.5,1,1,Valid,#NAME?
06:05.1,381,4.5207,0.877874,1.143042,26.64588,4.301886,295.6627,1.191193,0,0,0,0.86503,1.147336,26.65083,-0.913608,-0.366428,0.176215,-1.995594,0.000001,27.20258,Road,0,0,0.5,0.5,0.5,0.5,1,1,Valid,#NAME?
06:05.2,382,4.532,0.877047,1.143014,26.64464,4.253024,295.1667,1.204589,0,0,0,0.864162,1.147319,26.64948,-0.909611,-0.373941,0.181043,-1.92669,0.000001,27.20496,Road,0,0,0.5,0.5,0.5,0.5,1,1,Valid,#NAME?
06:05.2,383,4.5429,0.876232,1.142987,26.64342,4.207036,294.6777,1.173363,0,0,0,0.86331,1.147305,26.64815,-0.906389,-0.378507,0.187596,-1.884069,0.000001,27.21678,Road,0,0,0.5,0.5,0.5,0.5,1,1,Valid,#NAME?
06:05.2,384,4.5544,0.87566,1.142969,26.64257,4.174716,294.3354,1.151457,0,0,0,0.862715,1.147294,26.64722,-0.907742,-0.377919,0.18216,-1.893023,0.000001,27.20023,Road,0,0,0.5,0.5,0.5,0.5,1,1,Valid,#NAME?
06:05.2,385,4.5651,0.875197,1.14279,26.64188,3.881418,294.1068,1.214298,0,0,0,0.862249,1.147184,26.64646,-0.910063,-0.373524,0.179627,-1.932779,0.000001,27.19814,Road,0,0,0.5,0.5,0.5,0.5,1,1,Valid,#NAME?
06:05.2,386,4.5764,0.87462,1.142728,26.64091,4.071167,293.8178,1.800468,0,0,0,0.861618,1.147065,26.64538,-0.893278,-0.375407,0.247234,-1.867814,0.000001,27.40083,Road,0,0,0.5,0.5,0.5,0.5,1,1,Valid,#NAME?
06:05.2,387,4.5879,0.874111,1.14245,26.64016,4.100663,293.6315,1.894673,0,0,0,0.861088,1.146779,26.64458,-0.889358,-0.373009,0.264399,-1.873149,0.000001,27.45745,Road,0,0,0.5,0.5,0.5,0.5,1,1,Valid,#NAME?
06:05.2,388,4.5986,0.873484,1.142198,26.63945,4.154887,293.4511,1.954897,0,0,0,0.860441,1.146512,26.64383,-0.889725,-0.374,0.261749,-1.867043,0.000001,27.44623,Road,0,0,0.5,0.5,0.5,0.5,1,1,Valid,#NAME?
06:05.2,389,4.611,0.872932,1.141988,26.63886,4.180328,293.3191,2.006052,0,0,0,0.859877,1.146295,26.64321,-0.888,-0.372974,0.268973,-1.869288,0.000001,27.46988,Road,0,0,0.5,0.5,0.5,0.5,1,1,Valid,#NAME?
06:05.2,390,4.6215,0.872297,1.141795,26.63828,4.162219,293.1851,2.062639,0,0,0,0.85923,1.146106,26.6426,-0.886134,-0.372755,0.275354,-1.865354,0.000001,27.48922,Road,0,0,0.5,0.5,0.5,0.5,1,1,Valid,#NAME?
06:05.3,391,4.6387,0.871435,1.14154,26.63747,4.064033,292.9552,2.126884,0,0,0,0.858355,1.145873,26.64172,-0.88634,-0.371672,0.276156,-1.874247,0.000001,27.49313,Road,0,0,0.5,0.5,0.5,0.5,1,1,Valid,#NAME?
06:05.3,392,4.6465,0.870876,1.141418,26.63705,4.05313,292.843,2.239413,0,0,0,0.857784,1.14575,26.64127,-0.884562,-0.37166,0.281814,-1.869129,0.000001,27.51006,Road,0,0,0.5,0.5,0.5,0.5,1,1,Valid,#NAME?
06:05.3,393,4.6547,0.870113,1.141135,26.63647,4.020403,292.6872,2.257918,0,0,0,0.857012,1.145475,26.64065,-0.885481,-0.371159,0.279579,-1.875765,0.000001,27.50349,Road,0,0,0.5,0.5,0.5,0.5,1,1,Valid,#NAME?
06:05.3,394,4.6661,0.869881,1.140908,26.63613,4.044701,292.62,2.340963,0,0,0,0.85677,1.14524,26.64028,-0.888283,-0.371583,0.269964,-1.880969,0.000001,27.47234,Road,0,0,0.5,0.5,0.5,0.5,1,1,Valid,#NAME?
06:05.3,395,4.6767,0.869455,1.140589,26.6358,4.127009,292.5547,2.352236,0,0,0,0.856333,1.144901,26.63994,-0.888072,-0.372927,0.268801,-1.870078,0.000001,27.46517,Road,0,0,0.5,0.5,0.5,0.5,1,1,Valid,#NAME?
06:05.3,396,4.6875,0.869024,1.140204,26.63547,4.192093,292.4883,2.390057,0,0,0,0.855892,1.144501,26.63959,-0.888883,-0.376236,0.261407,-1.84807,0.000001,27.43479,Road,0,0,0.5,0.5,0.5,0.5,1,1,Valid,#NAME?
06:05.3,397,4.6997,0.868971,1.139901,26.63514,4.331441,292.4246,2.396066,0,0,0,0.855825,1.144164,26.63925,-0.892211,-0.381371,0.241899,-1.820921,0.000001,27.36499,Road,0,0,0.5,0.5,0.5,0.5,1,1,Valid,#NAME?
06:05.3,398,4.7107,0.868624,1.139516,26.63477,4.50671,292.3506,2.370074,0,0,0,0.855461,1.143737,26.63887,-0.905231,-0.377206,0.195634,-1.889314,0.000001,27.23206,Road,0,0,0.5,0.5,0.5,0.5,1,1,Valid,#NAME?
06:05.3,399,4.7207,0.868219,1.139165,26.63444,4.687723,292.2752,2.379393,0,0,0,0.855038,1.143343,26.63853,-0.90436,-0.380111,0.194035,-1.865203,0.000001,27.22217,Road,0,0,0.5,0.5,0.5,0.5,1,1,Valid,#NAME?
06:05.4,400,4.7322,0.868132,1.138868,26.6342,4.899772,292.2502,2.314188,0,0,0,0.854937,1.142996,26.63829,-0.903248,-0.389406,0.180293,-1.796304,0.000001,27.1675,Road,0,0,0.5,0.5,0.5,0.5,1,1,Valid,#NAME?
06:05.4,401,4.7431,0.86776,1.138597,26.63399,5.087259,292.2825,2.186252,0,0,0,0.854559,1.142684,26.63811,-0.900682,-0.402311,0.164067,-1.703644,0.000001,27.10412,Road,0,0,0.5,0.5,0.5,0.5,1,1,Valid,#NAME?
06:05.4,402,4.7541,0.867382,1.138442,26.6338,5.202754,292.3027,2.05206,0,0,0,0.854179,1.142502,26.63794,-0.900195,-0.403672,0.163395,-1.693614,0.000001,27.1004,Road,0,0,0.5,0.5,0.5,0.5,1,1,Valid,#NAME?
06:05.4,403,4.7652,0.867205,1.138395,26.63362,5.249293,292.3171,1.88012,0,0,0,0.854006,1.142448,26.63778,-0.894864,-0.4188,0.154351,-1.5871,0.000001,27.05884,Road,0,0,0.5,0.5,0.5,0.5,1,1,Valid,#NAME?
06:05.4,404,4.7764,0.866804,1.138354,26.63341,5.206726,292.2701,1.794128,0,0,0,0.853607,1.142419,26.63757,-0.890767,-0.42789,0.153115,-1.52464,0.000001,27.04637,Road,0,0,0.5,0.5,0.5,0.5,1,1,Valid,#NAME?
06:05.4,405,4.7933,0.86643,1.138309,26.63318,5.160741,292.2114,1.722747,0,0,0,0.853235,1.142386,26.63733,-0.887517,-0.433415,0.156412,-1.486062,0.000001,27.04959,Road,0,0,0.5,0.5,0.5,0.5,1,1,Valid,#NAME?
06:05.4,406,4.8004,0.866352,1.138333,26.63289,5.114036,292.1452,1.659486,0,0,0,0.853157,1.142423,26.63702,-0.888188,-0.432487,0.155166,-1.493008,0.000001,27.04691,Road,0,0,0.5,0.5,0.5,0.5,1,1,Valid,#NAME?
06:05.4,407,4.81,0.865997,1.138301,26.6327,5.068009,292.1031,1.713095,0,0,0,0.8528,1.142401,26.63681,-0.886783,-0.433751,0.159611,-1.48278,0.000001,27.05721,Road,0,0,0.5,0.5,0.5,0.5,1,1,Valid,#NAME?
06:05.4,408,4.8207,0.865683,1.138258,26.63256,5.091574,292.0826,1.670775,0,0,0,0.852484,1.142354,26.63668,-0.886073,-0.434814,0.160657,-1.475425,0.000001,27.05877,Road,0,0,0.5,0.5,0.5,0.5,1,1,Valid,#NAME?
06:05.5,409,4.8319,0.865707,1.138143,26.63243,5.091421,292.1044,1.612945,0,0,0,0.852512,1.142239,26.63656,-0.886163,-0.434627,0.160669,-1.476406,0.000001,27.05882,Road,0,0,0.5,0.5,0.5,0.5,1,1,Valid,#NAME?
06:05.5,410,4.843,0.865494,1.138054,26.63243,4.998889,292.1341,1.57581,0,0,0,0.852308,1.142173,26.63657,-0.88715,-0.431526,0.163555,-1.495822,0.000001,27.06947,Road,0,0,0.5,0.5,0.5,0.5,1,1,Valid,#NAME?
06:05.5,411,4.8538,0.865263,1.13802,26.63244,4.959466,292.1548,1.573103,0,0,0,0.852081,1.142149,26.63658,-0.887305,-0.430484,0.165447,-1.50209,0.000001,27.07553,Road,0,0,0.5,0.5,0.5,0.5,1,1,Valid,#NAME?
06:05.5,412,4.8648,0.865372,1.138003,26.63238,4.83835,292.1734,1.538897,0,0,0,0.852202,1.142161,26.63652,-0.887926,-0.428848,0.166366,-1.512632,0.000001,27.07962,Road,0,0,0.5,0.5,0.5,0.5,1,1,Valid,#NAME?
06:05.5,413,4.876,0.865181,1.137987,26.6324,4.771715,292.194,1.700925,0,0,0,0.852011,1.142158,26.63654,-0.887911,-0.428327,0.167781,-1.515651,0.000001,27.08393,Road,0,0,0.5,0.5,0.5,0.5,1,1,Valid,#NAME?
06:05.5,414,4.8876,0.865019,1.137943,26.63241,4.787587,292.2073,1.756917,0,0,0,0.851847,1.142109,26.63654,-0.88763,-0.428271,0.169401,-1.515272,0.000001,27.08831,Road,0,0,0.5,0.5,0.5,0.5,1,1,Valid,#NAME?
06:05.5,415,4.8981,0.865137,1.137957,26.63236,4.821432,292.2575,1.790483,0,0,0,0.851967,1.142114,26.63651,-0.886874,-0.429475,0.170312,-1.506517,0.000001,27.08942,Road,0,0,0.5,0.5,0.5,0.5,1,1,Valid,#NAME?
06:05.5,416,4.9105,0.865011,1.137889,26.63245,4.855103,292.3307,1.759756,0,0,0,0.851843,1.142039,26.63662,-0.886501,-0.4299,0.171177,-1.503165,0.000001,27.09135,Road,0,0,0.5,0.5,0.5,0.5,1,1,Valid,#NAME?
06:05.5,417,4.9205,0.864891,1.137835,26.63253,4.835908,292.3737,1.733296,0,0,0,0.851728,1.14199,26.6367,-0.886519,-0.429723,0.171531,-1.504196,0.000001,27.09254,Road,0,0,0.5,0.5,0.5,0.5,1,1,Valid,#NAME?
06:05.6,418,4.9319,0.865107,1.137879,26.63247,4.847815,292.4189,1.738559,0,0,0,0.851946,1.142031,26.63666,-0.885692,-0.430788,0.173126,-1.496048,0.000001,27.09563,Road,0,0,0.5,0.5,0.5,0.5,1,1,Valid,#NAME?
06:05.6,419,4.9514,0.865023,1.137881,26.63264,4.852253,292.4355,1.700272,0,0,0,0.851864,1.142033,26.63683,-0.885729,-0.430744,0.173041,-1.49647,0.000001,27.09561,Road,0,0,0.5,0.5,0.5,0.5,1,1,Valid,#NAME?
06:05.6,420,4.9592,0.864925,1.137941,26.63278,4.842556,292.4625,1.722315,0,0,0,0.851769,1.142095,26.63698,-0.885658,-0.430663,0.17361,-1.496947,0.000001,27.09738,Road,0,0,0.5,0.5,0.5,0.5,1,1,Valid,#NAME?
06:05.6,421,4.9653,0.865101,1.138002,26.63277,4.844294,292.5096,1.685834,0,0,0,0.85195,1.142157,26.63698,-0.885106,-0.431582,0.174138,-1.490431,0.000001,27.09782,Road,0,0,0.5,0.5,0.5,0.5,1,1,Valid,#NAME?
06:05.6,422,4.9767,0.865038,1.138055,26.63295,4.79637,292.5435,1.697008,0,0,0,0.851891,1.142221,26.63717,-0.88545,-0.430699,0.174579,-1.496338,0.000001,27.10017,Road,0,0,0.5,0.5,0.5,0.5,1,1,Valid,#NAME?
06:05.6,423,4.9877,0.864956,1.138136,26.63313,4.765792,292.5672,1.710989,0,0,0,0.851812,1.142309,26.63734,-0.885553,-0.43027,0.175112,-1.499211,0.000001,27.10224,Road,0,0,0.5,0.5,0.5,0.5,1,1,Valid,#NAME?
06:05.6,424,4.9982,0.865109,1.138244,26.63309,4.724344,292.5596,1.710864,0,0,0,0.851969,1.142426,26.63731,-0.886331,-0.429014,0.174254,-1.508255,0.000001,27.10133,Road,0,0,0.5,0.5,0.5,0.5,1,1,Valid,#NAME?
06:05.6,425,5.0093,0.864924,1.138412,26.63319,4.661418,292.5048,1.727638,0,0,0,0.851784,1.142609,26.63739,-0.887148,-0.427468,0.173897,-1.519537,0.000001,27.1022,Road,0,0,0.5,0.5,0.5,0.5,1,1,Valid,#NAME?
06:05.6,426,5.0204,0.864803,1.138521,26.63325,4.595473,292.4427,1.731198,0,0,0,0.851664,1.142734,26.63743,-0.887781,-0.426458,0.173142,-1.527225,0.000001,27.10139,Road,0,0,0.5,0.5,0.5,0.5,1,1,Valid,#NAME?
06:05.7,427,5.0316,0.86492,1.138615,26.63305,4.52624,292.3742,1.711624,0,0,0,0.851778,1.142845,26.63722,-0.888785,-0.424897,0.171824,-1.538788,0.000001,27.09937,Road,0,0,0.5,0.5,0.5,0.5,1,1,Valid,#NAME?
06:05.7,428,5.0428,0.864759,1.1387,26.63313,4.426602,292.321,1.769593,0,0,0,0.85162,1.142953,26.63728,-0.890343,-0.42234,0.170057,-1.55786,0.000001,27.09749,Road,0,0,0.5,0.5,0.5,0.5,1,1,Valid,#NAME?
06:05.7,429,5.0538,0.864643,1.138734,26.63322,4.376531,292.3099,1.773281,0,0,0,0.851507,1.142999,26.63736,-0.896992,-0.413076,0.157397,-1.630505,0.000001,27.07288,Road,0,0,0.5,0.5,0.5,0.5,1,1,Valid,#NAME?
06:05.7,430,5.0649,0.864895,1.138761,26.63307,4.322404,292.3217,1.797396,0,0,0,0.851763,1.143038,26.63721,-0.89726,-0.412317,0.15786,-1.635645,0.000001,27.07484,Road,0,0,0.5,0.5,0.5,0.5,1,1,Valid,#NAME?
06:05.7,431,5.076,0.864765,1.138743,26.63335,4.295304,292.3409,1.784339,0,0,0,0.851637,1.143027,26.63749,-0.91965,-0.375311,0.115695,-1.949201,0.000001,26.98985,Road,0,0,0.5,0.5,0.5,0.5,1,1,Valid,#NAME?
06:05.7,432,5.0872,0.864723,1.138682,26.63356,4.27106,292.3834,1.854586,0,0,0,0.851597,1.142971,26.63771,-0.935056,-0.336612,0.111187,-2.323399,0.000001,27.01524,Road,0,0,0.5,0.5,0.5,0.5,1,1,Valid,#NAME?
06:05.7,433,5.1037,0.86496,1.138547,26.63363,4.294553,292.4175,1.868403,0,0,0,0.851833,1.142829,26.63779,-0.939858,-0.321471,0.115425,-2.489355,0.000001,27.04812,Road,0,0,0.5,0.5,0.5,0.5,1,0.901254,Valid,#NAME?
06:05.7,434,5.1097,0.865019,1.138402,26.63389,4.331178,292.4955,1.954223,0,0,0,0.851893,1.142674,26.63806,-0.939339,-0.32243,0.116965,-2.477068,0.000001,27.05258,Road,0,0,0.5,0.5,0.5,0.5,1,0.901254,Valid,#NAME?
06:05.7,435,5.1204,0.865093,1.138274,26.63414,4.406034,292.5736,1.964787,0,0,0,0.851967,1.142528,26.63833,-0.894381,-0.384669,0.228284,-1.804484,0.000001,27.31638,Road,0,0,0.5,0.5,0.5,0.5,1,0.901254,Valid,#NAME?
06:05.8,436,5.1315,0.865448,1.138113,26.63422,4.495843,292.7232,1.994225,0,0,0,0.852325,1.142344,26.63844,-0.893157,-0.386168,0.230531,-1.789769,0.000001,27.32039,Road,0,0,0.5,0.5,0.5,0.5,1,0.904848,Valid,#NAME?
06:05.8,437,5.1427,0.865538,1.137938,26.63462,4.571013,292.861,1.989621,0,0,0,0.852421,1.142152,26.63888,-0.876114,-0.409807,0.253934,-1.589347,0.000001,27.3466,Road,0,0,0.5,0.5,0.5,0.5,1,0.904848,Valid,#NAME?
06:05.8,438,5.1537,0.865686,1.137734,26.63507,4.602887,293.0111,2.025366,0,0,0,0.852577,1.14194,26.63936,-0.862585,-0.413934,0.290873,-1.527077,0.000001,27.44181,Road,0,0,0.5,0.5,0.5,0.5,1,0.923879,Valid,#NAME?
06:05.8,439,5.1657,0.866148,1.137529,26.63519,4.638052,293.1635,2.046246,0,0,0,0.853048,1.141726,26.63952,-0.858438,-0.41715,0.298447,-1.496464,0.000001,27.45636,Road,0,0,0.5,0.5,0.5,0.5,1,0.923879,Valid,#NAME?
06:05.8,440,5.1764,0.866345,1.137313,26.63576,4.716167,293.3376,2.126588,0,0,0,0.853249,1.141489,26.64011,-0.856807,-0.418474,0.301267,-1.483897,0.000001,27.46191,Road,0,0,0.5,0.5,0.5,0.5,1,0.951282,Valid,#NAME?
06:05.8,441,5.1871,0.866526,1.137129,26.63634,4.815138,293.5377,2.169875,0,0,0,0.853436,1.14128,26.64074,-0.856259,-0.420925,0.299404,-1.468193,0.000001,27.45255,Road,0,0,0.5,0.5,0.5,0.5,1,0.951282,Valid,#NAME?
06:05.8,442,5.1982,0.867024,1.137048,26.6366,4.882145,293.7069,2.160767,0,0,0,0.853943,1.141183,26.64104,-0.853559,-0.42468,0.301802,-1.439704,0.000001,27.45203,Road,0,0,0.5,0.5,0.5,0.5,1,0.951282,Valid,#NAME?
06:05.8,443,5.2099,0.866915,1.137137,26.63734,4.847301,293.8793,2.07143,0,0,0,0.853853,1.141283,26.64183,-0.855269,-0.423208,0.299015,-1.452589,0.000001,27.4482,Road,0,0,0.5,0.5,0.5,0.5,1,0.961026,Valid,#NAME?
06:05.8,444,5.2205,0.867064,1.13723,26.63797,4.750072,294.0485,2.091316,0,0,0,0.854021,1.141399,26.64249,-0.854987,-0.4217,0.301939,-1.46014,0.000001,27.45975,Road,0,0,0.5,0.5,0.5,0.5,1,0.961026,Valid,#NAME?
06:05.9,445,5.2318,0.867579,1.137269,26.63846,4.615644,294.2649,2.113488,0,0,0,0.854563,1.14147,26.64303,-0.843723,-0.427082,0.325166,-1.400468,0.000001,27.51212,Road,0,0,0.5,0.5,0.5,0.5,1,0.961026,Valid,#NAME?
06:05.9,446,5.2432,0.867786,1.137261,26.63917,4.536122,294.4961,2.132913,0,0,0,0.854794,1.14148,26.64379,-0.857477,-0.415846,0.302993,-1.498942,0.000001,27.47549,Road,0,0,0.5,0.5,0.5,0.5,1,0.984036,Valid,#NAME?
06:05.9,447,5.2605,0.868059,1.13718,26.63985,4.455223,294.7339,2.12466,0,0,0,0.855091,1.141418,26.64452,-0.858204,-0.412693,0.305237,-1.518511,0.000001,27.48874,Road,0,0,0.5,0.5,0.5,0.5,1,0.984036,Valid,#NAME?
06:05.9,448,5.2675,0.868336,1.137112,26.64055,4.418357,294.9775,2.049304,0,0,0,0.855393,1.141361,26.64528,-0.857336,-0.412002,0.308593,-1.519668,0.000001,27.50017,Road,0,0,0.5,0.5,0.5,0.5,1,0.989783,Valid,#NAME?
06:05.9,449,5.2761,0.868437,1.137087,26.64081,4.405127,295.0662,2.021896,0,0,0,0.855503,1.14134,26.64556,-0.857015,-0.411753,0.309813,-1.52006,0.000001,27.50434,Road,0,0,0.5,0.5,0.5,0.5,1,0.989783,Valid,#NAME?
06:05.9,450,5.2873,0.868713,1.13702,26.64151,4.369244,295.3099,1.94651,0,0,0,0.855806,1.141283,26.64632,-0.856122,-0.411076,0.313165,-1.521067,0.000001,27.51578,Road,0,0,0.5,0.5,0.5,0.5,1,0.989783,Valid,#NAME?
06:05.9,451,5.2981,0.868994,1.136951,26.64222,4.333762,295.556,1.870423,0,0,0,0.856112,1.141225,26.64709,-0.855201,-0.410404,0.316544,-1.521976,0.000001,27.52731,Road,0,0,0.5,0.5,0.5,0.5,1,0.989783,Valid,#NAME?
06:05.9,452,5.3093,0.869272,1.136884,26.64293,4.299013,295.8022,1.794325,0,0,0,0.856417,1.141167,26.64786,-0.854261,-0.409742,0.319921,-1.522771,0.000001,27.53886,Road,0,0,0.5,0.5,0.5,0.5,1,0.989783,Valid,#NAME?
06:05.9,453,5.3208,0.869553,1.136816,26.64364,4.264695,296.0507,1.717535,0,0,0,0.856724,1.141108,26.64863,-0.853294,-0.409086,0.323324,-1.523461,0.000001,27.55052,Road,0,0,0.5,0.5,0.5,0.5,1,0.989783,Valid,#NAME?
06:06.0,454,5.3318,0.868061,1.137191,26.63985,4.428863,294.7341,2.179756,0,0,0,0.855093,1.141435,26.64452,-0.858233,-0.412354,0.305615,-1.520575,0.000001,27.49049,Road,0,0,0.5,0.5,0.5,0.5,1,0.989783,Valid,#NAME?
06:06.0,455,5.3427,0.8738,1.135417,26.64654,5.367195,297.4992,1.160241,0,0,0,0.861054,1.139456,26.65194,-0.839313,-0.42566,0.338182,-1.385713,0.000001,27.55723,Road,0,0,0.5,0.5,0.5,0.5,1,0.989783,Valid,#NAME?
06:06.0,456,5.354,0.874535,1.135116,26.64783,5.616153,298.0102,1.002046,0,0,0,0.861828,1.139098,26.65337,-0.837105,-0.427453,0.341377,-1.368928,0.000001,27.56308,Road,0,0,0.5,0.5,0.5,0.5,1,0.989783,Valid,#NAME?
06:06.0,457,5.3652,0.875361,1.134904,26.64856,5.813412,298.4041,0.878929,0,0,0,0.862686,1.138841,26.6542,-0.841921,-0.423858,0.333935,-1.399425,0.000001,27.55144,Road,0,0,0.5,0.5,0.5,0.5,1,0.989783,Valid,#NAME?
06:06.0,458,5.3763,0.87628,1.134394,26.65026,6.143867,299.0663,0.715297,0,0,0,0.863657,1.138253,26.65606,-0.836343,-0.428734,0.341639,-1.356765,0.000001,27.56308,Road,0,0,0.5,0.5,0.5,0.5,1,0.999298,Valid,#NAME?
06:06.0,459,5.3876,0.876967,1.133966,26.65156,6.401205,299.5599,0.620261,0,0,0,0.864384,1.137765,26.65749,-0.832742,-0.43223,0.346002,-1.327652,0.000001,27.56828,Road,0,0,0.5,0.5,0.5,0.5,1,0.999298,Valid,#NAME?
06:06.0,460,5.3988,0.879093,1.132565,26.65518,7.217581,301.0966,0.368554,0,0,0,0.86664,1.13617,26.66149,-0.819447,-0.44384,0.362647,-1.231034,0.000001,27.58982,Road,0,0,0.5,0.5,0.5,0.5,1,0.999641,Valid,#NAME?
06:06.0,461,5.4156,0.880331,1.131477,26.65773,7.777223,302.0702,0.181799,0,0,0,0.867968,1.13495,26.66429,-0.811221,-0.451112,0.372047,-1.172978,0.000001,27.60032,Road,0,0,0.5,0.5,0.5,0.5,1,0.999713,Valid,#NAME?
06:06.0,462,5.423,0.881203,1.130533,26.65966,8.254228,302.8207,0.047999,0,0,0,0.86891,1.133892,26.6664,-0.803543,-0.458196,0.379968,-1.119607,0.000001,27.60671,Road,0,0,0.5,0.5,0.5,0.5,1,0.999713,Valid,#NAME?
06:06.1,463,5.4318,0.882715,1.128879,26.66241,8.991195,304.0409,0.766719,0,0,0,0.870497,1.132045,26.66938,-0.787471,-0.471479,0.396985,-1.020258,0.000001,27.62256,Road,0,0,0.5,0.5,0.5,0.5,1,0.999713,Valid,#NAME?
06:06.1,464,5.4428,0.884049,1.127187,26.66531,9.974913,305.1771,0.075059,0,0,0,0.871964,1.130124,26.67261,-0.787103,-0.454312,0.417216,-1.085996,0.000001,27.71046,Road,0,0,0.5,0.5,0.5,0.5,1,0.99977,Valid,#NAME?
06:06.1,465,5.4567,0.885254,1.124831,26.66861,11.29869,306.6094,0.159713,0,0,0,0.873301,1.12744,26.67624,-0.774985,-0.465092,0.427889,-1.005357,0.000001,27.71351,Road,0,0,0.5,0.5,0.5,0.5,1,0.892648,Valid,#NAME?
06:06.1,466,5.4659,0.886522,1.122806,26.67092,12.43117,307.6699,359.3811,0,0,0,0.874714,1.125148,26.67886,-0.762153,-0.480739,0.433604,-0.909071,0.000001,27.69369,Road,0,0,0.5,0.5,0.5,0.5,1,0.892648,Valid,#NAME?
06:06.1,467,5.4764,0.888214,1.119349,26.67393,14.15859,309.0995,358.9132,0,0,0,0.876585,1.12127,26.68224,-0.819545,-0.373812,0.434293,-1.581682,0.000001,27.98493,Road,0,0,0.5,0.5,0.5,0.5,1,0.892648,Valid,#NAME?
06:06.1,468,5.4873,0.889988,1.116175,26.67651,15.54606,310.2564,357.9729,0,0,0,0.87855,1.117763,26.68515,-0.870757,-0.266672,0.413121,-2.771253,0.000001,28.41675,Road,0,0,0.5,0.5,0.5,0.5,0.936687,0.516448,Valid,#NAME?
06:06.1,469,5.4983,0.892592,1.11198,26.6786,17.25056,311.532,358.342,0,0,0,0.881296,1.113136,26.68749,-0.85471,-0.295783,0.426595,-2.335282,0.000001,28.29293,Road,0,0,0.5,0.5,0.5,0.5,0.936687,0.516448,Valid,#NAME?
06:06.1,470,5.5095,0.895062,1.107432,26.68069,19.13159,312.6216,357.2294,0,0,0,0.883982,1.108131,26.6899,-0.882949,-0.256479,0.393216,-2.930838,0.000001,28.3888,Road,0,0,0.5,0.5,0.5,0.5,0.82022,0.330527,Valid,#NAME?
06:06.1,471,5.5205,0.897749,1.10281,26.68225,21.19286,313.8233,356.9695,0,0,0,0.886868,1.102994,26.69171,-0.943321,-0.157697,0.292022,-6.112896,-0.067173,28.8586,Arch,0,0,0.5,0.5,0.5,0.5,0.726298,0.211537,Valid,#NAME?
06:06.2,472,5.5316,0.900337,1.098342,26.68386,23.35964,314.9597,355.1877,0,0,0,0.889763,1.098,26.69366,-0.932337,-0.207003,0.296476,-4.055592,0.000001,28.26625,Road,0,0,0.5,0.5,0.5,0.5,0.726298,0.211537,Valid,#NAME?
06:06.2,473,5.5429,0.903503,1.093467,26.68394,25.36003,316.3712,356.2796,0,0,0,0.893116,1.092611,26.6939,-0.918936,-0.244975,0.309101,-3.205414,0.000001,28.07253,Road,0,0,0.5,0.5,0.5,0.5,0.726298,0.211537,Valid,#NAME?
06:06.2,474,5.5541,0.906532,1.089119,26.68419,27.40866,317.606,355.0114,0,0,0,0.896475,1.087761,26.69443,-0.901938,-0.28087,0.328056,-2.596576,0.000001,27.96494,Road,0,0,0.5,0.5,0.5,0.5,0.690828,0,Valid,#NAME?
06:06.2,475,5.571,0.909758,1.085454,26.68401,29.13835,319.014,355.3956,0,0,0,0.899958,1.083661,26.69443,-0.815333,-0.364002,0.450262,-1.527347,0.000001,28.0349,Road,0,0,0.5,0.5,0.5,0.5,0.746,0.178536,Valid,#NAME?
06:06.2,476,5.578,0.91304,1.082359,26.6833,30.70706,320.3936,355.3722,0,0,0,0.903532,1.080175,26.69392,-0.761625,-0.401107,0.50896,-1.147512,0.000001,28.06454,Road,0,0,0.5,0.5,0.5,0.5,0.746,0.178536,Valid,#NAME?
06:06.2,477,5.5875,0.916208,1.079173,26.68314,31.91842,321.726,355.9991,0,0,0,0.906935,1.076684,26.6939,-0.744144,-0.422013,0.517837,-0.991599,0.000001,28.01507,Road,0,0,0.5,0.5,0.5,0.5,0.746,0.178536,Valid,#NAME?
06:06.2,478,5.5985,0.919386,1.076098,26.68296,33.48059,323.2108,355.8463,0,0,0,0.910448,1.073224,26.6939,-0.668226,-0.45869,0.585728,-0.653038,0.000001,28.06437,Road,0,0,0.5,0.5,0.5,0.5,0.858181,0.427835,Valid,#NAME?
06:06.2,479,5.6098,0.923044,1.073296,26.68216,34.58862,324.5337,356.7755,0,0,0,0.914328,1.070141,26.6932,-0.601962,-0.482935,0.635937,-0.419564,0.000001,28.10239,Road,0,0,0.5,0.5,0.5,0.5,0.858181,0.50883,Valid,#NAME?
06:06.2,480,5.6208,0.926065,1.070642,26.68151,35.99729,326.0215,356.7296,0,0,0,0.917688,1.067142,26.69271,-0.578436,-0.50403,0.641379,-0.306986,0.000001,28.05065,Road,0,0,0.5,0.5,0.5,0.5,0.858181,0.50883,Valid,#NAME?
06:06.3,481,5.6324,0.928396,1.068456,26.68097,36.90952,327.3179,357.4248,0,0,0,0.920254,1.064728,26.69227,-0.523041,-0.517276,0.677388,-0.156339,0.000001,28.08656,Road,0,0,0.5,0.5,0.5,0.5,0.858181,0.740564,Valid,#NAME?
06:06.3,482,5.6431,0.930636,1.067217,26.68032,37.66679,328.2233,356.9133,0,0,0,0.922739,1.06331,26.69173,-0.491525,-0.521573,0.697398,-0.079313,0.000001,28.11349,Road,0,0,0.5,0.5,0.5,0.5,0.858181,0.740564,Valid,#NAME?
06:06.3,483,5.654,0.933249,1.06585,26.67983,38.06472,329.0926,357.2968,0,0,0,0.92551,1.061843,26.69131,-0.479525,-0.527744,0.7011,-0.039313,0.000001,28.10197,Road,0,0,0.5,0.5,0.5,0.5,0.941911,0.792451,Valid,#NAME?
06:06.3,484,5.6652,0.936022,1.064445,26.67929,38.4803,330.1996,358.2211,0,0,0,0.92845,1.060328,26.69085,-0.453997,-0.524659,0.720153,0.01093,0.000001,28.14626,Road,0,0,0.5,0.5,0.5,0.5,0.941911,0.792451,Valid,#NAME?
06:06.3,485,5.6764,0.937635,1.063371,26.6789,38.88397,331.0657,358.3081,0,0,0,0.930246,1.059155,26.69054,-0.432565,-0.524833,0.733102,0.057296,0.000001,28.17002,Road,0,0,0.5,0.5,0.5,0.5,0.941911,0.792451,Valid,#NAME?
06:06.3,486,5.6874,0.940146,1.061946,26.67805,39.53139,332.4075,358.9215,0,0,0,0.933006,1.057569,26.68979,-0.413619,-0.534616,0.736957,0.114793,0.000001,28.14763,Road,0,0,0.5,0.5,0.5,0.5,0.953529,0.833961,Valid,#NAME?
06:06.3,487,5.6986,0.942471,1.060828,26.67717,40.29383,333.6175,359.0558,0,0,0,0.935597,1.056267,26.689,-0.394177,-0.531277,0.749913,0.151908,0.000001,28.17995,Road,0,0,0.5,0.5,0.5,0.5,0.953529,0.833961,Valid,#NAME?
06:06.3,488,5.7096,0.945534,1.059437,26.67591,41.18885,335.116,359.9067,0,0,0,0.938934,1.054653,26.6878,-0.363752,-0.527179,0.767963,0.211227,0.000001,28.22415,Road,0,0,0.5,0.5,0.5,0.5,0.962823,0.914988,Valid,#NAME?
06:06.3,489,5.7267,0.948137,1.05823,26.6748,41.8605,336.0608,0.608353,0,0,0,0.9417,1.053278,26.68671,-0.345927,-0.516932,0.783017,0.236855,0.000001,28.28217,Road,0,0,0.5,0.5,0.5,0.5,0.976207,0.945592,Valid,#NAME?
06:06.4,490,5.734,0.950453,1.057224,26.67366,42.67031,337.1379,0.805925,0,0,0,0.944254,1.052079,26.68562,-0.328867,-0.528976,0.782324,0.290171,0.000001,28.24158,Road,0,0,0.5,0.5,0.5,0.5,0.976207,0.945592,Valid,#NAME?
06:06.4,491,5.743,0.952433,1.056199,26.67224,43.31318,337.9758,0.941979,0,0,0,0.946421,1.050901,26.68423,-0.313322,-0.527552,0.789632,0.322274,0.000001,28.2572,Road,0,0,0.5,0.5,0.5,0.5,0.976207,0.945592,Valid,#NAME?
06:06.4,492,5.7541,0.954489,1.054997,26.67097,43.90492,338.7894,1.181164,0,0,0,0.948647,1.049559,26.68298,-0.298235,-0.513365,0.804682,0.338915,0.000001,28.32813,Road,0,0,0.5,0.5,0.5,0.5,0.976207,0.945592,Valid,#NAME?
06:06.4,493,5.7652,0.955635,1.054426,26.6699,44.29866,339.3502,0.97462,0,0,0,0.949942,1.048899,26.68194,-0.288322,-0.519284,0.804496,0.367564,0.000001,28.30693,Road,0,0,0.5,0.5,0.5,0.5,0.990254,0.977715,Valid,#NAME?
06:06.4,494,5.7763,0.957344,1.05386,26.66875,44.54742,339.8367,0.984907,0,0,0,0.951761,1.048276,26.68082,-0.285247,-0.511429,0.810602,0.36709,0.000001,28.34233,Road,0,0,0.5,0.5,0.5,0.5,0.990254,0.977715,Valid,#NAME?
06:06.4,495,5.7875,0.959139,1.053302,26.66769,44.81099,340.4636,1.155275,0,0,0,0.953684,1.047654,26.67978,-0.290518,-0.492456,0.820419,0.335635,0.000001,28.42514,Road,0,0,0.5,0.5,0.5,0.5,0.990254,0.977715,Valid,#NAME?
06:06.4,496,5.7985,0.960478,1.053155,26.66692,44.78917,340.9971,1.455444,0,0,0,0.955109,1.047508,26.67905,-0.301975,-0.47034,0.829211,0.282572,0.000001,28.52582,Road,0,0,0.5,0.5,0.5,0.5,0.996008,0.990872,Valid,#NAME?
06:06.4,497,5.8101,0.962071,1.052934,26.66617,44.76595,341.6866,1.670519,0,0,0,0.956829,1.047289,26.67836,-0.293046,-0.470025,0.832587,0.303877,0.000001,28.5335,Road,0,0,0.5,0.5,0.5,0.5,0.997445,0.994158,Valid,#NAME?
06:06.4,498,5.8207,0.963545,1.052707,26.66557,44.7173,342.4684,2.059761,0,0,0,0.958435,1.047068,26.67781,-0.288173,-0.4495,0.845521,0.287163,0.000001,28.64738,Road,0,0,0.5,0.5,0.5,0.5,0.997445,0.994158,Valid,#NAME?
06:06.5,499,5.8319,0.964607,1.052639,26.66527,44.51259,343.1594,2.232116,0,0,0,0.959627,1.047045,26.67759,-0.280185,-0.429798,0.858353,0.27706,0.000001,28.76865,Road,0,0,0.5,0.5,0.5,0.5,0.998365,0.996261,Valid,#NAME?
06:06.5,500,5.843,0.965752,1.052597,26.66478,44.34214,343.7523,2.340628,0,0,0,0.960884,1.047041,26.67716,-0.272231,-0.427137,0.862232,0.293565,0.000001,28.79075,Road,0,0,0.5,0.5,0.5,0.5,0.998692,0.997009,Valid,#NAME?
06:06.5,501,5.854,0.966856,1.052511,26.66426,44.19899,344.2448,2.379374,0,0,0,0.962088,1.046988,26.6767,-0.273592,-0.412927,0.868699,0.268389,0.000001,28.87932,Road,0,0,0.5,0.5,0.5,0.5,0.998692,0.997009,Valid,#NAME?
06:06.5,502,5.8652,0.96736,1.052728,26.66393,43.97499,344.6483,2.284959,0,0,0,0.962683,1.047257,26.67643,-0.270185,-0.400774,0.875432,0.256668,0.000001,28.96401,Road,0,0,0.5,0.5,0.5,0.5,0.998692,0.997009,Valid,#NAME?
06:06.5,503,5.8831,0.968336,1.052875,26.66351,43.76127,344.9594,2.302629,0,0,0,0.96372,1.047454,26.67605,-0.272412,-0.39222,0.87861,0.236222,0.000001,29.02245,Road,0,0,0.5,0.5,0.5,0.5,0.999464,0.998775,Valid,#NAME?
06:06.5,504,5.8913,0.969063,1.053066,26.66331,43.51355,345.317,2.393553,0,0,0,0.964512,1.047701,26.6759,-0.274423,-0.386761,0.880402,0.221126,0.000001,29.06082,Road,0,0,0.5,0.5,0.5,0.5,0.999657,0.999216,Valid,#NAME?
06:06.5,505,5.8993,0.970112,1.053163,26.66295,43.31927,345.7102,2.568464,0,0,0,0.965628,1.047841,26.67558,-0.269723,-0.383731,0.883176,0.229106,0.000001,29.08723,Road,0,0,0.5,0.5,0.5,0.5,0.999657,0.999216,Valid,#NAME?
06:06.5,506,5.9096,0.971159,1.053332,26.66266,43.11953,346.0919,2.74533,0,0,0,0.966738,1.048053,26.67533,-0.280368,-0.377961,0.882349,0.189303,0.000001,29.12201,Road,0,0,0.5,0.5,0.5,0.5,0.999657,0.999216,Valid,#NAME?
06:06.5,507,5.9206,0.971819,1.053612,26.66251,43.02168,346.4767,3.007174,0,0,0,0.967459,1.048352,26.67521,-0.27612,-0.376586,0.884274,0.198788,0.000001,29.13688,Road,0,0,0.5,0.5,0.5,0.5,0.99986,0.999679,Valid,#NAME?
06:06.6,508,5.9318,0.972679,1.053741,26.66223,42.97466,346.886,3.120965,0,0,0,0.968399,1.04849,26.67496,-0.26136,-0.489866,0.831699,0.408995,0.000001,28.45509,Road,0,0,0.5,0.5,0.5,0.5,0.99986,0.999679,Valid,#NAME?
06:06.6,509,5.9431,0.973421,1.053856,26.66196,42.98399,347.2113,3.219564,0,0,0,0.969206,1.048601,26.67471,-0.253799,-0.534297,0.806296,0.471106,0.000001,28.25713,Road,0,0,0.5,0.5,0.5,0.5,0.99986,0.999679,Valid,#NAME?
06:06.6,510,5.9542,0.973898,1.054011,26.66187,43.04957,347.5263,3.297046,0,0,0,0.969748,1.04874,26.67463,-0.239994,-0.610054,0.75514,0.557176,0.000001,27.97279,Road,0,0,0.5,0.5,0.5,0.5,0.999928,0.999836,Valid,#NAME?
06:06.6,511,5.965,0.974609,1.054005,26.66153,43.09082,347.808,3.329585,0,0,0,0.97052,1.048724,26.6743,-0.236231,-0.610652,0.755843,0.564821,0.000001,27.97239,Road,0,0,0.5,0.5,0.5,0.5,0.999942,0.999869,Valid,#NAME?
06:06.6,512,5.9763,0.975283,1.05395,26.66115,43.1732,348.0719,3.32114,0,0,0,0.971254,1.048649,26.67394,-0.22623,-0.64438,0.730476,0.603093,0.000001,27.8627,Road,0,0,0.5,0.5,0.5,0.5,0.999942,0.999869,Valid,#NAME?
06:06.6,513,5.9874,0.97571,1.053925,26.66091,43.2651,348.29,3.29725,0,0,0,0.971733,1.048603,26.67371,-0.215561,-0.703349,0.677373,0.650359,0.000001,27.68359,Road,0,0,0.5,0.5,0.5,0.5,0.999963,0.999916,Valid,#NAME?
06:06.6,514,5.9984,0.976294,1.053844,26.66058,43.37652,348.4834,3.246004,0,0,0,0.972366,1.048497,26.67338,-0.213033,-0.704675,0.676795,0.655391,0.000001,27.6804,Road,0,0,0.5,0.5,0.5,0.5,0.999971,0.999933,Valid,#NAME?
06:06.6,515,6.01,0.976845,1.053765,26.66028,43.45571,348.6648,3.286525,0,0,0,0.972956,1.048399,26.67308,-0.2042,-0.731345,0.650721,0.680231,0.000001,27.60592,Road,0,0,0.5,0.5,0.5,0.5,0.999971,0.999933,Valid,#NAME?
06:06.6,516,6.0207,0.97694,1.053846,26.66021,43.5284,348.6661,3.140613,0,0,0,0.973066,1.048467,26.67301,-0.200632,-0.75544,0.623745,0.694611,0.000001,27.53871,Road,0,0,0.5,0.5,0.5,0.5,0.999977,0.999946,Valid,#NAME?
06:06.7,517,6.0373,0.977152,1.053884,26.66008,43.60047,348.6691,2.974134,0,0,0,0.973293,1.04849,26.67289,-0.197459,-0.777182,0.597493,0.706903,0.000001,27.47896,Road,0,0,0.5,0.5,0.5,0.5,0.999977,0.999946,Valid,#NAME?
06:06.7,518,6.0462,0.97747,1.053934,26.65982,43.64898,348.8495,3.041929,0,0,0,0.97365,1.048527,26.67263,-0.188336,-0.81361,0.550062,0.730935,0.000001,27.38152,Road,0,0,0.5,0.5,0.5,0.5,0.999988,0.999973,Valid,#NAME?
06:06.7,519,6.0541,0.977692,1.054304,26.65974,43.62283,348.8693,2.913498,0,0,0,0.973885,1.048905,26.67256,-0.188661,-0.81322,0.550528,0.730547,0.000001,27.38264,Road,0,0,0.5,0.5,0.5,0.5,0.999988,0.999973,Valid,#NAME?
06:06.7,520,6.0651,0.977945,1.054647,26.65962,43.56712,348.7573,2.679084,0,0,0,0.974133,1.049266,26.67245,-0.184183,-0.839518,0.511161,0.743933,0.000001,27.31132,Road,0,0,0.5,0.5,0.5,0.5,0.999988,0.999973,Valid,#NAME?
06:06.7,521,6.0762,0.978287,1.055533,26.65948,43.32878,348.7979,2.534173,0,0,0,0.974491,1.050209,26.67233,-0.175085,-0.856776,0.485058,0.759877,0.000001,27.26691,Road,0,0,0.5,0.5,0.5,0.5,0.999995,0.999989,Valid,#NAME?
06:06.7,522,6.0873,0.978392,1.056288,26.65966,43.11332,348.8257,2.451131,0,0,0,0.974606,1.051015,26.67253,-0.175877,-0.85477,0.488299,0.75835,0.000001,27.27294,Road,0,0,0.5,0.5,0.5,0.5,0.999995,0.999989,Valid,#NAME?
06:06.7,523,6.0986,0.978552,1.057105,26.65973,42.76225,348.8307,2.346145,0,0,0,0.974772,1.051916,26.67265,-0.154208,-0.859303,0.487667,0.785998,0.000001,27.26963,Road,0,0,0.5,0.5,0.5,0.5,0.999995,0.999989,Valid,#NAME?
06:06.7,524,6.1098,0.978733,1.057941,26.65983,42.40427,348.874,2.309692,0,0,0,0.97496,1.052836,26.67278,-0.018824,-0.87805,0.478199,0.952389,0.000001,27.24617,Road,0,0,0.5,0.5,0.5,0.5,0.999998,0.999995,Valid,#NAME?
06:06.7,525,6.1212,0.978922,1.058837,26.65998,41.99842,348.9529,2.332753,0,0,0,0.975157,1.053827,26.67297,-0.019229,-0.874656,0.484363,0.951989,0.000001,27.25655,Road,0,0,0.5,0.5,0.5,0.5,0.999998,0.999995,Valid,#NAME?
06:06.8,526,6.132,0.979025,1.059836,26.66028,41.55812,349.0522,2.380716,0,0,0,0.975271,1.054929,26.67331,0.047479,-0.851588,0.522057,1.034086,0.000001,27.32003,Road,0,0,0.5,0.5,0.5,0.5,0.999998,0.999995,Valid,#NAME?
06:06.8,527,6.1429,0.979202,1.060783,26.66045,41.17389,349.1768,2.471071,0,0,0,0.975464,1.055965,26.67352,0.055713,-0.867309,0.494643,1.043296,0.000001,27.27575,Road,0,0,0.5,0.5,0.5,0.5,0.999999,0.999998,Valid,#NAME?
06:06.8,528,6.1539,0.979307,1.061698,26.66064,40.80441,349.324,2.535758,0,0,0,0.97559,1.056967,26.67375,0.049719,-0.84974,0.524852,1.037434,0.000001,27.3266,Road,0,0,0.5,0.5,0.5,0.5,0.999999,0.999998,Valid,#NAME?
06:06.8,529,6.1653,0.979479,1.06269,26.66073,40.44605,349.4194,2.575212,0,0,0,0.975773,1.058043,26.67387,0.049819,-0.846479,0.530087,1.038043,0.000001,27.33644,Road,0,0,0.5,0.5,0.5,0.5,0.999999,0.999998,Valid,#NAME?
06:06.8,530,6.1764,0.979639,1.063535,26.66074,40.12419,349.4576,2.585048,0,0,0,0.975937,1.058964,26.67391,0.071016,-0.846046,0.528359,1.064825,0.000001,27.33524,Road,0,0,0.5,0.5,0.5,0.5,1,0.999999,Valid,#NAME?
06:06.8,531,6.1933,0.979704,1.064452,26.66092,39.79471,349.4668,2.631697,0,0,0,0.975996,1.059959,26.67411,0.072833,-0.844067,0.531268,1.067458,0.000001,27.34126,Road,0,0,0.5,0.5,0.5,0.5,1,0.999999,Valid,#NAME?
06:06.8,532,6.2008,0.979851,1.065266,26.66095,39.51468,349.5297,2.709995,0,0,0,0.976145,1.060839,26.67416,0.077721,-0.84157,0.534527,1.074116,0.000001,27.34796,Road,0,0,0.5,0.5,0.5,0.5,1,1,Valid,#NAME?
06:06.8,533,6.2096,0.98,1.066031,26.66093,39.22523,349.5635,2.737713,0,0,0,0.976296,1.061671,26.67417,0.077412,-0.83891,0.538737,1.074263,0.000001,27.35597,Road,0,0,0.5,0.5,0.5,0.5,1,1,Valid,#NAME?
06:06.8,534,6.2209,0.980127,1.066736,26.66092,38.96243,349.607,2.773772,0,0,0,0.976427,1.062439,26.67418,0.06957,-0.838558,0.540353,1.064571,0.000001,27.3588,Road,0,0,0.5,0.5,0.5,0.5,1,1,Valid,#NAME?
06:06.9,535,6.2328,0.980234,1.067443,26.66104,38.69183,349.6102,2.761362,0,0,0,0.976532,1.063211,26.67432,0.070099,-0.838304,0.540678,1.065437,0.000001,27.36006,Road,0,0,0.5,0.5,0.5,0.5,1,1,Valid,#NAME?
06:06.9,536,6.243,0.98045,1.068138,26.66106,38.47392,349.6394,2.81997,0,0,0,0.976748,1.063957,26.67435,0.070114,-0.83619,0.54394,1.06596,0.000001,27.36646,Road,0,0,0.5,0.5,0.5,0.5,1,1,Valid,#NAME?
06:06.9,537,6.2544,0.980623,1.068821,26.66117,38.21939,349.681,2.85989,0,0,0,0.976923,1.064701,26.67448,0.070339,-0.835245,0.545361,1.066585,0.000001,27.36968,Road,0,0,0.5,0.5,0.5,0.5,1,1,Valid,#NAME?
06:06.9,538,6.2652,0.980824,1.069546,26.66123,37.97456,349.7314,2.877803,0,0,0,0.977129,1.065484,26.67456,0.069587,-0.833954,0.547429,1.066035,0.000001,27.37398,Road,0,0,0.5,0.5,0.5,0.5,1,1,Valid,#NAME?
06:06.9,539,6.2764,0.980967,1.070353,26.66133,37.70955,349.7408,2.845304,0,0,0,0.977274,1.066356,26.67468,0.068032,-0.832202,0.550283,1.064447,0.000001,27.3798,Road,0,0,0.5,0.5,0.5,0.5,1,1,Valid,#NAME?
06:06.9,540,6.2873,0.981045,1.071241,26.66146,37.43005,349.7107,2.778182,0,0,0,0.977348,1.067312,26.67483,0.066654,-0.829763,0.554121,1.063084,0.000001,27.38758,Road,0,0,0.5,0.5,0.5,0.5,1,1,Valid,#NAME?
06:06.9,541,6.2984,0.980841,1.072287,26.66173,37.0708,349.5951,2.566828,0,0,0,0.977131,1.068449,26.67512,0.06309,-0.828345,0.556655,1.058507,0.000001,27.39313,Road,0,0,0.5,0.5,0.5,0.5,1,1,Valid,#NAME?
06:06.9,542,6.3096,0.980722,1.073302,26.66192,36.69398,349.4254,2.37601,0,0,0,0.976986,1.069558,26.67534,0.059118,-0.826845,0.559314,1.053458,0.000001,27.39883,Road,0,0,0.5,0.5,0.5,0.5,1,1,Valid,#NAME?
06:06.9,543,6.3208,0.980484,1.074537,26.6622,36.20533,349.2024,2.084096,0,0,0,0.976717,1.070916,26.67564,0.054006,-0.822876,0.565649,1.047001,0.000001,27.41179,Road,0,0,0.5,0.5,0.5,0.5,1,1,Valid,#NAME?
06:07.0,544,6.332,0.980072,1.075915,26.66267,35.69357,348.9664,1.759969,0,0,0,0.976271,1.072424,26.67613,0.048901,-0.819833,0.570511,1.040238,0.000001,27.42242,Road,0,0,0.5,0.5,0.5,0.5,1,1,Valid,#NAME?
06:07.0,545,6.3482,0.979797,1.077767,26.66314,35.0375,348.6749,1.449657,0,0,0,0.975946,1.074441,26.67663,0.041993,-0.81488,0.578107,1.031315,0.000001,27.43888,Road,0,0,0.5,0.5,0.5,0.5,1,1,Valid,#NAME?
06:07.0,546,6.356,0.979425,1.079861,26.66375,34.28002,348.2709,1.305763,0,0,0,0.975485,1.076722,26.67726,0.034584,-0.809493,0.586109,1.021486,0.000001,27.45686,Road,0,0,0.5,0.5,0.5,0.5,1,1,Valid,#NAME?
06:07.0,547,6.3654,0.978834,1.082213,26.66443,33.56692,347.8627,1.027422,0,0,0,0.974814,1.079254,26.67796,0.026722,-0.802992,0.595391,1.010729,0.000001,27.47819,Road,0,0,0.5,0.5,0.5,0.5,1,1,Valid,#NAME?
06:07.0,548,6.3763,0.978327,1.084536,26.66499,32.84482,347.5534,1.100498,0,0,0,0.97422,1.081753,26.67853,0.021731,-0.796144,0.604717,1.003747,0.000001,27.5002,Road,0,0,0.5,0.5,0.5,0.5,1,1,Valid,#NAME?
06:07.0,549,6.3874,0.977552,1.087247,26.6656,32.17768,347.1881,0.822651,0,0,0,0.973375,1.084633,26.67915,0.013885,-0.790933,0.611745,0.992416,0.000001,27.51807,Road,0,0,0.5,0.5,0.5,0.5,1,1,Valid,#NAME?
06:07.0,550,6.3984,0.97653,1.090191,26.6662,31.38952,346.7896,0.651458,0,0,0,0.972267,1.087774,26.67976,0.006181,-0.783075,0.621897,0.980853,0.000001,27.54365,Road,0,0,0.5,0.5,0.5,0.5,1,1,Valid,#NAME?
06:07.0,551,6.4098,0.9755,1.093197,26.66684,30.57879,346.4024,0.385504,0,0,0,0.971161,1.090986,26.68041,-0.002809,-0.777421,0.628974,0.967219,0.000001,27.56308,Road,0,0,0.5,0.5,0.5,0.5,1,1,Valid,#NAME?
06:07.0,552,6.4211,0.974644,1.095881,26.66746,29.79729,346.0171,0.140281,0,0,0,0.970228,1.093867,26.68104,-0.001979,-0.766992,0.641654,0.967406,0.000001,27.59615,Road,0,0,0.5,0.5,0.5,0.5,1,1,Valid,#NAME?
06:07.1,553,6.4321,0.97353,1.098669,26.66811,28.91911,345.6472,359.8922,0,0,0,0.969042,1.096878,26.68169,-0.098647,-0.720971,0.685908,0.818962,0.000001,27.72523,Road,0,0,0.5,0.5,0.5,0.5,1,1,Valid,#NAME?
06:07.1,554,6.4432,0.972469,1.101613,26.66882,27.97284,345.2242,359.6905,0,0,0,0.967892,1.10006,26.6824,-0.107704,-0.709724,0.696198,0.800952,0.000001,27.76149,Road,0,0,0.5,0.5,0.5,0.5,1,1,Valid,#NAME?
06:07.1,555,6.4541,0.97146,1.10428,26.66945,27.10551,344.8564,359.6041,0,0,0,0.966797,1.102945,26.68303,-0.235569,-0.590622,0.771799,0.526889,0.000001,28.12431,Road,0,0,0.5,0.5,0.5,0.5,1,1,Valid,#NAME?
06:07.1,556,6.4652,0.970194,1.107026,26.67012,26.25866,344.45,359.5097,0,0,0,0.965437,1.105905,26.68368,-0.35729,-0.512732,0.780673,0.194804,0.000001,28.36751,Road,0,0,0.5,0.5,0.5,0.5,1,0.945064,Valid,#NAME?
06:07.1,557,6.4776,0.968948,1.109817,26.67079,25.42061,344.0363,359.407,0,0,0,0.964098,1.108908,26.68434,-0.441598,-0.447462,0.777669,-0.130277,0.000001,28.61156,Road,0,0,0.5,0.5,0.5,0.5,1,0.945064,Valid,#NAME?
06:07.1,558,6.4879,0.967695,1.112597,26.67147,24.59974,343.6198,359.264,0,0,0,0.962757,1.111895,26.685,-0.449157,-0.434487,0.780691,-0.186681,0.000001,28.68286,Road,0,0,0.5,0.5,0.5,0.5,1,0.945064,Valid,#NAME?
06:07.1,559,6.5047,0.966198,1.115275,26.67205,23.8065,343.1499,359.0283,0,0,0,0.961166,1.114776,26.68555,-0.489947,-0.398954,0.775106,-0.407864,0.000001,28.85139,Road,0,0,0.5,0.5,0.5,0.5,1,0.958749,Valid,#NAME?
06:07.1,560,6.5112,0.964884,1.117963,26.67266,23.00135,342.6886,359.0049,0,0,0,0.959744,1.117666,26.68613,-0.560494,-0.345571,0.752614,-0.85304,0.000001,29.12029,Road,0,0,0.5,0.5,0.5,0.5,1,0.958749,Valid,#NAME?
06:07.1,561,6.5206,0.96361,1.120571,26.67324,22.28443,342.2926,358.7928,0,0,0,0.958397,1.120457,26.68669,-0.567009,-0.333401,0.753223,-0.947146,0.000001,29.21803,Road,0,0,0.5,0.5,0.5,0.5,1,0.958749,Valid,#NAME?
06:07.2,562,6.5332,0.962133,1.123071,26.67367,21.55279,341.9016,358.8533,0,0,0,0.956823,1.12314,26.68708,-0.568481,-0.335245,0.751293,-0.947703,0.000001,29.20406,Road,0,0,0.5,0.5,0.5,0.5,1,0.958749,Valid,#NAME?
06:07.2,563,6.5432,0.960924,1.125569,26.67423,20.88033,341.5631,358.7874,0,0,0,0.955542,1.125808,26.68761,-0.559023,-0.354566,0.749518,-0.819449,0.000001,29.06747,Road,0,0,0.5,0.5,0.5,0.5,1,0.973599,Valid,#NAME?
06:07.2,564,6.554,0.959799,1.127961,26.67484,20.23687,341.2667,358.6583,0,0,0,0.954357,1.128364,26.68818,-0.549345,-0.37037,0.74903,-0.719269,0.000001,28.97018,Road,0,0,0.5,0.5,0.5,0.5,1,0.983103,Valid,#NAME?
06:07.2,565,6.5652,0.958635,1.130286,26.67529,19.57819,340.9788,358.7825,0,0,0,0.953119,1.130853,26.6886,-0.554318,-0.360734,0.750068,-0.784593,0.000001,29.03997,Road,0,0,0.5,0.5,0.5,0.5,1,0.983103,Valid,#NAME?
06:07.2,566,6.5765,0.957586,1.132683,26.67588,18.97562,340.6834,358.8154,0,0,0,0.952002,1.1334,26.68915,-0.544348,-0.376965,0.749389,-0.684658,0.000001,28.9423,Road,0,0,0.5,0.5,0.5,0.5,1,0.989186,Valid,#NAME?
06:07.2,567,6.5885,0.956545,1.135061,26.67645,18.38615,340.4125,358.8406,0,0,0,0.950895,1.135925,26.68969,-0.536488,-0.387258,0.749808,-0.622759,0.000001,28.88906,Road,0,0,0.5,0.5,0.5,0.5,1,0.993079,Valid,#NAME?
06:07.2,568,6.5984,0.955376,1.137416,26.67692,17.8182,340.1689,358.8974,0,0,0,0.949669,1.138422,26.69012,-0.540852,-0.378693,0.751047,-0.67623,0.000001,28.94791,Road,0,0,0.5,0.5,0.5,0.5,1,0.993079,Valid,#NAME?
06:07.2,569,6.6096,0.95443,1.139883,26.67744,17.23951,339.9591,358.8863,0,0,0,0.948681,1.141034,26.69061,-0.533901,-0.38456,0.753036,-0.635466,0.000001,28.92496,Road,0,0,0.5,0.5,0.5,0.5,1,0.993079,Valid,#NAME?
06:07.2,570,6.6207,0.9536,1.142384,26.67793,16.63637,339.7619,358.8945,0,0,0,0.947809,1.143686,26.69108,-0.546396,-0.373111,0.749826,-0.727039,0.000001,28.9895,Road,0,0,0.5,0.5,0.5,0.5,1,0.996457,Valid,#NAME?
06:07.3,571,6.6319,0.952818,1.145108,26.67836,16.00699,339.6537,358.9779,0,0,0,0.947001,1.146566,26.69147,-0.527812,-0.383519,0.757844,-0.630941,0.000001,28.95712,Road,0,0,0.5,0.5,0.5,0.5,1,0.997732,Valid,#NAME?
06:07.3,572,6.6434,0.952219,1.147942,26.67888,15.33279,339.5261,359.0374,0,0,0,0.946373,1.149567,26.69196,-0.530914,-0.373204,0.760822,-0.688982,0.000001,29.0355,Road,0,0,0.5,0.5,0.5,0.5,1,0.997732,Valid,#NAME?
06:07.3,573,6.6601,0.951763,1.150797,26.67941,14.64273,339.4798,359.2053,0,0,0,0.9459,1.152592,26.69246,-0.526443,-0.376716,0.762196,-0.664794,0.000001,29.02446,Road,0,0,0.5,0.5,0.5,0.5,1,0.998839,Valid,#NAME?
06:07.3,574,6.6672,0.951223,1.153788,26.67986,13.90205,339.4581,359.3643,0,0,0,0.945349,1.155765,26.69287,-0.521173,-0.377452,0.765447,-0.650493,0.000001,29.03669,Road,0,0,0.5,0.5,0.5,0.5,1,0.998839,Valid,#NAME?
06:07.3,575,6.6764,0.950895,1.156803,26.68035,13.18178,339.4315,359.5296,0,0,0,0.945009,1.158956,26.69334,-0.522713,-0.366728,0.769599,-0.706897,0.000001,29.12547,Road,0,0,0.5,0.5,0.5,0.5,1,0.998839,Valid,#NAME?
06:07.3,576,6.6873,0.950789,1.159966,26.68067,12.39646,339.459,359.6811,0,0,0,0.944906,1.162312,26.69363,-0.503763,-0.364515,0.783168,-0.661415,0.000001,29.19087,Road,0,0,0.5,0.5,0.5,0.5,1,0.998839,Valid,#NAME?
06:07.3,577,6.6985,0.950644,1.163511,26.68079,11.63317,339.5186,359.8595,0,0,0,0.944773,1.166042,26.69371,-0.485423,-0.35114,0.800665,-0.667185,0.000001,29.3525,Road,0,0,0.5,0.5,0.5,0.5,1,0.999406,Valid,#NAME?
06:07.3,578,6.7097,0.950752,1.167108,26.68095,10.86384,339.6123,0.020325,0,0,0,0.944901,1.169827,26.69385,-0.424806,-0.290586,0.85738,-0.765262,0.000001,30.14545,Road,0,0,0.5,0.5,0.5,0.5,1,0.99962,Valid,#NAME?
06:07.3,579,6.7206,0.951138,1.171069,26.68097,10.07118,339.7821,0.203797,0,0,0,0.945322,1.17398,26.69384,-0.423282,-0.277706,0.862387,-0.844071,0.000001,30.33952,Road,0,0,0.5,0.5,0.5,0.5,1,0.99962,Valid,#NAME?
06:07.4,580,6.732,0.951344,1.174904,26.68083,9.298844,339.9745,0.400543,0,0,0,0.945568,1.178,26.69367,-0.366701,-0.200396,0.9085,-1.21003,0.000002,32.03416,Road,0,0,0.5,0.5,0.5,0.5,1,0.99962,Valid,#NAME?
06:07.4,581,6.7429,0.952234,1.179284,26.68063,8.344486,340.2962,0.630119,0,0,0,0.946528,1.182611,26.69345,-0.33434,-0.153022,0.929947,-1.637376,0.000002,33.88041,Road,0,0,0.5,0.5,0.5,0.5,1,0.999805,Valid,#NAME?
06:07.4,582,6.754,0.952856,1.182697,26.68051,7.533539,340.5372,0.818836,0,0,0,0.947205,1.186218,26.6933,-0.33059,-0.12588,0.935342,-2.168061,0.000002,35.50737,Road,0,0,0.5,0.5,0.5,0.5,1,0.999875,Valid,#NAME?
06:07.4,583,6.7653,0.953335,1.186419,26.68002,6.572337,340.8451,1.013435,0,0,0,0.947754,1.19017,26.69277,-0.326222,-0.109221,0.938962,-2.607052,0.000003,36.92453,Road,0,0,0.5,0.5,0.5,0.5,1,0.999875,Valid,#NAME?
06:07.4,584,6.7763,0.954306,1.189949,26.67989,5.607358,341.131,1.100464,0,0,0,0.948803,1.193931,26.69261,-0.305134,-0.079567,0.94898,-3.629826,0.000003,40.93239,Road,0,0,0.5,0.5,0.5,0.5,1,0.9999,Valid,#NAME?
06:07.4,585,6.7874,0.955092,1.19342,26.67972,4.636069,341.4474,1.364686,0,0,0,0.949659,1.197631,26.6924,-0.306364,-0.082046,0.948372,-3.522357,0.000003,40.53587,Road,0,0,0.5,0.5,0.5,0.5,1,0.999936,Valid,#NAME?
06:07.4,586,6.7987,0.955719,1.196902,26.67931,3.635737,341.7781,1.524159,0,0,0,0.950369,1.201349,26.69194,-0.301283,-0.064604,0.951344,-4.652192,0.000004,44.38282,Road,0,0,0.5,0.5,0.5,0.5,1,0.999936,Valid,#NAME?
06:07.4,587,6.8169,0.956699,1.200211,26.67905,2.629753,342.1169,1.673304,0,0,0,0.951437,1.204894,26.69163,-0.300108,-0.084323,0.950171,-3.336828,0.000003,40.26868,Road,0,0,0.5,0.5,0.5,0.5,1,0.999967,Valid,#NAME?
06:07.4,588,6.8252,0.957632,1.203311,26.67878,1.699753,342.4431,1.819409,0,0,0,0.95245,1.208212,26.69131,-0.294972,-0.068123,0.953074,-4.279098,0.000004,43.59476,Road,0,0,0.5,0.5,0.5,0.5,1,0.999967,Valid,#NAME?
06:07.5,589,6.833,0.958283,1.206092,26.67827,0.770663,342.7775,1.941654,0,0,0,0.953188,1.211208,26.69075,-0.295404,-0.082385,0.951814,-3.389771,0.000003,40.68412,Road,0,0,0.5,0.5,0.5,0.5,1,0.999979,Valid,#NAME?
06:07.5,590,6.8429,0.959318,1.208541,26.67787,359.8979,343.1183,2.055434,0,0,0,0.954311,1.213859,26.6903,-0.289937,-0.067197,0.954684,-4.283163,0.000004,43.93591,Road,0,0,0.5,0.5,0.5,0.5,1,0.999979,Valid,#NAME?
06:07.5,591,6.8542,0.960329,1.210803,26.6775,359.0687,343.4611,2.135808,0,0,0,0.955412,1.216311,26.68989,-0.282523,-0.075254,0.956304,-3.610924,0.000004,42.14635,Road,0,0,0.5,0.5,0.5,0.5,1,0.999979,Valid,#NAME?
06:07.5,592,6.8651,0.961327,1.213025,26.67715,358.2551,343.7716,1.963488,0,0,0,0.956514,1.218725,26.68949,-0.270885,-0.071109,0.959982,-3.686108,0.000004,43.14235,Road,0,0,0.5,0.5,0.5,0.5,1,0.999989,Valid,#NAME?
06:07.5,593,6.8763,0.962051,1.214306,26.67663,357.734,344.1555,2.011344,0,0,0,0.957331,1.220125,26.68895,-0.264531,-0.062028,0.96238,-0.761522,0.817085,32.94225,触发点,0,0,0.5,0.5,0.5,0.5,1,0.999992,Valid,#NAME?
06:07.5,594,6.8874,0.963034,1.216057,26.67636,357.136,344.5271,2.225099,0,0,0,0.958391,1.222009,26.68865,-0.245414,-0.058624,0.967644,-0.569488,0.857031,32.71292,触发点,0,0,0.5,0.5,0.5,0.5,1,0.999992,Valid,#NAME?
06:07.5,595,6.8986,0.963388,1.217896,26.67609,356.5318,344.912,2.138844,0,0,0,0.958851,1.223988,26.68834,-0.210362,-0.068035,0.975253,-0.3074,0.814457,32.55877,触发点,0,0,0.5,0.5,0.5,0.5,1,0.999996,Valid,#NAME?
06:07.5,596,6.9096,0.964033,1.218993,26.67618,356.212,345.1344,2.169236,0,0,0,0.959549,1.225155,26.68842,-0.192522,-0.07274,0.978593,-0.18803,0.791567,32.52158,触发点,0,0,0.5,0.5,0.5,0.5,1,0.999997,Valid,#NAME?
06:07.5,597,6.9206,0.964796,1.220754,26.67629,355.6801,345.4825,2.125175,0,0,0,0.960407,1.227038,26.6885,-0.186835,-0.063547,0.980334,-0.147597,0.850183,32.50225,触发点,0,0,0.5,0.5,0.5,0.5,1,0.999997,Valid,#NAME?
06:07.6,598,6.932,0.964865,1.222328,26.67612,355.1637,345.7921,2.08899,0,0,0,0.960558,1.228728,26.6883,-0.173957,-0.066303,0.982519,-0.06644,0.837289,32.48885,触发点,0,0,0.5,0.5,0.5,0.5,1,0.999997,Valid,#NAME?
06:07.6,599,6.9429,0.965578,1.223649,26.67635,354.7371,346.0627,2.041817,0,0,0,0.961346,1.230146,26.68851,-0.167592,-0.068367,0.983483,-0.026479,0.827178,32.48537,触发点,0,0,0.5,0.5,0.5,0.5,1,0.999999,Valid,#NAME?
06:07.6,600,6.9552,0.96612,1.224743,26.67657,354.3553,346.3417,2.025194,0,0,0,0.961958,1.231326,26.6887,-0.1615,-0.070591,0.984345,0.011136,0.815728,32.48397,触发点,0,0,0.5,0.5,0.5,0.5,1,0.999999,Valid,#NAME?
06:07.6,601,6.9719,0.966196,1.225622,26.67666,354.0644,346.5898,1.996752,0,0,0,0.962097,1.23227,26.68879,-0.159297,-0.072451,0.984569,0.024333,0.805759,32.48483,触发点,0,0,0.5,0.5,0.5,0.5,1,0.999999,Valid,#NAME?
06:07.6,602,6.98,0.966662,1.226614,26.67685,353.8133,346.8342,1.950467,0,0,0,0.962626,1.233318,26.68896,-0.155304,-0.06815,0.985513,0.050078,0.832875,32.47974,触发点,0,0,0.5,0.5,0.5,0.5,1,0.999999,Valid,#NAME?
06:07.6,603,6.9873,0.967016,1.227453,26.6771,353.6454,347.0401,1.912312,0,0,0,0.963032,1.234197,26.68921,-0.152711,-0.070081,0.985783,0.065808,0.822449,32.48098,触发点,0,0,0.5,0.5,0.5,0.5,1,0.999999,Valid,#NAME?
06:07.6,604,6.9988,0.966969,1.228316,26.67728,353.4426,347.2403,1.832028,0,0,0,0.963039,1.235106,26.68937,-0.149567,-0.06666,0.986502,0.085401,0.843953,32.47804,触发点,0,0,0.5,0.5,0.5,0.5,1,1,Valid,#NAME?
06:07.6,605,7.0098,0.967169,1.229076,26.67764,353.3044,347.4125,1.782949,0,0,0,0.963282,1.235897,26.68973,-0.148432,-0.065233,0.986769,0.092748,0.853315,32.47701,触发点,0,0,0.5,0.5,0.5,0.5,1,1,Valid,#NAME?
06:07.6,606,7.0206,0.96732,1.229723,26.67802,353.149,347.5668,1.716407,0,0,0,0.963476,1.23658,26.69011,-0.149379,-0.066122,0.986567,0.087196,0.848697,32.47747,触发点,0,0,0.5,0.5,0.5,0.5,1,1,Valid,#NAME?
06:07.7,607,7.0317,0.967423,1.23037,26.67849,353.0254,347.7152,1.712778,0,0,0,0.963614,1.237254,26.69058,-0.149962,-0.06723,0.986403,0.083733,0.842793,32.47817,触发点,0,0,0.5,0.5,0.5,0.5,1,1,Valid,#NAME?
06:07.7,608,7.0428,0.967079,1.230597,26.67881,352.8719,347.8395,1.626206,0,0,0,0.963308,1.237516,26.69089,-0.14814,-0.064657,0.986851,0.094816,0.858454,32.47646,触发点,0,0,0.5,0.5,0.5,0.5,1,1,Valid,#NAME?
06:07.7,609,7.054,0.967075,1.230933,26.67928,352.762,347.9717,1.622834,0,0,0,0.963337,1.237876,26.69135,-0.148133,-0.065112,0.986822,0.094889,0.85615,32.47672,触发点,0,0,0.5,0.5,0.5,0.5,1,1,Valid,#NAME?
06:07.7,610,7.0651,0.96661,1.23103,26.67965,352.6986,348.0753,1.571335,0,0,0,0.962898,1.237989,26.69172,-0.150643,-0.067494,0.986282,0.079075,0.842,32.47824,触发点,0,0,0.5,0.5,0.5,0.5,1,1,Valid,#NAME?
06:07.7,611,7.0762,0.966362,1.231096,26.68018,352.6281,348.1596,1.491791,0,0,0,0.962677,1.238071,26.69225,-0.149473,-0.066345,0.986537,0.08615,0.849015,32.47742,触发点,0,0,0.5,0.5,0.5,0.5,1,1,Valid,#NAME?
06:07.7,612,7.0874,0.966095,1.231215,26.68069,352.5222,348.2358,1.403771,0,0,0,0.962439,1.238216,26.69275,-0.153178,-0.068909,0.985793,0.063276,0.833715,32.47939,触发点,0,0,0.5,0.5,0.5,0.5,1,1,Valid,#NAME?
06:07.7,613,7.0987,0.965441,1.231457,26.68108,352.3668,348.3196,1.328749,0,0,0,0.961813,1.238493,26.69313,-0.154473,-0.068679,0.985607,0.054955,0.835301,32.4793,触发点,0,0,0.5,0.5,0.5,0.5,1,1,Valid,#NAME?
06:07.7,614,7.1097,0.965004,1.231604,26.68171,352.1911,348.3871,1.286465,0,0,0,0.961397,1.238679,26.69375,-0.157748,-0.070494,0.98496,0.034459,0.824454,32.48144,触发点,0,0,0.5,0.5,0.5,0.5,1,1,Valid,#NAME?
06:07.8,615,7.1285,0.964455,1.231702,26.68243,352.0018,348.4334,1.237447,0,0,0,0.960867,1.23882,26.69445,-0.158622,-0.06921,0.984911,0.029,0.832228,32.48056,触发点,0,0,0.5,0.5,0.5,0.5,1,1,Valid,#NAME?
06:07.8,616,7.1367,0.963844,1.231737,26.68279,351.8787,348.4851,1.216721,0,0,0,0.960272,1.238881,26.6948,-0.157838,-0.067082,0.985184,0.033632,0.845052,32.47866,触发点,0,0,0.5,0.5,0.5,0.5,1,1,Valid,#NAME?
06:07.8,617,7.1439,0.963095,1.231694,26.68351,351.7248,348.5489,1.176224,0,0,0,0.959543,1.238873,26.6955,-0.159827,-0.06851,0.984765,0.020658,0.83642,32.4804,触发点,0,0,0.5,0.5,0.5,0.5,1,1,Valid,#NAME?
06:07.8,618,7.1539,0.962086,1.231495,26.68455,351.5735,348.6319,1.087396,0,0,0,0.958563,1.238708,26.69653,-0.158757,-0.065937,0.985113,0.02682,0.851729,32.47814,触发点,0,0,0.5,0.5,0.5,0.5,1,1,Valid,#NAME?
06:07.8,619,7.1652,0.96085,1.231245,26.68502,351.5486,348.6937,1.068097,0,0,0,0.957344,1.238465,26.697,-0.161009,-0.069585,0.984497,0.011259,0.829586,32.4819,触发点,0,0,0.5,0.5,0.5,0.5,1,1,Valid,#NAME?
06:07.8,620,7.1762,0.9601,1.230826,26.68575,351.599,348.7437,1.085522,0,0,0,0.9566,1.238034,26.69774,-0.161442,-0.073042,0.984175,0.007204,0.808494,32.48539,触发点,0,0,0.5,0.5,0.5,0.5,1,1,Valid,#NAME?
06:07.8,621,7.1872,0.959194,1.230447,26.68637,351.6837,348.7888,1.129219,0,0,0,0.955698,1.237636,26.69837,-0.127933,-0.067818,0.989462,0.207209,0.840857,32.48737,触发点,0,0,0.5,0.5,0.5,0.5,1,1,Valid,#NAME?
06:07.8,622,7.1989,0.957966,1.230165,26.68683,351.8453,348.8245,1.226538,0,0,0,0.954464,1.237317,26.69885,-0.126924,-0.070512,0.989403,0.211525,0.824579,32.49023,触发点,0,0,0.5,0.5,0.5,0.5,1,1,Valid,#NAME?
06:07.8,623,7.2095,0.956852,1.229743,26.68749,352.0358,348.8211,1.312106,0,0,0,0.953339,1.236851,26.69954,-0.10408,-0.057473,0.992907,0.344292,0.900538,32.50973,触发点,0,0,0.5,0.5,0.5,0.5,1,1,Valid,#NAME?
06:07.8,624,7.2206,0.955563,1.229194,26.68819,352.198,348.8209,1.361887,0,0,0,0.95204,1.236267,26.70025,-0.094986,-0.056935,0.993849,0.395305,0.902555,32.52543,触发点,0,0,0.5,0.5,0.5,0.5,1,1,Valid,#NAME?
06:07.9,625,7.2319,0.954067,1.228823,26.68854,352.3181,348.8141,1.407642,0,0,0,0.950537,1.235868,26.70062,-0.094929,-0.058939,0.993738,0.39406,0.890367,32.52596,触发点,0,0,0.5,0.5,0.5,0.5,1,1,Valid,#NAME?
06:07.9,626,7.2429,0.952705,1.228233,26.68929,352.3939,348.7931,1.440008,0,0,0,0.949165,1.235261,26.70137,-0.091842,-0.059404,0.994,0.410439,0.886812,32.53198,触发点,0,0,0.5,0.5,0.5,0.5,1,1,Valid,#NAME?
06:07.9,627,7.254,0.951263,1.227759,26.68991,352.4471,348.7624,1.498079,0,0,0,0.94771,1.234775,26.70199,-0.086371,-0.059818,0.994466,0.440358,0.883398,32.54356,触发点,0,0,0.5,0.5,0.5,0.5,1,1,Valid,#NAME?
06:07.9,628,7.2654,0.949541,1.227578,26.69026,352.5182,348.7206,1.65341,0,0,0,0.945963,1.234575,26.70235,-0.086421,-0.061433,0.994363,0.438284,0.873687,32.54371,触发点,0,0,0.5,0.5,0.5,0.5,1,1,Valid,#NAME?
06:07.9,629,7.2821,0.948002,1.22726,26.69082,352.622,348.6802,1.786693,0,0,0,0.944401,1.234231,26.70292,-0.084623,-0.06328,0.994402,0.446949,0.862242,32.54843,触发点,0,0,0.5,0.5,0.5,0.5,1,1,Valid,#NAME?
06:07.9,630,7.2889,0.946346,1.226855,26.69134,352.7316,348.6331,1.920413,0,0,0,0.94272,1.233799,26.70345,-0.084977,-0.064918,0.994266,0.443193,0.852183,32.54815,触发点,0,0,0.5,0.5,0.5,0.5,1,1,Valid,#NAME?
06:07.9,631,7.2985,0.944466,1.226606,26.69159,352.8476,348.5842,2.082233,0,0,0,0.940813,1.233521,26.7037,-0.084392,-0.06652,0.99421,0.444561,0.842358,32.55,触发点,0,0,0.5,0.5,0.5,0.5,1,1,Valid,#NAME?
06:07.9,632,7.3095,0.942802,1.225945,26.69209,352.9732,348.53,2.240563,0,0,0,0.939119,1.232829,26.70422,-0.084782,-0.06838,0.99405,0.440531,0.830698,32.55008,触发点,0,0,0.5,0.5,0.5,0.5,1,1,Valid,#NAME?
06:07.9,633,7.3207,0.940966,1.22549,26.69236,353.1233,348.4526,2.407512,0,0,0,0.937248,1.232337,26.70449,-0.080765,-0.06933,0.994319,0.461639,0.82407,32.55981,触发点,0,0,0.5,0.5,0.5,0.5,1,1,Valid,#NAME?
06:08.0,634,7.3316,0.939108,1.224969,26.69268,353.2692,348.3566,2.567345,0,0,0,0.93535,1.231781,26.70483,-0.08481,-0.072913,0.993726,0.436233,0.802676,32.55305,触发点,0,0,0.5,0.5,0.5,0.5,1,1,Valid,#NAME?
06:08.0,635,7.3427,0.937246,1.224566,26.69305,353.4207,348.2565,2.775009,0,0,0,0.933445,1.23134,26.7052,-0.083583,-0.074827,0.993688,0.441203,0.79066,32.55731,触发点,0,0,0.5,0.5,0.5,0.5,1,1,Valid,#NAME?
06:08.0,636,7.3543,0.935423,1.224174,26.69344,353.5583,348.1428,2.963088,0,0,0,0.93158,1.230914,26.7056,-0.084904,-0.076811,0.993424,0.431574,0.778568,32.55595,触发点,0,0,0.5,0.5,0.5,0.5,1,1,Valid,#NAME?
06:08.0,637,7.365,0.933525,1.224025,26.69366,353.6735,348.0132,3.237049,0,0,0,0.929625,1.230733,26.70582,-0.087433,-0.078195,0.993097,0.414977,0.770467,32.55135,触发点,0,0,0.5,0.5,0.5,0.5,1,1,Valid,#NAME?
06:08.0,638,7.3762,0.932236,1.223638,26.69395,353.7864,347.9036,3.411603,0,0,0,0.928295,1.230318,26.7061,-0.08782,-0.077529,0.993115,0.411585,0.774158,32.5493,触发点,0,0,0.5,0.5,0.5,0.5,1,1,Valid,#NAME?
06:08.0,639,7.3873,0.930384,1.223164,26.69431,353.9775,347.7476,3.660048,0,0,0,0.926382,1.229795,26.70647,-0.089676,-0.0803,0.992729,0.398661,0.757251,32.54841,触发点,0,0,0.5,0.5,0.5,0.5,1,1,Valid,#NAME?
06:08.0,640,7.3983,0.927963,1.222586,26.69464,354.2632,347.5555,4.02479,0,0,0,0.923882,1.229145,26.70682,-0.091415,-0.083263,0.992326,0.385751,0.739003,32.54834,触发点,0,0,0.5,0.5,0.5,0.5,1,1,Valid,#NAME?
06:08.0,641,7.4095,0.926035,1.221924,26.69498,354.5418,347.3939,4.283148,0,0,0,0.921888,1.228415,26.70717,-0.092671,-0.08661,0.991923,0.375965,0.718198,32.55054,触发点,0,0,0.5,0.5,0.5,0.5,1,1,Valid,#NAME?
06:08.0,642,7.4206,0.924366,1.221202,26.69522,354.856,347.2988,4.524238,0,0,0,0.92017,1.227617,26.70744,-0.092216,-0.090689,0.991601,0.376084,0.692544,32.55799,触发点,0,0,0.5,0.5,0.5,0.5,1,1,Valid,#NAME?
06:08.1,643,7.4382,0.922819,1.220646,26.6953,355.2659,347.1875,4.699418,0,0,0,0.918573,1.226965,26.70754,-0.092739,-0.096496,0.991004,0.370164,0.656334,32.56784,触发点,0,0,0.5,0.5,0.5,0.5,1,1,Valid,#NAME?
06:08.1,644,7.4452,0.921543,1.219949,26.69551,355.6518,347.1017,4.827774,0,0,0,0.917257,1.226178,26.70779,-0.093682,-0.102851,0.990275,0.361737,0.616281,32.58001,触发点,0,0,0.5,0.5,0.5,0.5,1,1,Valid,#NAME?
06:08.1,645,7.4541,0.920088,1.219195,26.69576,356.0526,346.9965,4.954463,0,0,0,0.91576,1.22533,26.70807,-0.092181,-0.107438,0.989929,0.367632,0.586479,32.59439,触发点,0,0,0.5,0.5,0.5,0.5,1,1,Valid,#NAME?
06:08.1,646,7.4654,0.918657,1.218542,26.6959,356.5125,346.8445,5.017254,0,0,0,0.91428,1.22457,26.70825,-0.094414,-0.115198,0.988846,0.350576,0.536776,32.6122,触发点,0,0,0.5,0.5,0.5,0.5,1,1,Valid,#NAME?
06:08.1,647,7.4763,0.917212,1.217728,26.69617,356.9308,346.6508,4.988442,0,0,0,0.912785,1.223662,26.70854,-0.096389,-0.121286,0.987927,0.335183,0.496868,32.62861,触发点,0,0,0.5,0.5,0.5,0.5,1,1,Valid,#NAME?
06:08.1,648,7.4873,0.915762,1.216909,26.69645,357.315,346.4259,4.935882,0,0,0,0.911282,1.222757,26.70885,-0.098466,-0.126424,0.987077,0.319227,0.462596,32.64392,触发点,0,0,0.5,0.5,0.5,0.5,1,1,Valid,#NAME?
06:08.1,649,7.4983,0.914379,1.216309,26.69658,357.6396,346.234,4.921595,0,0,0,0.909851,1.222083,26.709,-0.1001,-0.129961,0.986453,0.306447,0.438675,32.65534,触发点,0,0,0.5,0.5,0.5,0.5,1,1,Valid,#NAME?
06:08.1,650,7.5096,0.913471,1.215705,26.69683,357.8468,346.0431,4.87326,0,0,0,0.908901,1.221433,26.70924,-0.103411,-0.133628,0.985622,0.283932,0.413849,32.66587,触发点,0,0,0.5,0.5,0.5,0.5,1,1,Valid,#NAME?
06:08.1,651,7.5206,0.912052,1.214867,26.69714,358.192,345.7957,4.856536,0,0,0,0.907421,1.220516,26.70957,-0.10648,-0.138718,0.984591,0.261128,0.378548,32.68567,触发点,0,0,0.5,0.5,0.5,0.5,1,1,Valid,#NAME?
06:08.2,652,7.5317,0.910938,1.21432,26.6973,358.5005,345.6213,4.856102,0,0,0,0.906261,1.219898,26.70975,-0.107492,-0.141688,0.984058,0.251937,0.357418,32.69988,触发点,0,0,0.5,0.5,0.5,0.5,1,1,Valid,#NAME?
06:08.2,653,7.5428,0.909758,1.21361,26.69753,358.8884,345.3752,4.819767,0,0,0,0.905022,1.219099,26.71,-0.111574,-0.148408,0.982612,0.221017,0.309282,32.73391,触发点,0,0,0.5,0.5,0.5,0.5,1,1,Valid,#NAME?
06:08.2,654,7.554,0.908503,1.212815,26.69776,359.3055,345.1497,4.848294,0,0,0,0.903706,1.218206,26.71024,-0.113205,-0.152045,0.981869,0.206591,0.281912,32.75659,触发点,0,0,0.5,0.5,0.5,0.5,1,1,Valid,#NAME?
06:08.2,655,7.565,0.907345,1.212043,26.69785,359.7558,344.8807,4.857004,0,0,0,0.902477,1.21733,26.71035,-0.115618,-0.155957,0.980974,0.186715,0.251841,32.78331,触发点,0,0,0.5,0.5,0.5,0.5,1,1,Valid,#NAME?
06:08.2,656,7.5763,0.90616,1.211086,26.69798,0.258884,344.5717,4.898285,0,0,0,0.901209,1.216255,26.7105,-0.120423,-0.164426,0.979011,0.14532,0.18416,32.8557,触发点,0,0,0.5,0.5,0.5,0.5,1,1,Valid,#NAME?
06:08.2,657,7.5935,0.904976,1.210145,26.69813,0.78399,344.2378,4.902472,0,0,0,0.899939,1.21519,26.71066,-0.12361,-0.170779,0.977525,0.113327,0.128408,32.93132,触发点,0,0,0.5,0.5,0.5,0.5,1,1,Valid,#NAME?
06:08.2,658,7.6018,0.903568,1.209127,26.69811,1.574416,343.7894,5.065283,0,0,0,0.898401,1.213984,26.71066,-0.130145,-0.183787,0.974312,0.038742,0.000002,33.14638,Road,0,0,0.5,0.5,0.5,0.5,1,1,Valid,#NAME?
06:08.2,659,7.6095,0.902315,1.207755,26.69832,2.120336,343.4922,5.14058,0,0,0,0.897062,1.21248,26.71089,-0.132929,-0.192634,0.972225,0.060381,0.000002,32.83028,Road,0,0,0.5,0.5,0.5,0.5,1,1,Valid,#NAME?
06:08.2,660,7.6209,0.901171,1.206676,26.69839,2.684163,343.1312,5.008757,0,0,0,0.895838,1.211271,26.71097,-0.138828,-0.202511,0.96939,0.06547,0.000002,32.50915,Road,0,0,0.5,0.5,0.5,0.5,1,1,Valid,#NAME?
06:08.3,661,7.6321,0.900057,1.205693,26.69835,3.197251,342.793,4.964854,0,0,0,0.89464,1.210167,26.71095,-0.150027,-0.215767,0.96485,0.053192,0.000002,32.12246,Road,0,0,0.5,0.5,0.5,0.5,1,1,Valid,#NAME?
06:08.3,662,7.6429,0.898941,1.204769,26.69838,3.679262,342.4281,4.94368,0,0,0,0.893435,1.209129,26.71098,-0.17863,-0.238805,0.954496,-0.011012,0.000002,31.54382,Road,0,0,0.5,0.5,0.5,0.5,1,1,Valid,#NAME?
06:08.3,663,7.6543,0.897858,1.203909,26.69841,4.095533,342.1004,4.939155,0,0,0,0.892271,1.20817,26.711,-0.183559,-0.245811,0.951779,-0.009925,0.000002,31.38902,Road,0,0,0.5,0.5,0.5,0.5,1,1,Valid,#NAME?
06:08.3,664,7.6652,0.89686,1.203296,26.69828,4.44943,341.7516,4.949566,0,0,0,0.891188,1.207471,26.71086,-0.234581,-0.295151,0.926206,-0.068485,0.000001,30.49999,Road,0,0,0.5,0.5,0.5,0.5,1,1,Valid,#NAME?
06:08.3,665,7.6762,0.89588,1.202588,26.69815,4.793085,341.4189,4.955205,0,0,0,0.890127,1.20668,26.71072,-0.291702,-0.333984,0.896306,-0.163786,0.000001,29.94906,Road,0,0,0.5,0.5,0.5,0.5,1,1,Valid,#NAME?
06:08.3,666,7.6872,0.894903,1.201865,26.69802,5.137764,341.0699,4.960679,0,0,0,0.889065,1.205874,26.71058,-0.342363,-0.367842,0.864569,-0.233281,0.000001,29.54484,Road,0,0,0.5,0.5,0.5,0.5,1,1,Valid,#NAME?
06:08.3,667,7.6984,0.893906,1.201237,26.69783,5.478563,340.7254,5.048428,0,0,0,0.887976,1.205163,26.71037,-0.346416,-0.373427,0.860551,-0.230014,0.000001,29.48764,Road,0,0,0.5,0.5,0.5,0.5,1,1,Valid,#NAME?
06:08.3,668,7.7114,0.892981,1.20051,26.69765,5.852855,340.3604,5.149938,0,0,0,0.886953,1.204343,26.71018,-0.373124,-0.402305,0.83602,-0.230032,0.000001,29.21291,Road,0,0,0.5,0.5,0.5,0.5,1,1,Valid,#NAME?
06:08.3,669,7.7209,0.892109,1.199728,26.69748,6.242346,340.018,5.282207,0,0,0,0.885988,1.203463,26.70999,-0.3851,-0.424379,0.819512,-0.206086,0.000001,29.03398,Road,0,0,0.5,0.5,0.5,0.5,1,1,Valid,#NAME?
06:08.4,670,7.7318,0.891268,1.199011,26.6972,6.679362,339.686,5.442095,0,0,0,0.88505,1.202637,26.70969,-0.387853,-0.431471,0.814496,-0.19601,0.000001,28.97994,Road,0,0,0.5,0.5,0.5,0.5,1,1,Valid,#NAME?
06:08.4,671,7.7485,0.890591,1.198186,26.697,7.135716,339.3519,5.575047,0,0,0,0.884281,1.201698,26.70948,-0.384394,-0.447558,0.807424,-0.14782,0.000001,28.87743,Road,0,0,0.5,0.5,0.5,0.5,1,1,Valid,#NAME?
06:08.4,672,7.755,0.889936,1.197453,26.69687,7.568288,339.0497,5.661976,0,0,0,0.883543,1.200857,26.70933,-0.386953,-0.454385,0.802373,-0.139101,0.000001,28.82986,Road,0,0,0.5,0.5,0.5,0.5,1,1,Valid,#NAME?
06:08.4,673,7.7656,0.889298,1.196898,26.69678,7.949014,338.733,5.726502,0,0,0,0.882822,1.200208,26.70923,-0.3859,-0.457721,0.800983,-0.129062,0.000001,28.80952,Road,0,0,0.5,0.5,0.5,0.5,1,1,Valid,#NAME?
06:08.4,674,7.7761,0.888706,1.196373,26.69675,8.300227,338.4465,5.81125,0,0,0,0.882155,1.199595,26.70919,-0.388402,-0.463246,0.796584,-0.123628,0.000001,28.77197,Road,0,0,0.5,0.5,0.5,0.5,1,1,Valid,#NAME?
06:08.4,675,7.7873,0.888165,1.195884,26.69676,8.607342,338.1326,5.879589,0,0,0,0.881533,1.199029,26.70917,-0.390788,-0.468572,0.792291,-0.118454,0.000001,28.73657,Road,0,0,0.5,0.5,0.5,0.5,1,1,Valid,#NAME?
06:08.4,676,7.7983,0.887608,1.195518,26.69675,8.861949,337.8286,5.879313,0,0,0,0.880903,1.1986,26.70914,-0.388651,-0.467149,0.79418,-0.116287,0.000001,28.74683,Road,0,0,0.5,0.5,0.5,0.5,1,1,Valid,#NAME?
06:08.4,677,7.8099,0.887232,1.195099,26.69678,9.045067,337.5358,5.842951,0,0,0,0.880465,1.198138,26.70914,-0.392325,-0.469928,0.790727,-0.119814,0.000001,28.7252,Road,0,0,0.5,0.5,0.5,0.5,1,1,Valid,#NAME?
06:08.4,678,7.8205,0.886843,1.194705,26.69681,9.211337,337.2618,5.837276,0,0,0,0.880014,1.197703,26.70915,-0.391386,-0.470175,0.791045,-0.116984,0.000001,28.72422,Road,0,0,0.5,0.5,0.5,0.5,1,1,Valid,#NAME?
06:08.5,679,7.8325,0.886589,1.194799,26.69694,9.23372,337.0331,5.699148,0,0,0,0.879723,1.197796,26.70926,-0.390531,-0.468023,0.792742,-0.119749,0.000001,28.7381,Road,0,0,0.5,0.5,0.5,0.5,1,1,Valid,#NAME?
06:08.5,680,7.8434,0.886303,1.194793,26.69704,9.302962,336.8049,5.605266,0,0,0,0.879393,1.197775,26.70934,-0.392002,-0.468345,0.791826,-0.123138,0.000001,28.73441,Road,0,0,0.5,0.5,0.5,0.5,1,1,Valid,#NAME?
06:08.5,681,7.8541,0.886208,1.19479,26.69708,9.325693,336.7295,5.574222,0,0,0,0.879284,1.197768,26.70937,-0.393131,-0.468669,0.791074,-0.125433,0.000001,28.73112,Road,0,0,0.5,0.5,0.5,0.5,1,1,Valid,#NAME?
06:08.5,682,7.8652,0.886551,1.194469,26.69722,9.371234,336.6547,5.649627,0,0,0,0.879604,1.197434,26.70951,-0.393626,-0.469432,0.790375,-0.124461,0.000001,28.72561,Road,0,0,0.5,0.5,0.5,0.5,1,1,Valid,#NAME?
06:08.5,683,7.8764,0.886511,1.194341,26.69733,9.345721,336.4594,5.643185,0,0,0,0.879524,1.197312,26.70959,-0.388823,-0.464432,0.795688,-0.122867,0.000001,28.76089,Road,0,0,0.5,0.5,0.5,0.5,1,1,Valid,#NAME?
06:08.5,684,7.8873,0.886684,1.194281,26.69742,9.418801,336.2948,5.544006,0,0,0,0.879667,1.197237,26.70966,-0.391373,-0.465493,0.793816,-0.126933,0.000001,28.75134,Road,0,0,0.5,0.5,0.5,0.5,1,1,Valid,#NAME?
06:08.5,685,7.9046,0.886736,1.194384,26.69749,9.409351,336.1582,5.457132,0,0,0,0.879698,1.197344,26.70972,-0.389736,-0.46247,0.796384,-0.129334,0.000001,28.77157,Road,0,0,0.5,0.5,0.5,0.5,1,1,Valid,#NAME?
06:08.5,686,7.9114,0.886957,1.19437,26.69755,9.372641,336.0443,5.391025,0,0,0,0.879902,1.19734,26.70977,-0.39177,-0.461863,0.795738,-0.135727,0.000001,28.77265,Road,0,0,0.5,0.5,0.5,0.5,1,1,Valid,#NAME?
06:08.5,687,7.9218,0.887272,1.194423,26.69762,9.324371,335.9483,5.34795,0,0,0,0.880199,1.197407,26.70983,-0.390251,-0.45826,0.798562,-0.139503,0.000001,28.79643,Road,0,0,0.5,0.5,0.5,0.5,1,1,Valid,#NAME?
06:08.6,688,7.9321,0.887665,1.19463,26.6977,9.267365,335.8859,5.283282,0,0,0,0.880587,1.197629,26.7099,-0.391627,-0.457342,0.798415,-0.144955,0.000001,28.80069,Road,0,0,0.5,0.5,0.5,0.5,1,1,Valid,#NAME?
06:08.6,689,7.9429,0.888149,1.194725,26.69779,9.1984,335.8788,5.222929,0,0,0,0.881075,1.197743,26.70999,-0.389202,-0.453601,0.801729,-0.146621,0.000001,28.82697,Road,0,0,0.5,0.5,0.5,0.5,1,1,Valid,#NAME?
06:08.6,690,7.9538,0.88864,1.194834,26.69788,9.124911,335.879,5.200225,0,0,0,0.881569,1.19787,26.71008,-0.385591,-0.450325,0.805312,-0.144106,0.000001,28.85221,Road,0,0,0.5,0.5,0.5,0.5,1,1,Valid,#NAME?
06:08.6,691,7.9652,0.888952,1.195065,26.69794,9.047531,335.9268,5.186739,0,0,0,0.881895,1.198121,26.71014,-0.385232,-0.449114,0.806159,-0.145804,0.000001,28.86078,Road,0,0,0.5,0.5,0.5,0.5,1,1,Valid,#NAME?
06:08.6,692,7.9763,0.889626,1.195292,26.6981,8.938423,335.9788,5.162026,0,0,0,0.882584,1.198374,26.7103,-0.383268,-0.446415,0.808591,-0.146276,0.000001,28.88091,Road,0,0,0.5,0.5,0.5,0.5,1,1,Valid,#NAME?
06:08.6,693,7.9874,0.890196,1.195418,26.69821,8.834247,336.0329,5.134208,0,0,0,0.883169,1.198527,26.71041,-0.37912,-0.443119,0.812351,-0.142256,0.000001,28.90762,Road,0,0,0.5,0.5,0.5,0.5,1,1,Valid,#NAME?
06:08.6,694,7.9985,0.89064,1.195645,26.69828,8.747422,336.1154,5.119587,0,0,0,0.883635,1.198776,26.71049,-0.376535,-0.440575,0.814933,-0.140892,0.000001,28.92787,Road,0,0,0.5,0.5,0.5,0.5,1,1,Valid,#NAME?
06:08.6,695,8.0099,0.891293,1.195816,26.6984,8.681308,336.2146,5.076649,0,0,0,0.884314,1.198964,26.71062,-0.375535,-0.439528,0.815959,-0.140084,0.000001,28.93644,Road,0,0,0.5,0.5,0.5,0.5,1,1,Valid,#NAME?
06:08.6,696,8.0206,0.891947,1.195937,26.69853,8.604994,336.3051,5.029278,0,0,0,0.884991,1.199105,26.71076,-0.372639,-0.437067,0.818604,-0.137356,0.000001,28.95663,Road,0,0,0.5,0.5,0.5,0.5,1,1,Valid,#NAME?
06:08.7,697,8.0318,0.892441,1.196081,26.69864,8.555273,336.4315,5.003969,0,0,0,0.885517,1.199262,26.71088,-0.36917,-0.434786,0.821386,-0.132755,0.000001,28.97649,Road,0,0,0.5,0.5,0.5,0.5,1,1,Valid,#NAME?
06:08.7,698,8.0438,0.893293,1.196198,26.69876,8.524137,336.6054,4.951322,0,0,0,0.88641,1.199387,26.71102,-0.366404,-0.433569,0.823266,-0.127177,0.000001,28.98843,Road,0,0,0.5,0.5,0.5,0.5,1,1,Valid,#NAME?
06:08.7,699,8.0602,0.893997,1.19626,26.69887,8.483652,336.7136,4.964328,0,0,0,0.887138,1.19946,26.71114,-0.36262,-0.431679,0.82593,-0.120435,0.000001,29.00607,Road,0,0,0.5,0.5,0.5,0.5,1,1,Valid,#NAME?
06:08.7,700,8.0676,0.894527,1.196335,26.699,8.445226,336.8358,4.946413,0,0,0,0.887697,1.199544,26.71129,-0.361056,-0.431072,0.826932,-0.117013,0.000001,29.0124,Road,0,0,0.5,0.5,0.5,0.5,1,1,Valid,#NAME?
06:08.7,701,8.0766,0.895207,1.196398,26.69914,8.411496,336.9559,4.913486,0,0,0,0.888405,1.199616,26.71144,-0.357357,-0.429997,0.829095,-0.108557,0.000001,29.02448,Road,0,0,0.5,0.5,0.5,0.5,1,1,Valid,#NAME?
06:08.7,702,8.0877,0.895886,1.196472,26.69928,8.352693,337.0519,4.86249,0,0,0,0.889111,1.199706,26.71159,-0.35638,-0.429067,0.829997,-0.107357,0.000001,29.03233,Road,0,0,0.5,0.5,0.5,0.5,1,1,Valid,#NAME?
06:08.7,703,8.0986,0.89616,1.196591,26.69939,8.303228,337.1168,4.829853,0,0,0,0.889402,1.199838,26.7117,-0.35373,-0.428392,0.831478,-0.101323,0.000001,29.04052,Road,0,0,0.5,0.5,0.5,0.5,1,1,Valid,#NAME?
06:08.7,704,8.1096,0.896759,1.196701,26.69952,8.255457,337.1898,4.775496,0,0,0,0.890022,1.19996,26.71184,-0.352225,-0.42768,0.832483,-0.098227,0.000001,29.04758,Road,0,0,0.5,0.5,0.5,0.5,1,1,Valid,#NAME?
06:08.7,705,8.1205,0.897352,1.196811,26.69965,8.217892,337.2507,4.734183,0,0,0,0.890633,1.20008,26.71198,-0.351643,-0.427086,0.833034,-0.097456,0.000001,29.05275,Road,0,0,0.5,0.5,0.5,0.5,1,1,Valid,#NAME?
06:08.8,706,8.132,0.897512,1.196907,26.69977,8.197055,337.3083,4.671403,0,0,0,0.890812,1.200183,26.71211,-0.352371,-0.425699,0.833436,-0.102633,0.000001,29.06184,Road,0,0,0.5,0.5,0.5,0.5,1,1,Valid,#NAME?
06:08.8,707,8.1429,0.898249,1.196934,26.69987,8.184493,337.3592,4.641471,0,0,0,0.891562,1.200213,26.71222,-0.358087,-0.420918,0.833428,-0.129494,0.000001,29.08868,Road,0,0,0.5,0.5,0.5,0.5,1,1,Valid,#NAME?
06:08.8,708,8.1542,0.898783,1.196949,26.69997,8.181858,337.4031,4.605281,0,0,0,0.892107,1.200231,26.71232,-0.36636,-0.422511,0.829014,-0.148615,0.000001,29.06732,Road,0,0,0.5,0.5,0.5,0.5,1,1,Valid,#NAME?
06:08.8,709,8.1651,0.899054,1.196957,26.70005,8.184685,337.4191,4.554111,0,0,0,0.892386,1.200239,26.71241,-0.36636,-0.422538,0.829,-0.148276,0.000001,29.06723,Road,0,0,0.5,0.5,0.5,0.5,1,1,Valid,#NAME?
06:08.8,710,8.1764,0.899502,1.196892,26.70009,8.178887,337.4081,4.522323,0,0,0,0.892836,1.200176,26.71244,-0.523476,-0.401592,0.751463,-0.671596,0.000001,28.95822,Road,0,0,0.5,0.5,0.5,0.5,1,1,Valid,#NAME?
06:08.8,711,8.1874,0.899836,1.196825,26.7001,8.188905,337.3707,4.514035,0,0,0,0.893162,1.200107,26.71246,-0.606007,-0.372502,0.702849,-1.059237,0.000001,28.97685,Road,0,0,0.5,0.5,0.5,0.5,1,1,Valid,#NAME?
06:08.8,712,8.1985,0.899889,1.196728,26.70012,8.157309,337.3069,4.490297,0,0,0,0.893204,1.200018,26.71246,-0.619652,-0.366412,0.694099,-1.136182,0.000001,28.98569,Road,0,0,0.5,0.5,0.5,0.5,1,1,Valid,#NAME?
06:08.8,713,8.2154,0.900131,1.196699,26.70012,8.127892,337.2267,4.49581,0,0,0,0.893429,1.199996,26.71246,-0.697861,-0.320627,0.64046,-1.718422,0.000001,29.10948,Road,0,0,0.5,0.5,0.5,0.5,1,1,Valid,#NAME?
06:08.8,714,8.2235,0.900366,1.196708,26.70014,8.075183,337.1458,4.549209,0,0,0,0.893642,1.200016,26.71246,-0.698691,-0.3202,0.639768,-1.724846,0.000001,29.11012,Road,0,0,0.5,0.5,0.5,0.5,1,1,Valid,#NAME?
06:08.9,715,8.2319,0.899805,1.196726,26.70013,8.007616,337.0132,4.696468,0,0,0,0.893042,1.200048,26.71242,-0.742416,-0.30338,0.59731,-2.043648,0.000001,29.07513,Road,0,0,0.5,0.5,0.5,0.5,1,1,Valid,#NAME?
06:08.9,716,8.2438,0.900263,1.196703,26.70008,7.977786,336.8732,4.849352,0,0,0,0.893459,1.200028,26.71235,-0.743419,-0.304132,0.595678,-2.039879,0.000001,29.06275,Road,0,0,0.5,0.5,0.5,0.5,1,1,Valid,#NAME?
06:08.9,717,8.2542,0.90028,1.196673,26.7,7.970734,336.7812,4.969111,0,0,0,0.893446,1.199997,26.71225,-0.764189,-0.297249,0.572414,-2.191591,0.000001,29.02309,Road,0,0,0.5,0.5,0.5,0.5,1,1,Valid,#NAME?
06:08.9,718,8.2652,0.899954,1.196654,26.69986,7.954381,336.5921,5.188342,0,0,0,0.893063,1.199976,26.71208,-0.759007,-0.305836,0.574781,-2.084971,0.000001,28.96729,Road,0,0,0.5,0.5,0.5,0.5,1,1,Valid,#NAME?
06:08.9,719,8.2763,0.899824,1.196653,26.69971,7.927893,336.3748,5.345865,0,0,0,0.892874,1.199978,26.7119,-0.760691,-0.306727,0.572074,-2.083103,0.000001,28.94997,Road,0,0,0.5,0.5,0.5,0.5,1,1,Valid,#NAME?
06:08.9,720,8.2876,0.899738,1.196651,26.69956,7.922726,336.1851,5.492155,0,0,0,0.892736,1.199974,26.71172,-0.761129,-0.313651,0.56772,-2.019202,0.000001,28.88371,Road,0,0,0.5,0.5,0.5,0.5,1,1,Valid,#NAME?
06:08.9,721,8.2985,0.899481,1.196637,26.69938,7.887075,335.9989,5.61854,0,0,0,0.892429,1.199965,26.71151,-0.763761,-0.317504,0.562014,-1.9941,0.000001,28.83557,Road,0,0,0.5,0.5,0.5,0.5,1,1,Valid,#NAME?
06:08.9,722,8.3097,0.899353,1.196646,26.69921,7.862985,335.8234,5.776189,0,0,0,0.892252,1.199975,26.71131,-0.764954,-0.318436,0.559861,-1.990355,0.000001,28.82106,Road,0,0,0.5,0.5,0.5,0.5,1,1,Valid,#NAME?
06:08.9,723,8.3207,0.899292,1.196683,26.69907,7.814101,335.6604,5.880409,0,0,0,0.892149,1.200021,26.71114,-0.753625,-0.327811,0.569727,-1.866653,0.000001,28.79675,Road,0,0,0.5,0.5,0.5,0.5,1,1,Valid,#NAME?
06:09.0,724,8.3318,0.899092,1.196742,26.69895,7.764535,335.5072,5.987771,0,0,0,0.891911,1.200089,26.711,-0.749227,-0.332144,0.57301,-1.815165,0.000001,28.78137,Road,0,0,0.5,0.5,0.5,0.5,1,1,Valid,#NAME?
06:09.0,725,8.3429,0.898989,1.19678,26.69881,7.723595,335.3681,6.0954,0,0,0,0.891769,1.200135,26.71084,-0.746094,-0.334552,0.575689,-1.784682,0.000001,28.77601,Road,0,0,0.5,0.5,0.5,0.5,1,1,Valid,#NAME?
06:09.0,726,8.3539,0.898947,1.19683,26.69857,7.646811,335.1264,6.164861,0,0,0,0.891674,1.200202,26.71055,-0.748433,-0.33396,0.57299,-1.798076,0.000001,28.7698,Road,0,0,0.5,0.5,0.5,0.5,1,1,Valid,#NAME?
06:09.0,727,8.3716,0.898579,1.196914,26.69844,7.614833,334.98,6.225732,0,0,0,0.89127,1.200292,26.7104,-0.746135,-0.335584,0.575036,-1.777445,0.000001,28.76715,Road,0,0,0.5,0.5,0.5,0.5,1,1,Valid,#NAME?
06:09.0,728,8.3791,0.898708,1.196962,26.69825,7.58622,334.8049,6.253471,0,0,0,0.891361,1.200346,26.71019,-0.747851,-0.335374,0.572925,-1.785287,0.000001,28.76077,Road,0,0,0.5,0.5,0.5,0.5,1,1,Valid,#NAME?
06:09.0,729,8.3874,0.898747,1.196981,26.69808,7.572392,334.6514,6.334358,0,0,0,0.891363,1.200366,26.70999,-0.74694,-0.336067,0.573706,-1.776558,0.000001,28.75916,Road,0,0,0.5,0.5,0.5,0.5,1,1,Valid,#NAME?
06:09.0,730,8.3985,0.898615,1.196964,26.6979,7.563899,334.5071,6.353629,0,0,0,0.891199,1.200351,26.70979,-0.748329,-0.336086,0.571883,-1.781495,0.000001,28.7523,Road,0,0,0.5,0.5,0.5,0.5,1,1,Valid,#NAME?
06:09.0,731,8.4096,0.898779,1.19692,26.6977,7.538303,334.3592,6.376861,0,0,0,0.891331,1.200313,26.70957,-0.748044,-0.334733,0.573049,-1.791059,0.000001,28.76446,Road,0,0,0.5,0.5,0.5,0.5,1,1,Valid,#NAME?
06:09.0,732,8.4206,0.898884,1.196896,26.69761,7.547287,334.2904,6.404334,0,0,0,0.891419,1.200285,26.70947,-0.734968,-0.332878,0.590775,-1.758711,0.000001,28.83968,Road,0,0,0.5,0.5,0.5,0.5,1,1,Valid,#NAME?
06:09.1,733,8.4319,0.898998,1.196842,26.69744,7.521979,334.1596,6.429491,0,0,0,0.891504,1.200237,26.70928,-0.736282,-0.332679,0.589248,-1.764851,0.000001,28.83517,Road,0,0,0.5,0.5,0.5,0.5,1,1,Valid,#NAME?
06:09.1,734,8.4429,0.89909,1.19681,26.69731,7.542243,334.0616,6.421038,0,0,0,0.891577,1.2002,26.70914,-0.686866,-0.345167,0.63959,-1.496763,0.000001,28.93309,Road,0,0,0.5,0.5,0.5,0.5,1,1,Valid,#NAME?
06:09.1,735,8.4541,0.899252,1.196755,26.69716,7.543708,333.9756,6.404746,0,0,0,0.891722,1.200146,26.70898,-0.635214,-0.356652,0.685056,-1.245792,0.000001,29.01422,Road,0,0,0.5,0.5,0.5,0.5,1,1,Valid,#NAME?
06:09.1,736,8.4654,0.899361,1.196696,26.69709,7.564219,333.8964,6.360592,0,0,0,0.891817,1.200082,26.70891,-0.471813,-0.370559,0.800049,-0.636181,0.000001,29.29993,Road,0,0,0.5,0.5,0.5,0.5,1,1,Valid,#NAME?
06:09.1,737,8.4762,0.899561,1.196561,26.69687,7.563449,333.806,6.368858,0,0,0,0.892,1.199947,26.70867,-0.473044,-0.370557,0.799323,-0.639822,0.000001,29.29707,Road,0,0,0.5,0.5,0.5,0.5,1,1,Valid,#NAME?
06:09.1,738,8.4878,0.899746,1.196427,26.69667,7.563243,333.7075,6.376632,0,0,0,0.892162,1.199813,26.70846,-0.44458,-0.37002,0.815741,-0.549414,0.000001,29.35355,Road,0,0,0.5,0.5,0.5,0.5,1,1,Valid,#NAME?
06:09.1,739,8.4988,0.899832,1.196248,26.69647,7.578767,333.6016,6.400409,0,0,0,0.892225,1.19963,26.70824,-0.396623,-0.37375,0.838452,-0.380818,0.000001,29.39943,Road,0,0,0.5,0.5,0.5,0.5,1,1,Valid,#NAME?
06:09.1,740,8.5095,0.899954,1.19611,26.69624,7.579059,333.498,6.409866,0,0,0,0.892326,1.199492,26.708,-0.3981,-0.373752,0.837751,-0.385305,0.000001,29.39661,Road,0,0,0.5,0.5,0.5,0.5,1,1,Valid,#NAME?
06:09.1,741,8.5264,0.900076,1.195973,26.69602,7.565233,333.3924,6.443054,0,0,0,0.892424,1.199357,26.70776,-0.374487,-0.376677,0.847275,-0.299958,0.000001,29.40553,Road,0,0,0.5,0.5,0.5,0.5,1,1,Valid,#NAME?
06:09.2,742,8.5344,0.900103,1.195768,26.69582,7.494144,333.2202,6.498165,0,0,0,0.892412,1.199168,26.70753,-0.377028,-0.375486,0.846676,-0.31168,0.000001,29.41151,Road,0,0,0.5,0.5,0.5,0.5,1,1,Valid,#NAME?
06:09.2,743,8.5428,0.900305,1.195744,26.69559,7.427635,333.099,6.540734,0,0,0,0.892588,1.199158,26.70729,-0.382131,-0.376981,0.843719,-0.322954,0.000001,29.39111,Road,0,0,0.5,0.5,0.5,0.5,1,1,Valid,#NAME?
06:09.2,744,8.5539,0.900343,1.195839,26.69554,7.409567,333.0343,6.638912,0,0,0,0.892605,1.199255,26.70722,-0.382754,-0.376619,0.843598,-0.326186,0.000001,29.39346,Road,0,0,0.5,0.5,0.5,0.5,1,1,Valid,#NAME?
06:09.2,745,8.5666,0.900396,1.195948,26.69545,7.377283,332.9086,6.765285,0,0,0,0.892624,1.199368,26.7071,-0.383118,-0.376385,0.843537,-0.3282,0.000001,29.39507,Road,0,0,0.5,0.5,0.5,0.5,1,1,Valid,#NAME?
06:09.2,746,8.5763,0.900459,1.196014,26.69535,7.316997,332.7685,6.814908,0,0,0,0.892656,1.199449,26.70698,-0.387793,-0.375539,0.841776,-0.34593,0.000001,29.39557,Road,0,0,0.5,0.5,0.5,0.5,1,1,Valid,#NAME?
06:09.2,747,8.5874,0.900576,1.196027,26.69522,7.257511,332.6357,6.863778,0,0,0,0.892742,1.199473,26.70683,-0.389731,-0.374543,0.841325,-0.355367,0.000001,29.40116,Road,0,0,0.5,0.5,0.5,0.5,1,1,Valid,#NAME?
06:09.2,748,8.5986,0.900679,1.196041,26.69516,7.173647,332.5181,6.902845,0,0,0,0.892822,1.199508,26.70675,-0.3895,-0.373287,0.84199,-0.358781,0.000001,29.41237,Road,0,0,0.5,0.5,0.5,0.5,1,1,Valid,#NAME?
06:09.2,749,8.6096,0.900806,1.196072,26.6951,7.094019,332.4144,6.910964,0,0,0,0.892931,1.199557,26.70667,-0.391125,-0.371859,0.841868,-0.368774,0.000001,29.4224,Road,0,0,0.5,0.5,0.5,0.5,1,1,Valid,#NAME?
06:09.2,750,8.621,0.90095,1.196088,26.69504,7.025168,332.3277,6.957491,0,0,0,0.893053,1.199589,26.70658,-0.390285,-0.370104,0.84303,-0.371947,0.000001,29.43903,Road,0,0,0.5,0.5,0.5,0.5,1,1,Valid,#NAME?
06:09.3,751,8.6318,0.901161,1.196065,26.69498,6.956035,332.2397,6.971495,0,0,0,0.89325,1.199582,26.70651,-0.391733,-0.368973,0.842855,-0.380328,0.000001,29.44675,Road,0,0,0.5,0.5,0.5,0.5,1,1,Valid,#NAME?
06:09.3,752,8.6431,0.901381,1.19601,26.69494,6.931891,332.2028,7.008148,0,0,0,0.893457,1.199532,26.70647,-0.391172,-0.36809,0.843501,-0.381295,0.000001,29.45527,Road,0,0,0.5,0.5,0.5,0.5,1,1,Valid,#NAME?
06:09.3,753,8.654,0.901623,1.195918,26.6949,6.889343,332.1646,7.024767,0,0,0,0.893694,1.19945,26.70641,-0.389583,-0.366947,0.844734,-0.379748,0.000001,29.46762,Road,0,0,0.5,0.5,0.5,0.5,1,1,Valid,#NAME?
06:09.3,754,8.6652,0.901913,1.195798,26.69494,6.844099,332.1475,7.052025,0,0,0,0.893978,1.19934,26.70645,-0.389865,-0.366189,0.844932,-0.382904,0.000001,29.47376,Road,0,0,0.5,0.5,0.5,0.5,1,1,Valid,#NAME?
06:09.3,755,8.6835,0.90222,1.19574,26.69492,6.811301,332.1416,7.052355,0,0,0,0.894285,1.199289,26.70642,-0.384895,-0.365411,0.847544,-0.368949,0.000001,29.48808,Road,0,0,0.5,0.5,0.5,0.5,1,1,Valid,#NAME?
06:09.3,756,8.6914,0.902491,1.195673,26.69497,6.774575,332.1479,7.078139,0,0,0,0.894556,1.199231,26.70647,-0.384813,-0.36479,0.847849,-0.370496,0.000001,29.49373,Road,0,0,0.5,0.5,0.5,0.5,1,1,Valid,#NAME?
06:09.3,757,8.6988,0.902779,1.195562,26.69511,6.71323,332.1624,7.068705,0,0,0,0.89485,1.199136,26.70661,-0.382614,-0.363701,0.849311,-0.36664,0.000001,29.50681,Road,0,0,0.5,0.5,0.5,0.5,1,1,Valid,#NAME?
06:09.3,758,8.7098,0.903091,1.195389,26.69525,6.631907,332.1759,7.089639,0,0,0,0.895168,1.198981,26.70675,-0.382573,-0.36236,0.849902,-0.370694,0.000001,29.51891,Road,0,0,0.5,0.5,0.5,0.5,1,1,Valid,#NAME?
06:09.3,759,8.7208,0.903376,1.19521,26.69543,6.573016,332.2037,7.088501,0,0,0,0.895458,1.198816,26.70692,-0.380327,-0.3614,0.851317,-0.366141,0.000001,29.53086,Road,0,0,0.5,0.5,0.5,0.5,1,1,Valid,#NAME?
06:09.4,760,8.7318,0.903647,1.194998,26.69571,6.529142,332.2494,7.112613,0,0,0,0.895737,1.198615,26.70721,-0.378626,-0.360575,0.852425,-0.36288,0.000001,29.54082,Road,0,0,0.5,0.5,0.5,0.5,1,1,Valid,#NAME?
06:09.4,761,8.7436,0.903931,1.194696,26.696,6.462974,332.2874,7.094591,0,0,0,0.896034,1.198329,26.7075,-0.377346,-0.35987,0.85329,-0.360487,0.000001,29.54887,Road,0,0,0.5,0.5,0.5,0.5,1,1,Valid,#NAME?
06:09.4,762,8.7541,0.904217,1.194421,26.69633,6.43062,332.359,7.068136,0,0,0,0.896338,1.198063,26.70784,-0.376477,-0.359373,0.853883,-0.358742,0.000001,29.55448,Road,0,0,0.5,0.5,0.5,0.5,1,1,Valid,#NAME?
06:09.4,763,8.7651,0.904507,1.194143,26.69673,6.384066,332.4279,7.050295,0,0,0,0.896643,1.197796,26.70825,-0.374764,-0.359971,0.854385,-0.350378,0.000001,29.55121,Road,0,0,0.5,0.5,0.5,0.5,1,1,Valid,#NAME?
06:09.4,764,8.7763,0.904762,1.193819,26.69715,6.348418,332.5128,7.034266,0,0,0,0.896917,1.197481,26.70868,-0.373163,-0.360344,0.854928,-0.343163,0.000001,29.54976,Road,0,0,0.5,0.5,0.5,0.5,1,1,Valid,#NAME?
06:09.4,765,8.7874,0.90502,1.19343,26.69762,6.319462,332.6114,7.005912,0,0,0,0.897198,1.1971,26.70917,-0.371885,-0.359905,0.855669,-0.339752,0.000001,29.55527,Road,0,0,0.5,0.5,0.5,0.5,1,1,Valid,#NAME?
06:09.4,766,8.7984,0.905253,1.193073,26.69808,6.320543,332.7097,7.002669,0,0,0,0.897451,1.196743,26.70964,-0.368778,-0.360119,0.856923,-0.328065,0.000001,29.55736,Road,0,0,0.5,0.5,0.5,0.5,1,1,Valid,#NAME?
06:09.4,767,8.8101,0.905489,1.192645,26.69855,6.322877,332.8064,6.958227,0,0,0,0.897711,1.196316,26.71012,-0.366928,-0.360287,0.857647,-0.320655,0.000001,29.55789,Road,0,0,0.5,0.5,0.5,0.5,1,1,Valid,#NAME?
06:09.4,768,8.8207,0.905664,1.192165,26.69913,6.360171,332.9398,6.921144,0,0,0,0.897915,1.195827,26.71072,-0.364969,-0.360935,0.85821,-0.311278,0.000001,29.5541,Road,0,0,0.5,0.5,0.5,0.5,1,1,Valid,#NAME?
06:09.5,769,8.8381,0.905878,1.191697,26.69974,6.388197,333.0586,6.852699,0,0,0,0.898157,1.195355,26.71136,-0.361558,-0.361027,0.859614,-0.298952,0.000001,29.55753,Road,0,0,0.5,0.5,0.5,0.5,1,1,Valid,#NAME?
06:09.5,770,8.8455,0.905975,1.191274,26.70037,6.405829,333.2014,6.784557,0,0,0,0.898289,1.194929,26.71201,-0.35963,-0.361393,0.860268,-0.290812,0.000001,29.55646,Road,0,0,0.5,0.5,0.5,0.5,1,1,Valid,#NAME?
06:09.5,771,8.8541,0.906065,1.190989,26.70106,6.444786,333.3393,6.763147,0,0,0,0.898407,1.194635,26.71272,-0.357565,-0.362278,0.860757,-0.280683,0.000001,29.55112,Road,0,0,0.5,0.5,0.5,0.5,1,1,Valid,#NAME?
06:09.5,772,8.8651,0.90612,1.190697,26.7019,6.44549,333.4834,6.697842,0,0,0,0.898497,1.194345,26.71358,-0.355653,-0.362365,0.861512,-0.273724,0.000001,29.5531,Road,0,0,0.5,0.5,0.5,0.5,1,1,Valid,#NAME?
06:09.5,773,8.8764,0.90608,1.190318,26.70282,6.432839,333.6331,6.663652,0,0,0,0.898489,1.193971,26.71453,-0.353147,-0.361957,0.862714,-0.266418,0.000001,29.56031,Road,0,0,0.5,0.5,0.5,0.5,1,1,Valid,#NAME?
06:09.5,774,8.8874,0.90605,1.189821,26.70364,6.380452,333.783,6.613434,0,0,0,0.898495,1.193488,26.71537,-0.351233,-0.361165,0.863826,-0.26217,0.000001,29.56992,Road,0,0,0.5,0.5,0.5,0.5,1,1,Valid,#NAME?
06:09.5,775,8.8987,0.905998,1.189132,26.70457,6.348481,333.929,6.579911,0,0,0,0.898478,1.192807,26.71631,-0.352436,-0.357822,0.864726,-0.276374,0.000001,29.5989,Road,0,0,0.5,0.5,0.5,0.5,1,1,Valid,#NAME?
06:09.5,776,8.9098,0.905829,1.188301,26.70557,6.314704,334.0753,6.522874,0,0,0,0.898344,1.191986,26.71733,-0.350543,-0.357336,0.865697,-0.27098,0.000001,29.60509,Road,0,0,0.5,0.5,0.5,0.5,1,1,Valid,#NAME?
06:09.5,777,8.9207,0.90563,1.187526,26.70658,6.317654,334.2307,6.473509,0,0,0,0.89818,1.191212,26.71836,-0.351932,-0.354755,0.866195,-0.283549,0.000001,29.62691,Road,0,0,0.5,0.5,0.5,0.5,1,1,Valid,#NAME?
06:09.6,778,8.9323,0.905432,1.186803,26.70764,6.329255,334.3981,6.407502,0,0,0,0.898022,1.190487,26.71944,-0.352757,-0.352661,0.866714,-0.292789,0.000001,29.64523,Road,0,0,0.5,0.5,0.5,0.5,1,1,Valid,#NAME?
06:09.6,779,8.943,0.905092,1.186192,26.70888,6.362441,334.5854,6.331179,0,0,0,0.897726,1.18987,26.72071,-0.350128,-0.353276,0.867529,-0.281539,0.000001,29.64264,Road,0,0,0.5,0.5,0.5,0.5,1,1,Valid,#NAME?
06:09.6,780,8.954,0.904642,1.185874,26.71016,6.45163,334.7964,6.335598,0,0,0,0.897316,1.18953,26.72203,-0.350193,-0.352167,0.867953,-0.285546,0.000001,29.65376,Road,0,0,0.5,0.5,0.5,0.5,1,1,Valid,#NAME?
06:09.6,781,8.9651,0.904396,1.18563,26.71093,6.496519,334.8971,6.279268,0,0,0,0.897095,1.189278,26.72282,-0.350331,-0.351783,0.868054,-0.287273,0.000001,29.65746,Road,0,0,0.5,0.5,0.5,0.5,1,1,Valid,#NAME?
06:09.6,782,8.9764,0.903891,1.185131,26.71228,6.579016,335.0916,6.182011,0,0,0,0.896635,1.188761,26.72421,-0.347538,-0.353214,0.868595,-0.273023,0.000001,29.64751,Road,0,0,0.5,0.5,0.5,0.5,1,1,Valid,#NAME?
06:09.6,783,8.9933,0.90333,1.184472,26.71367,6.666739,335.2955,6.152019,0,0,0,0.896116,1.188082,26.72562,-0.350525,-0.350859,0.868349,-0.290832,0.000001,29.66603,Road,0,0,0.5,0.5,0.5,0.5,1,1,Valid,#NAME?
06:09.6,784,9.0007,0.902842,1.183657,26.71494,6.743008,335.4977,6.080131,0,0,0,0.895676,1.18725,26.72693,-0.347535,-0.352159,0.869025,-0.275982,0.000001,29.65671,Road,0,0,0.5,0.5,0.5,0.5,1,1,Valid,#NAME?
06:09.6,785,9.01,0.90225,1.182843,26.71634,6.816674,335.6646,5.951819,0,0,0,0.895128,1.186422,26.72836,-0.348331,-0.351568,0.868945,-0.280369,0.000001,29.66075,Road,0,0,0.5,0.5,0.5,0.5,1,1,Valid,#NAME?
06:09.6,786,9.0207,0.901291,1.181864,26.71835,6.92958,335.8997,5.910656,0,0,0,0.894218,1.185417,26.73041,-0.344634,-0.353439,0.86966,-0.261665,0.000001,29.64721,Road,0,0,0.5,0.5,0.5,0.5,1,1,Valid,#NAME?
06:09.7,787,9.0318,0.900679,1.181302,26.71977,7.024393,336.0599,5.877487,0,0,0,0.893641,1.184832,26.73185,-0.345248,-0.35326,0.869489,-0.264319,0.000001,29.64811,Road,0,0,0.5,0.5,0.5,0.5,1,1,Valid,#NAME?
06:09.7,788,9.0429,0.899946,1.180828,26.7212,7.106658,336.229,5.837228,0,0,0,0.892944,1.18434,26.73331,-0.343951,-0.354308,0.869577,-0.256777,0.000001,29.64003,Road,0,0,0.5,0.5,0.5,0.5,1,1,Valid,#NAME?
06:09.7,789,9.0539,0.899157,1.180315,26.72273,7.179134,336.418,5.791609,0,0,0,0.892197,1.18381,26.73487,-0.341072,-0.355517,0.870217,-0.243512,0.000001,29.63255,Road,0,0,0.5,0.5,0.5,0.5,1,1,Valid,#NAME?
06:09.7,790,9.0654,0.898455,1.179747,26.72408,7.180774,336.6057,5.730302,0,0,0,0.891541,1.183243,26.73624,-0.342888,-0.353916,0.870156,-0.254832,0.000001,29.64544,Road,0,0,0.5,0.5,0.5,0.5,1,1,Valid,#NAME?
06:09.7,791,9.0762,0.897739,1.179108,26.72542,7.226723,336.7913,5.73008,0,0,0,0.890863,1.182593,26.73761,-0.342882,-0.353362,0.870383,-0.256654,0.000001,29.65051,Road,0,0,0.5,0.5,0.5,0.5,1,1,Valid,#NAME?
06:09.7,792,9.0874,0.897329,1.178867,26.72614,7.252521,336.8901,5.675824,0,0,0,0.890476,1.182347,26.73835,-0.344428,-0.352501,0.870122,-0.264792,0.000001,29.65688,Road,0,0,0.5,0.5,0.5,0.5,1,1,Valid,#NAME?
06:09.7,793,9.0985,0.896681,1.17854,26.72739,7.288163,337.045,5.62805,0,0,0,0.889864,1.182013,26.73961,-0.342166,-0.353103,0.87077,-0.255535,0.000001,29.65453,Road,0,0,0.5,0.5,0.5,0.5,1,1,Valid,#NAME?
06:09.7,794,9.11,0.89568,1.178299,26.72916,7.336112,337.2512,5.641952,0,0,0,0.888905,1.18176,26.74141,-0.340036,-0.353202,0.871564,-0.248802,0.000001,29.65754,Road,0,0,0.5,0.5,0.5,0.5,1,1,Valid,#NAME?
06:09.7,795,9.1207,0.895004,1.178145,26.73032,7.412701,337.3911,5.680604,0,0,0,0.888254,1.181587,26.74259,-0.33625,-0.341779,0.877567,-0.274216,0.000001,29.77649,Road,0,0,0.5,0.5,0.5,0.5,1,1,Valid,#NAME?
06:09.8,796,9.1324,0.894987,1.178196,26.73045,7.388973,337.4126,5.625548,0,0,0,0.888247,1.181645,26.74273,-0.35291,-0.320953,0.878888,-0.41105,0.000001,29.97851,Road,0,0,0.5,0.5,0.5,0.5,1,1,Valid,#NAME?
06:09.8,797,9.1489,0.894299,1.178088,26.73166,7.372257,337.5642,5.605767,0,0,0,0.887594,1.181541,26.74395,-0.392746,-0.262446,0.881404,-0.880557,0.000002,30.71205,Road,0,0,0.5,0.5,0.5,0.5,1,0.988362,Valid,#NAME?
06:09.8,798,9.1571,0.893805,1.178031,26.7325,7.348731,337.6871,5.617881,0,0,0,0.887125,1.181489,26.7448,-0.390868,-0.262056,0.882354,-0.875117,0.000002,30.72293,Road,0,0,0.5,0.5,0.5,0.5,1,0.988362,Valid,#NAME?
06:09.8,799,9.1652,0.893244,1.178043,26.73363,7.293039,337.8541,5.651036,0,0,0,0.886599,1.181514,26.74594,-0.362076,-0.192632,0.912028,-1.334198,0.000002,32.3399,Road,0,0,0.5,0.5,0.5,0.5,1,0.988362,Valid,#NAME?
06:09.8,800,9.1775,0.892836,1.178178,26.73439,7.250926,337.9831,5.670461,0,0,0,0.886219,1.18166,26.74672,-0.360054,-0.191908,0.91298,-1.330784,0.000002,32.36832,Road,0,0,0.5,0.5,0.5,0.5,1,0.979051,Valid,#NAME?
06:09.8,801,9.1879,0.892414,1.178356,26.73516,7.179477,338.102,5.703966,0,0,0,0.88582,1.181853,26.7475,-0.301891,-0.149763,0.941506,-1.49654,0.000002,34.17738,Road,0,0,0.5,0.5,0.5,0.5,1,0.979051,Valid,#NAME?
06:09.8,802,9.1985,0.892212,1.178642,26.73578,7.065281,338.1987,5.738999,0,0,0,0.885639,1.182167,26.74813,-0.280401,-0.13835,0.94986,-1.510316,0.000002,34.86444,Road,0,0,0.5,0.5,0.5,0.5,1,0.979051,Valid,#NAME?
06:09.8,803,9.2096,0.891897,1.178947,26.73653,6.925801,338.3062,5.813936,0,0,0,0.885346,1.182503,26.74887,-0.247725,-0.129782,0.960098,-1.371783,0.000002,35.49677,Road,0,0,0.5,0.5,0.5,0.5,1,0.983241,Valid,#NAME?
06:09.8,804,9.2209,0.891596,1.179286,26.73733,6.766172,338.3975,5.905902,0,0,0,0.885059,1.182878,26.74967,-0.24632,-0.126842,0.960853,-1.412013,0.000002,35.71018,Road,0,0,0.5,0.5,0.5,0.5,1,0.983241,Valid,#NAME?
06:09.9,805,9.2318,0.891428,1.179714,26.73803,6.549488,338.4457,5.955946,0,0,0,0.884903,1.183357,26.75037,-0.237026,-0.112615,0.964954,-0.656806,0.450866,33.02681,触发点,0,0,0.5,0.5,0.5,0.5,1,0.986593,Valid,#NAME?
06:09.9,806,9.2429,0.891169,1.180121,26.73875,6.361789,338.5024,6.034834,0,0,0,0.884653,1.183808,26.75108,-0.230258,-0.114661,0.966351,-0.587295,0.450827,32.92857,触发点,0,0,0.5,0.5,0.5,0.5,1,0.986593,Valid,#NAME?
06:09.9,807,9.254,0.8909,1.180519,26.73945,6.19331,338.5637,6.106859,0,0,0,0.884396,1.184244,26.75177,-0.229347,-0.111594,0.966927,-0.570693,0.476241,32.88641,触发点,0,0,0.5,0.5,0.5,0.5,1,0.994508,Valid,#NAME?
06:09.9,808,9.2654,0.890829,1.181,26.7401,6.003356,338.566,6.162817,0,0,0,0.884325,1.18477,26.75241,-0.228126,-0.109055,0.967505,-0.553794,0.497284,32.85161,触发点,0,0,0.5,0.5,0.5,0.5,1,0.994508,Valid,#NAME?
06:09.9,809,9.2766,0.890659,1.181329,26.74074,5.796385,338.6059,6.21981,0,0,0,0.884163,1.185147,26.75304,-0.230323,-0.110046,0.966872,-0.576093,0.487451,32.88304,触发点,0,0,0.5,0.5,0.5,0.5,1,0.996485,Valid,#NAME?
06:09.9,810,9.2875,0.890533,1.181667,26.74134,5.67697,338.6594,6.248413,0,0,0,0.884049,1.185513,26.75363,-0.231865,-0.109725,0.96654,-0.590048,0.487931,32.89847,触发点,0,0,0.5,0.5,0.5,0.5,1,0.996485,Valid,#NAME?
06:09.9,811,9.3043,0.890633,1.182014,26.74183,5.584364,338.7296,6.309639,0,0,0,0.884163,1.185881,26.75413,-0.23642,-0.11086,0.965306,-0.640642,0.470884,32.97993,触发点,0,0,0.5,0.5,0.5,0.5,1,0.998201,Valid,#NAME?
06:09.9,812,9.3112,0.890572,1.182114,26.74236,5.482798,338.7843,6.277766,0,0,0,0.884117,1.186007,26.75465,-0.235574,-0.109185,0.965704,-0.625846,0.486163,32.94453,触发点,0,0,0.5,0.5,0.5,0.5,1,0.998201,Valid,#NAME?
06:09.9,813,9.3206,0.890553,1.182174,26.74269,5.423657,338.8317,6.26413,0,0,0,0.884111,1.18608,26.75499,-0.234203,-0.108865,0.966073,-0.610495,0.491343,32.92014,触发点,0,0,0.5,0.5,0.5,0.5,1,0.999079,Valid,#NAME?
06:10.0,814,9.3319,0.890518,1.182307,26.74321,5.330171,338.8856,6.265248,0,0,0,0.88409,1.186236,26.7555,-0.233358,-0.107254,0.966458,-0.597992,0.505054,32.89358,触发点,0,0,0.5,0.5,0.5,0.5,1,0.99941,Valid,#NAME?
06:10.0,815,9.3433,0.890663,1.182294,26.74358,5.290759,338.9525,6.151372,0,0,0,0.88426,1.186235,26.75589,-0.230291,-0.10556,0.96738,-0.565348,0.521766,32.84525,触发点,0,0,0.5,0.5,0.5,0.5,1,0.99941,Valid,#NAME?
06:10.0,816,9.3542,0.890654,1.182377,26.74409,5.227583,339.0139,6.099925,0,0,0,0.884272,1.186335,26.7564,-0.228889,-0.104928,0.967781,-0.551461,0.528161,32.8269,触发点,0,0,0.5,0.5,0.5,0.5,1,0.999623,Valid,#NAME?
06:10.0,817,9.3651,0.890688,1.182475,26.74462,5.170577,339.0708,6.032555,0,0,0,0.884323,1.18645,26.75693,-0.226381,-0.104081,0.968462,-0.528046,0.537096,32.79908,触发点,0,0,0.5,0.5,0.5,0.5,1,0.999623,Valid,#NAME?
06:10.0,818,9.3767,0.89069,1.182567,26.74516,5.101609,339.1336,5.974263,0,0,0,0.884346,1.18656,26.75748,-0.225373,-0.103031,0.968809,-0.517754,0.545579,32.78466,触发点,0,0,0.5,0.5,0.5,0.5,1,0.999807,Valid,#NAME?
06:10.0,819,9.3875,0.890701,1.182568,26.74572,5.035902,339.1971,5.935685,0,0,0,0.884377,1.186577,26.75804,-0.223376,-0.102607,0.969317,-0.500388,0.550491,32.76709,触发点,0,0,0.5,0.5,0.5,0.5,1,0.999807,Valid,#NAME?
06:10.0,820,9.3985,0.890684,1.182534,26.74629,4.943397,339.2642,5.907588,0,0,0,0.884378,1.186566,26.75861,-0.22229,-0.101538,0.969679,-0.489983,0.558785,32.75388,触发点,0,0,0.5,0.5,0.5,0.5,1,0.999807,Valid,#NAME?
06:10.0,821,9.4095,0.890638,1.182494,26.74699,4.897763,339.3284,5.888142,0,0,0,0.88435,1.186538,26.75932,-0.221244,-0.100942,0.96998,-0.480666,0.563751,32.74384,触发点,0,0,0.5,0.5,0.5,0.5,1,0.999921,Valid,#NAME?
06:10.0,822,9.4208,0.890556,1.1824,26.74774,4.82096,339.3867,5.845795,0,0,0,0.884285,1.186462,26.76007,-0.220313,-0.099721,0.970319,-0.471698,0.572702,32.73219,触发点,0,0,0.5,0.5,0.5,0.5,1,0.999921,Valid,#NAME?
06:10.1,823,9.4318,0.890345,1.182328,26.74864,4.786183,339.4506,5.868703,0,0,0,0.884087,1.186399,26.76097,-0.219216,-0.099132,0.970627,-0.462402,0.577497,32.72286,触发点,0,0,0.5,0.5,0.5,0.5,1,0.999921,Valid,#NAME?
06:10.1,824,9.4431,0.890137,1.182176,26.74955,4.714985,339.5177,5.839419,0,0,0,0.883898,1.186265,26.76189,-0.219035,-0.097822,0.970801,-0.459557,0.586272,32.7163,触发点,0,0,0.5,0.5,0.5,0.5,1,0.999949,Valid,#NAME?
06:10.1,825,9.4596,0.88983,1.18198,26.75068,4.657156,339.6029,5.801247,0,0,0,0.883612,1.186083,26.76302,-0.218386,-0.096782,0.971051,-0.453482,0.593524,32.7084,触发点,0,0,0.5,0.5,0.5,0.5,1,0.99996,Valid,#NAME?
06:10.1,826,9.4671,0.889471,1.181694,26.75191,4.585299,339.6879,5.749429,0,0,0,0.883278,1.185816,26.76426,-0.216998,-0.095665,0.971473,-0.441816,0.601638,32.69654,触发点,0,0,0.5,0.5,0.5,0.5,1,0.99996,Valid,#NAME?
06:10.1,827,9.4765,0.889046,1.18125,26.75333,4.478387,339.7898,5.694897,0,0,0,0.882881,1.185399,26.76569,-0.217571,-0.093929,0.971515,-0.444639,0.612289,32.69344,触发点,0,0,0.5,0.5,0.5,0.5,1,0.999974,Valid,#NAME?
06:10.1,828,9.4876,0.888632,1.180838,26.75471,4.396792,339.8864,5.679375,0,0,0,0.882492,1.185007,26.76707,-0.218418,-0.093211,0.971394,-0.450546,0.616125,32.69564,触发点,0,0,0.5,0.5,0.5,0.5,1,0.999974,Valid,#NAME?
06:10.1,829,9.4984,0.88818,1.180421,26.75613,4.339182,339.9794,5.660568,0,0,0,0.882063,1.184604,26.7685,-0.216877,-0.092261,0.971829,-0.438132,0.622987,32.68431,触发点,0,0,0.5,0.5,0.5,0.5,1,0.999974,Valid,#NAME?
06:10.1,830,9.5096,0.887455,1.179556,26.75808,4.287202,340.0601,5.659364,0,0,0,0.881357,1.183752,26.77045,-0.216888,-0.091735,0.971877,-0.438147,0.625657,32.68316,触发点,0,0,0.5,0.5,0.5,0.5,1,0.999989,Valid,#NAME?
06:10.1,831,9.5207,0.886822,1.178841,26.75984,4.258127,340.1452,5.659474,0,0,0,0.880743,1.183043,26.77222,-0.217871,-0.091139,0.971713,-0.445373,0.628307,32.68674,触发点,0,0,0.5,0.5,0.5,0.5,1,0.999993,Valid,#NAME?
06:10.2,832,9.5327,0.885668,1.177533,26.76266,4.23592,340.2358,5.669455,0,0,0,0.87961,1.181741,26.77505,-0.216345,-0.090735,0.972092,-0.434222,0.630724,32.67842,触发点,0,0,0.5,0.5,0.5,0.5,1,0.999996,Valid,#NAME?
06:10.2,833,9.543,0.884592,1.176374,26.76522,4.229365,340.32,5.673687,0,0,0,0.878552,1.180583,26.77761,-0.21689,-0.089763,0.97206,-0.438161,0.635642,32.67887,触发点,0,0,0.5,0.5,0.5,0.5,1,0.999996,Valid,#NAME?
06:10.2,834,9.5543,0.883524,1.175095,26.7678,4.159953,340.3777,5.636065,0,0,0,0.877501,1.179321,26.7802,-0.217515,-0.087257,0.972149,-0.441436,0.650225,32.67497,触发点,0,0,0.5,0.5,0.5,0.5,1,0.999997,Valid,#NAME?
06:10.2,835,9.5651,0.882385,1.173824,26.77045,4.103602,340.4569,5.648095,0,0,0,0.876379,1.178064,26.78286,-0.216198,-0.086259,0.972532,-0.431528,0.656234,32.66626,触发点,0,0,0.5,0.5,0.5,0.5,1,0.999998,Valid,#NAME?
06:10.2,836,9.5763,0.881453,1.172801,26.77259,4.038147,340.5101,5.649395,0,0,0,0.87546,1.177057,26.785,-0.217383,-0.084405,0.97243,-0.43953,0.666479,32.6674,触发点,0,0,0.5,0.5,0.5,0.5,1,0.999998,Valid,#NAME?
06:10.2,837,9.5875,0.879948,1.171146,26.77604,3.935798,340.5812,5.671613,0,0,0,0.87397,1.175426,26.78844,-0.218234,-0.081714,0.972469,-0.444861,0.681611,32.66526,触发点,0,0,0.5,0.5,0.5,0.5,1,0.999999,Valid,#NAME?
06:10.2,838,9.5985,0.878437,1.169424,26.77937,3.873107,340.6857,5.678386,0,0,0,0.872484,1.173718,26.79178,-0.218427,-0.079755,0.972589,-0.445902,0.692333,32.66216,触发点,0,0,0.5,0.5,0.5,0.5,1,0.999999,Valid,#NAME?
06:10.2,839,9.616,0.876696,1.167391,26.78322,3.862124,340.8025,5.669024,0,0,0,0.870768,1.171688,26.79564,-0.218729,-0.078695,0.972607,-0.448583,0.697011,32.6623,触发点,0,0,0.5,0.5,0.5,0.5,1,0.999999,Valid,#NAME?
06:10.2,840,9.6234,0.874929,1.165236,26.78711,3.911489,340.9673,5.547723,0,0,0,0.869047,1.169524,26.79955,-0.215927,-0.079787,0.973144,-0.429731,0.689614,32.6529,触发点,0,0,0.5,0.5,0.5,0.5,1,0.999999,Valid,#NAME?
06:10.3,841,9.6319,0.87314,1.163093,26.79105,3.921631,341.1115,5.412118,0,0,0,0.8673,1.167382,26.80351,-0.214683,-0.079736,0.973424,-0.421753,0.688613,32.64839,触发点,0,0,0.5,0.5,0.5,0.5,1,1,Valid,#NAME?
06:10.3,842,9.643,0.870586,1.160234,26.79668,4.015905,341.3717,5.256092,0,0,0,0.864815,1.164506,26.80918,-0.212822,-0.081419,0.973693,-0.411003,0.676419,32.64624,触发点,0,0,0.5,0.5,0.5,0.5,1,1,Valid,#NAME?
06:10.3,843,9.6541,0.868572,1.158082,26.80112,4.072883,341.584,5.120857,0,0,0,0.862858,1.162343,26.81366,-0.209208,-0.082661,0.974371,-0.387157,0.668443,32.6355,触发点,0,0,0.5,0.5,0.5,0.5,1,1,Valid,#NAME?
06:10.3,844,9.6651,0.866356,1.155803,26.80588,4.13283,341.8279,4.97984,0,0,0,0.860704,1.160054,26.81844,-0.206346,-0.083743,0.974889,-0.369045,0.660972,32.62845,触发点,0,0,0.5,0.5,0.5,0.5,1,1,Valid,#NAME?
06:10.3,845,9.6763,0.864086,1.153561,26.81085,4.190695,342.0883,4.837724,0,0,0,0.858503,1.157801,26.82345,-0.205629,-0.084348,0.974988,-0.365863,0.655571,32.62878,触发点,0,0,0.5,0.5,0.5,0.5,1,1,Valid,#NAME?
06:10.3,846,9.6874,0.861824,1.151316,26.81581,4.17176,342.3752,4.637058,0,0,0,0.856321,1.155565,26.82845,-0.200786,-0.084385,0.975994,-0.33365,0.655454,32.61275,触发点,0,0,0.5,0.5,0.5,0.5,1,1,Valid,#NAME?
06:10.3,847,9.6985,0.859566,1.149428,26.82105,4.238616,342.6455,4.66281,0,0,0,0.854118,1.153661,26.83371,-0.198249,-0.085082,0.976452,-0.318095,0.650588,32.60731,触发点,0,0,0.5,0.5,0.5,0.5,1,1,Valid,#NAME?
06:10.3,848,9.7097,0.857279,1.147512,26.82637,4.30125,342.9181,4.620814,0,0,0,0.851896,1.151731,26.83907,-0.19358,-0.08624,0.977287,-0.288652,0.643619,32.5971,触发点,0,0,0.5,0.5,0.5,0.5,1,1,Valid,#NAME?
06:10.3,849,9.7205,0.855047,1.145742,26.83162,4.413608,343.2189,4.666943,0,0,0,0.849724,1.149933,26.84435,-0.188392,-0.088101,0.978134,-0.256642,0.632542,32.58864,触发点,0,0,0.5,0.5,0.5,0.5,1,1,Valid,#NAME?
06:10.4,850,9.732,0.852694,1.143918,26.8372,4.578249,343.5961,4.688336,0,0,0,0.84745,1.148069,26.84997,-0.175334,-0.086784,0.980677,-0.173058,0.642956,32.55786,触发点,0,0,0.5,0.5,0.5,0.5,1,1,Valid,#NAME?
06:10.4,851,9.743,0.850445,1.142058,26.84242,4.773316,343.9676,4.61773,0,0,0,0.845287,1.146164,26.85524,-0.140314,-0.085763,0.986386,0.039178,0.653453,32.52206,触发点,0,0,0.5,0.5,0.5,0.5,1,1,Valid,#NAME?
06:10.4,852,9.7541,0.848225,1.140331,26.84755,4.995957,344.3562,4.509882,0,0,0,0.843157,1.144386,26.86042,-0.075775,-0.073476,0.994414,0.408801,0.723206,32.56061,触发点,0,0,0.5,0.5,0.5,0.5,1,1,Valid,#NAME?
06:10.4,853,9.7723,0.845856,1.138712,26.85324,5.272144,344.8253,4.405974,0,0,0,0.840899,1.142703,26.86618,-0.047042,-0.070804,0.99638,0.568589,0.732844,32.63386,触发点,0,0,0.5,0.5,0.5,0.5,1,1,Valid,#NAME?
06:10.4,854,9.7803,0.843653,1.137302,26.85879,5.554497,345.2545,4.397492,0,0,0,0.838787,1.141226,26.87179,-0.039483,-0.075635,0.996354,0.609057,0.701143,32.66911,触发点,0,0,0.5,0.5,0.5,0.5,1,1,Valid,#NAME?
06:10.4,855,9.7881,0.841772,1.136061,26.86407,5.774983,345.6353,4.555684,0,0,0,0.836977,1.139927,26.87711,-0.016502,-0.07526,0.997027,0.739344,0.694644,32.7761,触发点,0,0,0.5,0.5,0.5,0.5,1,1,Valid,#NAME?
06:10.4,856,9.7985,0.840099,1.134847,26.86917,6.019982,345.9621,4.691129,0,0,0,0.835362,1.138651,26.88225,-0.010801,-0.078863,0.996827,0.771032,0.668953,32.81921,触发点,0,0,0.5,0.5,0.5,0.5,1,1,Valid,#NAME?
06:10.4,857,9.8097,0.838291,1.133467,26.87436,6.209799,346.2834,4.82065,0,0,0,0.833614,1.137221,26.88747,0.004108,-0.079104,0.996858,0.858537,0.657372,32.93449,触发点,0,0,0.5,0.5,0.5,0.5,1,1,Valid,#NAME?
06:10.4,858,9.8206,0.836515,1.132118,26.87932,6.419456,346.6064,4.834341,0,0,0,0.831907,1.135822,26.89248,0.008456,-0.081281,0.996656,0.883602,0.638932,32.9853,触发点,0,0,0.5,0.5,0.5,0.5,1,1,Valid,#NAME?
06:10.5,859,9.8322,0.834887,1.131081,26.88403,6.568124,346.9433,4.735808,0,0,0,0.830362,1.134751,26.89722,0.013851,-0.083158,0.99644,0.916012,0.620515,33.05906,触发点,0,0,0.5,0.5,0.5,0.5,1,1,Valid,#NAME?
06:10.5,860,9.8429,0.833307,1.130213,26.88865,6.707568,347.2602,4.538821,0,0,0,0.828871,1.133854,26.90187,0.01952,-0.086327,0.996076,0.951876,0.589851,33.17877,触发点,0,0,0.5,0.5,0.5,0.5,1,1,Valid,#NAME?
06:10.5,861,9.8541,0.831801,1.12934,26.89302,6.807493,347.5751,4.433798,0,0,0,0.827446,1.132959,26.90628,0.020568,-0.087926,0.995915,0.957799,0.575708,33.21815,触发点,0,0,0.5,0.5,0.5,0.5,1,1,Valid,#NAME?
06:10.5,862,9.8651,0.830488,1.128801,26.8973,6.874366,347.9387,4.358058,0,0,0,0.826223,1.132407,26.91059,0.027885,-0.085456,0.995952,1.195742,0.000003,40.10827,Road,0,0,0.5,0.5,0.5,0.5,1,1,Valid,#NAME?
06:10.5,863,9.8761,0.829693,1.128492,26.90011,6.923936,348.1629,4.309072,0,0,0,0.825483,1.132087,26.91343,0.027333,-0.083527,0.996131,1.195935,0.000003,40.41444,Road,0,0,0.5,0.5,0.5,0.5,1,1,Valid,#NAME?
06:10.5,864,9.8874,0.828524,1.127982,26.90425,6.944222,348.5012,4.287562,0,0,0,0.824394,1.131572,26.91759,0.033234,-0.083957,0.995915,1.272319,0.000003,40.34057,Road,0,0,0.5,0.5,0.5,0.5,1,1,Valid,#NAME?
06:10.5,865,9.8984,0.827448,1.127509,26.90807,7.015681,348.8117,4.205341,0,0,0,0.823399,1.131084,26.92144,0.035631,-0.082399,0.995962,1.312503,0.000003,40.59293,Road,0,0,0.5,0.5,0.5,0.5,1,1,Valid,#NAME?
06:10.5,866,9.9096,0.826475,1.127042,26.91159,7.085924,349.0866,4.082849,0,0,0,0.822498,1.130602,26.92498,0.036679,-0.081179,0.996025,1.333334,0.000003,40.79686,Road,0,0,0.5,0.5,0.5,0.5,1,1,Valid,#NAME?
06:10.6,867,9.9273,0.825481,1.126541,26.91507,7.174549,349.3685,3.935807,0,0,0,0.821585,1.130084,26.92849,0.03779,-0.080333,0.996052,1.353186,0.000003,40.94033,Road,0,0,0.5,0.5,0.5,0.5,1,1,Valid,#NAME?
06:10.6,868,9.9352,0.824688,1.126194,26.91799,7.301885,349.6075,3.750385,0,0,0,0.820862,1.12971,26.93144,0.042126,-0.083203,0.995642,1.392839,0.000003,40.45004,Road,0,0,0.5,0.5,0.5,0.5,1,1,Valid,#NAME?
06:10.6,869,9.9428,0.82398,1.1259,26.92061,7.386374,349.8375,3.60667,0,0,0,0.820221,1.129399,26.93409,0.044112,-0.083967,0.995492,1.413553,0.000003,40.32392,Road,0,0,0.5,0.5,0.5,0.5,1,1,Valid,#NAME?
06:10.6,870,9.9538,0.82325,1.125588,26.92341,7.461168,350.0439,3.441739,0,0,0,0.819552,1.129073,26.9369,0.043744,-0.084209,0.995488,1.406063,0.000003,40.28432,Road,0,0,0.5,0.5,0.5,0.5,1,1,Valid,#NAME?
06:10.6,871,9.9651,0.822668,1.125356,26.92568,7.489921,350.1995,3.302591,0,0,0,0.819019,1.128836,26.93919,0.046569,-0.085216,0.995274,1.435902,0.000003,40.12335,Road,0,0,0.5,0.5,0.5,0.5,1,1,Valid,#NAME?
06:10.6,872,9.9761,0.822172,1.125417,26.92802,7.520766,350.3193,3.196677,0,0,0,0.818562,1.128892,26.94154,0.044852,-0.084625,0.995403,1.416878,0.000003,40.22008,Road,0,0,0.5,0.5,0.5,0.5,1,1,Valid,#NAME?
06:10.6,873,9.9872,0.821714,1.125497,26.93012,7.500193,350.3812,3.014376,0,0,0,0.818134,1.128981,26.94365,0.043036,-0.082684,0.995646,1.405752,0.000003,40.53835,Road,0,0,0.5,0.5,0.5,0.5,1,1,Valid,#NAME?
06:10.6,874,9.9983,0.821289,1.12562,26.93186,7.524558,350.4113,2.779648,0,0,0,0.817738,1.129104,26.94539,0.043765,-0.083947,0.995509,1.40638,0.000003,40.3352,Road,0,0,0.5,0.5,0.5,0.5,1,1,Valid,#NAME?
06:10.6,875,10.0095,0.820963,1.125619,26.93362,7.529634,350.4947,2.50233,0,0,0,0.817455,1.129107,26.94716,0.037959,-0.084386,0.99571,1.325362,0.000003,40.27004,Road,0,0,0.5,0.5,0.5,0.5,1,1,Valid,#NAME?
06:10.6,876,10.0206,0.820818,1.125659,26.93501,7.521489,350.5581,2.204117,0,0,0,0.817352,1.129155,26.94856,0.03402,-0.083767,0.995905,1.275925,0.000003,40.37304,Road,0,0,0.5,0.5,0.5,0.5,1,1,Valid,#NAME?
06:10.7,877,10.0318,0.82089,1.125676,26.93603,7.485843,350.6626,1.998427,0,0,0,0.817469,1.129185,26.94959,0.030547,-0.082657,0.99611,1.234772,0.000003,40.55746,Road,0,0,0.5,0.5,0.5,0.5,1,1,Valid,#NAME?
06:10.7,878,10.0428,0.821045,1.125757,26.93698,7.439006,350.7886,1.773156,0,0,0,0.817675,1.129282,26.95055,0.032917,-0.082606,0.996039,1.267675,0.000003,40.56709,Road,0,0,0.5,0.5,0.5,0.5,1,1,Valid,#NAME?
06:10.7,879,10.0541,0.821171,1.125819,26.93793,7.405056,350.9262,1.520831,0,0,0,0.817856,1.129358,26.95151,0.032913,-0.082513,0.996046,1.268332,0.000003,40.58435,Road,0,0,0.5,0.5,0.5,0.5,1,1,Valid,#NAME?
06:10.7,880,10.065,0.821337,1.125863,26.93828,7.400156,351.1217,1.171963,0,0,0,0.8181,1.129409,26.95188,0.031605,-0.081748,0.996152,1.254742,0.000003,40.71451,Road,0,0,0.5,0.5,0.5,0.5,1,1,Valid,#NAME?
06:10.7,881,10.082,0.821457,1.12597,26.93873,7.40134,351.3286,0.753144,0,0,0,0.818308,1.129524,26.95234,0.03281,-0.082245,0.996072,1.268905,0.000003,40.63208,Road,0,0,0.5,0.5,0.5,0.5,1,1,Valid,#NAME?
06:10.7,882,10.0891,0.821596,1.126092,26.93879,7.378739,351.5668,0.25421,0,0,0,0.818548,1.129661,26.95242,0.037353,-0.083437,0.995813,1.324281,0.000003,40.43484,Road,0,0,0.5,0.5,0.5,0.5,1,1,Valid,#NAME?
06:10.7,883,10.0984,0.821617,1.126204,26.93853,7.332922,351.8812,359.6945,0,0,0,0.818697,1.129793,26.95219,0.037566,-0.082383,0.995893,1.333873,0.000003,40.60979,Road,0,0,0.5,0.5,0.5,0.5,1,1,Valid,#NAME?
06:10.7,884,10.1094,0.821709,1.126357,26.93838,7.280718,352.1621,359.209,0,0,0,0.818899,1.129967,26.95205,0.042823,-0.082986,0.99563,1.401992,0.000003,40.50895,Road,0,0,0.5,0.5,0.5,0.5,1,1,Valid,#NAME?
06:10.7,885,10.1206,0.821816,1.126428,26.93785,7.204079,352.4886,358.7537,0,0,0,0.819128,1.130063,26.95154,0.043595,-0.081622,0.99571,1.422697,0.000003,40.73717,Road,0,0,0.5,0.5,0.5,0.5,1,1,Valid,#NAME?
06:10.8,886,10.1317,0.821762,1.126437,26.93709,7.154271,352.8356,358.3416,0,0,0,0.819197,1.130091,26.9508,0.046224,-0.080675,0.995668,1.466703,0.000003,40.89809,Road,0,0,0.5,0.5,0.5,0.5,1,1,Valid,#NAME?
06:10.8,887,10.1429,0.821808,1.126489,26.936,7.098794,353.2067,357.9501,0,0,0,0.819368,1.130161,26.94973,0.048354,-0.07905,0.995697,1.510679,0.000003,41.18504,Road,0,0,0.5,0.5,0.5,0.5,1,1,Valid,#NAME?
06:10.8,888,10.1538,0.8218,1.126581,26.93521,7.063295,353.5219,357.5944,0,0,0,0.819468,1.130267,26.94896,0.054102,-0.079463,0.995369,1.589009,0.000003,41.10691,Road,0,0,0.5,0.5,0.5,0.5,1,1,Valid,#NAME?
06:10.8,889,10.1651,0.821472,1.126715,26.93398,7.058062,353.9271,357.2434,0,0,0,0.819271,1.130407,26.94775,0.058598,-0.079768,0.99509,1.649676,0.000003,41.04935,Road,0,0,0.5,0.5,0.5,0.5,1,1,Valid,#NAME?
06:10.8,890,10.1762,0.821302,1.126816,26.93243,6.997918,354.3166,356.8484,0,0,0,0.819231,1.130527,26.94621,0.057269,-0.078093,0.9953,1.648294,0.000003,41.35476,Road,0,0,0.5,0.5,0.5,0.5,1,1,Valid,#NAME?
06:10.8,891,10.1874,0.821095,1.126821,26.93071,6.951268,354.7686,356.466,0,0,0,0.81917,1.130548,26.94451,0.063026,-0.077548,0.994995,1.737996,0.000003,41.45011,Road,0,0,0.5,0.5,0.5,0.5,1,1,Valid,#NAME?
06:10.8,892,10.1984,0.820549,1.126652,26.92875,6.893374,355.2418,356.1094,0,0,0,0.818771,1.130398,26.94256,0.071502,-0.077502,0.994425,1.861652,0.000003,41.44658,Road,0,0,0.5,0.5,0.5,0.5,1,1,Valid,#NAME?
06:10.8,893,10.2103,0.820152,1.126518,26.92641,6.808986,355.713,355.7765,0,0,0,0.81852,1.130287,26.94024,0.07463,-0.075834,0.994324,1.930858,0.000003,41.76044,Road,0,0,0.5,0.5,0.5,0.5,1,1,Valid,#NAME?
06:10.8,894,10.2208,0.819717,1.126568,26.924,6.716414,356.1351,355.5205,0,0,0,0.818211,1.130362,26.93783,0.076396,-0.074201,0.994313,1.981993,0.000004,42.08483,Road,0,0,0.5,0.5,0.5,0.5,1,1,Valid,#NAME?
06:10.9,895,10.2375,0.818918,1.126882,26.92189,6.662206,356.5608,355.3157,0,0,0,0.817534,1.130692,26.93572,0.076978,-0.073299,0.994335,2.00497,0.000004,42.27401,Road,0,0,0.5,0.5,0.5,0.5,1,1,Valid,#NAME?
06:10.9,896,10.2444,0.818594,1.127442,26.92018,6.593985,356.8014,355.2201,0,0,0,0.817276,1.131269,26.93402,0.081218,-0.072349,0.994067,2.087222,0.000004,42.47743,Road,0,0,0.5,0.5,0.5,0.5,1,1,Valid,#NAME?
06:10.9,897,10.254,0.817946,1.128481,26.91768,6.556377,357.1394,355.1433,0,0,0,0.816717,1.132318,26.93153,0.087776,-0.070987,0.993608,2.216848,0.000004,42.78068,Road,0,0,0.5,0.5,0.5,0.5,1,1,Valid,#NAME?
06:10.9,898,10.265,0.817373,1.129299,26.91533,6.526543,357.493,354.9661,0,0,0,0.816246,1.133144,26.92918,0.081838,-0.070555,0.994145,2.130595,0.000004,42.89555,Road,0,0,0.5,0.5,0.5,0.5,1,1,Valid,#NAME?
06:10.9,899,10.2762,0.816828,1.130064,26.91307,6.580165,357.8755,354.8384,0,0,0,0.815805,1.133898,26.92693,0.088569,-0.071759,0.993482,2.215329,0.000004,42.62548,Road,0,0,0.5,0.5,0.5,0.5,1,1,Valid,#NAME?
06:10.9,900,10.2872,0.816448,1.130595,26.9115,6.618528,358.1406,354.75,0,0,0,0.8155,1.13442,26.92537,0.093232,-0.072613,0.992993,2.272041,0.000004,42.43864,Road,0,0,0.5,0.5,0.5,0.5,1,1,Valid,#NAME?
06:10.9,901,10.2984,0.814533,1.131696,26.90665,6.588246,358.5338,354.6201,0,0,0,0.81369,1.13553,26.92053,0.10014,-0.072373,0.992338,2.384879,0.000004,42.49028,Road,0,0,0.5,0.5,0.5,0.5,1,1,Valid,#NAME?
06:10.9,902,10.3094,0.813564,1.132297,26.90303,6.477199,358.8501,354.3785,0,0,0,0.812822,1.136159,26.91691,0.105788,-0.070981,0.991852,2.506113,0.000004,42.79292,Road,0,0,0.5,0.5,0.5,0.5,1,1,Valid,#NAME?
06:10.9,903,10.3205,0.812542,1.132729,26.899,6.437521,359.2212,354.2467,0,0,0,0.811903,1.136602,26.91288,0.085157,-0.069159,0.993964,2.211435,0.000004,43.24834,Road,0,0,0.5,0.5,0.5,0.5,1,1,Valid,#NAME?
06:11.0,904,10.3317,0.81011,1.133322,26.89185,6.433914,359.8552,354.031,0,0,0,0.809645,1.137197,26.90573,0.090501,-0.068753,0.99352,2.306548,0.000004,43.33883,Road,0,0,0.5,0.5,0.5,0.5,1,1,Valid,#NAME?
06:11.0,905,10.3431,0.808849,1.133637,26.88692,6.416704,0.221745,353.8719,0,0,0,0.808487,1.137518,26.90081,0.080907,-0.067033,0.994465,2.181449,0.000004,43.77648,Road,0,0,0.5,0.5,0.5,0.5,1,1,Valid,#NAME?
06:11.0,906,10.355,0.807858,1.133853,26.88366,6.378106,0.409946,353.7438,0,0,0,0.807552,1.137744,26.89754,0.084273,-0.066534,0.994219,2.248636,0.000004,43.8989,Road,0,0,0.5,0.5,0.5,0.5,1,1,Valid,#NAME?
06:11.0,907,10.3651,0.806019,1.134151,26.87901,6.346419,0.708036,353.5818,0,0,0,0.805801,1.138052,26.89289,0.078698,-0.065238,0.994762,2.17866,0.000004,44.24612,Road,0,0,0.5,0.5,0.5,0.5,1,1,Valid,#NAME?
06:11.0,908,10.3761,0.804211,1.134366,26.87366,6.354766,1.002253,353.4352,0,0,0,0.804079,1.138265,26.88754,0.078875,-0.064999,0.994763,2.185336,0.000004,44.30791,Road,0,0,0.5,0.5,0.5,0.5,1,1,Valid,#NAME?
06:11.0,909,10.3933,0.802233,1.134509,26.86813,6.321649,1.272043,353.2628,0,0,0,0.802183,1.138418,26.88201,0.066578,-0.064468,0.995696,1.977857,0.000004,44.4647,Road,0,0,0.5,0.5,0.5,0.5,1,1,Valid,#NAME?
06:11.0,910,10.4011,0.799807,1.134701,26.86266,6.334697,1.527186,353.1413,0,0,0,0.79983,1.138607,26.87654,0.071107,-0.064789,0.995362,2.049475,0.000004,44.36917,Road,0,0,0.5,0.5,0.5,0.5,1,1,Valid,#NAME?
06:11.0,911,10.4095,0.797388,1.1349,26.85683,6.29817,1.771293,353.0124,0,0,0,0.797482,1.138815,26.87071,0.073277,-0.062819,0.995331,2.125886,0.000004,44.9146,Road,0,0,0.5,0.5,0.5,0.5,1,1,Valid,#NAME?
06:11.0,912,10.4205,0.79505,1.135187,26.8511,6.260396,1.969802,352.9647,0,0,0,0.795197,1.139112,26.86498,0.067489,-0.06467,0.995622,1.983958,0.000004,44.40216,Road,0,0,0.5,0.5,0.5,0.5,1,1,Valid,#NAME?
06:11.1,913,10.4317,0.792288,1.135529,26.84546,6.192978,2.131696,352.9349,0,0,0,0.792477,1.13947,26.85933,0.070327,-0.063513,0.9955,2.054194,0.000004,44.71925,Road,0,0,0.5,0.5,0.5,0.5,1,1,Valid,#NAME?
06:11.1,914,10.4428,0.788342,1.136027,26.83747,6.080603,2.272733,352.9156,0,0,0,0.788565,1.139996,26.85133,0.063039,-0.063898,0.995964,1.913228,0.000004,44.62011,Road,0,0,0.5,0.5,0.5,0.5,1,1,Valid,#NAME?
06:11.1,915,10.4539,0.785606,1.136392,26.83181,6.011864,2.376291,352.8557,0,0,0,0.785862,1.140378,26.84567,0.05664,-0.065696,0.996231,1.769035,0.000004,44.13845,Road,0,0,0.5,0.5,0.5,0.5,1,1,Valid,#NAME?
06:11.1,916,10.4672,0.781508,1.137198,26.82579,6.002767,2.346923,352.6992,0,0,0,0.781771,1.141187,26.83965,0.050525,-0.066982,0.996474,1.642574,0.000004,43.81676,Road,0,0,0.5,0.5,0.5,0.5,1,1,Valid,#NAME?
06:11.1,917,10.4764,0.778292,1.137923,26.82024,6.086811,2.336754,352.5489,0,0,0,0.778566,1.141892,26.8341,0.050443,-0.068471,0.996377,1.619802,0.000004,43.45073,Road,0,0,0.5,0.5,0.5,0.5,1,1,Valid,#NAME?
06:11.1,918,10.4874,0.77467,1.138718,26.81408,6.242433,2.382255,352.3786,0,0,0,0.774971,1.14265,26.82795,0.048375,-0.072368,0.996204,1.538787,0.000004,42.55746,Road,0,0,0.5,0.5,0.5,0.5,1,1,Valid,#NAME?
06:11.1,919,10.4985,0.770868,1.139498,26.80873,6.487202,2.40098,352.2444,0,0,0,0.771189,1.143372,26.82262,0.041006,-0.078551,0.996067,1.368066,0.000003,41.32119,Road,0,0,0.5,0.5,0.5,0.5,1,1,Valid,#NAME?
06:11.1,920,10.5097,0.766678,1.13998,26.80256,6.938227,2.384213,352.1685,0,0,0,0.767002,1.143744,26.81647,0.040733,-0.086395,0.995428,1.306253,0.000003,39.99453,Road,0,0,0.5,0.5,0.5,0.5,1,1,Valid,#NAME?
06:11.1,921,10.5206,0.762804,1.140225,26.79668,7.386538,2.357329,352.1366,0,0,0,0.763126,1.143881,26.81062,0.032245,-0.096072,0.994852,1.147046,0.000003,38.65581,Road,0,0,0.5,0.5,0.5,0.5,1,1,Valid,#NAME?
06:11.2,922,10.5318,0.75816,1.140184,26.79115,8.019011,2.243017,352.1523,0,0,0,0.758453,1.143686,26.80514,0.025735,-0.108056,0.993812,1.030833,0.000003,37.32378,Road,0,0,0.5,0.5,0.5,0.5,1,1,Valid,#NAME?
06:11.2,923,10.5488,0.753567,1.139762,26.78503,8.801584,2.060656,352.2335,0,0,0,0.753811,1.143072,26.79906,0.008322,-0.12719,0.991844,0.808676,0.304546,33.338,触发点,0,0,0.5,0.5,0.5,0.5,1,1,Valid,#NAME?
06:11.2,924,10.5565,0.749237,1.139256,26.77934,9.598019,1.883415,352.3093,0,0,0,0.749432,1.142369,26.79342,0.005158,-0.140995,0.989997,0.791223,0.000002,34.81457,Road,0,0,0.5,0.5,0.5,0.5,1,1,Valid,#NAME?
06:11.2,925,10.5652,0.743902,1.138287,26.7737,10.54766,1.624883,352.4239,0,0,0,0.744022,1.141166,26.78783,-0.134003,-0.242586,0.960831,0.113652,0.000002,31.30775,Road,0,0,0.5,0.5,0.5,0.5,1,1,Valid,#NAME?
06:11.2,926,10.5761,0.738918,1.137263,26.76756,11.47224,1.416676,352.6091,0,0,0,0.738974,1.139914,26.78173,-0.216862,-0.379854,0.899267,0.088189,0.000001,29.48037,Road,0,0,0.5,0.5,0.5,0.5,1,1,Valid,#NAME?
06:11.2,927,10.5872,0.733782,1.136406,26.76134,12.28404,1.266556,352.8499,0,0,0,0.733778,1.138855,26.77555,-0.218523,-0.393457,0.892995,0.101268,0.000001,29.36031,Road,0,0,0.5,0.5,0.5,0.5,1,1,Valid,#NAME?
06:11.2,928,10.5984,0.728602,1.135915,26.75604,12.94987,1.154962,353.1214,0,0,0,0.728544,1.138196,26.77028,-0.235329,-0.457533,0.857487,0.14312,0.000001,28.90343,Road,0,0,0.5,0.5,0.5,0.5,1,1,Valid,#NAME?
06:11.2,929,10.6104,0.723396,1.135682,26.75013,13.57739,0.971672,353.4803,0,0,0,0.723259,1.137805,26.76439,-0.249242,-0.52856,0.811482,0.186728,0.000001,28.51123,Road,0,0,0.5,0.5,0.5,0.5,1,1,Valid,#NAME?
06:11.2,930,10.6207,0.718807,1.135578,26.74486,14.06313,0.841314,353.8626,0,0,0,0.718601,1.137578,26.75914,-0.226741,-0.561846,0.795562,0.259517,0.000001,28.36994,Road,0,0,0.5,0.5,0.5,0.5,1,1,Valid,#NAME?
06:11.3,931,10.6318,0.713621,1.135417,26.73994,14.63399,0.764924,354.181,0,0,0,0.713368,1.137271,26.75424,-0.225918,-0.570987,0.789263,0.263392,0.000001,28.32627,Road,0,0,0.5,0.5,0.5,0.5,1,1,Valid,#NAME?
06:11.3,932,10.6431,0.710321,1.134958,26.73597,15.0788,0.856297,354.2535,0,0,0,0.710083,1.136702,26.75028,-0.22356,-0.603684,0.765237,0.289133,0.000001,28.19118,Road,0,0,0.5,0.5,0.5,0.5,1,1,Valid,#NAME?
06:11.3,933,10.654,0.705109,1.134229,26.73022,15.78028,0.910826,354.32,0,0,0,0.704878,1.135796,26.74455,-0.227919,-0.632987,0.739851,0.295913,0.000001,28.07209,Road,0,0,0.5,0.5,0.5,0.5,1,1,Valid,#NAME?
06:11.3,934,10.665,0.69964,1.133264,26.72498,16.52456,0.937433,354.286,0,0,0,0.699419,1.134645,26.73933,-0.198697,-0.640585,0.741735,0.347474,0.000001,28.05313,Road,0,0,0.5,0.5,0.5,0.5,1,1,Valid,#NAME?
06:11.3,935,10.6762,0.694485,1.13246,26.71918,17.18987,1.00028,354.346,0,0,0,0.694275,1.133674,26.73354,-0.197592,-0.649327,0.734393,0.349295,0.000001,28.01573,Road,0,0,0.5,0.5,0.5,0.5,1,1,Valid,#NAME?
06:11.3,936,10.6874,0.689175,1.131895,26.71328,17.76471,1.051352,354.5313,0,0,0,0.688959,1.132964,26.72765,-0.181739,-0.650664,0.737297,0.372508,0.000001,28.01147,Road,0,0,0.5,0.5,0.5,0.5,1,1,Valid,#NAME?
06:11.3,937,10.704,0.683983,1.131649,26.70831,18.2321,1.159324,354.7656,0,0,0,0.683773,1.132599,26.72269,-0.169017,-0.646956,0.74356,0.387883,0.000001,28.02442,Road,0,0,0.5,0.5,0.5,0.5,1,1,Valid,#NAME?
06:11.3,938,10.7119,0.679285,1.131603,26.70315,18.61551,1.185226,354.9918,0,0,0,0.67906,1.132455,26.71754,-0.157206,-0.645671,0.747259,0.403334,0.000001,28.02818,Road,0,0,0.5,0.5,0.5,0.5,1,1,Valid,#NAME?
06:11.3,939,10.7206,0.674257,1.131627,26.69752,19.07857,1.289912,355.265,0,0,0,0.674036,1.13236,26.71192,-0.154177,-0.652435,0.741996,0.406448,0.000001,27.99972,Road,0,0,0.5,0.5,0.5,0.5,1,1,Valid,#NAME?
06:11.4,940,10.7321,0.669424,1.13166,26.69256,19.52839,1.363202,355.5042,0,0,0,0.669197,1.132278,26.70697,-0.144853,-0.649852,0.74613,0.41681,0.000001,28.007,Road,0,0,0.5,0.5,0.5,0.5,1,1,Valid,#NAME?
06:11.4,941,10.7428,0.664421,1.131775,26.68719,20.011,1.413822,355.7903,0,0,0,0.664179,1.132269,26.7016,-0.1359,-0.648228,0.749221,0.426801,0.000001,28.01028,Road,0,0,0.5,0.5,0.5,0.5,1,1,Valid,#NAME?
06:11.4,942,10.7538,0.659483,1.131852,26.68178,20.5265,1.340682,356.0194,0,0,0,0.659201,1.132214,26.69619,-0.135583,-0.655485,0.742938,0.42501,0.000001,27.97946,Road,0,0,0.5,0.5,0.5,0.5,1,1,Valid,#NAME?
06:11.4,943,10.7655,0.654265,1.131994,26.67651,21.0122,1.271931,356.1899,0,0,0,0.65395,1.132232,26.69093,-0.136104,-0.653593,0.744508,0.418175,0.000001,27.98066,Road,0,0,0.5,0.5,0.5,0.5,1,1,Valid,#NAME?
06:11.4,944,10.7763,0.649328,1.1322,26.67139,21.45035,1.247278,356.3598,0,0,0,0.648991,1.132326,26.68581,-0.133492,-0.656475,0.742443,0.418736,0.000001,27.96644,Road,0,0,0.5,0.5,0.5,0.5,1,1,Valid,#NAME?
06:11.4,945,10.7875,0.644602,1.132464,26.66641,21.8369,1.150062,356.4553,0,0,0,0.644232,1.132493,26.68082,-0.134605,-0.657376,0.741443,0.412341,0.000001,27.95815,Road,0,0,0.5,0.5,0.5,0.5,1,1,Valid,#NAME?
06:11.4,946,10.7985,0.63994,1.132792,26.66211,22.17209,1.114908,356.623,0,0,0,0.639547,1.132733,26.67652,-0.134156,-0.662089,0.737319,0.410028,0.000001,27.93796,Road,0,0,0.5,0.5,0.5,0.5,1,1,Valid,#NAME?
06:11.4,947,10.8095,0.635624,1.133288,26.65768,22.52846,1.1159,356.843,0,0,0,0.635208,1.133138,26.67209,-0.131554,-0.66092,0.738836,0.40966,0.000001,27.93883,Road,0,0,0.5,0.5,0.5,0.5,1,1,Valid,#NAME?
06:11.4,948,10.8206,0.63143,1.133768,26.65336,22.83543,1.21195,357.0695,0,0,0,0.631018,1.133538,26.66777,-0.12208,-0.663987,0.737711,0.422607,0.000001,27.92717,Road,0,0,0.5,0.5,0.5,0.5,1,1,Valid,#NAME?
06:11.5,949,10.8316,0.627316,1.134179,26.64907,23.09585,1.243479,357.238,0,0,0,0.626896,1.133882,26.66348,-0.120782,-0.667692,0.734574,0.421783,0.000001,27.91094,Road,0,0,0.5,0.5,0.5,0.5,1,1,Valid,#NAME?
06:11.5,950,10.843,0.623447,1.134766,26.6455,23.11395,1.349415,357.3919,0,0,0,0.623039,1.134462,26.65992,-0.112699,-0.667678,0.73587,0.431551,0.000001,27.91025,Road,0,0,0.5,0.5,0.5,0.5,1,1,Valid,#NAME?
06:11.5,951,10.8611,0.619764,1.135369,26.64165,23.04723,1.46853,357.515,0,0,0,0.619375,1.135081,26.65606,-0.099491,-0.67557,0.730553,0.452212,0.000001,27.88352,Road,0,0,0.5,0.5,0.5,0.5,1,1,Valid,#NAME?
06:11.5,952,10.8694,0.616367,1.136312,26.63849,22.80068,1.534246,357.6609,0,0,0,0.615982,1.136085,26.6529,-0.100307,-0.665728,0.739422,0.444805,0.000001,27.91475,Road,0,0,0.5,0.5,0.5,0.5,1,1,Valid,#NAME?
06:11.5,953,10.8765,0.613056,1.13716,26.63503,22.51516,1.635613,357.8267,0,0,0,0.612679,1.137001,26.64944,-0.097958,-0.662369,0.742746,0.444527,0.000001,27.92442,Road,0,0,0.5,0.5,0.5,0.5,1,1,Valid,#NAME?
06:11.5,954,10.8877,0.60986,1.137963,26.63168,22.23068,1.721893,358.0474,0,0,0,0.609484,1.137873,26.64609,-0.083886,-0.672582,0.735253,0.467566,0.000001,27.89,Road,0,0,0.5,0.5,0.5,0.5,1,1,Valid,#NAME?
06:11.5,955,10.8986,0.606672,1.138692,26.62831,22.10312,1.79624,358.2492,0,0,0,0.606297,1.138631,26.64273,-0.064459,-0.66765,0.741679,0.496366,0.000001,27.90761,Road,0,0,0.5,0.5,0.5,0.5,1,1,Valid,#NAME?
06:11.5,956,10.9095,0.603832,1.139252,26.62572,21.9433,1.84621,358.4684,0,0,0,0.603449,1.139228,26.64013,-0.062455,-0.665894,0.743428,0.4966,0.000001,27.91201,Road,0,0,0.5,0.5,0.5,0.5,1,1,Valid,#NAME?
06:11.5,957,10.9205,0.600979,1.139741,26.62202,21.9999,1.867527,358.6108,0,0,0,0.600588,1.139702,26.63644,-0.054629,-0.665365,0.744517,0.507014,0.000001,27.91171,Road,0,0,0.5,0.5,0.5,0.5,1,1,Valid,#NAME?
06:11.6,958,10.9317,0.598297,1.140263,26.61891,22.08739,1.934317,358.7732,0,0,0,0.597908,1.1402,26.63332,-0.038973,-0.66723,0.743832,0.531309,0.000001,27.90443,Road,0,0,0.5,0.5,0.5,0.5,1,1,Valid,#NAME?
06:11.6,959,10.9429,0.595915,1.140701,26.61572,22.14422,1.982053,358.9826,0,0,0,0.595518,1.14062,26.63013,-0.023766,-0.666894,0.744774,0.55487,0.000001,27.90396,Road,0,0,0.5,0.5,0.5,0.5,1,1,Valid,#NAME?
06:11.6,960,10.9539,0.593658,1.141074,26.61278,22.17037,2.051277,359.2454,0,0,0,0.593252,1.140982,26.62719,-0.021333,-0.66744,0.744358,0.556784,0.000001,27.89967,Road,0,0,0.5,0.5,0.5,0.5,1,1,Valid,#NAME?
06:11.6,961,10.965,0.591406,1.141291,26.61018,22.10239,2.059488,359.5418,0,0,0,0.590977,1.141212,26.6246,-0.012606,-0.665848,0.745981,0.56937,0.000001,27.90315,Road,0,0,0.5,0.5,0.5,0.5,1,1,Valid,#NAME?
06:11.6,962,10.9762,0.589497,1.141607,26.60771,21.97179,2.102226,359.8628,0,0,0,0.589047,1.141556,26.62213,-0.004234,-0.66399,0.74773,0.581767,0.000001,27.90765,Road,0,0,0.5,0.5,0.5,0.5,1,1,Valid,#NAME?
06:11.6,963,10.9872,0.587637,1.142015,26.60536,21.76165,2.087466,0.173377,0,0,0,0.587154,1.142011,26.61977,-0.002518,-0.6614,0.750029,0.582806,0.000001,27.91483,Road,0,0,0.5,0.5,0.5,0.5,1,1,Valid,#NAME?
06:11.6,964,10.9984,0.585848,1.142546,26.60345,21.52037,2.141975,0.517309,0,0,0,0.585348,1.142598,26.61786,0.006119,-0.657723,0.753235,0.595978,0.000001,27.92638,Road,0,0,0.5,0.5,0.5,0.5,1,1,Valid,#NAME?
06:11.6,965,11.0155,0.58429,1.143155,26.60179,21.26286,2.193626,0.860172,0,0,0,0.583769,1.143266,26.6162,0.013156,-0.653873,0.75649,0.606771,0.000001,27.93889,Road,0,0,0.5,0.5,0.5,0.5,1,1,Valid,#NAME?
06:11.6,966,11.0233,0.582514,1.144099,26.59993,20.87256,2.124703,1.245153,0,0,0,0.581942,1.1443,26.61433,0.022462,-0.647879,0.761412,0.621615,0.000001,27.95916,Road,0,0,0.5,0.5,0.5,0.5,1,1,Valid,#NAME?
06:11.7,967,11.0317,0.581228,1.144767,26.59893,20.58292,2.083853,1.540903,0,0,0,0.580618,1.145036,26.61334,0.023761,-0.644044,0.764619,0.622862,0.000001,27.97276,Road,0,0,0.5,0.5,0.5,0.5,1,1,Valid,#NAME?
06:11.7,968,11.0444,0.580097,1.145355,26.59789,20.28038,2.01121,1.822051,0,0,0,0.579443,1.145694,26.61229,0.025445,-0.639625,0.768266,0.62502,0.000001,27.98841,Road,0,0,0.5,0.5,0.5,0.5,1,1,Valid,#NAME?
06:11.7,969,11.0545,0.578924,1.145741,26.59665,19.99333,1.902634,2.093019,0,0,0,0.578217,1.146148,26.61105,0.026566,-0.635029,0.772032,0.626165,0.000001,28.00447,Road,0,0,0.5,0.5,0.5,0.5,1,1,Valid,#NAME?
06:11.7,970,11.0651,0.577751,1.146163,26.5958,19.66094,1.710653,2.291987,0,0,0,0.576977,1.146648,26.61019,0.025243,-0.630532,0.775753,0.622883,0.000001,28.02093,Road,0,0,0.5,0.5,0.5,0.5,1,1,Valid,#NAME?
06:11.7,971,11.0763,0.57737,1.146306,26.59548,19.56021,1.628691,2.350073,0,0,0,0.576569,1.146815,26.60986,0.018697,-0.625552,0.779958,0.610845,0.000001,28.03975,Road,0,0,0.5,0.5,0.5,0.5,1,1,Valid,#NAME?
06:11.7,972,11.0875,0.576641,1.146271,26.5947,19.28615,1.519482,2.481033,0,0,0,0.575802,1.146846,26.60908,0.02411,-0.623716,0.78128,0.620133,0.000001,28.04565,Road,0,0,0.5,0.5,0.5,0.5,1,1,Valid,#NAME?
06:11.7,973,11.0984,0.575535,1.146744,26.59391,18.99172,1.511422,2.725031,0,0,0,0.574671,1.147388,26.6083,0.025491,-0.619674,0.784445,0.621871,0.000001,28.06078,Road,0,0,0.5,0.5,0.5,0.5,1,1,Valid,#NAME?
06:11.7,974,11.1098,0.574688,1.14729,26.59343,18.73839,1.445778,2.894256,0,0,0,0.573792,1.147995,26.60781,-0.007118,-0.612858,0.790161,0.560458,0.000001,28.08793,Road,0,0,0.5,0.5,0.5,0.5,1,1,Valid,#NAME?
06:11.7,975,11.1206,0.573769,1.148084,26.59299,18.38958,1.338431,3.093824,0,0,0,0.572826,1.148871,26.60736,-0.015093,-0.607787,0.793957,0.544297,0.000001,28.10813,Road,0,0,0.5,0.5,0.5,0.5,1,1,Valid,#NAME?
06:11.8,976,11.1339,0.57288,1.148897,26.5927,18.10679,1.316544,3.256933,0,0,0,0.571917,1.149752,26.60706,-0.026717,-0.60854,0.793074,0.521438,0.000001,28.10546,Road,0,0,0.5,0.5,0.5,0.5,1,1,Valid,#NAME?
06:11.8,977,11.1435,0.572397,1.149666,26.59274,17.81173,1.302637,3.40869,0,0,0,0.571417,1.150591,26.60709,-0.02596,-0.604564,0.796133,0.522011,0.000001,28.12228,Road,0,0,0.5,0.5,0.5,0.5,1,1,Valid,#NAME?
06:11.8,978,11.1542,0.571947,1.150386,26.59289,17.48202,1.289773,3.541861,0,0,0,0.570952,1.151391,26.60724,-0.032645,-0.601629,0.798108,0.508476,0.000001,28.13466,Road,0,0,0.5,0.5,0.5,0.5,1,1,Valid,#NAME?
06:11.8,979,11.1716,0.571159,1.151047,26.59282,17.16152,1.255969,3.638745,0,0,0,0.570147,1.15213,26.60716,-0.034248,-0.599632,0.799543,0.504343,0.000001,28.14341,Road,0,0,0.5,0.5,0.5,0.5,1,1,Valid,#NAME?
06:11.8,980,11.1793,0.570597,1.151607,26.59288,16.78867,1.23968,3.721967,0,0,0,0.569572,1.152781,26.60721,-0.033047,-0.59846,0.800471,0.505915,0.000001,28.14912,Road,0,0,0.5,0.5,0.5,0.5,1,1,Valid,#NAME?
06:11.8,981,11.1874,0.570232,1.152179,26.59311,16.48552,1.151374,3.768592,0,0,0,0.56918,1.153428,26.60743,-0.03394,-0.59426,0.803556,0.503305,0.000001,28.16709,Road,0,0,0.5,0.5,0.5,0.5,1,1,Valid,#NAME?
06:11.8,982,11.1986,0.569384,1.153004,26.59316,16.20508,1.119189,3.860747,0,0,0,0.568316,1.154321,26.60748,-0.034125,-0.5936,0.804036,0.501955,0.000001,28.17102,Road,0,0,0.5,0.5,0.5,0.5,1,1,Valid,#NAME?
06:11.8,983,11.2095,0.569075,1.153816,26.5938,15.92557,1.119551,3.926098,0,0,0,0.568001,1.1552,26.60811,-0.033533,-0.592518,0.804859,0.502624,0.000001,28.1773,Road,0,0,0.5,0.5,0.5,0.5,1,1,Valid,#NAME?
06:11.8,984,11.2208,0.568802,1.154538,26.59441,15.70121,1.122172,3.993992,0,0,0,0.567722,1.155977,26.60872,-0.033037,-0.589421,0.80715,0.50293,0.000001,28.1917,Road,0,0,0.5,0.5,0.5,0.5,1,1,Valid,#NAME?
06:11.9,985,11.2318,0.568008,1.155575,26.59491,15.40132,1.150935,4.0604,0,0,0,0.566929,1.157087,26.60921,-0.032366,-0.58728,0.808737,0.503161,0.000001,28.20262,Road,0,0,0.5,0.5,0.5,0.5,1,1,Valid,#NAME?
06:11.9,986,11.2432,0.567751,1.156311,26.59597,15.1257,1.211111,4.066063,0,0,0,0.566687,1.157892,26.61026,-0.032388,-0.585057,0.810345,0.502587,0.000001,28.21403,Road,0,0,0.5,0.5,0.5,0.5,1,1,Valid,#NAME?
06:11.9,987,11.2551,0.567432,1.15702,26.59719,14.80384,1.252476,4.029947,0,0,0,0.566382,1.158682,26.61147,-0.031954,-0.58047,0.813655,0.502598,0.000001,28.23563,Road,0,0,0.5,0.5,0.5,0.5,1,1,Valid,#NAME?
06:11.9,988,11.2655,0.566622,1.157778,26.59855,14.42115,1.267836,3.997189,0,0,0,0.565577,1.159535,26.61282,-0.035219,-0.576611,0.816259,0.494754,0.000001,28.25427,Road,0,0,0.5,0.5,0.5,0.5,1,1,Valid,#NAME?
06:11.9,989,11.2762,0.566053,1.158354,26.6002,14.03614,1.301946,3.936019,0,0,0,0.565022,1.16021,26.61446,-0.03646,-0.572544,0.819063,0.491138,0.000001,28.27422,Road,0,0,0.5,0.5,0.5,0.5,1,1,Valid,#NAME?
06:11.9,990,11.2873,0.565527,1.158783,26.60209,13.61686,1.312979,3.867626,0,0,0,0.564507,1.160744,26.61634,-0.036633,-0.566478,0.823262,0.489445,0.000001,28.30325,Road,0,0,0.5,0.5,0.5,0.5,1,1,Valid,#NAME?
06:11.9,991,11.2986,0.564505,1.159348,26.60415,13.24126,1.341107,3.821673,0,0,0,0.563494,1.161403,26.61838,-0.033653,-0.560373,0.827556,0.493746,0.000001,28.33354,Road,0,0,0.5,0.5,0.5,0.5,1,1,Valid,#NAME?
06:11.9,992,11.3099,0.563791,1.159832,26.60637,12.90647,1.373387,3.765923,0,0,0,0.562794,1.161971,26.62059,-0.002031,-0.545675,0.837994,0.558468,0.000001,28.40504,Road,0,0,0.5,0.5,0.5,0.5,1,1,Valid,#NAME?
06:11.9,993,11.3266,0.56315,1.160352,26.60878,12.62727,1.393826,3.740856,0,0,0,0.562159,1.162561,26.623,0.005809,-0.538998,0.842287,0.574687,0.000001,28.43971,Road,0,0,0.5,0.5,0.5,0.5,1,1,Valid,#NAME?
06:12.0,994,11.3342,0.561958,1.161017,26.61115,12.36291,1.406964,3.739687,0,0,0,0.56097,1.163291,26.62535,0.006056,-0.535106,0.844763,0.574135,0.000001,28.46182,Road,0,0,0.5,0.5,0.5,0.5,1,1,Valid,#NAME?
06:12.0,995,11.344,0.561129,1.161288,26.61415,12.08387,1.42205,3.710044,0,0,0,0.560146,1.163633,26.62835,0.024464,-0.523228,0.851841,0.614553,0.000001,28.5228,Road,0,0,0.5,0.5,0.5,0.5,1,1,Valid,#NAME?
06:12.0,996,11.3543,0.560217,1.161404,26.61728,11.81273,1.426859,3.661357,0,0,0,0.55924,1.163816,26.63146,0.035538,-0.514367,0.856834,0.63965,0.000001,28.57015,Road,0,0,0.5,0.5,0.5,0.5,1,1,Valid,#NAME?
06:12.0,997,11.3652,0.558754,1.161474,26.6201,11.51888,1.418702,3.639584,0,0,0,0.557776,1.16396,26.63427,0.035357,-0.509968,0.859467,0.638474,0.000001,28.59593,Road,0,0,0.5,0.5,0.5,0.5,1,1,Valid,#NAME?
06:12.0,998,11.3761,0.557774,1.161289,26.62337,11.2719,1.428889,3.592265,0,0,0,0.556803,1.163836,26.63754,0.039193,-0.506038,0.86162,0.646942,0.000001,28.61919,Road,0,0,0.5,0.5,0.5,0.5,1,1,Valid,#NAME?
06:12.0,999,11.3875,0.556728,1.16129,26.62675,11.10249,1.434883,3.541617,0,0,0,0.555763,1.16388,26.6409,0.040377,-0.505083,0.862126,0.648806,0.000001,28.62755,Road,0,0,0.5,0.5,0.5,0.5,1,1,Valid,#NAME?
06:12.0,1000,11.3985,0.554863,1.161566,26.62942,10.95183,1.439479,3.507832,0,0,0,0.553904,1.164194,26.64357,0.040176,-0.504945,0.862216,0.646534,0.000001,28.63148,Road,0,0,0.5,0.5,0.5,0.5,1,1,Valid,#NAME?
06:12.0,1001,11.4095,0.554182,1.161488,26.63312,10.96506,1.443327,3.485303,0,0,0,0.553225,1.164113,26.64726,0.040101,-0.505152,0.862099,0.645636,0.000001,28.63396,Road,0,0,0.5,0.5,0.5,0.5,1,1,Valid,#NAME?
06:12.0,1002,11.4206,0.553406,1.16128,26.63563,10.9379,1.431693,3.452919,0,0,0,0.552448,1.163913,26.64978,0.039189,-0.506286,0.861475,0.642541,0.000001,28.63024,Road,0,0,0.5,0.5,0.5,0.5,1,1,Valid,#NAME?
06:12.1,1003,11.4319,0.551815,1.161001,26.63861,10.92772,1.395543,3.413309,0,0,0,0.550854,1.163637,26.65275,0.036509,-0.509706,0.859574,0.634202,0.000001,28.61511,Road,0,0,0.5,0.5,0.5,0.5,1,1,Valid,#NAME?
06:12.1,1004,11.443,0.550617,1.160382,26.64192,10.91618,1.277072,3.364633,0,0,0,0.549631,1.163022,26.65606,0.032393,-0.512835,0.857876,0.623092,0.000001,28.60158,Road,0,0,0.5,0.5,0.5,0.5,1,1,Valid,#NAME?
06:12.1,1005,11.454,0.549435,1.159798,26.64509,10.8946,1.163349,3.355937,0,0,0,0.548422,1.162444,26.65923,0.030642,-0.512514,0.858132,0.617922,0.000001,28.60559,Road,0,0,0.5,0.5,0.5,0.5,1,1,Valid,#NAME?
06:12.1,1006,11.4656,0.548266,1.159328,26.64841,10.9042,1.018803,3.319983,0,0,0,0.547218,1.161972,26.66254,0.027438,-0.514329,0.857154,0.609205,0.000001,28.59904,Road,0,0,0.5,0.5,0.5,0.5,1,1,Valid,#NAME?
06:12.1,1007,11.4823,0.547096,1.158857,26.65172,10.91369,0.874244,3.284004,0,0,0,0.546017,1.1615,26.66585,0.02465,-0.516592,0.855877,0.601439,0.000001,28.59019,Road,0,0,0.5,0.5,0.5,0.5,1,1,Valid,#NAME?
06:12.1,1008,11.4901,0.54596,1.158788,26.65348,11.00006,0.684311,3.302198,0,0,0,0.544832,1.161408,26.66761,0.02149,-0.522152,0.852582,0.592633,0.000001,28.56399,Road,0,0,0.5,0.5,0.5,0.5,1,1,Valid,#NAME?
06:12.1,1009,11.4986,0.544748,1.158472,26.65648,11.06047,0.507684,3.369442,0,0,0,0.543572,1.161076,26.67062,0.019268,-0.523038,0.852092,0.586343,0.000001,28.56216,Road,0,0,0.5,0.5,0.5,0.5,1,1,Valid,#NAME?
06:12.1,1010,11.5095,0.543087,1.15804,26.66061,11.14977,0.264849,3.443609,0,0,0,0.541843,1.160621,26.67474,0.016075,-0.524702,0.851134,0.5774,0.000001,28.55741,Road,0,0,0.5,0.5,0.5,0.5,1,1,Valid,#NAME?
06:12.1,1011,11.5208,0.542181,1.157717,26.66372,11.23188,0.057947,3.425223,0,0,0,0.540888,1.160278,26.67785,0.006359,-0.525923,0.850509,0.554917,0.000001,28.55422,Road,0,0,0.5,0.5,0.5,0.5,1,1,Valid,#NAME?
06:12.2,1012,11.5322,0.54101,1.157434,26.66651,11.28209,359.8563,3.455918,0,0,0,0.539665,1.159982,26.68064,0.003555,-0.526665,0.850066,0.547494,0.000001,28.55292,Road,0,0,0.5,0.5,0.5,0.5,1,1,Valid,#NAME?
06:12.2,1013,11.5431,0.539827,1.156997,26.67031,11.35097,359.5834,3.419261,0,0,0,0.538418,1.159529,26.68443,-0.025347,-0.512822,0.858121,0.481106,0.000001,28.62471,Road,0,0,0.5,0.5,0.5,0.5,1,1,Valid,#NAME?
06:12.2,1014,11.5542,0.539036,1.156559,26.67328,11.36466,359.3648,3.352776,0,0,0,0.537577,1.159089,26.6874,-0.083753,-0.482818,0.871707,0.336513,0.000001,28.78008,Road,0,0,0.5,0.5,0.5,0.5,1,1,Valid,#NAME?
06:12.2,1015,11.5651,0.537901,1.156346,26.67572,11.37518,359.1409,3.287156,0,0,0,0.536394,1.158875,26.68984,-0.129006,-0.46312,0.876857,0.213582,0.000001,28.88402,Road,0,0,0.5,0.5,0.5,0.5,1,1,Valid,#NAME?
06:12.2,1016,11.5762,0.537174,1.156158,26.67842,11.39805,358.9152,3.170896,0,0,0,0.535622,1.158684,26.69254,-0.133025,-0.46324,0.876193,0.202891,0.000001,28.88412,Road,0,0,0.5,0.5,0.5,0.5,1,1,Valid,#NAME?
06:12.2,1017,11.5873,0.536478,1.156061,26.68115,11.44503,358.6928,3.043169,0,0,0,0.534882,1.158578,26.69526,-0.145783,-0.459239,0.876269,0.167097,0.000001,28.90593,Road,0,0,0.5,0.5,0.5,0.5,1,1,Valid,#NAME?
06:12.2,1018,11.5987,0.535503,1.156019,26.68342,11.50603,358.521,2.918433,0,0,0,0.533878,1.158523,26.69753,-0.170731,-0.449357,0.876886,0.093703,0.000001,28.9583,Road,0,0,0.5,0.5,0.5,0.5,1,1,Valid,#NAME?
06:12.2,1019,11.6096,0.534931,1.155735,26.68597,11.55979,358.3555,2.817427,0,0,0,0.533276,1.158229,26.70007,-0.173718,-0.449927,0.876007,0.08608,0.000001,28.95514,Road,0,0,0.5,0.5,0.5,0.5,1,1,Valid,#NAME?
06:12.2,1020,11.6207,0.53447,1.155384,26.68833,11.63406,358.2108,2.710164,0,0,0,0.532787,1.157861,26.70243,-0.178299,-0.44892,0.875603,0.072917,0.000001,28.9608,Road,0,0,0.5,0.5,0.5,0.5,1,1,Valid,#NAME?
06:12.3,1021,11.6378,0.533793,1.155202,26.69014,11.71281,358.1044,2.600515,0,0,0,0.532093,1.157662,26.70424,-0.173635,-0.452483,0.874706,0.087854,0.000001,28.94215,Road,0,0,0.5,0.5,0.5,0.5,1,1,Valid,#NAME?
06:12.3,1022,11.6453,0.533346,1.154936,26.69236,11.82155,357.9623,2.495848,0,0,0,0.531622,1.157372,26.70646,-0.176151,-0.453827,0.873505,0.082394,0.000001,28.93412,Road,0,0,0.5,0.5,0.5,0.5,1,1,Valid,#NAME?
06:12.3,1023,11.6545,0.532953,1.154565,26.69445,11.87955,357.8127,2.358604,0,0,0,0.531204,1.156989,26.70856,-0.179048,-0.454377,0.87263,0.075291,0.000001,28.93055,Road,0,0,0.5,0.5,0.5,0.5,1,1,Valid,#NAME?
06:12.3,1024,11.6652,0.532415,1.154314,26.69605,11.91016,357.6594,2.234862,0,0,0,0.53064,1.156734,26.71016,-0.176615,-0.457066,0.871721,0.083667,0.000001,28.91628,Road,0,0,0.5,0.5,0.5,0.5,1,1,Valid,#NAME?
06:12.3,1025,11.6764,0.531963,1.153995,26.69786,11.94684,357.5036,2.12825,0,0,0,0.530161,1.156407,26.71197,-0.177398,-0.458752,0.870676,0.082984,0.000001,28.90675,Road,0,0,0.5,0.5,0.5,0.5,1,1,Valid,#NAME?
06:12.3,1026,11.6873,0.531653,1.153667,26.69952,11.97384,357.383,1.99932,0,0,0,0.529831,1.156075,26.71362,-0.179824,-0.458859,0.870122,0.076772,0.000001,28.90587,Road,0,0,0.5,0.5,0.5,0.5,1,1,Valid,#NAME?
06:12.3,1027,11.6985,0.53113,1.153564,26.70093,12.00084,357.2674,1.892275,0,0,0,0.529289,1.155968,26.71502,-0.179668,-0.460151,0.869472,0.077936,0.000001,28.89928,Road,0,0,0.5,0.5,0.5,0.5,1,1,Valid,#NAME?
06:12.3,1028,11.7097,0.530838,1.15331,26.70252,11.99641,357.1748,1.822889,0,0,0,0.52898,1.155716,26.71661,-0.176344,-0.462277,0.869024,0.088113,0.000001,28.88921,Road,0,0,0.5,0.5,0.5,0.5,1,1,Valid,#NAME?
06:12.3,1029,11.7207,0.530537,1.153049,26.7041,11.98407,357.0932,1.767133,0,0,0,0.528664,1.155459,26.71819,-0.176184,-0.462303,0.869043,0.088316,0.000001,28.89026,Road,0,0,0.5,0.5,0.5,0.5,1,1,Valid,#NAME?
06:12.4,1030,11.7319,0.529907,1.152925,26.7054,11.9594,357.0223,1.723509,0,0,0,0.528021,1.155343,26.71949,-0.177476,-0.461827,0.869033,0.084034,0.000001,28.89354,Road,0,0,0.5,0.5,0.5,0.5,1,1,Valid,#NAME?
06:12.4,1031,11.7429,0.529663,1.152591,26.70686,11.87162,356.9295,1.666614,0,0,0,0.52776,1.155031,26.72094,-0.176052,-0.460871,0.86983,0.08654,0.000001,28.90091,Road,0,0,0.5,0.5,0.5,0.5,1,1,Valid,#NAME?
06:12.4,1032,11.754,0.529388,1.152397,26.70801,11.81439,356.8553,1.644381,0,0,0,0.52747,1.154851,26.72209,-0.174044,-0.460381,0.870493,0.090887,0.000001,28.90569,Road,0,0,0.5,0.5,0.5,0.5,1,1,Valid,#NAME?
06:12.4,1033,11.7654,0.528803,1.152304,26.70922,11.73617,356.7603,1.601071,0,0,0,0.526865,1.154778,26.72329,-0.175728,-0.459088,0.870838,0.084842,0.000001,28.91378,Road,0,0,0.5,0.5,0.5,0.5,1,1,Valid,#NAME?
06:12.4,1034,11.7764,0.528433,1.152002,26.71067,11.65159,356.6595,1.547475,0,0,0,0.526474,1.154498,26.72474,-0.174598,-0.457773,0.871756,0.086141,0.000001,28.9233,Road,0,0,0.5,0.5,0.5,0.5,1,1,Valid,#NAME?
06:12.4,1035,11.7936,0.528067,1.151639,26.71196,11.58614,356.5594,1.52477,0,0,0,0.526087,1.154152,26.72602,-0.174749,-0.456842,0.872215,0.084606,0.000001,28.92957,Road,0,0,0.5,0.5,0.5,0.5,1,1,Valid,#NAME?
06:12.4,1036,11.8015,0.527536,1.151246,26.71321,11.54463,356.4586,1.523026,0,0,0,0.525532,1.153769,26.72726,-0.172707,-0.455469,0.873339,0.088039,0.000001,28.93955,Road,0,0,0.5,0.5,0.5,0.5,1,1,Valid,#NAME?
06:12.4,1037,11.8094,0.527105,1.150694,26.71449,11.50816,356.345,1.540048,0,0,0,0.525072,1.153226,26.72853,-0.174377,-0.454942,0.873281,0.083046,0.000001,28.9422,Road,0,0,0.5,0.5,0.5,0.5,1,1,Valid,#NAME?
06:12.4,1038,11.8206,0.526558,1.149794,26.71615,11.50127,356.1855,1.590947,0,0,0,0.524479,1.152327,26.73019,-0.175668,-0.454983,0.873001,0.079569,0.000001,28.94122,Road,0,0,0.5,0.5,0.5,0.5,1,1,Valid,#NAME?
06:12.5,1039,11.8318,0.525883,1.149313,26.71713,11.57348,356.0666,1.656397,0,0,0,0.523771,1.151827,26.73117,-0.174961,-0.456966,0.872107,0.082766,0.000001,28.92942,Road,0,0,0.5,0.5,0.5,0.5,1,1,Valid,#NAME?
06:12.5,1040,11.8433,0.525477,1.148457,26.71837,11.61911,355.9503,1.696003,0,0,0,0.523331,1.150959,26.73241,-0.176517,-0.457746,0.871384,0.079496,0.000001,28.92343,Road,0,0,0.5,0.5,0.5,0.5,1,1,Valid,#NAME?
06:12.5,1041,11.854,0.525057,1.147789,26.71917,11.73732,355.8741,1.749182,0,0,0,0.522888,1.15026,26.73321,-0.175622,-0.460051,0.870351,0.083784,0.000001,28.90934,Road,0,0,0.5,0.5,0.5,0.5,1,1,Valid,#NAME?
06:12.5,1042,11.8652,0.524313,1.146791,26.72017,11.8466,355.7816,1.779708,0,0,0,0.52212,1.149235,26.73421,-0.174508,-0.463318,0.86884,0.089263,0.000001,28.88932,Road,0,0,0.5,0.5,0.5,0.5,1,1,Valid,#NAME?
06:12.5,1043,11.8763,0.523397,1.145426,26.72158,12.03378,355.6568,1.814591,0,0,0,0.521168,1.147822,26.73563,-0.174089,-0.466664,0.867132,0.092973,0.000001,28.86845,Road,0,0,0.5,0.5,0.5,0.5,1,1,Valid,#NAME?
06:12.5,1044,11.8872,0.522871,1.144464,26.72214,12.08484,355.592,1.822073,0,0,0,0.520624,1.146848,26.73618,-0.175002,-0.46746,0.866519,0.091282,0.000001,28.86207,Road,0,0,0.5,0.5,0.5,0.5,1,1,Valid,#NAME?
06:12.5,1045,11.8985,0.521908,1.143352,26.72321,12.19388,355.5213,1.832287,0,0,0,0.519644,1.145709,26.73725,-0.174512,-0.469518,0.865505,0.093804,0.000001,28.84924,Road,0,0,0.5,0.5,0.5,0.5,1,1,Valid,#NAME?
06:12.5,1046,11.9098,0.52087,1.142139,26.72425,12.27869,355.4683,1.831935,0,0,0,0.518593,1.144476,26.73829,-0.170848,-0.472048,0.864859,0.104374,0.000001,28.83514,Road,0,0,0.5,0.5,0.5,0.5,1,1,Valid,#NAME?
06:12.5,1047,11.9207,0.51981,1.140882,26.7255,12.30627,355.4216,1.84624,0,0,0,0.517519,1.143211,26.73955,-0.171466,-0.472494,0.864493,0.102654,0.000001,28.83121,Road,0,0,0.5,0.5,0.5,0.5,1,1,Valid,#NAME?
06:12.6,1048,11.9319,0.519102,1.140045,26.72634,12.32591,355.4016,1.86801,0,0,0,0.516804,1.142368,26.74039,-0.169696,-0.473177,0.864469,0.107115,0.000001,28.82744,Road,0,0,0.5,0.5,0.5,0.5,1,1,Valid,#NAME?
06:12.6,1049,11.9484,0.51782,1.138857,26.72785,12.24028,355.3667,1.904204,0,0,0,0.515511,1.141201,26.74189,-0.166442,-0.472799,0.865308,0.113769,0.000001,28.83049,Road,0,0,0.5,0.5,0.5,0.5,1,1,Valid,#NAME?
06:12.6,1050,11.9599,0.515764,1.137122,26.73038,12.02877,355.3185,1.987235,0,0,0,0.513437,1.139516,26.7444,-0.162817,-0.47082,0.867075,0.119375,0.000001,28.84298,Road,0,0,0.5,0.5,0.5,0.5,1,1,Valid,#NAME?
06:12.6,1051,11.9715,0.514217,1.136261,26.73234,11.80707,355.2648,2.064253,0,0,0,0.511869,1.138709,26.74635,-0.162562,-0.467882,0.868712,0.116236,0.000001,28.86059,Road,0,0,0.5,0.5,0.5,0.5,1,1,Valid,#NAME?
06:12.6,1052,11.9818,0.511656,1.135433,26.73586,11.36779,355.0741,2.174674,0,0,0,0.509255,1.137987,26.74985,-0.165222,-0.461298,0.871726,0.101666,0.000001,28.90034,Road,0,0,0.5,0.5,0.5,0.5,1,1,Valid,#NAME?
06:12.6,1053,11.9932,0.51009,1.13494,26.73806,11.12528,354.9946,2.306528,0,0,0,0.507656,1.137551,26.75203,-0.16292,-0.459004,0.873368,0.103891,0.000001,28.9165,Road,0,0,0.5,0.5,0.5,0.5,1,1,Valid,#NAME?
06:12.6,1054,12.0047,0.508339,1.134651,26.74035,10.91899,354.9494,2.407573,0,0,0,0.505886,1.137311,26.75431,-0.161129,-0.455368,0.875601,0.103457,0.000001,28.94118,Road,0,0,0.5,0.5,0.5,0.5,1,1,Valid,#NAME?
06:12.6,1055,12.0157,0.506626,1.134171,26.74263,10.75458,354.9081,2.477603,0,0,0,0.504158,1.136869,26.75658,-0.165791,-0.437109,0.883996,0.072956,0.000001,29.05576,Road,0,0,0.5,0.5,0.5,0.5,1,1,Valid,#NAME?
06:12.7,1056,12.0266,0.504883,1.133803,26.745,10.6324,354.8988,2.588377,0,0,0,0.502403,1.13653,26.75894,-0.165508,-0.435363,0.88491,0.070339,0.000001,29.06902,Road,0,0,0.5,0.5,0.5,0.5,1,1,Valid,#NAME?
06:12.7,1057,12.0375,0.503223,1.133857,26.74749,10.47117,354.9135,2.710111,0,0,0,0.500738,1.136621,26.76142,-0.17684,-0.397508,0.900397,-0.004912,0.000001,29.336,Road,0,0,0.5,0.5,0.5,0.5,1,1,Valid,#NAME?
06:12.7,1058,12.0486,0.501614,1.134008,26.75002,10.28256,354.9684,2.840524,0,0,0,0.499128,1.136816,26.76395,-0.125642,-0.261291,0.957048,-0.047509,0.000002,30.92785,Road,0,0,0.5,0.5,0.5,0.5,1,1,Valid,#NAME?
06:12.7,1059,12.0597,0.499966,1.13432,26.75265,10.05422,355.0495,2.925789,0,0,0,0.497496,1.137182,26.76657,-0.124249,-0.257506,0.958255,-0.051205,0.000002,30.99837,Road,0,0,0.5,0.5,0.5,0.5,1,1,Valid,#NAME?
06:12.7,1060,12.0714,0.498386,1.135219,26.75537,9.807344,355.1717,2.962374,0,0,0,0.495943,1.138141,26.76928,-0.088556,-0.211588,0.973339,0.0196,0.000002,32.0049,Road,0,0,0.5,0.5,0.5,0.5,1,1,Valid,#NAME?
06:12.7,1061,12.0821,0.496752,1.136161,26.75817,9.526258,355.3323,2.963652,0,0,0,0.494349,1.139152,26.77207,-0.062041,-0.182426,0.98126,0.106939,0.000002,32.89949,Road,0,0,0.5,0.5,0.5,0.5,1,1,Valid,#NAME?
06:12.7,1062,12.0988,0.49527,1.136891,26.76069,9.254603,355.4925,2.97466,0,0,0,0.492903,1.139948,26.77459,-0.050486,-0.162474,0.98542,0.176487,0.121668,32.95055,触发点,0,0,0.5,0.5,0.5,0.5,1,1,Valid,#NAME?
06:12.7,1063,12.1071,0.493866,1.137755,26.7632,8.967137,355.6959,2.944209,0,0,0,0.491554,1.140883,26.77708,-0.04705,-0.157538,0.986392,0.199926,0.164413,32.89106,触发点,0,0,0.5,0.5,0.5,0.5,1,1,Valid,#NAME?
06:12.7,1064,12.1152,0.492458,1.138594,26.76562,8.654191,355.9149,2.873376,0,0,0,0.490208,1.1418,26.77949,-0.044789,-0.133657,0.990015,0.222074,0.341657,32.70628,触发点,0,0,0.5,0.5,0.5,0.5,1,1,Valid,#NAME?
06:12.7,1065,12.1264,0.491051,1.139445,26.76797,8.374003,356.1295,2.832456,0,0,0,0.488855,1.142721,26.78184,-0.020213,-0.082964,0.996348,0.3715,0.661028,32.56666,触发点,0,0,0.5,0.5,0.5,0.5,1,1,Valid,#NAME?
06:12.8,1066,12.1375,0.489616,1.140312,26.77036,8.08693,356.3484,2.79909,0,0,0,0.487478,1.143658,26.78422,-0.016395,-0.078003,0.996818,0.39242,0.691384,32.56392,触发点,0,0,0.5,0.5,0.5,0.5,1,1,Valid,#NAME?
06:12.8,1067,12.1484,0.488405,1.141097,26.77261,7.721118,356.6102,2.699299,0,0,0,0.486342,1.144535,26.78646,-0.013224,-0.069565,0.99749,0.409851,0.742161,32.55606,触发点,0,0,0.5,0.5,0.5,0.5,1,1,Valid,#NAME?
06:12.8,1068,12.1598,0.487085,1.141894,26.77481,7.380509,356.9006,2.572895,0,0,0,0.485106,1.145417,26.78865,-0.008045,-0.06374,0.997934,0.438585,0.776846,32.55908,触发点,0,0,0.5,0.5,0.5,0.5,1,1,Valid,#NAME?
06:12.8,1069,12.1712,0.485876,1.1427,26.7769,7.07676,357.1693,2.444305,0,0,0,0.483973,1.146299,26.79073,-0.014855,-0.062812,0.997915,0.398354,0.784266,32.54248,触发点,0,0,0.5,0.5,0.5,0.5,1,1,Valid,#NAME?
06:12.8,1070,12.1821,0.484663,1.143615,26.77888,6.82002,357.4842,2.286778,0,0,0,0.482851,1.14728,26.79271,-0.009215,-0.058436,0.998249,0.42971,0.810305,32.54915,触发点,0,0,0.5,0.5,0.5,0.5,1,1,Valid,#NAME?
06:12.8,1071,12.1931,0.483481,1.144586,26.78079,6.580001,357.8065,2.161913,0,0,0,0.48176,1.148312,26.79462,-0.023623,-0.080699,0.996459,0.345279,0.682082,32.55157,触发点,0,0,0.5,0.5,0.5,0.5,1,1,Valid,#NAME?
06:12.8,1072,12.2043,0.482405,1.14557,26.78257,6.396636,358.1337,2.085922,0,0,0,0.48077,1.149342,26.79639,-0.013908,-0.064561,0.997817,0.400649,0.777412,32.54469,触发点,0,0,0.5,0.5,0.5,0.5,1,1,Valid,#NAME?
06:12.8,1073,12.2153,0.481287,1.146421,26.78413,6.178983,358.4669,1.995727,0,0,0,0.47974,1.150248,26.79795,-0.008037,-0.0608,0.998118,0.433405,0.799713,32.55249,触发点,0,0,0.5,0.5,0.5,0.5,1,1,Valid,#NAME?
06:12.8,1074,12.2265,0.480227,1.147247,26.78542,6.038254,358.8187,1.925927,0,0,0,0.478771,1.151109,26.79924,-0.006543,-0.063625,0.997953,0.441009,0.783919,32.55859,触发点,0,0,0.5,0.5,0.5,0.5,1,1,Valid,#NAME?
06:12.9,1075,12.2375,0.479204,1.148051,26.78664,5.905192,359.1498,1.874563,0,0,0,0.477835,1.151946,26.80046,-0.004492,-0.065702,0.997829,0.451879,0.772346,32.56549,触发点,0,0,0.5,0.5,0.5,0.5,1,1,Valid,#NAME?
06:12.9,1076,12.256,0.478132,1.148781,26.7876,5.723552,359.4612,1.825113,0,0,0,0.476843,1.152721,26.80141,-0.001564,-0.065964,0.997821,0.467796,0.771204,32.57256,触发点,0,0,0.5,0.5,0.5,0.5,1,1,Valid,#NAME?
06:12.9,1077,12.2631,0.477078,1.149499,26.78828,5.572441,359.7451,1.795879,0,0,0,0.475859,1.153476,26.80209,0.003395,-0.063336,0.997987,0.49552,0.786669,32.5819,触发点,0,0,0.5,0.5,0.5,0.5,1,1,Valid,#NAME?
06:12.9,1078,12.2708,0.476009,1.15033,26.78886,5.436641,359.972,1.799562,0,0,0,0.474844,1.154339,26.80266,0.00491,-0.063957,0.997941,0.503298,0.783675,32.58627,触发点,0,0,0.5,0.5,0.5,0.5,1,1,Valid,#NAME?
06:12.9,1079,12.2819,0.475214,1.150918,26.78907,5.346619,0.069719,1.816164,0,0,0,0.474072,1.154949,26.80286,0.006176,-0.063839,0.997941,0.509883,0.784792,32.58926,触发点,0,0,0.5,0.5,0.5,0.5,1,1,Valid,#NAME?
06:12.9,1080,12.2932,0.474098,1.151742,26.78938,5.218536,0.224858,1.838254,0,0,0,0.472992,1.155803,26.80317,0.008867,-0.061606,0.998061,0.52444,0.798372,32.59385,触发点,0,0,0.5,0.5,0.5,0.5,1,1,Valid,#NAME?
06:12.9,1081,12.3045,0.472982,1.15247,26.78951,5.06378,0.324557,1.873588,0,0,0,0.471895,1.156568,26.80329,0.007854,-0.061666,0.998066,0.517431,0.799025,32.59015,触发点,0,0,0.5,0.5,0.5,0.5,1,1,Valid,#NAME?
06:12.9,1082,12.3153,0.471529,1.153359,26.78941,4.81638,0.45001,1.889049,0,0,0,0.470472,1.157516,26.80318,0.006591,-0.060066,0.998173,0.508643,0.809662,32.58379,触发点,0,0,0.5,0.5,0.5,0.5,1,1,Valid,#NAME?
06:12.9,1083,12.3266,0.470438,1.153979,26.78917,4.578427,0.537644,1.845776,0,0,0,0.469404,1.158194,26.80292,0.004256,-0.059152,0.99824,0.494018,0.816125,32.57563,触发点,0,0,0.5,0.5,0.5,0.5,1,1,Valid,#NAME?
06:13.0,1084,12.3376,0.469322,1.154727,26.78913,4.327844,0.597271,1.78162,0,0,0,0.468309,1.159003,26.80286,0.005321,-0.05478,0.998484,0.499063,0.842387,32.57388,触发点,0,0,0.5,0.5,0.5,0.5,1,1,Valid,#NAME?
06:13.0,1085,12.3485,0.46817,1.155458,26.78853,4.070586,0.650982,1.698682,0,0,0,0.467176,1.159797,26.80225,0.002094,-0.052761,0.998605,0.479259,0.855427,32.56301,触发点,0,0,0.5,0.5,0.5,0.5,1,1,Valid,#NAME?
06:13.0,1086,12.36,0.467335,1.15613,26.78829,3.942648,0.675832,1.603935,0,0,0,0.466356,1.160502,26.80199,-0.001714,-0.052924,0.998597,0.456484,0.855703,32.55313,触发点,0,0,0.5,0.5,0.5,0.5,1,1,Valid,#NAME?
06:13.0,1087,12.3709,0.466091,1.156962,26.78784,3.72078,0.725646,1.42132,0,0,0,0.465141,1.161391,26.80153,-0.000793,-0.049014,0.998798,0.460577,0.879187,32.55223,触发点,0,0,0.5,0.5,0.5,0.5,1,1,Valid,#NAME?
06:13.0,1088,12.3821,0.464151,1.158101,26.78683,3.399414,0.861524,1.076603,0,0,0,0.463266,1.162612,26.8005,-0.002396,-0.045215,0.998974,0.449485,0.902578,32.54563,触发点,0,0,0.5,0.5,0.5,0.5,1,1,Valid,#NAME?
06:13.0,1089,12.3934,0.462938,1.158662,26.78595,3.206148,0.990366,0.802234,0,0,0,0.462109,1.163225,26.7996,-0.001865,-0.04267,0.999088,0.451385,0.917829,32.54542,触发点,0,0,0.5,0.5,0.5,0.5,1,1,Valid,#NAME?
06:13.0,1090,12.4105,0.461502,1.159256,26.78531,3.020849,1.13597,0.508716,0,0,0,0.460733,1.163869,26.79895,-0.003644,-0.039596,0.999209,0.439799,0.936369,32.53992,触发点,0,0,0.5,0.5,0.5,0.5,1,1,Valid,#NAME?
06:13.0,1091,12.4179,0.459911,1.159716,26.78386,2.771475,1.322232,0.161423,0,0,0,0.459221,1.164393,26.79748,-0.000312,-0.035106,0.999384,0.457428,0.962444,32.54646,触发点,0,0,0.5,0.5,0.5,0.5,1,1,Valid,#NAME?
06:13.0,1092,12.4265,0.458271,1.160174,26.78249,2.574499,1.48477,359.8874,0,0,0,0.457642,1.164904,26.7961,-0.001373,-0.030594,0.999531,0.449747,0.988987,32.54347,触发点,0,0,0.5,0.5,0.5,0.5,1,1,Valid,#NAME?
06:13.1,1093,12.4376,0.456614,1.160726,26.78139,2.353814,1.616778,359.6898,0,0,0,0.456036,1.165511,26.79498,-0.003094,-0.026719,0.999638,0.438254,1.011962,32.53965,触发点,0,0,0.5,0.5,0.5,0.5,1,1,Valid,#NAME?
06:13.1,1094,12.4484,0.455008,1.161432,26.78002,2.160045,1.723805,359.5975,0,0,0,0.454462,1.166265,26.79359,-0.003523,-0.025306,0.999674,0.434216,1.020837,32.53852,触发点,0,0,0.5,0.5,0.5,0.5,1,1,Valid,#NAME?
06:13.1,1095,12.4598,0.453384,1.162182,26.77856,1.972142,1.826022,359.5726,0,0,0,0.452866,1.167059,26.79213,-0.001732,-0.022015,0.999756,0.442904,1.040421,32.54321,触发点,0,0,0.5,0.5,0.5,0.5,1,1,Valid,#NAME?
06:13.1,1096,12.4708,0.451784,1.162748,26.77733,1.813758,1.962488,359.5433,0,0,0,0.4513,1.167664,26.79087,-0.00153,-0.020278,0.999793,0.442497,1.050979,32.54391,触发点,0,0,0.5,0.5,0.5,0.5,1,1,Valid,#NAME?
06:13.1,1097,12.4819,0.450119,1.163239,26.77551,1.700906,2.152781,359.475,0,0,0,0.449686,1.168181,26.78905,-0.001032,-0.021602,0.999766,0.443744,1.043837,32.5438,触发点,0,0,0.5,0.5,0.5,0.5,1,1,Valid,#NAME?
06:13.1,1098,12.493,0.448309,1.163845,26.77341,1.618981,2.387755,359.3012,0,0,0,0.447947,1.16881,26.78694,0.003094,-0.020057,0.999794,0.465791,1.053123,32.55371,触发点,0,0,0.5,0.5,0.5,0.5,1,1,Valid,#NAME?
06:13.1,1099,12.5042,0.446472,1.16457,26.77172,1.572879,2.628383,359.1092,0,0,0,0.446184,1.169549,26.78525,0.005037,-0.020928,0.999768,0.475267,1.048719,32.55743,触发点,0,0,0.5,0.5,0.5,0.5,1,1,Valid,#NAME?
06:13.1,1100,12.5154,0.444666,1.165388,26.76954,1.552867,2.919024,358.9154,0,0,0,0.444464,1.170375,26.78307,0.007806,-0.024056,0.99968,0.48959,1.031298,32.56252,触发点,0,0,0.5,0.5,0.5,0.5,1,1,Valid,#NAME?
06:13.1,1101,12.5263,0.442684,1.166294,26.76711,1.556169,3.254536,358.7919,0,0,0,0.442574,1.171282,26.78063,0.011794,-0.025887,0.999595,0.510904,1.0213,32.57196,触发点,0,0,0.5,0.5,0.5,0.5,1,1,Valid,#NAME?
06:13.2,1102,12.5374,0.440958,1.167032,26.76469,1.603372,3.552662,358.8459,0,0,0,0.440912,1.172008,26.77823,0.016992,-0.026752,0.999498,0.539655,1.016552,32.58626,触发点,0,0,0.5,0.5,0.5,0.5,1,1,Valid,#NAME?
06:13.2,1103,12.5489,0.439268,1.167589,26.762,1.611936,3.839193,358.905,0,0,0,0.439287,1.172562,26.77554,0.019318,-0.029951,0.999365,0.551721,0.998241,32.59194,触发点,0,0,0.5,0.5,0.5,0.5,1,1,Valid,#NAME?
06:13.2,1104,12.5653,0.437706,1.167561,26.75914,1.59525,4.091418,359.0351,0,0,0,0.437771,1.172536,26.77268,0.021953,-0.031796,0.999253,0.565783,0.987132,32.59945,触发点,0,0,0.5,0.5,0.5,0.5,1,1,Valid,#NAME?
06:13.2,1105,12.5728,0.435959,1.166809,26.75575,1.50896,4.327328,359.2083,0,0,0,0.436064,1.171802,26.76928,0.024732,-0.03204,0.999181,0.580582,0.984576,32.60793,触发点,0,0,0.5,0.5,0.5,0.5,1,1,Valid,#NAME?
06:13.2,1106,12.582,0.434193,1.165893,26.75199,1.388931,4.514299,359.4125,0,0,0,0.43432,1.17091,26.76551,0.028018,-0.03013,0.999153,0.598458,0.994398,32.61892,触发点,0,0,0.5,0.5,0.5,0.5,1,1,Valid,#NAME?
06:13.2,1107,12.593,0.432324,1.165091,26.74798,1.257327,4.60482,359.705,0,0,0,0.432446,1.170135,26.76149,0.025036,-0.033102,0.999138,0.578916,0.976477,32.60686,触发点,0,0,0.5,0.5,0.5,0.5,1,1,Valid,#NAME?
06:13.2,1108,12.6043,0.430254,1.165514,26.74491,1.002778,4.487537,0.088112,0,0,0,0.430311,1.17061,26.75839,0.021308,-0.031066,0.99929,0.554732,0.989211,32.59335,触发点,0,0,0.5,0.5,0.5,0.5,1,1,Valid,#NAME?
06:13.2,1109,12.6152,0.428465,1.166359,26.74175,0.695367,4.327239,0.491149,0,0,0,0.428444,1.171521,26.75522,0.01862,-0.026112,0.999486,0.537053,1.019214,32.58504,触发点,0,0,0.5,0.5,0.5,0.5,1,1,Valid,#NAME?
06:13.2,1110,12.6264,0.426685,1.167222,26.73823,0.301734,4.270227,0.806452,0,0,0,0.426621,1.17247,26.75166,0.014233,-0.023245,0.999629,0.509495,1.03712,32.57232,触发点,0,0,0.5,0.5,0.5,0.5,1,1,Valid,#NAME?
06:13.3,1111,12.6377,0.424896,1.168266,26.73495,359.8387,4.223427,0.898085,0,0,0,0.424809,1.17362,26.74834,-0.007567,-0.030348,0.999511,0.381125,0.998413,32.51876,触发点,0,0,0.5,0.5,0.5,0.5,1,1,Valid,#NAME?
06:13.3,1112,12.6486,0.422932,1.169589,26.73133,359.3904,4.168239,0.781898,0,0,0,0.422838,1.17505,26.74468,-0.008581,-0.022387,0.999713,0.373274,1.045745,32.51885,触发点,0,0,0.5,0.5,0.5,0.5,1,1,Valid,#NAME?
06:13.3,1113,12.6611,0.420828,1.171206,26.72771,359.0015,4.161943,0.621285,0,0,0,0.420746,1.17676,26.74102,-0.046036,-0.022174,0.998694,0.156361,1.049412,32.47657,触发点,0,0,0.5,0.5,0.5,0.5,1,1,Valid,#NAME?
06:13.3,1114,12.6711,0.418825,1.173116,26.72469,358.6756,4.203354,0.367055,0,0,0,0.418774,1.17875,26.73796,-0.058722,-0.002324,0.998272,0.080459,1.165362,32.48929,触发点,0,0,0.5,0.5,0.5,0.5,1,1,Valid,#NAME?
06:13.3,1115,12.682,0.416872,1.175197,26.72076,358.3798,4.287043,0.160604,0,0,0,0.416855,1.180903,26.734,-0.06262,0.013576,0.997945,0.054227,1.259521,32.51303,触发点,0,0,0.5,0.5,0.5,0.5,1,1,Valid,#NAME?
06:13.3,1116,12.6931,0.414869,1.176931,26.71689,358.1361,4.350604,0.030259,0,0,0,0.414879,1.182695,26.73011,-0.061551,0.018099,0.99794,0.057648,1.28774,32.52197,触发点,0,0,0.5,0.5,0.5,0.5,1,1,Valid,#NAME?
06:13.3,1117,12.7043,0.41259,1.178542,26.71269,357.8731,4.385728,0.002607,0,0,0,0.412607,1.184367,26.72588,-0.059783,0.026632,0.997856,0.064222,1.339562,32.54084,触发点,0,0,0.5,0.5,0.5,0.5,1,1,Valid,#NAME?
06:13.3,1118,12.7209,0.410339,1.180053,26.70816,357.6073,4.353064,0.053406,0,0,0,0.410343,1.185938,26.72132,-0.058781,0.033323,0.997715,0.066451,1.380893,32.55835,触发点,0,0,0.5,0.5,0.5,0.5,1,1,Valid,#NAME?
06:13.4,1119,12.7293,0.407927,1.181595,26.70333,357.3161,4.292884,0.163297,0,0,0,0.407904,1.187545,26.71647,-0.058762,0.037415,0.997571,0.063061,1.407115,32.57066,触发点,0,0,0.5,0.5,0.5,0.5,1,1,Valid,#NAME?
06:13.4,1120,12.7375,0.405584,1.183106,26.69906,357.0985,4.174624,0.287713,0,0,0,0.405521,1.189104,26.71218,-0.060811,0.040887,0.997312,0.047588,1.429764,32.58235,触发点,0,0,0.5,0.5,0.5,0.5,1,1,Valid,#NAME?
06:13.4,1121,12.7484,0.403229,1.184619,26.69435,356.8665,3.999561,0.461198,0,0,0,0.403109,1.190666,26.70744,-0.06348,0.041784,0.997108,0.028795,1.437044,32.58692,触发点,0,0,0.5,0.5,0.5,0.5,1,1,Valid,#NAME?
06:13.4,1122,12.7609,0.400785,1.186063,26.68945,356.5822,3.753443,0.732512,0,0,0,0.400581,1.19217,26.70251,-0.066005,0.042165,0.996928,0.010765,1.441191,32.59024,触发点,0,0,0.5,0.5,0.5,0.5,1,1,Valid,#NAME?
06:13.4,1123,12.7709,0.398459,1.187382,26.68517,356.2836,3.503229,0.973037,0,0,0,0.398172,1.193552,26.6982,-0.070298,0.046778,0.996429,-0.018874,1.471065,32.60959,触发点,0,0,0.5,0.5,0.5,0.5,1,1,Valid,#NAME?
06:13.4,1124,12.782,0.396133,1.188611,26.68025,355.9683,3.194679,1.292817,0,0,0,0.395746,1.194846,26.69324,-0.076937,0.049176,0.995823,-0.062578,1.487795,32.62547,触发点,0,0,0.5,0.5,0.5,0.5,1,1,Valid,#NAME?
06:13.4,1125,12.7929,0.393869,1.189681,26.67535,355.6527,2.847204,1.539924,0,0,0,0.393379,1.195982,26.68831,-0.08289,0.050696,0.995269,-0.102299,1.49914,32.63998,触发点,0,0,0.5,0.5,0.5,0.5,1,1,Valid,#NAME?
06:13.4,1126,12.804,0.391302,1.190608,26.67079,355.3538,2.497708,1.743203,0,0,0,0.390713,1.196973,26.68372,-0.088882,0.055391,0.994501,-0.144404,1.530459,32.67113,触发点,0,0,0.5,0.5,0.5,0.5,1,1,Valid,#NAME?
06:13.4,1127,12.8153,0.389019,1.191365,26.66588,355.0441,2.118698,1.87881,0,0,0,0.388331,1.197797,26.67876,-0.096257,0.056865,0.993731,-0.194421,1.542068,32.69496,触发点,0,0,0.5,0.5,0.5,0.5,1,1,Valid,#NAME?
06:13.4,1128,12.8263,0.38682,1.192019,26.66112,354.7753,1.770912,1.942033,0,0,0,0.386047,1.198509,26.67397,-0.1018,0.060058,0.99299,-0.234559,1.564642,32.72757,触发点,0,0,0.5,0.5,0.5,0.5,1,1,Valid,#NAME?
06:13.5,1129,12.8374,0.384489,1.192533,26.65659,354.5316,1.407432,1.91765,0,0,0,0.383637,1.199079,26.66941,-0.108117,0.064323,0.992055,-0.281782,1.594965,32.77514,触发点,0,0,0.5,0.5,0.5,0.5,1,1,Valid,#NAME?
06:13.5,1130,12.8494,0.382244,1.1933,26.65184,354.2957,1.094406,1.936732,0,0,0,0.381319,1.199898,26.66463,-0.113615,0.064101,0.991455,-0.321575,1.596467,32.79839,触发点,0,0,0.5,0.5,0.5,0.5,1,1,Valid,#NAME?
06:13.5,1131,12.86,0.380091,1.193954,26.64731,354.14,0.762962,1.868549,0,0,0,0.379095,1.200588,26.66007,-0.119253,0.06481,0.990746,-0.363919,1.60439,32.83299,触发点,0,0,0.5,0.5,0.5,0.5,1,1,Valid,#NAME?
06:13.5,1132,12.8767,0.377768,1.194481,26.64316,354.0331,0.430994,1.764054,0,0,0,0.376709,1.201141,26.6559,-0.124052,0.0652,0.990131,-0.401405,1.610108,32.86647,触发点,0,0,0.5,0.5,0.5,0.5,1,1,Valid,#NAME?
06:13.5,1133,12.883,0.375532,1.195092,26.63864,353.9363,0.083459,1.686582,0,0,0,0.374403,1.201775,26.65137,-0.130107,0.067048,0.98923,-0.45134,1.627303,32.92965,触发点,0,0,0.5,0.5,0.5,0.5,1,1,Valid,#NAME?
06:13.5,1134,12.8932,0.374594,1.195186,26.63681,353.9316,359.874,1.645611,0,0,0,0.373423,1.201871,26.64954,-0.133765,0.064682,0.9889,-0.477281,1.613226,32.93863,触发点,0,0,0.5,0.5,0.5,0.5,1,1,Valid,#NAME?
06:13.5,1135,12.904,0.37236,1.195637,26.63237,353.8795,359.4498,1.594514,0,0,0,0.3711,1.202335,26.64507,-0.140383,0.063525,0.988057,-0.531533,1.610787,32.99806,触发点,0,0,0.5,0.5,0.5,0.5,1,1,Valid,#NAME?
06:13.5,1136,12.9152,0.370108,1.196093,26.62788,353.8259,359.0219,1.542881,0,0,0,0.368757,1.202803,26.64057,-0.147795,0.064569,0.986908,-0.605542,1.628458,33.1465,触发点,0,0,0.5,0.5,0.5,0.5,1,1,Valid,#NAME?
06:13.6,1137,12.9267,0.367874,1.196543,26.62343,353.7716,358.598,1.491648,0,0,0,0.366436,1.203267,26.6361,-0.15513,0.065623,0.985712,-5.148325,3.536121,61.67756,Arch,0,0,0.5,0.5,0.5,0.5,1,1,Valid,#NAME?
06:13.6,1138,12.9376,0.365643,1.196993,26.61898,353.7162,358.1741,1.440368,0,0,0,0.364113,1.20373,26.63164,-0.162453,0.066695,0.98446,-5.165027,3.473729,60.13807,Arch,0,0,0.5,0.5,0.5,0.5,1,1,Valid,#NAME?
06:13.6,1139,12.9486,0.36343,1.19744,26.61458,353.6603,357.7541,1.389516,0,0,0,0.361813,1.20419,26.62722,-0.169698,0.067777,0.983163,-5.180058,3.41758,58.73452,Arch,0,0,0.5,0.5,0.5,0.5,1,1,Valid,#NAME?
06:13.6,1140,12.9598,0.361197,1.197889,26.61013,353.6028,357.3304,1.338178,0,0,0,0.359491,1.204653,26.62275,-0.176998,0.068886,0.981798,-5.193871,3.365976,57.42701,Arch,0,0,0.5,0.5,0.5,0.5,1,1,Valid,#NAME?
06:13.6,1141,12.9707,0.358963,1.198339,26.60569,353.5442,356.9069,1.286833,0,0,0,0.35717,1.205117,26.61829,-0.184284,0.070014,0.980376,-5.206477,3.318885,56.21645,Arch,0,0,0.5,0.5,0.5,0.5,1,1,Valid,#NAME?
06:13.6,1142,12.982,0.357132,1.198223,26.60462,354.3664,356.5252,1.921698,0,0,0,0.355192,1.204806,26.6173,-0.190405,0.054373,0.980199,-5.337251,2.830362,55.92181,Arch,0,0,0.5,0.5,0.5,0.5,1,1,Valid,#NAME?
06:13.6,1143,12.993,0.355001,1.198564,26.60068,354.28,356.1371,1.558648,0,0,0,0.35301,1.205173,26.61334,-0.18808,0.040485,0.981319,-5.438575,2.451851,56.83138,Arch,0,0,0.5,0.5,0.5,0.5,1,1,Valid,#NAME?
06:13.6,1144,13.004,0.35281,1.198397,26.59703,354.3802,355.6865,1.575336,0,0,0,0.350716,1.204984,26.60968,-0.195778,0.038715,0.979884,-5.464514,2.354952,55.71529,Arch,0,0,0.5,0.5,0.5,0.5,1,1,Valid,#NAME?
06:13.6,1145,13.0154,0.350758,1.198076,26.59343,354.4695,355.3028,1.464144,0,0,0,0.348587,1.204645,26.60608,-0.30157,-0.060769,0.951506,-5.629484,0.000004,45.46796,Road,0,0,0.5,0.5,0.5,0.5,1,1,Valid,#NAME?
06:13.7,1146,13.032,0.348702,1.197822,26.58977,354.4784,354.9646,1.324823,0,0,0,0.34647,1.204391,26.60241,-0.290459,-0.059948,0.955008,-5.489036,0.000004,45.7891,Road,0,0,0.5,0.5,0.5,0.5,1,1,Valid,#NAME?
06:13.7,1147,13.0391,0.3459,1.197543,26.58496,354.4043,354.5733,1.178321,0,0,0,0.343597,1.204132,26.59758,-0.297367,-0.058161,0.95299,-6.110497,-0.058212,47.28139,Arch,0,0,0.5,0.5,0.5,0.5,1,1,Valid,#NAME?
06:13.7,1148,13.0485,0.344034,1.197954,26.58156,354.1602,354.3857,1.175004,0,0,0,0.341692,1.204597,26.59414,-0.349939,-0.103378,0.931051,-3.735916,0.000003,37.44305,Road,0,0,0.5,0.5,0.5,0.5,1,1,Valid,#NAME?
06:13.7,1149,13.0596,0.342108,1.198274,26.57816,353.8784,354.1988,1.208781,0,0,0,0.339726,1.204979,26.59069,-0.36111,-0.11331,0.925614,-3.500435,0.000003,36.43398,Road,0,0,0.5,0.5,0.5,0.5,1,1,Valid,#NAME?
06:13.7,1150,13.0707,0.340107,1.198481,26.57492,353.5854,354.0057,1.276655,0,0,0,0.337679,1.20525,26.58742,-0.364036,-0.108726,0.925017,-3.697719,0.000003,36.84138,Road,0,0,0.5,0.5,0.5,0.5,1,1,Valid,#NAME?
06:13.7,1151,13.0819,0.33806,1.198757,26.57157,353.2665,353.8212,1.349796,0,0,0,0.335589,1.205595,26.58403,-0.374807,-0.143616,0.915911,-2.810753,0.000002,34.27269,Road,0,0,0.5,0.5,0.5,0.5,1,1,Valid,#NAME?
06:13.7,1152,13.0932,0.336044,1.198994,26.56839,353.0283,353.6278,1.431801,0,0,0,0.333527,1.205883,26.58081,-0.363072,-0.143799,0.920598,-2.711152,0.000002,34.30083,Road,0,0,0.5,0.5,0.5,0.5,1,1,Valid,#NAME?
06:13.7,1153,13.1041,0.334009,1.199019,26.56544,352.799,353.4314,1.52882,0,0,0,0.331442,1.205957,26.57781,-0.344025,-0.144709,0.927742,-2.535538,0.000002,34.30929,Road,0,0,0.5,0.5,0.5,0.5,1,1,Valid,#NAME?
06:13.7,1154,13.1153,0.33197,1.199142,26.56241,352.6924,353.2105,1.655851,0,0,0,0.329346,1.2061,26.57476,-0.347056,-0.14344,0.92681,-2.588831,0.000002,34.36774,Road,0,0,0.5,0.5,0.5,0.5,1,1,Valid,#NAME?
06:13.7,1155,13.1265,0.330061,1.198969,26.55967,352.5943,352.9776,1.744552,0,0,0,0.327381,1.205948,26.572,-0.329462,-0.131311,0.934993,-2.69835,0.000002,35.15885,Road,0,0,0.5,0.5,0.5,0.5,1,1,Valid,#NAME?
06:13.8,1156,13.1375,0.328072,1.1989,26.55687,352.5055,352.75,1.81758,0,0,0,0.325337,1.205896,26.56918,-0.324089,-0.130723,0.936951,-2.664312,0.000002,35.21234,Road,0,0,0.5,0.5,0.5,0.5,1,1,Valid,#NAME?
06:13.8,1157,13.1485,0.326126,1.198807,26.5545,352.3952,352.5444,1.871252,0,0,0,0.323343,1.205826,26.56679,-0.327247,-0.129044,0.936086,-2.73455,0.000002,35.31387,Road,0,0,0.5,0.5,0.5,0.5,1,1,Valid,#NAME?
06:13.8,1158,13.1598,0.324015,1.199186,26.55212,352.2165,352.3685,1.830178,0,0,0,0.321201,1.206245,26.56438,-0.327418,-0.125933,0.93645,-2.814957,0.000002,35.53412,Road,0,0,0.5,0.5,0.5,0.5,1,1,Valid,#NAME?
06:13.8,1159,13.1708,0.322018,1.199549,26.55003,352.0166,352.1882,1.808969,0,0,0,0.319172,1.206652,26.56225,-0.325299,-0.123324,0.937535,-2.863683,0.000002,35.73547,Road,0,0,0.5,0.5,0.5,0.5,1,1,Valid,#NAME?
06:13.8,1160,13.1876,0.320049,1.200021,26.54811,351.8106,351.9895,1.782417,0,0,0,0.317167,1.20717,26.5603,-0.324482,-0.121124,0.938105,-2.916731,0.000002,35.90979,Road,0,0,0.5,0.5,0.5,0.5,1,1,Valid,#NAME?
06:13.8,1161,13.1958,0.318131,1.200361,26.54657,351.6076,351.848,2.0117,0,0,0,0.315199,1.207549,26.55872,-0.325848,-0.118424,0.937976,-3.007408,0.000002,36.1231,Road,0,0,0.5,0.5,0.5,0.5,1,1,Valid,#NAME?
06:13.8,1162,13.204,0.316231,1.200605,26.54509,351.4343,351.6339,2.175811,0,0,0,0.313242,1.207828,26.55721,-0.319451,-0.118314,0.940188,-2.947911,0.000002,36.15524,Road,0,0,0.5,0.5,0.5,0.5,1,1,Valid,#NAME?
06:13.8,1163,13.2154,0.31439,1.200965,26.54416,351.2532,351.4022,2.386327,0,0,0,0.311337,1.208222,26.55624,-0.32591,-0.115702,0.938294,-3.091985,0.000003,36.35441,Road,0,0,0.5,0.5,0.5,0.5,1,1,Valid,#NAME?
06:13.8,1164,13.2265,0.312443,1.201293,26.5431,351.0629,351.1353,2.580263,0,0,0,0.30932,1.208587,26.55514,-0.329471,-0.113065,0.937371,-3.212485,0.000003,36.57497,Road,0,0,0.5,0.5,0.5,0.5,1,1,Valid,#NAME?
06:13.9,1165,13.2375,0.310528,1.20153,26.54255,350.8359,350.8815,2.672678,0,0,0,0.307348,1.208872,26.55455,-0.326989,-0.109483,0.938665,-3.303143,0.000003,36.91896,Road,0,0,0.5,0.5,0.5,0.5,1,1,Valid,#NAME?
06:13.9,1166,13.2486,0.308657,1.201766,26.54224,350.4859,350.5606,2.753532,0,0,0,0.30541,1.209181,26.55418,-0.333299,-0.107986,0.936617,-3.426708,0.000003,37.04195,Road,0,0,0.5,0.5,0.5,0.5,1,1,Valid,#NAME?
06:13.9,1167,13.2596,0.306692,1.201869,26.54176,350.1412,350.2942,2.841516,0,0,0,0.303391,1.209356,26.55363,-0.33489,-0.104673,0.936425,-3.565815,0.000003,37.37277,Road,0,0,0.5,0.5,0.5,0.5,1,1,Valid,#NAME?
06:13.9,1168,13.2708,0.304796,1.20215,26.5419,349.8118,350.01,2.980221,0,0,0,0.30143,1.209704,26.55371,-0.339,-0.099449,0.935516,-3.822156,0.000003,37.9333,Road,0,0,0.5,0.5,0.5,0.5,1,1,Valid,#NAME?
06:13.9,1169,13.2824,0.302864,1.202589,26.54249,349.4675,349.6939,3.115029,0,0,0,0.299429,1.210213,26.55424,-0.340386,-0.093989,0.935577,-4.083421,0.000003,38.60085,Road,0,0,0.5,0.5,0.5,0.5,1,1,Valid,#NAME?
06:13.9,1170,13.2931,0.300968,1.202968,26.54313,349.1145,349.3848,3.27678,0,0,0,0.297463,1.210664,26.55481,-0.341021,-0.092236,0.93552,-4.178686,0.000003,38.83421,Road,0,0,0.5,0.5,0.5,0.5,1,1,Valid,#NAME?
06:13.9,1171,13.304,0.29851,1.203225,26.54457,348.573,348.9978,3.501263,0,0,0,0.294918,1.21103,26.55615,-0.34645,-0.083571,0.934338,-4.725505,0.000003,40.09569,Road,0,0,0.5,0.5,0.5,0.5,1,1,Valid,#NAME?
06:13.9,1172,13.3152,0.296864,1.203106,26.54596,348.1396,348.7291,3.645351,0,0,0,0.293217,1.210999,26.55746,-0.348621,-0.077683,0.934039,-5.14139,0.000003,41.11805,Road,0,0,0.5,0.5,0.5,0.5,1,1,Valid,#NAME?
06:14.0,1173,13.3267,0.2952,1.20299,26.5473,347.7887,348.491,3.781271,0,0,0,0.291504,1.210953,26.55874,-0.346254,-0.074814,0.935153,-5.313042,0.000003,41.69533,Road,0,0,0.5,0.5,0.5,0.5,1,1,Valid,#NAME?
06:14.0,1174,13.3432,0.293625,1.202464,26.54937,347.416,348.281,3.91255,0,0,0,0.289885,1.210502,26.56075,-0.344926,-0.068754,0.936108,-6.112497,-0.065681,43.93641,Arch,0,0,0.5,0.5,0.5,0.5,1,1,Valid,#NAME?
06:14.0,1175,13.3508,0.292212,1.202046,26.55164,347.0759,348.0792,4.062202,0,0,0,0.288427,1.210151,26.56295,-0.347598,-0.06327,0.935506,-6.081338,0.050717,43.70618,Arch,0,0,0.5,0.5,0.5,0.5,1,1,Valid,#NAME?
06:14.0,1176,13.3597,0.290779,1.201599,26.55408,346.7797,347.8841,4.204659,0,0,0,0.286953,1.209761,26.56533,-0.290563,-0.046157,0.955742,-6.040124,0.204681,47.37679,Arch,0,0,0.5,0.5,0.5,0.5,1,1,Valid,#NAME?
06:14.0,1177,13.3708,0.289438,1.201486,26.55678,346.5221,347.6774,4.33251,0,0,0,0.285568,1.209698,26.56798,-0.295775,-0.044827,0.954205,-6.0272,0.252961,46.93369,Arch,0,0,0.5,0.5,0.5,0.5,1,1,Valid,#NAME?
06:14.0,1178,13.3826,0.288221,1.201561,26.56013,346.2802,347.5047,4.420889,0,0,0,0.284317,1.209821,26.57129,-0.29828,-0.040751,0.953608,-6.000923,0.351122,46.66539,Arch,0,0,0.5,0.5,0.5,0.5,1,1,Valid,#NAME?
06:14.0,1179,13.3933,0.287085,1.201523,26.56345,346.0446,347.3992,4.493463,0,0,0,0.283159,1.20983,26.57456,-0.261955,-0.028229,0.964667,-5.950888,0.538035,49.53191,Arch,0,0,0.5,0.5,0.5,0.5,1,1,Valid,#NAME?
06:14.0,1180,13.404,0.286102,1.201541,26.5673,345.8396,347.3383,4.553752,0,0,0,0.282167,1.209888,26.57837,-0.248065,-0.023374,0.968462,-5.927674,0.624751,50.82199,Arch,0,0,0.5,0.5,0.5,0.5,1,1,Valid,#NAME?
06:14.0,1181,13.4154,0.285431,1.201427,26.57146,345.6525,347.3651,4.563637,0,0,0,0.281506,1.209812,26.58251,-0.235442,-0.018299,0.971716,-5.899662,0.729393,52.09341,Arch,0,0,0.5,0.5,0.5,0.5,1,1,Valid,#NAME?
06:14.0,1182,13.4264,0.284853,1.201035,26.57598,345.4699,347.4528,4.586494,0,0,0,0.280949,1.209456,26.58701,-0.233862,-0.01512,0.972152,-5.877746,0.811265,52.18835,Arch,0,0,0.5,0.5,0.5,0.5,1,1,Valid,#NAME?
06:14.1,1183,13.4377,0.284626,1.200597,26.58095,345.3002,347.6038,4.592423,0,0,0,0.280754,1.209053,26.59197,-0.222157,-0.011091,0.974948,-5.853241,0.902806,53.5113,Arch,0,0,0.5,0.5,0.5,0.5,1,1,Valid,#NAME?
06:14.1,1184,13.4488,0.28462,1.200031,26.58615,345.1505,347.76,4.624609,0,0,0,0.280783,1.208516,26.59716,-0.211414,-0.009066,0.977355,-5.841687,0.94597,54.90094,Arch,0,0,0.5,0.5,0.5,0.5,1,1,Valid,#NAME?
06:14.1,1185,13.4596,0.284618,1.199476,26.59122,344.9927,347.9085,4.584328,0,0,0,0.280817,1.207994,26.60222,-0.209067,-0.006314,0.977881,-5.820872,1.023728,55.14203,Arch,0,0,0.5,0.5,0.5,0.5,1,1,Valid,#NAME?
06:14.1,1186,13.4712,0.285297,1.198271,26.59907,344.9839,348.417,4.387519,0,0,0,0.281612,1.206795,26.6101,-0.196985,-0.007595,0.980377,-5.834998,0.970959,57.05187,Arch,0,0,0.5,0.5,0.5,0.5,1,1,Valid,#NAME?
06:14.1,1187,13.4822,0.285742,1.197668,26.60495,345.0852,348.7685,4.293499,0,0,0,0.282129,1.206174,26.61602,-0.191239,-0.01152,0.981476,-5.871257,0.835508,58.19637,Arch,0,0,0.5,0.5,0.5,0.5,1,1,Valid,#NAME?
06:14.1,1188,13.4991,0.286131,1.197219,26.60888,345.1446,349.045,4.101898,0,0,0,0.282587,1.205717,26.61998,-0.181878,-0.013366,0.98323,-5.893652,0.751846,60.0086,Arch,0,0,0.5,0.5,0.5,0.5,1,1,Valid,#NAME?
06:14.1,1189,13.5053,0.286825,1.1965,26.61528,345.3159,349.6498,3.658936,0,0,0,0.283434,1.204974,26.62645,-0.173533,-0.016409,0.984692,-0.867569,1.096139,33.15769,触发点,0,0,0.5,0.5,0.5,0.5,1,1,Valid,#NAME?
06:14.1,1190,13.5152,0.287378,1.196117,26.62127,345.365,350.1881,3.330662,0,0,0,0.284123,1.204589,26.63248,-0.166671,-0.020423,0.985801,-0.788001,1.073216,32.97371,触发点,0,0,0.5,0.5,0.5,0.5,1,1,Valid,#NAME?
06:14.1,1191,13.5262,0.288044,1.195556,26.62761,345.4872,350.9206,2.782491,0,0,0,0.284979,1.204014,26.63888,-0.15567,-0.023822,0.987522,-0.691264,1.054621,32.83187,触发点,0,0,0.5,0.5,0.5,0.5,1,1,Valid,#NAME?
06:14.2,1192,13.5379,0.28878,1.195043,26.63413,345.5857,351.6875,2.336995,0,0,0,0.285906,1.20349,26.64546,-0.144538,-0.025549,0.989169,-0.604543,1.046093,32.73939,触发点,0,0,0.5,0.5,0.5,0.5,1,1,Valid,#NAME?
06:14.2,1193,13.5485,0.289518,1.194556,26.64098,345.6801,352.4884,1.805411,0,0,0,0.286848,1.202995,26.65237,-0.130498,-0.029131,0.991021,-0.50367,1.026531,32.65569,触发点,0,0,0.5,0.5,0.5,0.5,1,1,Valid,#NAME?
06:14.2,1194,13.5598,0.289913,1.194152,26.64705,345.8389,353.2082,1.326824,0,0,0,0.287428,1.202568,26.6585,-0.120066,-0.032573,0.992232,-0.432569,1.00724,32.6086,触发点,0,0,0.5,0.5,0.5,0.5,1,1,Valid,#NAME?
06:14.2,1195,13.5708,0.29035,1.19396,26.6535,346.0688,353.9839,0.922205,0,0,0,0.288054,1.202336,26.66501,-0.107734,-0.037347,0.993478,-0.351774,0.980533,32.56524,触发点,0,0,0.5,0.5,0.5,0.5,1,1,Valid,#NAME?
06:14.2,1196,13.5819,0.290688,1.193691,26.65986,346.373,354.6956,0.484992,0,0,0,0.28857,1.202013,26.67144,-0.097469,-0.042623,0.994326,-0.286442,0.950561,32.53742,触发点,0,0,0.5,0.5,0.5,0.5,1,1,Valid,#NAME?
06:14.2,1197,13.5933,0.2908,1.19319,26.66539,346.6962,355.3794,0.093877,0,0,0,0.288857,1.201453,26.67704,-0.086587,-0.048915,0.995043,-0.219204,0.914441,32.51556,触发点,0,0,0.5,0.5,0.5,0.5,1,1,Valid,#NAME?
06:14.2,1198,13.604,0.291071,1.192691,26.67153,347.1053,356.0921,359.6655,0,0,0,0.289309,1.200876,26.68327,-0.0758,-0.056314,0.995532,-0.153674,0.871771,32.50123,触发点,0,0,0.5,0.5,0.5,0.5,1,1,Valid,#NAME?
06:14.2,1199,13.6152,0.291214,1.192498,26.67358,347.1753,356.3075,359.5512,0,0,0,0.289505,1.200671,26.68533,-0.072605,-0.057518,0.995701,-0.134316,0.864918,32.4976,触发点,0,0,0.5,0.5,0.5,0.5,1,1,Valid,#NAME?
06:14.2,1200,13.6264,0.291216,1.191531,26.67854,347.6567,356.9955,359.1721,0,0,0,0.289679,1.19961,26.69038,-0.062452,-0.065845,0.995874,-0.074215,0.815945,32.49312,触发点,0,0,0.5,0.5,0.5,0.5,1,1,Valid,#NAME?
06:14.3,1201,13.6377,0.291327,1.190762,26.68378,348.0148,357.7566,359.0189,0,0,0,0.289959,1.198769,26.69569,-0.050172,-0.072511,0.996105,-0.001979,0.776847,32.49178,触发点,0,0,0.5,0.5,0.5,0.5,1,1,Valid,#NAME?
06:14.3,1202,13.6547,0.29151,1.189538,26.69201,348.5728,358.7933,358.6917,0,0,0,0.290388,1.197433,26.70403,-0.055668,-0.092884,0.99412,-0.035729,0.653294,32.52785,触发点,0,0,0.5,0.5,0.5,0.5,1,1,Valid,#NAME?
06:14.3,1203,13.6631,0.291357,1.188822,26.69631,348.8581,359.3746,358.6092,0,0,0,0.290365,1.196658,26.70837,-0.045989,-0.097788,0.994144,0.020901,0.623688,32.53339,触发点,0,0,0.5,0.5,0.5,0.5,1,1,Valid,#NAME?
06:14.3,1204,13.6706,0.291351,1.188171,26.70043,349.0863,359.8595,358.637,0,0,0,0.290459,1.195959,26.71253,-0.05782,-0.103726,0.992924,-0.049768,0.585609,32.55516,触发点,0,0,0.5,0.5,0.5,0.5,1,1,Valid,#NAME?
06:14.3,1205,13.6819,0.29141,1.187513,26.70444,349.318,0.324277,358.7226,0,0,0,0.290608,1.195251,26.71658,-0.056622,-0.106094,0.992743,-0.042717,0.570701,32.56064,触发点,0,0,0.5,0.5,0.5,0.5,1,1,Valid,#NAME?
06:14.3,1206,13.6931,0.291386,1.186893,26.7076,349.6139,0.804176,358.824,0,0,0,0.290674,1.194567,26.71979,-0.047803,-0.111325,0.992634,0.008929,0.538426,32.57027,触发点,0,0,0.5,0.5,0.5,0.5,1,1,Valid,#NAME?
06:14.3,1207,13.7043,0.29155,1.186215,26.71095,349.9614,1.282575,358.8905,0,0,0,0.290937,1.193813,26.72319,-0.054193,-0.114529,0.991941,-0.029285,0.517078,32.58445,触发点,0,0,0.5,0.5,0.5,0.5,1,1,Valid,#NAME?
06:14.3,1208,13.7152,0.291691,1.185467,26.71409,350.3145,1.726131,358.9205,0,0,0,0.291172,1.192989,26.72638,-0.059203,-0.113808,0.991737,-0.058665,0.520487,32.58664,触发点,0,0,0.5,0.5,0.5,0.5,1,1,Valid,#NAME?
06:14.3,1209,13.7263,0.291655,1.184704,26.71616,350.6845,2.075327,358.9771,0,0,0,0.291206,1.192145,26.7285,-0.05291,-0.120282,0.991329,-0.022388,0.479244,32.60405,触发点,0,0,0.5,0.5,0.5,0.5,1,1,Valid,#NAME?
06:14.4,1210,13.7375,0.291695,1.183764,26.71862,351.0821,2.400972,359.0838,0,0,0,0.291309,1.191118,26.73102,-0.036144,-0.127224,0.991215,0.076372,0.434563,32.62543,触发点,0,0,0.5,0.5,0.5,0.5,1,1,Valid,#NAME?
06:14.4,1211,13.7486,0.291754,1.182738,26.72081,351.4393,2.64934,359.1889,0,0,0,0.291412,1.190013,26.73325,-0.014042,-0.129464,0.991485,0.207657,0.417811,32.64707,触发点,0,0,0.5,0.5,0.5,0.5,1,1,Valid,#NAME?
06:14.4,1212,13.7596,0.291731,1.181597,26.72211,351.7404,2.84859,359.2332,0,0,0,0.291431,1.188807,26.7346,0.001011,-0.129105,0.99163,0.297482,0.416333,32.66781,触发点,0,0,0.5,0.5,0.5,0.5,1,1,Valid,#NAME?
06:14.4,1213,13.7709,0.29176,1.180377,26.72347,352.0021,3.064445,359.2185,0,0,0,0.291512,1.187531,26.73599,0.004646,-0.133615,0.991022,0.319459,0.3837,32.69799,触发点,0,0,0.5,0.5,0.5,0.5,1,1,Valid,#NAME?
06:14.4,1214,13.7831,0.291832,1.179365,26.7248,352.2462,3.324389,359.0785,0,0,0,0.291655,1.186466,26.73735,0.013569,-0.134784,0.990782,0.373681,0.371663,32.72691,触发点,0,0,0.5,0.5,0.5,0.5,1,1,Valid,#NAME?
06:14.4,1215,13.7936,0.291843,1.17842,26.72536,352.4164,3.656817,358.8453,0,0,0,0.291761,1.185488,26.73792,0.019141,-0.129238,0.991429,0.407138,0.406466,32.71406,触发点,0,0,0.5,0.5,0.5,0.5,1,1,Valid,#NAME?
06:14.4,1216,13.8106,0.291971,1.177809,26.72591,352.5606,4.010804,358.5753,0,0,0,0.291994,1.184849,26.7385,0.01892,-0.120395,0.992546,0.405114,0.465008,32.67291,触发点,0,0,0.5,0.5,0.5,0.5,1,1,Valid,#NAME?
06:14.4,1217,13.817,0.292069,1.177124,26.72652,352.6755,4.393106,358.3055,0,0,0,0.292202,1.184144,26.73911,0.024358,-0.122143,0.992214,0.438465,0.450714,32.69701,触发点,0,0,0.5,0.5,0.5,0.5,1,1,Valid,#NAME?
06:14.4,1218,13.8265,0.292078,1.176682,26.72654,352.7959,4.748151,357.9119,0,0,0,0.292328,1.183681,26.73914,0.02029,-0.111655,0.99354,0.412913,0.520117,32.64372,触发点,0,0,0.5,0.5,0.5,0.5,1,1,Valid,#NAME?
06:14.5,1219,13.8375,0.291904,1.176165,26.72567,352.8755,5.119281,357.4455,0,0,0,0.292278,1.183152,26.73828,0.018346,-0.100834,0.994734,0.400484,0.588431,32.60524,触发点,0,0,0.5,0.5,0.5,0.5,1,1,Valid,#NAME?
06:14.5,1220,13.8491,0.291721,1.175668,26.72521,352.9952,5.530224,357.0034,0,0,0,0.292229,1.182634,26.73782,0.023742,-0.102361,0.994464,0.432741,0.576827,32.62341,触发点,0,0,0.5,0.5,0.5,0.5,1,1,Valid,#NAME?
06:14.5,1221,13.8598,0.291325,1.175216,26.72407,353.0984,5.921598,356.545,0,0,0,0.291964,1.182165,26.73669,0.024818,-0.097741,0.994902,0.438559,0.604827,32.61341,触发点,0,0,0.5,0.5,0.5,0.5,1,1,Valid,#NAME?
06:14.5,1222,13.8708,0.290787,1.174886,26.72289,353.219,6.301464,356.1246,0,0,0,0.29155,1.181814,26.73551,0.021127,-0.083526,0.996282,0.415315,0.692503,32.57195,触发点,0,0,0.5,0.5,0.5,0.5,1,1,Valid,#NAME?
06:14.5,1223,13.882,0.290072,1.174507,26.72146,353.3479,6.676437,355.7343,0,0,0,0.290955,1.18141,26.73409,0.026264,-0.085157,0.996021,0.445308,0.680951,32.58763,触发点,0,0,0.5,0.5,0.5,0.5,1,1,Valid,#NAME?
06:14.5,1224,13.8939,0.289202,1.174031,26.71991,353.483,7.048088,355.3685,0,0,0,0.290203,1.180908,26.73254,0.029446,-0.083643,0.996061,0.463452,0.688787,32.59293,触发点,0,0,0.5,0.5,0.5,0.5,1,1,Valid,#NAME?
06:14.5,1225,13.9042,0.28808,1.173652,26.71812,353.6124,7.438244,355.0148,0,0,0,0.289202,1.180503,26.73076,0.030288,-0.07771,0.996516,0.467105,0.724055,32.58401,触发点,0,0,0.5,0.5,0.5,0.5,1,1,Valid,#NAME?
06:14.5,1226,13.9153,0.286692,1.173294,26.71614,353.6967,7.87733,354.6538,0,0,0,0.287945,1.18013,26.72878,0.032118,-0.070542,0.996992,0.476362,0.766304,32.57747,触发点,0,0,0.5,0.5,0.5,0.5,1,1,Valid,#NAME?
06:14.5,1227,13.9265,0.285379,1.173,26.71432,353.7811,8.310263,354.2777,0,0,0,0.286766,1.179821,26.72695,0.038464,-0.071314,0.996712,0.513281,0.759851,32.59658,触发点,0,0,0.5,0.5,0.5,0.5,1,1,Valid,#NAME?
06:14.6,1228,13.9376,0.283455,1.17274,26.71183,353.8205,8.851977,353.8459,0,0,0,0.285,1.179555,26.72444,0.042702,-0.065763,0.996921,0.536742,0.791861,32.60159,触发点,0,0,0.5,0.5,0.5,0.5,1,1,Valid,#NAME?
06:14.6,1229,13.9488,0.281569,1.172574,26.70941,353.8574,9.428492,353.4844,0,0,0,0.283276,1.179383,26.72201,0.047602,-0.059882,0.99707,0.564406,0.825732,32.61053,触发点,0,0,0.5,0.5,0.5,0.5,1,1,Valid,#NAME?
06:14.6,1230,13.9664,0.27944,1.172215,26.70682,353.8286,9.997607,353.1664,0,0,0,0.2813,1.179032,26.71939,0.055008,-0.056937,0.996861,0.607688,0.841199,32.63419,触发点,0,0,0.5,0.5,0.5,0.5,1,1,Valid,#NAME?
06:14.6,1231,13.9747,0.276949,1.172176,26.704,353.7579,10.53573,352.9702,0,0,0,0.278944,1.179011,26.71654,0.063825,-0.055308,0.996427,0.660219,0.848611,32.66899,触发点,0,0,0.5,0.5,0.5,0.5,1,1,Valid,#NAME?
06:14.6,1232,13.9817,0.274075,1.172221,26.70098,353.6421,11.00055,352.8298,0,0,0,0.276182,1.179082,26.71349,0.066368,-0.04527,0.996768,0.672886,0.90849,32.67154,触发点,0,0,0.5,0.5,0.5,0.5,1,1,Valid,#NAME?
06:14.6,1233,13.9933,0.270979,1.17215,26.69798,353.537,11.37022,352.7651,0,0,0,0.273171,1.179034,26.71045,0.068874,-0.038482,0.996883,0.68554,0.948631,32.67907,触发点,0,0,0.5,0.5,0.5,0.5,1,1,Valid,#NAME?
06:14.6,1234,14.0041,0.268272,1.17208,26.69515,353.4464,11.73551,352.6228,0,0,0,0.270556,1.178986,26.7076,0.074869,-0.036597,0.996522,0.721363,0.958628,32.7079,触发点,0,0,0.5,0.5,0.5,0.5,1,1,Valid,#NAME?
06:14.6,1235,14.0153,0.264376,1.172138,26.69155,353.3447,11.97639,352.7553,0,0,0,0.266697,1.179065,26.70398,0.077314,-0.03332,0.99645,0.733337,0.977956,32.7182,触发点,0,0,0.5,0.5,0.5,0.5,1,1,Valid,#NAME?
06:14.6,1236,14.0266,0.26049,1.172087,26.68832,353.3294,12.19519,352.8343,0,0,0,0.262852,1.179018,26.70075,0.075362,-0.0286,0.996746,0.716812,1.00674,32.70486,触发点,0,0,0.5,0.5,0.5,0.5,1,1,Valid,#NAME?
06:14.7,1237,14.0375,0.25667,1.172158,26.68499,353.2544,12.40928,352.8805,0,0,0,0.259069,1.179105,26.6974,0.07921,-0.027412,0.996481,0.738091,1.013332,32.72361,触发点,0,0,0.5,0.5,0.5,0.5,1,1,Valid,#NAME?
06:14.7,1238,14.0487,0.252771,1.172256,26.68159,353.2601,12.65089,352.9004,0,0,0,0.255222,1.179201,26.69399,0.077222,-0.023681,0.996733,0.721368,1.03625,32.71071,触发点,0,0,0.5,0.5,0.5,0.5,1,1,Valid,#NAME?
06:14.7,1239,14.0598,0.248909,1.172353,26.67822,353.2654,12.89037,352.9203,0,0,0,0.25141,1.179296,26.69061,0.078069,-0.021927,0.996707,0.723141,1.046801,32.71321,触发点,0,0,0.5,0.5,0.5,0.5,1,1,Valid,#NAME?
06:14.7,1240,14.0708,0.24321,1.172523,26.67404,353.0792,12.85832,352.8654,0,0,0,0.245705,1.179507,26.6864,0.077394,-0.018573,0.996828,0.713153,1.06733,32.7071,触发点,0,0,0.5,0.5,0.5,0.5,1,1,Valid,#NAME?
06:14.7,1241,14.0819,0.238321,1.172894,26.67017,353.0006,12.91198,352.9279,0,0,0,0.240818,1.179896,26.68253,0.078483,-0.017375,0.996764,0.71541,1.074829,32.71,触发点,0,0,0.5,0.5,0.5,0.5,1,1,Valid,#NAME?
06:14.7,1242,14.0932,0.232958,1.173396,26.66634,352.9493,12.92551,353.0608,0,0,0,0.235445,1.180408,26.6787,0.06325,-0.010214,0.997946,0.613353,1.119383,32.64128,触发点,0,0,0.5,0.5,0.5,0.5,1,1,Valid,#NAME?
06:14.7,1243,14.1049,0.227881,1.174088,26.66253,352.8961,12.88035,353.2298,0,0,0,0.230339,1.181111,26.67488,0.057314,-0.012155,0.998282,0.571295,1.108805,32.6136,触发点,0,0,0.5,0.5,0.5,0.5,1,1,Valid,#NAME?
06:14.7,1244,14.1219,0.222696,1.174769,26.65866,352.8633,12.79112,353.4138,0,0,0,0.225119,1.181799,26.67102,0.053266,-0.012515,0.998502,0.541223,1.107528,32.59663,触发点,0,0,0.5,0.5,0.5,0.5,1,1,Valid,#NAME?
06:14.8,1245,14.1289,0.216732,1.175506,26.65475,352.8098,12.57963,353.674,0,0,0,0.219084,1.182546,26.66712,0.050202,-0.012356,0.998663,0.516531,1.109338,32.58414,触发点,0,0,0.5,0.5,0.5,0.5,1,1,Valid,#NAME?
06:14.8,1246,14.1378,0.210974,1.17638,26.65073,352.7923,12.29863,353.9336,0,0,0,0.213242,1.183421,26.66311,0.042646,-0.013498,0.998999,0.464947,1.103755,32.55936,触发点,0,0,0.5,0.5,0.5,0.5,1,1,Valid,#NAME?
06:14.8,1247,14.1487,0.204123,1.177614,26.64608,352.7885,11.82315,354.3437,0,0,0,0.206249,1.184653,26.65849,0.027378,-0.019013,0.999444,0.366798,1.073158,32.51941,触发点,0,0,0.5,0.5,0.5,0.5,1,1,Valid,#NAME?
06:14.8,1248,14.16,0.19805,1.178502,26.6423,352.7651,11.5513,354.728,0,0,0,0.200081,1.185543,26.65472,0.023607,-0.019793,0.999525,0.338389,1.069577,32.51074,触发点,0,0,0.5,0.5,0.5,0.5,1,1,Valid,#NAME?
06:14.8,1249,14.1712,0.191782,1.179736,26.638,352.7306,11.12872,355.1875,0,0,0,0.193678,1.18678,26.65044,0.012084,-0.02314,0.999659,0.264288,1.05157,32.49167,触发点,0,0,0.5,0.5,0.5,0.5,1,1,Valid,#NAME?
06:14.8,1250,14.1819,0.186485,1.180719,26.63437,352.6559,10.74942,355.5573,0,0,0,0.188263,1.187776,26.64682,0.004334,-0.024065,0.999701,0.213563,1.047292,32.48281,触发点,0,0,0.5,0.5,0.5,0.5,1,1,Valid,#NAME?
06:14.8,1251,14.193,0.180012,1.181862,26.63043,352.6437,10.24959,356.0276,0,0,0,0.181639,1.188918,26.6429,-0.003139,-0.025335,0.999674,0.163322,1.041077,32.47653,触发点,0,0,0.5,0.5,0.5,0.5,1,1,Valid,#NAME?
06:14.8,1252,14.2041,0.173264,1.182912,26.6259,352.635,9.707105,356.5109,0,0,0,0.174727,1.189964,26.63839,-0.015852,-0.028558,0.999466,0.082214,1.023295,32.47146,触发点,0,0,0.5,0.5,0.5,0.5,1,1,Valid,#NAME?
06:14.8,1253,14.2155,0.167007,1.183765,26.62176,352.6531,9.199282,356.9045,0,0,0,0.168324,1.190808,26.63427,-0.048321,-0.042491,0.997928,-0.115144,0.941539,32.48846,触发点,0,0,0.5,0.5,0.5,0.5,1,1,Valid,#NAME?
06:14.8,1254,14.2265,0.160389,1.184361,26.61786,352.7353,8.634782,357.2936,0,0,0,0.161547,1.191381,26.6304,-0.081524,-0.043636,0.995716,-0.323377,0.931826,32.55314,触发点,0,0,0.5,0.5,0.5,0.5,1,1,Valid,#NAME?
06:14.9,1255,14.2377,0.153587,1.185051,26.61349,352.8823,7.982363,357.6414,0,0,0,0.154573,1.192034,26.62607,-0.091845,-0.047513,0.994639,-0.396105,0.907163,32.58963,触发点,0,0,0.5,0.5,0.5,0.5,1,1,Valid,#NAME?
06:14.9,1256,14.2488,0.146719,1.185604,26.60914,353.112,7.287761,358.0274,0,0,0,0.14752,1.192532,26.62176,-0.151124,-0.059876,0.9867,-0.848397,0.797941,33.1242,触发点,0,0,0.5,0.5,0.5,0.5,1,1,Valid,#NAME?
06:14.9,1257,14.2598,0.139834,1.185945,26.60534,353.4032,6.564948,358.4048,0,0,0,0.140444,1.192802,26.618,-0.185658,-0.064121,0.98052,-3.313218,0.000004,44.85791,Road,0,0,0.5,0.5,0.5,0.5,1,1,Valid,#NAME?
06:14.9,1258,14.277,0.132746,1.186186,26.60109,353.7036,5.689691,358.7257,0,0,0,0.133137,1.192972,26.61381,-0.221312,-0.07186,0.972552,-3.540894,0.000004,42.75932,Road,0,0,0.5,0.5,0.5,0.5,1,1,Valid,#NAME?
06:14.9,1259,14.2852,0.12538,1.186377,26.59676,354.0504,4.751153,359.0089,0,0,0,0.12554,1.193082,26.60953,-0.236369,-0.079139,0.968435,-3.437889,0.000003,41.20934,Road,0,0,0.5,0.5,0.5,0.5,1,1,Valid,#NAME?
06:14.9,1260,14.2931,0.118126,1.186528,26.59293,354.4115,3.843145,359.2927,0,0,0,0.118059,1.193149,26.60574,-0.255667,-0.093647,0.962219,-3.13937,0.000003,38.8653,Road,0,0,0.5,0.5,0.5,0.5,1,1,Valid,#NAME?
06:14.9,1261,14.3044,0.11092,1.186765,26.58875,354.789,2.916044,359.6041,0,0,0,0.110621,1.193296,26.6016,-0.272273,-0.108734,0.956057,-2.877415,0.000003,37.09375,Road,0,0,0.5,0.5,0.5,0.5,1,1,Valid,#NAME?
06:14.9,1262,14.3155,0.10388,1.187132,26.58468,355.1109,2.029324,359.9764,0,0,0,0.103346,1.193585,26.59756,-0.285787,-0.11609,0.951236,-2.834995,0.000003,36.37776,Road,0,0,0.5,0.5,0.5,0.5,1,1,Valid,#NAME?
06:15.0,1263,14.3267,0.099207,1.187346,26.58231,355.3268,1.41892,0.247646,0,0,0,0.098513,1.193745,26.59521,-0.299962,-0.124367,0.94581,-2.780684,0.000002,35.67362,Road,0,0,0.5,0.5,0.5,0.5,1,1,Valid,#NAME?
06:15.0,1264,14.3374,0.092348,1.187668,26.57866,355.6728,0.565811,0.693222,0,0,0,0.091421,1.193981,26.59159,-0.305998,-0.143629,0.941136,-2.45232,0.000002,34.4152,Road,0,0,0.5,0.5,0.5,0.5,1,1,Valid,#NAME?
06:15.0,1265,14.3486,0.083097,1.188108,26.57376,356.1587,359.4239,1.292716,0,0,0,0.081856,1.194301,26.58672,-0.322426,-0.154857,0.933842,-2.404778,0.000002,33.78875,Road,0,0,0.5,0.5,0.5,0.5,1,1,Valid,#NAME?
06:15.0,1266,14.36,0.076998,1.188823,26.57009,356.3274,358.5746,1.562739,0,0,0,0.075541,1.194972,26.58305,-0.350074,-0.156947,0.92348,-2.589878,0.000002,33.61431,Road,0,0,0.5,0.5,0.5,0.5,1,1,Valid,#NAME?
06:15.0,1267,14.3709,0.070728,1.189248,26.56649,356.5648,357.707,1.729452,0,0,0,0.069057,1.19534,26.57946,-0.363362,-0.161754,0.917499,-2.616129,0.000002,33.35964,Road,0,0,0.5,0.5,0.5,0.5,1,1,Valid,#NAME?
06:15.0,1268,14.3819,0.064619,1.189687,26.56301,356.8176,356.9254,1.934572,0,0,0,0.062752,1.195717,26.57597,-0.302258,-0.189809,0.934137,-1.841346,0.000002,32.46063,Road,0,0,0.5,0.5,0.5,0.5,1,1,Valid,#NAME?
06:15.0,1269,14.3931,0.057926,1.190048,26.55955,357.0852,356.1128,2.118929,0,0,0,0.055855,1.196013,26.57251,-0.31464,-0.195047,0.928956,-1.873493,0.000002,32.26882,Road,0,0,0.5,0.5,0.5,0.5,1,1,Valid,#NAME?
06:15.0,1270,14.4047,0.052559,1.190351,26.55632,357.2494,355.5098,2.215073,0,0,0,0.050341,1.196277,26.56927,-0.324018,-0.202853,0.924047,-1.860474,0.000002,32.01862,Road,0,0,0.5,0.5,0.5,0.5,1,1,Valid,#NAME?
06:15.0,1271,14.4156,0.047371,1.190612,26.5532,357.4171,354.9248,2.357488,0,0,0,0.045006,1.196497,26.56615,-0.295505,-0.191571,0.935937,-1.800628,0.000002,32.41174,Road,0,0,0.5,0.5,0.5,0.5,1,1,Valid,#NAME?
06:15.1,1272,14.4324,0.04281,1.190615,26.55017,357.6013,354.544,2.427205,0,0,0,0.040352,1.196455,26.56313,-0.274865,-0.194079,0.941691,-1.654132,0.000002,32.36846,Road,0,0,0.5,0.5,0.5,0.5,1,1,Valid,#NAME?
06:15.1,1273,14.4392,0.038815,1.190123,26.54751,357.6944,354.2834,2.440398,0,0,0,0.036295,1.195942,26.56046,-0.27906,-0.195688,0.940123,-1.669173,0.000002,32.30601,Road,0,0,0.5,0.5,0.5,0.5,1,1,Valid,#NAME?
06:15.1,1274,14.4487,0.03458,1.189904,26.54457,357.7596,353.9422,2.503244,0,0,0,0.031977,1.195706,26.55752,-0.269844,-0.193609,0.943239,-1.634546,0.000002,32.38285,Road,0,0,0.5,0.5,0.5,0.5,1,1,Valid,#NAME?
06:15.1,1275,14.4599,0.030397,1.18974,26.54166,357.8162,353.5843,2.609164,0,0,0,0.027702,1.195527,26.55459,-0.250034,-0.188671,0.949677,-1.55665,0.000002,32.57227,Road,0,0,0.5,0.5,0.5,0.5,1,1,Valid,#NAME?
06:15.1,1276,14.4711,0.027039,1.189343,26.53943,357.6382,353.2383,2.784052,0,0,0,0.024252,1.195168,26.55232,-0.255152,-0.186085,0.948826,-1.614505,0.000002,32.64633,Road,0,0,0.5,0.5,0.5,0.5,1,1,Valid,#NAME?
06:15.1,1277,14.4822,0.023445,1.189339,26.53698,357.4762,352.8383,3.04254,0,0,0,0.020548,1.195195,26.54984,-0.252814,-0.178646,0.950879,-1.670852,0.000002,32.91149,Road,0,0,0.5,0.5,0.5,0.5,1,1,Valid,#NAME?
06:15.1,1278,14.493,0.019985,1.189148,26.53476,357.2716,352.4478,3.317072,0,0,0,0.016979,1.195045,26.54757,-0.224513,-0.16617,0.960199,-1.597649,0.000002,33.45303,Road,0,0,0.5,0.5,0.5,0.5,1,1,Valid,#NAME?
06:15.1,1279,14.5044,0.01684,1.189418,26.53276,357.0323,352.1381,3.600328,0,0,0,0.013742,1.195363,26.54553,-0.228755,-0.162543,0.959818,-1.668549,0.000002,33.60417,Road,0,0,0.5,0.5,0.5,0.5,1,1,Valid,#NAME?
06:15.1,1280,14.5154,0.013906,1.189728,26.53099,356.7891,351.9201,3.897336,0,0,0,0.010735,1.195721,26.54372,-0.218021,-0.160595,0.96264,-1.612551,0.000002,33.7111,Road,0,0,0.5,0.5,0.5,0.5,1,1,Valid,#NAME?
06:15.1,1281,14.5265,0.011002,1.19003,26.52924,356.5319,351.6981,4.170364,0,0,0,0.007759,1.196076,26.54192,-0.209248,-0.156978,0.965181,-1.586581,0.000002,33.89601,Road,0,0,0.5,0.5,0.5,0.5,1,1,Valid,#NAME?
06:15.2,1282,14.5376,0.009243,1.189919,26.52837,356.4023,351.6515,4.304982,0,0,0,0.005981,1.19599,26.54103,-0.209583,-0.154907,0.965442,-1.612143,0.000002,33.99491,Road,0,0,0.5,0.5,0.5,0.5,1,1,Valid,#NAME?
06:15.2,1283,14.5486,0.006844,1.190065,26.52705,356.1303,351.6379,4.476777,0,0,0,0.003567,1.196194,26.53969,-0.209277,-0.150427,0.966217,-1.660601,0.000002,34.22303,Road,0,0,0.5,0.5,0.5,0.5,1,1,Valid,#NAME?
06:15.2,1284,14.5599,0.006029,1.190091,26.52658,356.0992,351.627,4.564112,0,0,0,0.002743,1.196225,26.53921,-0.186349,-0.143584,0.971935,-1.549755,0.000002,34.63654,Road,0,0,0.5,0.5,0.5,0.5,1,1,Valid,#NAME?
06:15.2,1285,14.5712,0.003895,1.190005,26.52534,355.9281,351.5895,4.737665,0,0,0,0.000587,1.196173,26.53794,-0.180847,-0.140703,0.973395,-1.53686,0.000002,34.81314,Road,0,0,0.5,0.5,0.5,0.5,1,1,Valid,#NAME?
06:15.2,1286,14.5884,0.001717,1.189924,26.52407,355.7727,351.5526,4.93558,0,0,0,-0.001614,1.196122,26.53666,-0.172744,-0.137345,0.975344,-1.506018,0.000002,35.03078,Road,0,0,0.5,0.5,0.5,0.5,1,1,Valid,#NAME?
06:15.2,1287,14.5954,-0.000021,1.189922,26.52287,355.6729,351.6059,5.112758,0,0,0,-0.003355,1.196138,26.53545,-0.17123,-0.135704,0.975841,-1.512625,0.000002,35.1368,Road,0,0,0.5,0.5,0.5,0.5,1,1,Valid,#NAME?
06:15.2,1288,14.6044,-0.002581,1.190209,26.52101,355.5322,351.8138,5.44872,0,0,0,-0.005896,1.196449,26.53358,-0.162329,-0.129234,0.978237,-1.508737,0.000002,35.5901,Road,0,0,0.5,0.5,0.5,0.5,1,1,Valid,#NAME?
06:15.2,1289,14.6154,-0.003798,1.190752,26.52008,355.4578,352.0433,5.661958,0,0,0,-0.007082,1.197003,26.53265,-0.147583,-0.126582,0.980916,-1.402671,0.000002,35.80851,Road,0,0,0.5,0.5,0.5,0.5,1,1,Valid,#NAME?
06:15.2,1290,14.6264,-0.004898,1.191352,26.51932,355.3797,352.2613,5.804604,0,0,0,-0.008144,1.197617,26.53189,-0.143369,-0.125256,0.981711,-1.378946,0.000002,35.91837,Road,0,0,0.5,0.5,0.5,0.5,1,1,Valid,#NAME?
06:15.3,1291,14.6378,-0.005556,1.191982,26.51877,355.2889,352.3985,5.88468,0,0,0,-0.00878,1.198266,26.53134,-0.136615,-0.121284,0.983172,-1.358512,0.000002,36.24494,Road,0,0,0.5,0.5,0.5,0.5,1,1,Valid,#NAME?
06:15.3,1292,14.6491,-0.006212,1.192809,26.51817,355.1039,352.5367,5.951519,0,0,0,-0.009409,1.199131,26.53073,-0.131537,-0.117308,0.984346,-1.353983,0.000003,36.59277,Road,0,0,0.5,0.5,0.5,0.5,1,1,Valid,#NAME?
06:15.3,1293,14.6599,-0.006941,1.193655,26.51746,354.8437,352.6857,6.06708,0,0,0,-0.010111,1.200033,26.53,-0.12864,-0.112802,0.985255,-1.378624,0.000003,37.01148,Road,0,0,0.5,0.5,0.5,0.5,1,1,Valid,#NAME?
06:15.3,1294,14.6711,-0.007595,1.194315,26.51675,354.564,352.7816,6.17547,0,0,0,-0.010752,1.200753,26.52926,-0.122657,-0.106115,0.98676,-1.398686,0.000003,37.69504,Road,0,0,0.5,0.5,0.5,0.5,1,1,Valid,#NAME?
06:15.3,1295,14.682,-0.008017,1.195355,26.51601,354.308,352.9013,6.348999,0,0,0,-0.011158,1.201845,26.52849,-0.115937,-0.10003,0.988207,-1.404119,0.000003,38.40166,Road,0,0,0.5,0.5,0.5,0.5,1,1,Valid,#NAME?
06:15.3,1296,14.6932,-0.008396,1.196882,26.51554,354.01,353.0381,6.473038,0,0,0,-0.011515,1.203435,26.528,-0.106799,-0.092853,0.989936,-0.706046,0.599595,32.9657,触发点,0,0,0.5,0.5,0.5,0.5,1,1,Valid,#NAME?
06:15.3,1297,14.7042,-0.008638,1.198655,26.51519,353.6721,353.2317,6.547555,0,0,0,-0.011717,1.205281,26.52763,-0.103262,-0.086962,0.990845,-0.674942,0.646749,32.89156,触发点,0,0,0.5,0.5,0.5,0.5,1,1,Valid,#NAME?
06:15.3,1298,14.7152,-0.008825,1.200843,26.51473,353.1967,353.5487,6.462595,0,0,0,-0.011822,1.207577,26.52712,-0.099314,-0.080488,0.991796,-0.642845,0.696172,32.82879,触发点,0,0,0.5,0.5,0.5,0.5,1,1,Valid,#NAME?
06:15.3,1299,14.727,-0.009033,1.20185,26.5142,352.7861,353.8185,6.232655,0,0,0,-0.011944,1.20868,26.52656,-0.092626,-0.073954,0.992951,-0.593451,0.744391,32.76035,触发点,0,0,0.5,0.5,0.5,0.5,1,1,Valid,#NAME?
06:15.4,1300,14.7436,-0.008913,1.202938,26.51363,352.3665,354.1623,5.938779,0,0,0,-0.011719,1.209868,26.52596,-0.08609,-0.067166,0.994021,-0.54701,0.792243,32.70662,触发点,0,0,0.5,0.5,0.5,0.5,1,1,Valid,#NAME?
06:15.4,1301,14.7508,-0.008886,1.204216,26.5131,351.9435,354.4835,5.657573,0,0,0,-0.011593,1.211246,26.5254,-0.081533,-0.05987,0.994871,-0.515365,0.841324,32.67244,触发点,0,0,0.5,0.5,0.5,0.5,1,1,Valid,#NAME?
06:15.4,1302,14.7597,-0.009136,1.205616,26.51272,351.5215,354.824,5.358337,0,0,0,-0.011736,1.212745,26.52498,-0.074071,-0.051066,0.995945,-0.46587,0.899658,32.6312,触发点,0,0,0.5,0.5,0.5,0.5,1,1,Valid,#NAME?
06:15.4,1303,14.771,-0.009193,1.207182,26.51237,351.1177,355.1685,5.067583,0,0,0,-0.01169,1.214406,26.5246,-0.067048,-0.045948,0.996691,-0.420493,0.934256,32.60155,触发点,0,0,0.5,0.5,0.5,0.5,1,1,Valid,#NAME?
06:15.4,1304,14.7819,-0.009222,1.208584,26.51195,350.7569,355.5496,4.796048,0,0,0,-0.011608,1.215894,26.52415,-0.061383,-0.039735,0.997323,-0.384408,0.974566,32.58127,触发点,0,0,0.5,0.5,0.5,0.5,1,1,Valid,#NAME?
06:15.4,1305,14.7933,-0.009392,1.209764,26.51144,350.4337,355.8867,4.453962,0,0,0,-0.011671,1.217152,26.52361,-0.056569,-0.041022,0.997556,-0.354341,0.968659,32.56638,触发点,0,0,0.5,0.5,0.5,0.5,1,1,Valid,#NAME?
06:15.4,1306,14.8043,-0.009233,1.210908,26.51088,350.1765,356.3015,4.085387,0,0,0,-0.011391,1.218359,26.52304,-0.048523,-0.036427,0.998158,-0.304116,0.998602,32.54468,触发点,0,0,0.5,0.5,0.5,0.5,1,1,Valid,#NAME?
06:15.4,1307,14.8152,-0.009026,1.211856,26.51035,349.9276,356.7303,3.73167,0,0,0,-0.011057,1.219369,26.52248,-0.042333,-0.032179,0.998585,-0.265782,1.025744,32.53115,触发点,0,0,0.5,0.5,0.5,0.5,1,1,Valid,#NAME?
06:15.5,1308,14.8265,-0.009151,1.212512,26.50975,349.6947,357.1945,3.371537,0,0,0,-0.011049,1.220083,26.52187,-0.035261,-0.030495,0.998913,-0.222685,1.037053,32.51738,触发点,0,0,0.5,0.5,0.5,0.5,1,1,Valid,#NAME?
06:15.5,1309,14.8377,-0.008949,1.213086,26.50904,349.4304,357.6885,3.045906,0,0,0,-0.010712,1.22072,26.52115,-0.028569,-0.031053,0.999109,-0.181827,1.034727,32.50545,触发点,0,0,0.5,0.5,0.5,0.5,1,1,Valid,#NAME?
06:15.5,1310,14.8487,-0.008791,1.213589,26.50826,349.1639,358.1239,2.687875,0,0,0,-0.010426,1.221287,26.52034,-0.024797,-0.032475,0.999165,-0.158808,1.026962,32.49915,触发点,0,0,0.5,0.5,0.5,0.5,1,1,Valid,#NAME?
06:15.5,1311,14.8598,-0.009043,1.21405,26.50782,348.9784,358.4352,2.525155,0,0,0,-0.010597,1.221791,26.51989,-0.019995,-0.029261,0.999372,-0.130128,1.046868,32.49408,触发点,0,0,0.5,0.5,0.5,0.5,1,1,Valid,#NAME?
06:15.5,1312,14.8712,-0.009235,1.214759,26.50716,348.7204,358.8972,2.282978,0,0,0,-0.01067,1.222559,26.51921,-0.01613,-0.031093,0.999386,-0.10702,1.036834,32.4888,触发点,0,0,0.5,0.5,0.5,0.5,1,1,Valid,#NAME?
06:15.5,1313,14.8821,-0.009506,1.216059,26.50637,348.3839,359.3659,1.892036,0,0,0,-0.010805,1.223938,26.51838,-0.013389,-0.029113,0.999486,-0.090757,1.050087,32.48693,触发点,0,0,0.5,0.5,0.5,0.5,1,1,Valid,#NAME?
06:15.5,1314,14.8995,-0.01016,1.216854,26.50581,348.1549,359.6975,1.719461,0,0,0,-0.011374,1.224784,26.51779,-0.01318,-0.027556,0.999533,-0.090091,1.060201,32.48769,触发点,0,0,0.5,0.5,0.5,0.5,1,1,Valid,#NAME?
06:15.5,1315,14.907,-0.010523,1.217599,26.50521,347.9749,0.025544,1.654395,0,0,0,-0.011662,1.225569,26.51717,-0.00772,-0.024407,0.999672,-0.057749,1.079866,32.48483,触发点,0,0,0.5,0.5,0.5,0.5,1,1,Valid,#NAME?
06:15.5,1316,14.9152,-0.010954,1.218118,26.5045,347.8142,0.327135,1.601935,0,0,0,-0.012026,1.226122,26.51645,-0.008172,-0.023887,0.999681,-0.060824,1.083493,32.48565,触发点,0,0,0.5,0.5,0.5,0.5,1,1,Valid,#NAME?
06:15.5,1317,14.9264,-0.011826,1.218443,26.50375,347.659,0.566073,1.577826,0,0,0,-0.012844,1.22648,26.51568,-0.006993,-0.021747,0.999739,-0.054611,1.0966,32.48642,触发点,0,0,0.5,0.5,0.5,0.5,1,1,Valid,#NAME?
06:15.6,1318,14.9375,-0.012259,1.218679,26.50311,347.4953,0.77905,1.53652,0,0,0,-0.013229,1.226751,26.51502,-0.003446,-0.01888,0.999816,-0.033809,1.113992,32.48631,触发点,0,0,0.5,0.5,0.5,0.5,1,1,Valid,#NAME?
06:15.6,1319,14.9487,-0.012917,1.219069,26.50233,347.3657,0.941803,1.61799,0,0,0,-0.013863,1.227165,26.51423,-0.002494,-0.018911,0.999818,-0.028756,1.114215,32.4858,触发点,0,0,0.5,0.5,0.5,0.5,1,1,Valid,#NAME?
06:15.6,1320,14.96,-0.01387,1.219336,26.5016,347.2223,1.048742,1.708531,0,0,0,-0.014803,1.22746,26.51347,-0.007164,-0.01927,0.999789,-0.057622,1.112288,32.48897,触发点,0,0,0.5,0.5,0.5,0.5,1,1,Valid,#NAME?
06:15.6,1321,14.9711,-0.014648,1.21973,26.5008,347.0845,1.161771,1.758341,0,0,0,-0.015562,1.227882,26.51266,-0.006764,-0.014446,0.999873,-0.056019,1.141474,32.49343,触发点,0,0,0.5,0.5,0.5,0.5,1,1,Valid,#NAME?
06:15.6,1322,14.982,-0.015432,1.219949,26.49999,346.9625,1.24886,1.772063,0,0,0,-0.016329,1.228126,26.51184,-0.005186,-0.012324,0.999911,-0.047361,1.154388,32.49467,触发点,0,0,0.5,0.5,0.5,0.5,1,1,Valid,#NAME?
06:15.6,1323,14.9932,-0.016531,1.219949,26.49912,346.8849,1.34579,1.773939,0,0,0,-0.017408,1.228142,26.51095,-0.006449,-0.009334,0.999936,-0.056031,1.172241,32.49934,触发点,0,0,0.5,0.5,0.5,0.5,1,1,Valid,#NAME?
06:15.6,1324,15.0044,-0.017426,1.21993,26.49809,346.8181,1.442394,1.755498,0,0,0,-0.018282,1.228137,26.50991,-0.007662,-0.005739,0.999954,-0.064219,1.193728,32.5052,触发点,0,0,0.5,0.5,0.5,0.5,1,1,Valid,#NAME?
06:15.6,1325,15.0153,-0.018238,1.219904,26.49707,346.7606,1.535457,1.74597,0,0,0,-0.019075,1.228124,26.50889,-0.006076,-0.004732,0.99997,-0.055513,1.19975,32.5054,触发点,0,0,0.5,0.5,0.5,0.5,1,1,Valid,#NAME?
06:15.6,1326,15.0264,-0.019405,1.219708,26.49591,346.7106,1.604659,1.776942,0,0,0,-0.020229,1.227938,26.50772,-0.006351,-0.003062,0.999975,-0.058337,1.209562,32.50818,触发点,0,0,0.5,0.5,0.5,0.5,1,1,Valid,#NAME?
06:15.7,1327,15.0377,-0.020153,1.219567,26.49493,346.6649,1.648543,1.819296,0,0,0,-0.020973,1.227805,26.50673,-0.008854,-0.000584,0.999961,-0.074164,1.224295,32.51429,触发点,0,0,0.5,0.5,0.5,0.5,1,1,Valid,#NAME?
06:15.7,1328,15.0549,-0.021181,1.219377,26.49359,346.5911,1.723637,1.876117,0,0,0,-0.021992,1.227628,26.50539,-0.010942,0.001402,0.999939,-0.087802,1.236063,32.51972,触发点,0,0,0.5,0.5,0.5,0.5,1,1,Valid,#NAME?
06:15.7,1329,15.062,-0.02173,1.219202,26.4928,346.5168,1.745789,1.906324,0,0,0,-0.022539,1.227468,26.50459,-0.010433,0.002677,0.999942,-0.085319,1.243577,32.52144,触发点,0,0,0.5,0.5,0.5,0.5,1,1,Valid,#NAME?
06:15.7,1330,15.071,-0.022785,1.21887,26.49151,346.4361,1.793501,1.981582,0,0,0,-0.02359,1.227151,26.50329,-0.012236,0.004045,0.999917,-0.09729,1.251516,32.52586,触发点,0,0,0.5,0.5,0.5,0.5,1,1,Valid,#NAME?
06:15.7,1331,15.0819,-0.023726,1.21861,26.49025,346.3374,1.830593,2.038334,0,0,0,-0.02453,1.22691,26.50201,-0.014775,0.004783,0.999879,-0.113608,1.255749,32.53024,触发点,0,0,0.5,0.5,0.5,0.5,1,1,Valid,#NAME?
06:15.7,1332,15.0931,-0.024607,1.2184,26.48902,346.2385,1.882104,2.072144,0,0,0,-0.025404,1.22672,26.50077,-0.01374,0.006482,0.999885,-0.108286,1.26582,32.53231,触发点,0,0,0.5,0.5,0.5,0.5,1,1,Valid,#NAME?
06:15.7,1333,15.1041,-0.025763,1.217936,26.48766,346.1912,1.893597,2.13838,0,0,0,-0.026564,1.226264,26.49941,-0.015033,0.006858,0.999864,-0.117305,1.267658,32.53469,触发点,0,0,0.5,0.5,0.5,0.5,1,1,Valid,#NAME?
06:15.7,1334,15.1152,-0.02672,1.217519,26.48629,346.1019,1.891711,2.226506,0,0,0,-0.027531,1.225863,26.49802,-0.017642,0.007332,0.999818,-0.134124,1.270164,32.5391,触发点,0,0,0.5,0.5,0.5,0.5,1,1,Valid,#NAME?
06:15.7,1335,15.1266,-0.027613,1.217078,26.48492,346.0032,1.856529,2.292552,0,0,0,-0.028437,1.225442,26.49664,-0.020144,0.008275,0.999763,-0.150293,1.275503,32.5446,触发点,0,0,0.5,0.5,0.5,0.5,1,1,Valid,#NAME?
06:15.8,1336,15.1376,-0.028875,1.216493,26.48338,345.9958,1.83486,2.363505,0,0,0,-0.029711,1.224856,26.4951,-0.020232,0.008342,0.99976,-0.152143,1.275339,32.545,触发点,0,0,0.5,0.5,0.5,0.5,1,1,Valid,#NAME?
06:15.8,1337,15.1486,-0.029097,1.216553,26.48292,345.9845,1.766733,2.365456,0,0,0,-0.029945,1.224919,26.49464,-0.02338,0.008166,0.999693,-0.171553,1.274381,32.54964,触发点,0,0,0.5,0.5,0.5,0.5,1,1,Valid,#NAME?
06:15.8,1338,15.1599,-0.03006,1.216266,26.4815,345.9419,1.692456,2.387861,0,0,0,-0.030926,1.22464,26.4932,-0.02549,0.008891,0.999636,-0.185497,1.278556,32.55488,触发点,0,0,0.5,0.5,0.5,0.5,1,1,Valid,#NAME?
06:15.8,1339,15.1708,-0.031122,1.215864,26.48005,345.9215,1.621468,2.397578,0,0,0,-0.032005,1.224242,26.49175,-0.028338,0.008949,0.999558,-0.20405,1.278573,32.56034,触发点,0,0,0.5,0.5,0.5,0.5,1,1,Valid,#NAME?
06:15.8,1340,15.1819,-0.032183,1.215353,26.47858,345.9053,1.52572,2.416441,0,0,0,-0.033087,1.223734,26.49028,-0.029931,0.009212,0.99951,-0.214971,1.279717,32.56415,触发点,0,0,0.5,0.5,0.5,0.5,1,1,Valid,#NAME?
06:15.8,1341,15.1931,-0.033127,1.214938,26.47716,345.8893,1.413238,2.442771,0,0,0,-0.034056,1.223321,26.48886,-0.032983,0.009159,0.999414,-0.234763,1.279056,32.57047,触发点,0,0,0.5,0.5,0.5,0.5,1,1,Valid,#NAME?
06:15.8,1342,15.2104,-0.034884,1.214233,26.47453,345.9667,1.146685,2.621696,0,0,0,-0.035883,1.222597,26.48624,-0.045268,-0.001157,0.998974,-0.312052,1.21554,32.58081,触发点,0,0,0.5,0.5,0.5,0.5,1,1,Valid,#NAME?
06:15.8,1343,15.2192,-0.035885,1.213903,26.47296,346.0434,0.934712,2.670414,0,0,0,-0.036932,1.222251,26.48467,-0.031128,0.006558,0.999494,-0.226204,1.262126,32.56196,触发点,0,0,0.5,0.5,0.5,0.5,1,1,Valid,#NAME?
06:15.8,1344,15.2265,-0.03698,1.213601,26.47131,346.1963,0.734098,2.672933,0,0,0,-0.038069,1.221917,26.48304,-0.034617,0.00389,0.999393,-0.248721,1.24559,32.56452,触发点,0,0,0.5,0.5,0.5,0.5,1,1,Valid,#NAME?
06:15.9,1345,15.2377,-0.03797,1.213265,26.46968,346.3397,0.557455,2.644365,0,0,0,-0.039091,1.221553,26.48143,-0.055126,0.004573,0.998469,-0.378172,1.249681,32.62305,触发点,0,0,0.5,0.5,0.5,0.5,1,0.974441,Valid,#NAME?
06:15.9,1346,15.2488,-0.038858,1.212947,26.46806,346.4194,0.39883,2.630366,0,0,0,-0.04001,1.221219,26.47981,-0.070621,0.011738,0.997434,-0.480689,1.294464,32.70381,触发点,0,0,0.5,0.5,0.5,0.5,1,0.974441,Valid,#NAME?
06:15.9,1347,15.2599,-0.039808,1.212546,26.46628,346.4436,0.24267,2.630502,0,0,0,-0.040993,1.220813,26.47804,-0.073339,0.011316,0.997243,-0.499802,1.291607,32.7168,触发点,0,0,0.5,0.5,0.5,0.5,1,0.963194,Valid,#NAME?
06:15.9,1348,15.2709,-0.040535,1.212304,26.46472,346.4014,0.082841,2.658807,0,0,0,-0.041754,1.220578,26.47646,-0.086184,-0.000243,0.996279,-0.585374,1.219044,32.76063,触发点,0,0,0.5,0.5,0.5,0.5,1,0.963194,Valid,#NAME?
06:15.9,1349,15.2821,-0.041264,1.212106,26.46314,346.3069,359.9401,2.714409,0,0,0,-0.042519,1.220398,26.47487,-0.081996,-0.01216,0.996558,-0.555787,1.144282,32.71304,触发点,0,0,0.5,0.5,0.5,0.5,1,0.963194,Valid,#NAME?
06:15.9,1350,15.2933,-0.041954,1.211847,26.46143,346.1577,359.7953,2.72863,0,0,0,-0.04324,1.22017,26.47314,-0.082849,-0.012468,0.996484,-0.562457,1.142033,32.71812,触发点,0,0,0.5,0.5,0.5,0.5,1,0.970556,Valid,#NAME?
06:15.9,1351,15.3043,-0.042566,1.211644,26.45977,346.0209,359.6702,2.738756,0,0,0,-0.043879,1.219995,26.47145,-0.08498,-0.010102,0.996332,-0.578131,1.156486,32.73519,触发点,0,0,0.5,0.5,0.5,0.5,1,0.970556,Valid,#NAME?
06:15.9,1352,15.316,-0.043066,1.211417,26.45818,345.9281,359.567,2.74973,0,0,0,-0.044399,1.219787,26.46985,-0.080874,-0.012027,0.996652,-0.55067,1.144498,32.70886,触发点,0,0,0.5,0.5,0.5,0.5,1,0.981156,Valid,#NAME?
06:16.0,1353,15.3266,-0.043602,1.211043,26.45646,345.8877,359.4786,2.711837,0,0,0,-0.04495,1.219422,26.46811,-0.080945,-0.010693,0.996661,-0.55204,1.152436,32.71185,触发点,0,0,0.5,0.5,0.5,0.5,1,0.981156,Valid,#NAME?
06:16.0,1354,15.3376,-0.044039,1.210658,26.4548,345.8746,359.4104,2.643226,0,0,0,-0.045393,1.219041,26.46646,-0.082434,-0.010382,0.996543,-0.562783,1.153878,32.72121,触发点,0,0,0.5,0.5,0.5,0.5,1,0.992281,Valid,#NAME?
06:16.0,1355,15.3486,-0.044407,1.210222,26.45322,345.8618,359.3408,2.565515,0,0,0,-0.045769,1.218608,26.46487,-0.082704,-0.010524,0.996519,-0.565141,1.152519,32.72288,触发点,0,0,0.5,0.5,0.5,0.5,1,0.992281,Valid,#NAME?
06:16.0,1356,15.3657,-0.044733,1.209789,26.45172,345.8519,359.3043,2.465491,0,0,0,-0.046095,1.21818,26.46337,-0.082429,-0.009605,0.996551,-0.563867,1.157844,32.72311,触发点,0,0,0.5,0.5,0.5,0.5,1,0.992281,Valid,#NAME?
06:16.0,1357,15.3732,-0.045012,1.209118,26.44996,345.8035,359.2984,2.325042,0,0,0,-0.046362,1.217522,26.4616,-0.083761,-0.00803,0.996454,-0.573609,1.166975,32.73392,触发点,0,0,0.5,0.5,0.5,0.5,1,0.996048,Valid,#NAME?
06:16.0,1358,15.3822,-0.045242,1.208611,26.44844,345.7549,359.314,2.211533,0,0,0,-0.046577,1.217027,26.46008,-0.083989,-0.007046,0.996442,-0.575679,1.172638,32.7373,触发点,0,0,0.5,0.5,0.5,0.5,1,0.996048,Valid,#NAME?
06:16.0,1359,15.3931,-0.04545,1.208061,26.44698,345.6813,359.2861,2.142319,0,0,0,-0.046785,1.216493,26.4586,-0.08577,-0.005443,0.9963,-0.588545,1.182113,32.75164,触发点,0,0,0.5,0.5,0.5,0.5,1,0.996048,Valid,#NAME?
06:16.0,1360,15.4042,-0.045551,1.207555,26.4459,345.6512,359.2878,2.086486,0,0,0,-0.046881,1.215994,26.45751,-0.086474,-0.004467,0.996244,-0.59378,1.187742,32.7582,触发点,0,0,0.5,0.5,0.5,0.5,1,0.997977,Valid,#NAME?
06:16.0,1361,15.4154,-0.045702,1.20697,26.44436,345.6056,359.2772,1.996921,0,0,0,-0.047024,1.215421,26.45597,-0.087262,-0.003471,0.996179,-0.599725,1.193438,32.76561,触发点,0,0,0.5,0.5,0.5,0.5,1,0.997977,Valid,#NAME?
06:16.0,1362,15.4266,-0.045864,1.206511,26.44287,345.5819,359.2612,1.894353,0,0,0,-0.04718,1.214969,26.45448,-0.087989,-0.002928,0.996117,-0.605206,1.196397,32.77184,触发点,0,0,0.5,0.5,0.5,0.5,1,0.997977,Valid,#NAME?
06:16.1,1363,15.4377,-0.046104,1.206158,26.44141,345.5605,359.2296,1.741334,0,0,0,-0.047413,1.214622,26.45301,-0.088654,-0.003518,0.996056,-0.610129,1.192296,32.77534,触发点,0,0,0.5,0.5,0.5,0.5,1,0.999171,Valid,#NAME?
06:16.1,1364,15.4489,-0.046438,1.205877,26.43959,345.553,359.211,1.494215,0,0,0,-0.047728,1.214348,26.45119,-0.088869,-0.0042,0.996034,-0.61202,1.187681,32.77574,触发点,0,0,0.5,0.5,0.5,0.5,1,0.999171,Valid,#NAME?
06:16.1,1365,15.4598,-0.046692,1.205673,26.43825,345.5201,359.2082,1.306217,0,0,0,-0.047964,1.214154,26.44984,-0.089745,-0.003386,0.995959,-0.618731,1.192621,32.78402,触发点,0,0,0.5,0.5,0.5,0.5,1,0.999661,Valid,#NAME?
06:16.1,1366,15.4709,-0.046865,1.205541,26.43731,345.4637,359.2376,1.170569,0,0,0,-0.048119,1.214036,26.4489,-0.089381,-0.002949,0.995993,-0.616513,1.195283,32.78265,触发点,0,0,0.5,0.5,0.5,0.5,1,0.999661,Valid,#NAME?
06:16.1,1367,15.4821,-0.047085,1.205503,26.43612,345.359,359.2642,1.002677,0,0,0,-0.048317,1.214023,26.44768,-0.088725,-0.000468,0.996056,-0.612755,1.211048,32.78424,触发点,0,0,0.5,0.5,0.5,0.5,1,0.999661,Valid,#NAME?
06:16.1,1368,15.4934,-0.047371,1.205731,26.43486,345.2794,359.2598,0.858292,0,0,0,-0.048592,1.214269,26.44641,-0.088669,0.001786,0.99606,-0.613307,1.225641,32.79011,触发点,0,0,0.5,0.5,0.5,0.5,1,0.999861,Valid,#NAME?
06:16.1,1369,15.5043,-0.04763,1.206055,26.43366,345.2339,359.2908,0.744412,0,0,0,-0.048834,1.214603,26.44521,-0.08863,0.002725,0.996061,-0.613649,1.231968,32.79287,触发点,0,0,0.5,0.5,0.5,0.5,1,0.999861,Valid,#NAME?
06:16.1,1370,15.5217,-0.047874,1.206434,26.4325,345.2169,359.2833,0.706976,0,0,0,-0.049074,1.214987,26.44405,-0.087479,0.003204,0.996161,-0.606049,1.235387,32.78655,触发点,0,0,0.5,0.5,0.5,0.5,1,0.999929,Valid,#NAME?
06:16.2,1371,15.5284,-0.048084,1.206656,26.43134,345.2002,359.2704,0.755578,0,0,0,-0.049294,1.215212,26.44288,-0.086476,0.003879,0.996246,-0.59953,1.239896,32.78188,触发点,0,0,0.5,0.5,0.5,0.5,1,0.999929,Valid,#NAME?
06:16.2,1372,15.5375,-0.048304,1.206851,26.43019,345.1801,359.2271,0.798538,0,0,0,-0.049524,1.21541,26.44173,-0.087041,0.004175,0.996196,-0.603936,1.242001,32.78704,触发点,0,0,0.5,0.5,0.5,0.5,1,0.999955,Valid,#NAME?
06:16.2,1373,15.5492,-0.048647,1.207112,26.42866,345.1427,359.1653,0.804069,0,0,0,-0.049881,1.215679,26.44019,-0.087645,0.004937,0.99614,-0.608928,1.24717,32.79414,触发点,0,0,0.5,0.5,0.5,0.5,1,0.999955,Valid,#NAME?
06:16.2,1374,15.5602,-0.048889,1.207206,26.42766,345.0649,359.1277,0.740822,0,0,0,-0.050123,1.215789,26.43918,-0.088381,0.006145,0.996068,-0.614826,1.25505,32.80346,触发点,0,0,0.5,0.5,0.5,0.5,1,0.999971,Valid,#NAME?
06:16.2,1375,15.571,-0.049162,1.207516,26.4267,345.006,359.1328,0.695207,0,0,0,-0.050392,1.216112,26.43821,-0.084794,0.002182,0.996396,-0.589062,1.229973,32.76803,触发点,0,0,0.5,0.5,0.5,0.5,1,0.999981,Valid,#NAME?
06:16.2,1376,15.5819,-0.049397,1.20798,26.4259,344.8878,359.1691,0.675225,0,0,0,-0.050615,1.2166,26.43739,-0.084252,0.004263,0.996435,-0.586101,1.243693,32.77046,触发点,0,0,0.5,0.5,0.5,0.5,1,0.999981,Valid,#NAME?
06:16.2,1377,15.5934,-0.049606,1.208212,26.42514,344.6911,359.2087,0.657631,0,0,0,-0.050817,1.216872,26.4366,-0.076175,0.004831,0.997083,-0.531141,1.247336,32.72375,触发点,0,0,0.5,0.5,0.5,0.5,1,0.999988,Valid,#NAME?
06:16.2,1378,15.6042,-0.049824,1.208477,26.42447,344.4804,359.2497,0.669218,0,0,0,-0.051025,1.217179,26.4359,-0.06942,0.007554,0.997559,-0.486672,1.264583,32.69613,触发点,0,0,0.5,0.5,0.5,0.5,1,0.999991,Valid,#NAME?
06:16.2,1379,15.6152,-0.050011,1.208709,26.42371,344.2872,359.2487,0.654133,0,0,0,-0.051212,1.21745,26.43512,-0.069506,0.010935,0.997522,-0.488142,1.286187,32.70579,触发点,0,0,0.5,0.5,0.5,0.5,1,0.999991,Valid,#NAME?
06:16.2,1380,15.6265,-0.050264,1.208784,26.42332,343.9647,359.3141,0.715396,0,0,0,-0.051458,1.217588,26.43467,-0.063621,0.014108,0.997874,-0.450113,1.305993,32.68743,触发点,0,0,0.5,0.5,0.5,0.5,1,0.999991,Valid,#NAME?
06:16.3,1381,15.6379,-0.050509,1.208937,26.42295,343.6609,359.312,0.770427,0,0,0,-0.051706,1.217799,26.43426,-0.061554,0.017077,0.997958,-0.437397,1.324803,32.68732,触发点,0,0,0.5,0.5,0.5,0.5,1,0.999995,Valid,#NAME?
06:16.3,1382,15.6486,-0.050774,1.209247,26.4226,343.3827,359.3131,0.79826,0,0,0,-0.051975,1.218163,26.43386,-0.055371,0.0184,0.998296,-0.397667,1.333035,32.66642,触发点,0,0,0.5,0.5,0.5,0.5,1,0.999995,Valid,#NAME?
06:16.3,1383,15.66,-0.050987,1.209414,26.42228,343.122,359.3282,0.853006,0,0,0,-0.052189,1.218381,26.43351,-0.054851,0.022905,0.998232,-0.395348,1.361677,32.67861,触发点,0,0,0.5,0.5,0.5,0.5,1,0.999995,Valid,#NAME?
06:16.3,1384,15.6766,-0.051224,1.209776,26.42208,342.8712,359.355,0.913545,0,0,0,-0.052425,1.218792,26.43327,-0.050538,0.023455,0.998447,-0.367839,1.365178,32.66463,触发点,0,0,0.5,0.5,0.5,0.5,1,0.999998,Valid,#NAME?
06:16.3,1385,15.6856,-0.05142,1.210067,26.42189,342.6722,359.3526,0.992678,0,0,0,-0.052629,1.219121,26.43305,-0.049866,0.023555,0.998478,-0.363756,1.366088,32.66286,触发点,0,0,0.5,0.5,0.5,0.5,1,0.999998,Valid,#NAME?
06:16.3,1386,15.6929,-0.051649,1.210108,26.4219,342.4679,359.335,1.067417,0,0,0,-0.052868,1.2192,26.43303,-0.049813,0.027069,0.998392,-0.364278,1.38842,32.67449,触发点,0,0,0.5,0.5,0.5,0.5,1,0.999999,Valid,#NAME?
06:16.3,1387,15.7042,-0.051889,1.210221,26.4218,342.3063,359.3082,1.123285,0,0,0,-0.05312,1.219343,26.4329,-0.046054,0.024238,0.998645,-0.339941,1.370295,32.65244,触发点,0,0,0.5,0.5,0.5,0.5,1,0.999999,Valid,#NAME?
06:16.3,1388,15.7153,-0.052128,1.210104,26.42193,342.2523,359.3058,1.210287,0,0,0,-0.053366,1.219235,26.43303,-0.02867,0.020332,0.999382,-0.23011,1.344582,32.59409,触发点,0,0,0.5,0.5,0.5,0.5,1,0.999999,Valid,#NAME?
06:16.3,1389,15.7264,-0.052319,1.210147,26.42203,342.1953,359.2969,1.311274,0,0,0,-0.053566,1.219287,26.43311,-0.033435,0.016026,0.999312,-0.259695,1.318089,32.59394,触发点,0,0,0.5,0.5,0.5,0.5,1,1,Valid,#NAME?
06:16.4,1390,15.7376,-0.052494,1.210038,26.42222,342.2025,359.3595,1.396879,0,0,0,-0.05374,1.219175,26.43331,-0.031909,0.015872,0.999365,-0.250317,1.316954,32.58998,触发点,0,0,0.5,0.5,0.5,0.5,1,1,Valid,#NAME?
06:16.4,1391,15.7485,-0.052591,1.210105,26.42249,342.2021,359.4033,1.517751,0,0,0,-0.053839,1.21924,26.43357,-0.036947,0.011617,0.99925,-0.28155,1.29084,32.59214,触发点,0,0,0.5,0.5,0.5,0.5,1,1,Valid,#NAME?
06:16.4,1392,15.7598,-0.052662,1.210215,26.42265,342.2221,359.4419,1.588473,0,0,0,-0.053907,1.219345,26.43374,-0.037732,0.003307,0.999282,-0.285863,1.239677,32.57682,触发点,0,0,0.5,0.5,0.5,0.5,1,1,Valid,#NAME?
06:16.4,1393,15.771,-0.052803,1.210186,26.42293,342.2435,359.4918,1.685577,0,0,0,-0.054049,1.21931,26.43402,-0.03635,0.002889,0.999335,-0.277333,1.237059,32.57265,触发点,0,0,0.5,0.5,0.5,0.5,1,1,Valid,#NAME?
06:16.4,1394,15.7819,-0.052851,1.210383,26.42343,342.3659,359.5373,1.769193,0,0,0,-0.054094,1.219481,26.43454,-0.055345,-0.004074,0.998459,-0.396773,1.194254,32.61673,触发点,0,0,0.5,0.5,0.5,0.5,1,1,Valid,#NAME?
06:16.4,1395,15.7931,-0.052937,1.210458,26.42389,342.4223,359.573,1.844839,0,0,0,-0.05418,1.219543,26.43502,-0.053769,-0.009211,0.998511,-0.386343,1.162641,32.60341,触发点,0,0,0.5,0.5,0.5,0.5,1,1,Valid,#NAME?
06:16.4,1396,15.8041,-0.053051,1.210286,26.42457,342.4608,359.6161,1.869332,0,0,0,-0.054289,1.219364,26.43571,-0.041157,-0.023179,0.998884,-0.306275,1.077448,32.55138,触发点,0,0,0.5,0.5,0.5,0.5,1,1,Valid,#NAME?
06:16.4,1397,15.8152,-0.053131,1.21029,26.42527,342.4755,359.6756,1.863131,0,0,0,-0.054358,1.219365,26.43641,-0.040156,-0.023432,0.998919,-0.300068,1.075989,32.54868,触发点,0,0,0.5,0.5,0.5,0.5,1,1,Valid,#NAME?
06:16.5,1398,15.8321,-0.053192,1.210327,26.42599,342.5033,359.76,1.845339,0,0,0,-0.054401,1.219397,26.43714,-0.044343,-0.027343,0.998642,-0.326155,1.051829,32.55721,触发点,0,0,0.5,0.5,0.5,0.5,1,1,Valid,#NAME?
06:16.5,1399,15.8388,-0.053236,1.210281,26.42671,342.4916,359.86,1.847227,0,0,0,-0.054424,1.219354,26.43786,-0.01213,-0.058208,0.998231,-0.128043,0.866087,32.49615,触发点,0,0,0.5,0.5,0.5,0.5,1,1,Valid,#NAME?
06:16.5,1400,15.8485,-0.053217,1.210299,26.42744,342.502,359.9756,1.855495,0,0,0,-0.054384,1.219368,26.43859,-0.010065,-0.058391,0.998243,-0.115436,0.86518,32.49372,触发点,0,0,0.5,0.5,0.5,0.5,1,1,Valid,#NAME?
06:16.5,1401,15.8596,-0.053139,1.210305,26.4285,342.5452,0.18689,1.84209,0,0,0,-0.054264,1.219367,26.43966,-0.009972,-0.063925,0.997905,-0.114806,0.831282,32.49783,触发点,0,0,0.5,0.5,0.5,0.5,1,1,Valid,#NAME?
06:16.5,1402,15.8709,-0.052963,1.209676,26.4294,342.5963,0.384319,1.797262,0,0,0,-0.054045,1.218729,26.44057,0.001915,-0.073665,0.997281,-0.042413,0.771376,32.49686,触发点,0,0,0.5,0.5,0.5,0.5,1,1,Valid,#NAME?
06:16.5,1403,15.8826,-0.052795,1.20944,26.43013,342.7335,0.540115,1.749119,0,0,0,-0.053843,1.218468,26.44133,0.004316,-0.076049,0.997095,-0.027626,0.756494,32.49836,触发点,0,0,0.5,0.5,0.5,0.5,1,1,Valid,#NAME?
06:16.5,1404,15.8933,-0.052551,1.209028,26.43106,342.964,0.723971,1.75151,0,0,0,-0.053564,1.21801,26.4423,0.007527,-0.080059,0.996762,-0.007804,0.731268,32.50237,触发点,0,0,0.5,0.5,0.5,0.5,1,1,Valid,#NAME?
06:16.5,1405,15.9043,-0.052362,1.20866,26.43206,343.2298,0.9197,1.713228,0,0,0,-0.053331,1.21759,26.44334,0.016745,-0.091895,0.995628,0.048882,0.656661,32.52069,触发点,0,0,0.5,0.5,0.5,0.5,1,1,Valid,#NAME?
06:16.5,1406,15.9153,-0.052151,1.208471,26.43312,343.5215,1.108888,1.701645,0,0,0,-0.053082,1.217344,26.44444,0.023932,-0.105801,0.994099,0.094027,0.567003,32.55502,触发点,0,0,0.5,0.5,0.5,0.5,1,1,Valid,#NAME?
06:16.5,1407,15.9266,-0.051981,1.208398,26.43421,343.7504,1.312543,1.628729,0,0,0,-0.052862,1.217227,26.44558,0.029843,-0.116347,0.99276,0.131866,0.497033,32.59082,触发点,0,0,0.5,0.5,0.5,0.5,1,1,Valid,#NAME?
06:16.6,1408,15.9376,-0.051846,1.208276,26.43497,343.9106,1.477642,1.617414,0,0,0,-0.052692,1.217074,26.44637,0.032618,-0.119124,0.992344,0.149662,0.478049,32.60267,触发点,0,0,0.5,0.5,0.5,0.5,1,1,Valid,#NAME?
06:16.6,1409,15.9486,-0.051594,1.208318,26.43631,344.1221,1.729358,1.642059,0,0,0,-0.052393,1.217073,26.44774,0.035057,-0.122972,0.991791,0.165768,0.45182,32.61966,触发点,0,0,0.5,0.5,0.5,0.5,1,1,Valid,#NAME?
06:16.6,1410,15.9597,-0.051353,1.208322,26.43757,344.2792,1.952869,1.681866,0,0,0,-0.052111,1.217045,26.44903,0.034787,-0.115702,0.992675,0.163133,0.501135,32.59124,触发点,0,0,0.5,0.5,0.5,0.5,1,1,Valid,#NAME?
06:16.6,1411,15.9711,-0.05105,1.208303,26.43896,344.51,2.140733,1.822555,0,0,0,-0.051781,1.216978,26.45046,0.038957,-0.119699,0.992046,0.190085,0.473828,32.60957,触发点,0,0,0.5,0.5,0.5,0.5,1,1,Valid,#NAME?
06:16.6,1412,15.9889,-0.050707,1.208358,26.44036,344.7516,2.2824,1.970995,0,0,0,-0.051422,1.216981,26.45189,0.040723,-0.115658,0.992454,0.200683,0.500969,32.59595,触发点,0,0,0.5,0.5,0.5,0.5,1,1,Valid,#NAME?
06:16.6,1413,15.9962,-0.050354,1.208452,26.44177,345.0802,2.49701,2.044147,0,0,0,-0.051029,1.217008,26.45336,0.044886,-0.121352,0.991594,0.228228,0.462015,32.62255,触发点,0,0,0.5,0.5,0.5,0.5,1,1,Valid,#NAME?
06:16.6,1414,16.0042,-0.049931,1.208655,26.44319,345.4461,2.685751,2.171156,0,0,0,-0.050579,1.217134,26.45483,0.043185,-0.122474,0.991532,0.218157,0.454993,32.62502,触发点,0,0,0.5,0.5,0.5,0.5,1,1,Valid,#NAME?
06:16.6,1415,16.0151,-0.049408,1.208882,26.44465,345.8864,2.894067,2.245857,0,0,0,-0.050016,1.21727,26.45636,0.04722,-0.130101,0.990376,0.246025,0.401613,32.66542,触发点,0,0,0.5,0.5,0.5,0.5,1,1,Valid,#NAME?
06:16.6,1416,16.0264,-0.04883,1.208955,26.44626,346.3088,3.100912,2.309599,0,0,0,-0.049398,1.217256,26.45803,0.044471,-0.134507,0.989914,0.230322,0.371221,32.68449,触发点,0,0,0.5,0.5,0.5,0.5,1,1,Valid,#NAME?
06:16.7,1417,16.0375,-0.048193,1.209087,26.44781,346.7393,3.248362,2.493325,0,0,0,-0.048744,1.217296,26.45966,0.04177,-0.142035,0.98898,0.215905,0.317375,32.72572,触发点,0,0,0.5,0.5,0.5,0.5,1,1,Valid,#NAME?
06:16.7,1418,16.0485,-0.047464,1.20918,26.44926,347.1319,3.426565,2.580026,0,0,0,-0.047983,1.217306,26.46117,0.045338,-0.148836,0.987822,0.242073,0.265112,32.78088,触发点,0,0,0.5,0.5,0.5,0.5,1,1,Valid,#NAME?
06:16.7,1419,16.0598,-0.046751,1.209258,26.45083,347.5337,3.600872,2.623052,0,0,0,-0.047235,1.217299,26.46279,0.037285,-0.161398,0.986185,0.195697,0.165694,32.88838,触发点,0,0,0.5,0.5,0.5,0.5,1,1,Valid,#NAME?
06:16.7,1420,16.0712,-0.046032,1.209104,26.45231,347.8538,3.699592,2.634545,0,0,0,-0.046492,1.217079,26.46432,0.034995,-0.16848,0.985084,0.185223,0.10151,32.98693,触发点,0,0,0.5,0.5,0.5,0.5,1,1,Valid,#NAME?
06:16.7,1421,16.0821,-0.045246,1.209162,26.45388,348.2076,3.825854,2.608786,0,0,0,-0.045675,1.217063,26.46593,0.031943,-0.173734,0.984275,0.169595,0.046231,33.09917,触发点,0,0,0.5,0.5,0.5,0.5,1,1,Valid,#NAME?
06:16.7,1422,16.093,-0.044474,1.209344,26.45541,348.5806,3.967746,2.582659,0,0,0,-0.044867,1.217167,26.46751,0.034132,-0.180122,0.983052,0.185775,0.000002,33.11041,Road,0,0,0.5,0.5,0.5,0.5,1,1,Valid,#NAME?
06:16.7,1423,16.1042,-0.043749,1.209317,26.4568,348.9329,4.137333,2.496408,0,0,0,-0.044096,1.217069,26.46896,0.032082,-0.183914,0.982419,0.168211,0.000002,32.9702,Road,0,0,0.5,0.5,0.5,0.5,1,1,Valid,#NAME?
06:16.7,1424,16.1154,-0.042826,1.209464,26.45817,349.3533,4.286666,2.462121,0,0,0,-0.043133,1.217127,26.47038,0.033839,-0.188447,0.9815,0.175423,0.000002,32.80962,Road,0,0,0.5,0.5,0.5,0.5,1,1,Valid,#NAME?
06:16.7,1425,16.1264,-0.042,1.209465,26.45947,349.7661,4.434135,2.412653,0,0,0,-0.042267,1.217041,26.47173,0.035942,-0.195478,0.980049,0.181507,0.000002,32.57349,Road,0,0,0.5,0.5,0.5,0.5,1,1,Valid,#NAME?
06:16.8,1426,16.1431,-0.041153,1.209624,26.46086,350.1825,4.551269,2.406453,0,0,0,-0.041389,1.217112,26.47318,0.028302,-0.195263,0.980343,0.135025,0.000002,32.58385,Road,0,0,0.5,0.5,0.5,0.5,1,1,Valid,#NAME?
06:16.8,1427,16.1496,-0.040232,1.210065,26.46233,350.5036,4.643215,2.35441,0,0,0,-0.040442,1.217484,26.47469,0.02946,-0.200704,0.979209,0.138263,0.000002,32.41462,Road,0,0,0.5,0.5,0.5,0.5,1,1,Valid,#NAME?
06:16.8,1428,16.1602,-0.039455,1.210424,26.46358,350.7738,4.720356,2.352462,0,0,0,-0.039646,1.217786,26.47598,0.025574,-0.201352,0.979185,0.115028,0.000002,32.39813,Road,0,0,0.5,0.5,0.5,0.5,1,1,Valid,#NAME?
06:16.8,1429,16.1709,-0.038639,1.210729,26.46495,350.9412,4.78264,2.332409,0,0,0,-0.038813,1.218054,26.47737,0.026465,-0.204189,0.978574,0.119059,0.000002,32.31487,Road,0,0,0.5,0.5,0.5,0.5,1,1,Valid,#NAME?
06:16.8,1430,16.1818,-0.037743,1.211344,26.46645,351.0361,4.770472,2.331555,0,0,0,-0.037916,1.218649,26.47888,0.023077,-0.203588,0.978785,0.10022,0.000002,32.33775,Road,0,0,0.5,0.5,0.5,0.5,1,1,Valid,#NAME?
06:16.8,1431,16.1932,-0.036873,1.21193,26.46787,350.9942,4.739793,2.280835,0,0,0,-0.037048,1.219245,26.4803,0.015587,-0.198862,0.979904,0.058515,0.000002,32.4882,Road,0,0,0.5,0.5,0.5,0.5,1,1,Valid,#NAME?
06:16.8,1432,16.2044,-0.035978,1.212781,26.46929,350.936,4.697731,2.201207,0,0,0,-0.036156,1.220111,26.48171,0.014399,-0.197778,0.980141,0.05267,0.000002,32.52828,Road,0,0,0.5,0.5,0.5,0.5,1,1,Valid,#NAME?
06:16.8,1433,16.2153,-0.035065,1.213689,26.47071,350.9349,4.653315,2.149024,0,0,0,-0.035248,1.22102,26.48313,0.010268,-0.195458,0.980658,0.028896,0.000002,32.60926,Road,0,0,0.5,0.5,0.5,0.5,1,1,Valid,#NAME?
06:16.8,1434,16.2266,-0.034208,1.214756,26.47208,350.9073,4.62701,2.078485,0,0,0,-0.034391,1.222094,26.4845,0.0022,-0.190334,0.981717,-0.020264,0.000002,32.78788,Road,0,0,0.5,0.5,0.5,0.5,1,1,Valid,#NAME?
06:16.9,1435,16.2378,-0.033176,1.215646,26.47337,350.8872,4.507715,2.037807,0,0,0,-0.033381,1.22299,26.48578,-0.005897,-0.18658,0.982422,-0.072034,0.000002,32.92533,Road,0,0,0.5,0.5,0.5,0.5,1,1,Valid,#NAME?
06:16.9,1436,16.2486,-0.03249,1.216266,26.47419,350.9387,4.510235,1.967877,0,0,0,-0.032686,1.223599,26.4866,-0.006281,-0.187359,0.982271,-0.073706,0.000002,32.90158,Road,0,0,0.5,0.5,0.5,0.5,1,1,Valid,#NAME?
06:16.9,1437,16.2598,-0.030527,1.217554,26.47636,351.0221,4.42822,1.842864,0,0,0,-0.030731,1.224873,26.48878,-0.015689,-0.185043,0.982605,-0.13458,0.000002,32.99305,Road,0,0,0.5,0.5,0.5,0.5,1,1,Valid,#NAME?
06:16.9,1438,16.2707,-0.029238,1.218356,26.47772,351.0804,4.401427,1.749884,0,0,0,-0.029438,1.225664,26.49015,-0.020666,-0.183428,0.982816,-0.167529,0.000002,33.05732,Road,0,0,0.5,0.5,0.5,0.5,1,1,Valid,#NAME?
06:16.9,1439,16.2825,-0.02787,1.219159,26.47899,351.1693,4.364302,1.694049,0,0,0,-0.028072,1.226449,26.49143,-0.021649,-0.184852,0.982528,-0.17171,0.000002,33.01025,Road,0,0,0.5,0.5,0.5,0.5,1,1,Valid,#NAME?
06:16.9,1440,16.2993,-0.026545,1.219914,26.48017,351.2912,4.332454,1.650368,0,0,0,-0.026747,1.227178,26.49263,-0.034061,-0.179177,0.983227,-0.260029,0.000002,33.22669,Road,0,0,0.5,0.5,0.5,0.5,1,1,Valid,#NAME?
06:16.9,1441,16.307,-0.025085,1.220578,26.4815,351.596,4.331536,1.56842,0,0,0,-0.025278,1.227777,26.49399,-0.034615,-0.184224,0.982275,-0.255974,0.000002,33.04045,Road,0,0,0.5,0.5,0.5,0.5,1,1,Valid,#NAME?
06:16.9,1442,16.3152,-0.023552,1.221218,26.48272,351.9502,4.302173,1.515434,0,0,0,-0.023743,1.228342,26.49525,-0.035994,-0.190097,0.981105,-0.256326,0.000002,32.83483,Road,0,0,0.5,0.5,0.5,0.5,1,1,Valid,#NAME?
06:16.9,1443,16.3264,-0.021929,1.221245,26.48386,352.6079,4.307322,1.51046,0,0,0,-0.022112,1.228225,26.49648,-0.036103,-0.201275,0.978869,-0.242421,0.000002,32.46975,Road,0,0,0.5,0.5,0.5,0.5,1,1,Valid,#NAME?
06:17.0,1444,16.3377,-0.020086,1.220731,26.48506,353.4668,4.306438,1.588714,0,0,0,-0.020269,1.22752,26.49778,-0.039138,-0.214292,0.975985,-0.244461,0.000002,32.08848,Road,0,0,0.5,0.5,0.5,0.5,1,1,Valid,#NAME?
06:17.0,1445,16.3486,-0.018148,1.219594,26.48638,354.6073,4.307432,1.674441,0,0,0,-0.018332,1.226127,26.49923,-0.039824,-0.234007,0.971419,-0.226999,0.000002,31.58917,Road,0,0,0.5,0.5,0.5,0.5,1,1,Valid,#NAME?
06:17.0,1446,16.3597,-0.016245,1.217945,26.48788,355.8766,4.288546,1.723976,0,0,0,-0.016424,1.224193,26.50088,-0.04027,-0.255438,0.965987,-0.20942,0.000002,31.13039,Road,0,0,0.5,0.5,0.5,0.5,1,1,Valid,#NAME?
06:17.0,1447,16.3711,-0.014212,1.215772,26.48957,357.487,4.303633,1.688439,0,0,0,-0.01437,1.221654,26.50274,-0.044173,-0.281158,0.958644,-0.206304,0.000001,30.66812,Road,0,0,0.5,0.5,0.5,0.5,1,1,Valid,#NAME?
06:17.0,1448,16.382,-0.012102,1.213197,26.49124,359.3015,4.368466,1.453537,0,0,0,-0.012213,1.218666,26.50458,-0.050157,-0.311527,0.948913,-0.208424,0.000001,30.21664,Road,0,0,0.5,0.5,0.5,0.5,1,1,Valid,#NAME?
06:17.0,1449,16.3933,-0.010029,1.210631,26.49285,1.139142,4.457312,1.269146,0,0,0,-0.010088,1.215674,26.50636,-0.05807,-0.331891,0.941529,-0.222791,0.000001,29.95506,Road,0,0,0.5,0.5,0.5,0.5,1,1,Valid,#NAME?
06:17.0,1450,16.4043,-0.007839,1.20768,26.49441,3.208063,4.669702,0.905301,0,0,0,-0.007801,1.212241,26.50809,-0.057581,-0.364562,0.929397,-0.199268,0.000001,29.59853,Road,0,0,0.5,0.5,0.5,0.5,1,1,Valid,#NAME?
06:17.0,1451,16.4153,-0.005438,1.204628,26.49588,5.241826,4.843332,0.585935,0,0,0,-0.005314,1.208708,26.50971,-0.076557,-0.353855,0.932162,-0.266819,0.000001,29.69381,Road,0,0,0.5,0.5,0.5,0.5,1,0.868364,Valid,#NAME?
06:17.1,1452,16.4263,-0.002985,1.201671,26.49728,7.179773,5.003713,0.359502,0,0,0,-0.00279,1.205286,26.51124,-0.120951,-0.333649,0.934906,-0.439716,0.000001,29.88853,Road,0,0,0.5,0.5,0.5,0.5,1,0.763056,Valid,#NAME?
06:17.1,1453,16.4375,-0.001244,1.199046,26.49822,8.655923,5.135615,0.31555,0,0,0,-0.001005,1.202302,26.51227,-0.119758,-0.357106,0.926355,-0.404204,0.000001,29.63113,Road,0,0,0.5,0.5,0.5,0.5,0.925796,0.488356,Valid,#NAME?
06:17.1,1454,16.454,0.001375,1.195288,26.4995,10.71091,5.261009,0.192503,0,0,0,0.001665,1.198041,26.51365,-0.212429,-0.249952,0.944668,-1.016523,0.000002,31.04154,Road,0,0,0.5,0.5,0.5,0.5,0.797175,0.312548,Valid,#NAME?
06:17.1,1455,16.461,0.004824,1.190104,26.50106,13.38401,5.409368,359.9516,0,0,0,0.005184,1.192201,26.51532,-0.244907,-0.238561,0.939739,-1.218729,0.000002,31.21164,Road,0,0,0.5,0.5,0.5,0.5,0.797175,0.312548,Valid,#NAME?
06:17.1,1456,16.4751,0.008772,1.184092,26.50265,16.38112,5.596473,359.6466,0,0,0,0.009216,1.185446,26.517,-0.287408,-0.21559,0.93323,-1.571132,0.000002,31.64847,Road,0,0,0.5,0.5,0.5,0.5,0.797175,0.312548,Valid,#NAME?
06:17.1,1457,16.4823,0.01055,1.181638,26.50321,17.69913,5.595191,359.6626,0,0,0,0.010994,1.182662,26.51759,-0.287952,-0.236352,0.92802,-1.429867,0.000002,31.16123,Road,0,0,0.5,0.5,0.5,0.5,0.797175,0.312548,Valid,#NAME?
06:17.1,1458,16.4937,0.013287,1.177971,26.50393,19.59533,5.72326,359.6149,0,0,0,0.013769,1.17852,26.51833,-0.278426,-0.283582,0.917638,-1.143323,0.000001,30.33189,Road,0,0,0.5,0.5,0.5,0.5,0.536903,0.12802,Valid,#NAME?
06:17.1,1459,16.5044,0.015697,1.175126,26.50469,21.22589,5.784757,359.6814,0,0,0,0.016191,1.175265,26.5191,-0.278341,-0.309057,0.909401,-1.042266,0.000001,29.97732,Road,0,0,0.5,0.5,0.5,0.5,0.536903,0.12802,Valid,#NAME?
06:17.1,1460,16.5154,0.018551,1.172431,26.50513,22.6612,5.867067,359.8875,0,0,0,0.019047,1.172206,26.51954,-0.278008,-0.332144,0.901328,-0.962101,0.000001,29.70052,Road,0,0,0.5,0.5,0.5,0.5,0.467353,0.194906,Valid,#NAME?
06:17.2,1461,16.5268,0.021263,1.170132,26.50578,23.87525,6.078781,0.155539,0,0,0,0.021786,1.169599,26.52018,-0.275642,-0.352041,0.894477,-0.893986,0.000001,29.49194,Road,0,0,0.5,0.5,0.5,0.5,0.467353,0.194906,Valid,#NAME?
06:17.2,1462,16.5376,0.024307,1.16831,26.50667,24.78609,6.285247,0.331222,0,0,0,0.024864,1.167545,26.52106,-0.273171,-0.366699,0.889331,-0.844895,0.000001,29.35263,Road,0,0,0.5,0.5,0.5,0.5,0.467353,0.194906,Valid,#NAME?
06:17.2,1463,16.5487,0.027029,1.166844,26.50767,25.44713,6.404413,0.392168,0,0,0,0.027609,1.165913,26.52205,-0.271845,-0.376882,0.885472,-0.813361,0.000001,29.26131,Road,0,0,0.5,0.5,0.5,0.5,0.614929,0.441141,Valid,#NAME?
06:17.2,1464,16.56,0.029926,1.166202,26.50908,25.56611,6.463353,0.541377,0,0,0,0.030508,1.165238,26.52346,-0.271131,-0.379513,0.884567,-0.80196,0.000001,29.23939,Road,0,0,0.5,0.5,0.5,0.5,0.614929,0.441141,Valid,#NAME?
06:17.2,1465,16.5709,0.032665,1.165504,26.51038,25.65625,6.612211,0.566859,0,0,0,0.033281,1.164517,26.52475,-0.268386,-0.381136,0.884706,-0.78674,0.000001,29.22786,Road,0,0,0.5,0.5,0.5,0.5,0.652615,0.506908,Valid,#NAME?
06:17.2,1466,16.582,0.035385,1.164982,26.5116,25.87327,6.643514,0.480056,0,0,0,0.036015,1.163943,26.52597,-0.267094,-0.384134,0.8838,-0.773291,0.000001,29.20393,Road,0,0,0.5,0.5,0.5,0.5,0.672102,0.559521,Valid,#NAME?
06:17.2,1467,16.5935,0.037926,1.164765,26.51277,26.00496,6.650165,0.437902,0,0,0,0.038561,1.163693,26.52713,-0.267063,-0.385837,0.883067,-0.766905,0.000001,29.19049,Road,0,0,0.5,0.5,0.5,0.5,0.672102,0.559521,Valid,#NAME?
06:17.2,1468,16.6102,0.040371,1.164414,26.51387,26.31052,6.571636,0.360849,0,0,0,0.040995,1.163267,26.52823,-0.107888,-0.4239,0.899261,-0.255071,0.000001,28.996,Road,0,0,0.5,0.5,0.5,0.5,0.776192,0.79492,Valid,#NAME?
06:17.2,1469,16.6185,0.042788,1.164255,26.51482,26.59664,6.458196,0.351986,0,0,0,0.043383,1.163037,26.52918,0.004334,-0.43495,0.900444,0.054971,0.000001,28.93694,Road,0,0,0.5,0.5,0.5,0.5,0.776192,0.79492,Valid,#NAME?
06:17.2,1470,16.6266,0.045305,1.16409,26.5158,26.92502,6.357995,0.342622,0,0,0,0.045876,1.162789,26.53015,0.002484,-0.440059,0.897965,0.052439,0.000001,28.90289,Road,0,0,0.5,0.5,0.5,0.5,0.776192,0.79492,Valid,#NAME?
06:17.3,1471,16.6379,0.047321,1.164191,26.51657,27.07367,6.213172,0.215634,0,0,0,0.047867,1.162855,26.53092,-0.017811,-0.440575,0.897539,0.000855,0.000001,28.89989,Road,0,0,0.5,0.5,0.5,0.5,0.776192,0.79492,Valid,#NAME?
06:17.3,1472,16.6488,0.048639,1.164201,26.51719,27.26055,6.120133,0.176595,0,0,0,0.049164,1.162819,26.53153,-0.013366,-0.442535,0.896651,0.014043,0.000001,28.8876,Road,0,0,0.5,0.5,0.5,0.5,0.835007,0.868749,Valid,#NAME?
06:17.3,1473,16.6599,0.050484,1.16451,26.51822,27.34634,5.965903,359.9536,0,0,0,0.050991,1.163111,26.53256,-0.00572,-0.443221,0.896394,0.03598,0.000001,28.8849,Road,0,0,0.5,0.5,0.5,0.5,0.835007,0.868749,Valid,#NAME?
06:17.3,1474,16.671,0.052164,1.164803,26.51921,27.48234,5.707133,359.7919,0,0,0,0.052622,1.163371,26.53355,-0.009816,-0.445087,0.895433,0.026964,0.000001,28.87403,Road,0,0,0.5,0.5,0.5,0.5,0.835007,0.868749,Valid,#NAME?
06:17.3,1475,16.6826,0.053934,1.165111,26.52018,27.61064,5.468904,359.6138,0,0,0,0.054348,1.16365,26.53452,0.011577,-0.446088,0.894914,0.084546,0.000001,28.86897,Road,0,0,0.5,0.5,0.5,0.5,0.835007,0.868749,Valid,#NAME?
06:17.3,1476,16.6935,0.055593,1.165271,26.52113,27.77495,5.290379,359.4384,0,0,0,0.055979,1.163772,26.53546,0.026672,-0.44673,0.894271,0.125462,0.000001,28.86514,Road,0,0,0.5,0.5,0.5,0.5,0.835007,0.94624,Valid,#NAME?
06:17.3,1477,16.7043,0.057159,1.165267,26.52199,27.90082,5.048841,359.3215,0,0,0,0.057495,1.163738,26.53632,0.037585,-0.446071,0.894208,0.15555,0.000001,28.86919,Road,0,0,0.5,0.5,0.5,0.5,0.835007,0.94624,Valid,#NAME?
06:17.3,1478,16.7154,0.058723,1.165289,26.52291,28.02534,4.856664,359.2384,0,0,0,0.059017,1.16373,26.53724,0.034541,-0.447961,0.893386,0.148749,0.000001,28.85812,Road,0,0,0.5,0.5,0.5,0.5,0.835007,0.94624,Valid,#NAME?
06:17.4,1479,16.7266,0.060249,1.165302,26.52377,28.15043,4.626578,359.1594,0,0,0,0.060493,1.163713,26.5381,0.048322,-0.446608,0.893424,0.186404,0.000001,28.86607,Road,0,0,0.5,0.5,0.5,0.5,0.868005,0.97798,Valid,#NAME?
06:17.4,1480,16.7376,0.06115,1.165216,26.52434,28.2781,4.547966,359.1953,0,0,0,0.061371,1.163595,26.53867,0.066855,-0.444407,0.893327,0.236417,0.000001,28.87768,Road,0,0,0.5,0.5,0.5,0.5,0.868005,0.97798,Valid,#NAME?
06:17.4,1481,16.7492,0.062584,1.165114,26.52522,28.44773,4.405989,359.2469,0,0,0,0.062765,1.16345,26.53954,0.077328,-0.441625,0.893861,0.266484,0.000001,28.8944,Road,0,0,0.5,0.5,0.5,0.5,0.932419,0.988726,Valid,#NAME?
06:17.4,1482,16.7674,0.063858,1.164913,26.52604,28.60698,4.267418,359.2164,0,0,0,0.064007,1.163209,26.54036,0.088007,-0.437554,0.894875,0.297967,0.000001,28.91934,Road,0,0,0.5,0.5,0.5,0.5,0.932419,0.988726,Valid,#NAME?
06:17.4,1483,16.7753,0.065161,1.164533,26.52691,28.80846,4.142465,359.187,0,0,0,0.065281,1.16278,26.54122,0.085967,-0.440722,0.893518,0.292092,0.000001,28.89864,Road,0,0,0.5,0.5,0.5,0.5,0.932419,0.988726,Valid,#NAME?
06:17.4,1484,16.7823,0.066345,1.164097,26.52763,29.0182,4.028919,359.2188,0,0,0,0.066433,1.162291,26.54194,0.090592,-0.436066,0.895343,0.307897,0.000001,28.92838,Road,0,0,0.5,0.5,0.5,0.5,0.972319,0.995382,Valid,#NAME?
06:17.4,1485,16.7932,0.067431,1.16357,26.52824,29.20702,3.932732,359.1785,0,0,0,0.067497,1.161717,26.54255,0.089028,-0.439045,0.894043,0.303065,0.000001,28.9082,Road,0,0,0.5,0.5,0.5,0.5,0.977855,0.996306,Valid,#NAME?
06:17.4,1486,16.8045,0.068829,1.162911,26.52917,29.46183,3.7744,359.1339,0,0,0,0.068859,1.160996,26.54346,0.09075,-0.438469,0.894153,0.30915,0.000001,28.91104,Road,0,0,0.5,0.5,0.5,0.5,0.977855,0.996306,Valid,#NAME?
06:17.4,1487,16.8157,0.0697,1.1626,26.52979,29.64889,3.691469,359.1053,0,0,0,0.069712,1.160638,26.54407,0.090821,-0.430887,0.897824,0.314346,0.000001,28.96246,Road,0,0,0.5,0.5,0.5,0.5,0.985827,0.997636,Valid,#NAME?
06:17.5,1488,16.8268,0.070518,1.162399,26.53038,29.74686,3.586129,359.0381,0,0,0,0.070511,1.160414,26.54467,0.089206,-0.432462,0.897229,0.309876,0.000001,28.95219,Road,0,0,0.5,0.5,0.5,0.5,0.985827,0.997636,Valid,#NAME?
06:17.5,1489,16.8376,0.071249,1.162313,26.53103,29.78764,3.469556,358.9908,0,0,0,0.071217,1.160318,26.54531,0.090187,-0.420371,0.902859,0.320152,0.000001,29.03741,Road,0,0,0.5,0.5,0.5,0.5,0.985827,0.997636,Valid,#NAME?
06:17.5,1490,16.8487,0.071938,1.162413,26.53138,29.75178,3.358569,358.9631,0,0,0,0.07188,1.160428,26.54566,0.098009,-0.404226,0.909393,0.353238,0.000001,29.1563,Road,0,0,0.5,0.5,0.5,0.5,0.994195,0.999032,Valid,#NAME?
06:17.5,1491,16.86,0.072594,1.162586,26.53169,29.68102,3.246137,358.9579,0,0,0,0.07251,1.160618,26.54597,0.095513,-0.384906,0.918001,0.360512,0.000001,29.31404,Road,0,0,0.5,0.5,0.5,0.5,0.997028,0.999504,Valid,#NAME?
06:17.5,1492,16.8707,0.073153,1.16281,26.53222,29.56229,3.185084,358.9391,0,0,0,0.073053,1.160872,26.5465,0.094618,-0.383007,0.918887,0.359836,0.000001,29.3316,Road,0,0,0.5,0.5,0.5,0.5,0.997028,0.999504,Valid,#NAME?
06:17.5,1493,16.8823,0.073633,1.163202,26.5325,29.3279,3.116559,358.8705,0,0,0,0.073524,1.161323,26.54679,0.097415,-0.358082,0.928595,0.389459,0.000001,29.55839,Road,0,0,0.5,0.5,0.5,0.5,0.997028,0.999504,Valid,#NAME?
06:17.5,1494,16.8932,0.074083,1.163633,26.53283,29.07265,3.021185,358.8445,0,0,0,0.073956,1.161819,26.54713,0.097675,-0.342157,0.934553,0.405617,0.000001,29.72048,Road,0,0,0.5,0.5,0.5,0.5,0.998478,0.999746,Valid,#NAME?
06:17.5,1495,16.9043,0.074518,1.16402,26.53336,28.7645,2.940316,358.7853,0,0,0,0.074375,1.162282,26.54767,0.09661,-0.337149,0.936481,0.407426,0.000001,29.77608,Road,0,0,0.5,0.5,0.5,0.5,0.999026,0.999838,Valid,#NAME?
06:17.5,1496,16.9234,0.074749,1.164928,26.53359,28.22147,2.872035,358.7261,0,0,0,0.074596,1.163328,26.54792,0.09808,-0.274292,0.956632,0.490573,0.000001,30.60518,Road,0,0,0.5,0.5,0.5,0.5,0.999221,0.99987,Valid,#NAME?
06:17.6,1497,16.9313,0.074976,1.166071,26.53386,27.68144,2.782923,358.6259,0,0,0,0.07481,1.164606,26.5482,0.097085,-0.265307,0.959264,0.500979,0.000002,30.75905,Road,0,0,0.5,0.5,0.5,0.5,0.999221,0.99987,Valid,#NAME?
06:17.6,1498,16.9379,0.075056,1.16769,26.53425,26.91454,2.702245,358.5135,0,0,0,0.074881,1.166419,26.54861,0.095085,-0.301607,0.948679,0.442606,0.000001,30.21748,Road,0,0,0.5,0.5,0.5,0.5,0.999377,0.999896,Valid,#NAME?
06:17.6,1499,16.9487,0.075048,1.169667,26.53452,26.01302,2.548131,358.3371,0,0,0,0.074852,1.168624,26.5489,0.093234,-0.286729,0.953464,0.454844,0.000001,30.43494,Road,0,0,0.5,0.5,0.5,0.5,0.999377,0.999896,Valid,#NAME?
06:17.6,1500,16.9599,0.074989,1.171653,26.53463,25.07011,2.446411,358.2028,0,0,0,0.074781,1.170848,26.54902,0.083546,-0.362441,0.928255,0.344673,0.000001,29.54771,Road,0,0,0.5,0.5,0.5,0.5,0.999377,0.999896,Valid,#NAME?
06:17.6,1501,16.9734,0.074856,1.1737,26.53494,23.99569,2.335994,358.0713,0,0,0,0.074633,1.173166,26.54935,0.079384,-0.388764,0.917911,0.314188,0.000001,29.31931,Road,0,0,0.5,0.5,0.5,0.5,0.999681,0.999947,Valid,#NAME?
06:17.6,1502,16.9826,0.074539,1.176023,26.5345,22.83592,2.274029,357.9418,0,0,0,0.074314,1.175782,26.54892,0.074959,-0.412946,0.907666,0.287745,0.000001,29.13332,Road,0,0,0.5,0.5,0.5,0.5,0.999681,0.999947,Valid,#NAME?
06:17.6,1503,16.9935,0.074306,1.178219,26.53422,21.76855,2.152317,357.7768,0,0,0,0.074064,1.178248,26.54864,0.073233,-0.396028,0.915313,0.291944,0.000001,29.27184,Road,0,0,0.5,0.5,0.5,0.5,0.999681,0.999947,Valid,#NAME?
06:17.6,1504,17.0044,0.073933,1.180835,26.53404,20.53938,2.120307,357.6554,0,0,0,0.073694,1.181175,26.54845,0.065951,-0.458295,0.88635,0.243672,0.000001,28.83287,Road,0,0,0.5,0.5,0.5,0.5,0.999745,0.999957,Valid,#NAME?
06:17.6,1505,17.0154,0.073298,1.183778,26.53352,19.11039,2.047125,357.5133,0,0,0,0.073053,1.184479,26.54792,0.064925,-0.43608,0.897563,0.249402,0.000001,28.98588,Road,0,0,0.5,0.5,0.5,0.5,0.999745,0.999957,Valid,#NAME?
06:17.6,1506,17.0264,0.072638,1.18676,26.53305,17.64332,1.976208,357.3456,0,0,0,0.072392,1.187831,26.54742,0.063843,-0.413003,0.908489,0.25601,0.000001,29.16032,Road,0,0,0.5,0.5,0.5,0.5,0.999745,0.999957,Valid,#NAME?
06:17.7,1507,17.0376,0.071716,1.190645,26.53274,15.63761,1.991861,357.196,0,0,0,0.071486,1.19222,26.54707,0.030678,-0.480767,0.876312,0.147562,0.000001,28.72018,Road,0,0,0.5,0.5,0.5,0.5,0.999745,0.999957,Valid,#NAME?
06:17.7,1508,17.0486,0.07062,1.194211,26.53182,13.72516,2.108916,357.1918,0,0,0,0.070417,1.196262,26.54609,-0.090127,-0.477812,0.873827,-0.155226,0.000001,28.73383,Road,0,0,0.5,0.5,0.5,0.5,0.803581,0.554893,Valid,#NAME?
06:17.7,1509,17.0622,0.070011,1.196674,26.5314,12.25472,2.077908,357.1676,0,0,0,0.069799,1.199091,26.54561,-0.18605,-0.440405,0.878311,-0.436758,0.000001,28.937,Road,0,0,0.5,0.5,0.5,0.5,0.707145,0.355132,Valid,#NAME?
06:17.7,1510,17.0769,0.069269,1.199354,26.53084,10.71609,2.026872,357.1138,0,0,0,0.069048,1.202152,26.54498,-0.298021,-0.363851,0.882494,-0.915604,0.000001,29.46073,Road,0,0,0.5,0.5,0.5,0.5,0.535592,0.227284,Valid,#NAME?
06:17.7,1511,17.0849,0.068176,1.20266,26.5299,8.849528,2.103939,357.2656,0,0,0,0.067957,1.205915,26.54395,-0.295902,-0.336135,0.894123,-0.993616,0.000001,29.75169,Road,0,0,0.5,0.5,0.5,0.5,0.535592,0.227284,Valid,#NAME?
06:17.7,1512,17.0933,0.066874,1.20612,26.52901,7.064929,2.156632,357.325,0,0,0,0.066656,1.20981,26.54295,-0.294713,-0.278121,0.914217,-1.215326,0.000001,30.51973,Road,0,0,0.5,0.5,0.5,0.5,0.42769,0.145462,Valid,#NAME?
06:17.7,1513,17.1041,0.065655,1.209517,26.52844,5.29729,2.183933,357.3177,0,0,0,0.065439,1.213634,26.54226,-0.293988,-0.250109,0.922506,-1.361111,0.000002,31.01865,Road,0,0,0.5,0.5,0.5,0.5,0.42769,0.145462,Valid,#NAME?
06:17.7,1514,17.1153,0.064085,1.212673,26.52741,3.594428,2.226606,357.2734,0,0,0,0.063881,1.217199,26.5411,-0.29314,-0.19948,0.935028,-1.724814,0.000002,32.24649,Road,0,0,0.5,0.5,0.5,0.5,0.42769,0.145462,Valid,#NAME?
06:17.8,1515,17.1267,0.06242,1.215705,26.52615,1.9551,2.260192,357.201,0,0,0,0.062225,1.220621,26.53971,-0.292434,-0.154862,0.943663,-2.242733,0.000002,33.97764,Road,0,0,0.5,0.5,0.5,0.5,0.485548,0.212604,Valid,#NAME?
06:17.8,1516,17.1376,0.060728,1.218583,26.52483,0.403094,2.410849,357.2207,0,0,0,0.060562,1.223863,26.53824,-0.289676,-0.122403,0.949266,-2.835794,0.000002,36.02956,Road,0,0,0.5,0.5,0.5,0.5,0.611392,0.417461,Valid,#NAME?
06:17.8,1517,17.1487,0.059498,1.220932,26.52446,358.8374,2.500876,357.1601,0,0,0,0.059353,1.226578,26.53773,-0.288176,-0.096428,0.95271,-3.606277,0.000003,38.6563,Road,0,0,0.5,0.5,0.5,0.5,0.611392,0.417461,Valid,#NAME?
06:17.8,1518,17.1599,0.057182,1.222922,26.5218,357.6103,2.626904,357.3055,0,0,0,0.057045,1.228848,26.53495,-0.2857,-0.077127,0.955211,-4.49495,0.000003,41.75411,Road,0,0,0.5,0.5,0.5,0.5,0.611392,0.417461,Valid,#NAME?
06:17.8,1519,17.1709,0.054962,1.224501,26.52017,356.4887,2.627696,357.3552,0,0,0,0.054815,1.230682,26.5332,-0.236104,-0.040225,0.970895,-6.043599,0.191698,51.61076,Arch,0,0,0.5,0.5,0.5,0.5,0.780368,0.683111,Valid,#NAME?
06:17.8,1520,17.1822,0.052666,1.226226,26.5184,355.3519,2.670156,357.381,0,0,0,0.052521,1.232664,26.5313,-0.196778,-0.021125,0.98022,-5.937071,0.58965,56.36749,Arch,0,0,0.5,0.5,0.5,0.5,0.824295,0.683111,Valid,#NAME?
06:17.8,1521,17.1933,0.05022,1.227662,26.5167,354.3476,2.705775,357.3632,0,0,0,0.050079,1.234324,26.52949,-0.19619,-0.004045,0.980558,-5.796767,1.113776,55.75208,Arch,0,0,0.5,0.5,0.5,0.5,0.824295,0.683111,Valid,#NAME?
06:17.8,1522,17.204,0.047726,1.229024,26.51548,353.3723,2.762889,357.3167,0,0,0,0.047596,1.235904,26.52815,-0.160243,0.012741,0.986995,-5.642952,1.688373,61.57831,Arch,0,0,0.5,0.5,0.5,0.5,0.824295,0.683111,Valid,#NAME?
06:17.8,1523,17.2155,0.045309,1.230336,26.51433,352.4379,2.86312,357.3043,0,0,0,0.045197,1.237422,26.52689,-0.142826,0.028702,0.989332,-5.467131,2.345176,64.70986,Arch,0,0,0.5,0.5,0.5,0.5,0.859436,0.797191,Valid,#NAME?
06:17.9,1524,17.2327,0.043653,1.231236,26.51354,351.7981,2.931986,357.2954,0,0,0,0.043554,1.23846,26.52602,-0.141672,0.039684,0.989118,-5.358341,2.751576,64.24068,Arch,0,0,0.5,0.5,0.5,0.5,0.859436,0.797191,Valid,#NAME?
06:17.9,1525,17.2413,0.041258,1.232537,26.51241,350.8721,3.032025,357.2819,0,0,0,0.041174,1.239962,26.52477,-0.14001,0.05557,0.98859,-5.205539,3.322389,63.57113,Arch,0,0,0.5,0.5,0.5,0.5,0.859436,0.797191,Valid,#NAME?
06:17.9,1526,17.2496,0.038841,1.23385,26.51127,349.9377,3.133435,357.2675,0,0,0,0.038774,1.241477,26.52351,-0.138342,0.071588,0.987794,-5.056737,3.878261,62.90664,Arch,0,0,0.5,0.5,0.5,0.5,0.859436,0.797191,Valid,#NAME?
06:17.9,1527,17.2613,0.046061,1.229987,26.51444,352.8019,2.737089,357.2715,0,0,0,0.045925,1.236993,26.52704,-0.145052,0.022578,0.989166,-5.531387,2.105137,64.56084,Arch,0,0,0.5,0.5,0.5,0.5,0.859436,0.797191,Valid,#NAME?
06:17.9,1528,17.2712,0.030935,1.235401,26.50802,348.7045,2.398021,357.9505,0,0,0,0.030642,1.243279,26.52009,-0.149853,0.090396,0.984567,-4.915917,4.2272,59.02002,Arch,0,0,0.5,0.5,0.5,0.5,0.859436,0.797191,Valid,#NAME?
06:17.9,1529,17.2819,0.029215,1.235783,26.50742,348.3985,2.335264,358.0726,0,0,0,0.028894,1.243724,26.51945,-0.133157,0.095577,0.986476,-4.562212,4.539121,60.53212,Arch,0,0,0.5,0.5,0.5,0.5,0.859436,0.797191,Valid,#NAME?
06:17.9,1530,17.2933,0.025682,1.236816,26.50615,347.6881,2.200969,358.3309,0,0,0,0.025305,1.244901,26.51809,-0.129568,0.105841,0.985906,-4.295408,4.774405,59.39523,Arch,0,0,0.5,0.5,0.5,0.5,0.981134,0.97278,Valid,#NAME?
06:17.9,1531,17.3045,0.023159,1.237512,26.50574,347.3418,2.083212,358.5266,0,0,0,0.022738,1.245667,26.51763,-0.132256,0.110139,0.985078,-4.256159,4.809018,58.38795,Arch,0,0,0.5,0.5,0.5,0.5,0.981134,0.97278,Valid,#NAME?
06:17.9,1532,17.3154,0.020557,1.238263,26.50514,346.9031,1.976,358.6881,0,0,0,0.020096,1.246505,26.51696,-0.133823,0.117176,0.984054,-4.152714,4.900242,57.20129,Arch,0,0,0.5,0.5,0.5,0.5,0.981134,0.97278,Valid,#NAME?
06:18.0,1533,17.3265,0.017973,1.239113,26.50474,346.4091,1.869777,358.8629,0,0,0,0.017471,1.247454,26.51649,-0.135046,0.124471,0.98299,-4.046897,4.993558,56.10078,Arch,0,0,0.5,0.5,0.5,0.5,0.981134,0.97278,Valid,#NAME?
06:18.0,1534,17.3374,0.015863,1.239863,26.50422,345.9857,1.76426,359.0407,0,0,0,0.015322,1.248289,26.51591,-0.136577,0.130455,0.982002,-3.973486,5.058297,55.19576,Arch,0,0,0.5,0.5,0.5,0.5,0.990341,0.986063,Valid,#NAME?
06:18.0,1535,17.349,0.013376,1.240817,26.50351,345.4871,1.644202,359.2625,0,0,0,0.012787,1.24934,26.51513,-0.138237,0.138332,0.980691,-3.877843,5.142641,54.1164,Arch,0,0,0.5,0.5,0.5,0.5,0.990341,0.986063,Valid,#NAME?
06:18.0,1536,17.3599,0.011114,1.241693,26.50289,345.0376,1.580987,359.4907,0,0,0,0.010489,1.250303,26.51444,-0.137936,0.144574,0.979833,-3.782977,5.226299,53.46134,Arch,0,0,0.5,0.5,0.5,0.5,0.990341,0.986063,Valid,#NAME?
06:18.0,1537,17.371,0.009096,1.242614,26.50259,344.6328,1.466289,359.6446,0,0,0,0.008432,1.251302,26.51408,-0.139435,0.148186,0.979081,-3.755019,5.250955,52.94019,Arch,0,0,0.5,0.5,0.5,0.5,0.995054,0.992864,Valid,#NAME?
06:18.0,1538,17.3882,0.007011,1.243375,26.50196,344.1791,1.333071,359.7498,0,0,0,0.00631,1.252152,26.51338,-0.141732,0.154514,0.977772,-3.703439,5.296442,52.10593,Arch,0,0,0.5,0.5,0.5,0.5,0.995054,0.992864,Valid,#NAME?
06:18.0,1539,17.3958,0.004869,1.244178,26.50129,343.6917,1.21147,359.8241,0,0,0,0.004135,1.253051,26.51263,-0.143683,0.16259,0.976176,-3.627918,5.36304,51.18872,Arch,0,0,0.5,0.5,0.5,0.5,0.997468,0.996347,Valid,#NAME?
06:18.0,1540,17.4043,0.003054,1.24511,26.50095,343.1701,1.099932,359.911,0,0,0,0.002287,1.254084,26.51221,-0.144357,0.170061,0.974803,-3.546538,5.434807,50.47646,Arch,0,0,0.5,0.5,0.5,0.5,0.997468,0.996347,Valid,#NAME?
06:18.0,1541,17.4155,0.001135,1.246046,26.50039,342.5541,0.939219,359.9525,0,0,0,0.000332,1.25514,26.51155,-0.145589,0.177741,0.973248,-3.474966,5.497924,49.74352,Arch,0,0,0.5,0.5,0.5,0.5,0.998379,0.997662,Valid,#NAME?
06:18.0,1542,17.4265,-0.000593,1.247035,26.49996,341.9008,0.778713,0.007671,0,0,0,-0.001436,1.256255,26.51102,-0.148226,0.188651,0.970794,-3.391808,5.571258,48.71599,Arch,0,0,0.5,0.5,0.5,0.5,0.998379,0.997662,Valid,#NAME?
06:18.1,1543,17.4378,-0.002621,1.248028,26.49932,341.208,0.643287,0.060559,0,0,0,-0.003494,1.25738,26.51026,-0.150186,0.197037,0.968824,-3.331901,5.624088,47.98122,Arch,0,0,0.5,0.5,0.5,0.5,0.998379,0.997662,Valid,#NAME?
06:18.1,1544,17.4492,-0.004076,1.249017,26.49864,340.6262,0.493164,0.249061,0,0,0,-0.004997,1.258475,26.50949,-0.152012,0.202754,0.967359,-3.299493,5.652667,47.47465,Arch,0,0,0.5,0.5,0.5,0.5,0.999336,0.999042,Valid,#NAME?
06:18.1,1545,17.4599,-0.005527,1.249765,26.49811,340.1277,0.324779,0.389738,0,0,0,-0.006495,1.259316,26.50887,-0.154546,0.21078,0.96524,-3.255923,5.691089,46.80363,Arch,0,0,0.5,0.5,0.5,0.5,0.999336,0.999042,Valid,#NAME?
06:18.1,1546,17.4709,-0.00699,1.250303,26.49748,339.7117,0.152274,0.565487,0,0,0,-0.008005,1.259928,26.50817,-0.153637,0.213578,0.96477,-3.218986,5.723663,46.67168,Arch,0,0,0.5,0.5,0.5,0.5,0.999336,0.999042,Valid,#NAME?
06:18.1,1547,17.4821,-0.008417,1.250642,26.49679,339.3773,359.9927,0.724978,0,0,0,-0.009476,1.260326,26.50742,-0.1262,0.215734,0.968263,-2.824134,6.071868,48.10273,Arch,0,0,0.5,0.5,0.5,0.5,0.999728,0.999608,Valid,#NAME?
06:18.1,1548,17.4933,-0.009548,1.250847,26.49619,339.2772,359.8636,0.900979,0,0,0,-0.010649,1.260547,26.5068,-0.113504,0.214978,0.970001,-2.637714,6.236265,48.95775,Arch,0,0,0.5,0.5,0.5,0.5,0.999728,0.999608,Valid,#NAME?
06:18.1,1549,17.5042,-0.010509,1.250879,26.49568,339.2483,359.7195,1.022987,0,0,0,-0.011648,1.260583,26.50628,-0.115641,0.215246,0.969689,-2.669689,6.208068,48.79482,Arch,0,0,0.5,0.5,0.5,0.5,0.999728,0.999608,Valid,#NAME?
06:18.1,1550,17.5155,-0.011444,1.250787,26.49507,339.316,359.6457,1.196924,0,0,0,-0.012611,1.260475,26.50569,-0.092536,0.208403,0.973656,-2.338971,6.499718,50.98335,Arch,0,0,0.5,0.5,0.5,0.5,0.999861,0.999799,Valid,#NAME?
06:18.1,1551,17.5265,-0.012182,1.250586,26.49449,339.4459,359.5682,1.359637,0,0,0,-0.013378,1.260246,26.50513,-0.082718,0.199101,0.976482,-2.230057,6.595765,52.67296,Arch,0,0,0.5,0.5,0.5,0.5,0.999861,0.999799,Valid,#NAME?
06:18.2,1552,17.5433,-0.012749,1.250052,26.49389,339.7855,359.5561,1.507704,0,0,0,-0.013962,1.259647,26.50458,-0.075409,0.174208,0.981817,-2.297891,6.535944,56.24119,Arch,0,0,0.5,0.5,0.5,0.5,0.999943,0.999918,Valid,#NAME?
06:18.2,1553,17.5501,-0.013313,1.249618,26.49337,340.1298,359.5598,1.606706,0,0,0,-0.014536,1.259147,26.50412,-0.075049,0.168191,0.982893,-2.348992,6.490881,57.07794,Arch,0,0,0.5,0.5,0.5,0.5,0.999943,0.999918,Valid,#NAME?
06:18.2,1554,17.5604,-0.013615,1.248936,26.49292,340.5993,359.5671,1.68885,0,0,0,-0.014843,1.258374,26.50375,-0.067322,0.132331,0.988917,-2.575296,6.291312,64.1152,Arch,0,0,0.5,0.5,0.5,0.5,0.999943,0.999918,Valid,#NAME?
06:18.2,1555,17.5708,-0.01383,1.24818,26.4925,341.0763,359.6154,1.741468,0,0,0,-0.015057,1.257527,26.50341,-0.06343,0.10021,0.992942,-2.977049,5.937021,72.87052,Arch,0,0,0.5,0.5,0.5,0.5,0.999977,0.999966,Valid,#NAME?
06:18.2,1556,17.5819,-0.014023,1.247596,26.49211,341.4666,359.6658,1.768692,0,0,0,-0.015242,1.256867,26.50309,-0.062453,0.093415,0.993667,-3.082201,5.844292,75.30027,Arch,0,0,0.5,0.5,0.5,0.5,0.999977,0.999966,Valid,#NAME?
06:18.2,1557,17.594,-0.014013,1.247066,26.49178,341.8181,359.7435,1.764143,0,0,0,-0.015217,1.25627,26.50281,-0.058447,0.067751,0.995989,-0.394525,1.695956,32.96654,触发点,0,0,0.5,0.5,0.5,0.5,0.999977,0.999966,Valid,#NAME?
06:18.2,1558,17.6046,-0.013916,1.246659,26.49148,342.1025,359.8567,1.735463,0,0,0,-0.015097,1.255809,26.50256,-0.054442,0.047427,0.99739,-0.357913,1.554454,32.78307,触发点,0,0,0.5,0.5,0.5,0.5,0.999988,0.999983,Valid,#NAME?
06:18.2,1559,17.6154,-0.013727,1.246408,26.49123,342.2635,359.9687,1.725401,0,0,0,-0.014885,1.255527,26.50234,-0.052813,0.032449,0.998077,-0.342971,1.457105,32.70263,触发点,0,0,0.5,0.5,0.5,0.5,0.999988,0.999983,Valid,#NAME?
06:18.2,1560,17.6264,-0.013395,1.246187,26.49094,342.3941,0.08389,1.75479,0,0,0,-0.014532,1.25528,26.50208,-0.050666,0.030147,0.998261,-0.328372,1.442019,32.68559,触发点,0,0,0.5,0.5,0.5,0.5,0.999988,0.999983,Valid,#NAME?
06:18.3,1561,17.6376,-0.013062,1.245965,26.49066,342.5209,0.207017,1.747969,0,0,0,-0.014175,1.255034,26.50181,-0.048553,0.027945,0.99843,-0.314134,1.427677,32.67007,触发点,0,0,0.5,0.5,0.5,0.5,0.999994,0.999991,Valid,#NAME?
06:18.3,1562,17.6487,-0.012543,1.245788,26.49042,342.5823,0.355243,1.78191,0,0,0,-0.013628,1.254844,26.50159,-0.045693,0.017794,0.998797,-0.293886,1.363984,32.62772,触发点,0,0,0.5,0.5,0.5,0.5,0.999995,0.999993,Valid,#NAME?
06:18.3,1563,17.66,-0.011948,1.245667,26.49002,342.6777,0.440418,1.850505,0,0,0,-0.013025,1.254703,26.50121,-0.04387,0.016073,0.998908,-0.281642,1.35312,32.61751,触发点,0,0,0.5,0.5,0.5,0.5,0.999995,0.999993,Valid,#NAME?
06:18.3,1564,17.6711,-0.011322,1.245509,26.48993,342.6677,0.522798,1.859487,0,0,0,-0.012383,1.254546,26.50112,-0.042362,0.012597,0.999023,-0.271158,1.331497,32.60387,触发点,0,0,0.5,0.5,0.5,0.5,0.999995,0.999993,Valid,#NAME?
06:18.3,1565,17.6821,-0.010742,1.245512,26.4898,342.7804,0.625864,1.838566,0,0,0,-0.011782,1.254528,26.501,-0.041635,0.005566,0.999117,-0.265307,1.28842,32.58486,触发点,0,0,0.5,0.5,0.5,0.5,0.999998,0.999996,Valid,#NAME?
06:18.3,1566,17.6992,-0.010387,1.245534,26.48955,342.8209,0.655459,1.84572,0,0,0,-0.011421,1.254542,26.50076,-0.039278,0.001631,0.999227,-0.25003,1.264451,32.57095,触发点,0,0,0.5,0.5,0.5,0.5,0.999998,0.999996,Valid,#NAME?
06:18.3,1567,17.7067,-0.009747,1.245515,26.48944,342.873,0.747238,1.820105,0,0,0,-0.010759,1.254513,26.50066,-0.037893,-0.002999,0.999277,-0.240489,1.236331,32.55886,触发点,0,0,0.5,0.5,0.5,0.5,0.999999,0.999999,Valid,#NAME?
06:18.3,1568,17.7156,-0.009047,1.245508,26.48935,342.9229,0.822074,1.766753,0,0,0,-0.01004,1.254498,26.50058,-0.036864,-0.003824,0.999313,-0.233387,1.231328,32.555,触发点,0,0,0.5,0.5,0.5,0.5,0.999999,0.999999,Valid,#NAME?
06:18.3,1569,17.7264,-0.00831,1.24536,26.48906,342.9611,0.873762,1.706205,0,0,0,-0.009289,1.254343,26.5003,-0.035586,-0.006111,0.999348,-0.224654,1.217361,32.54826,触发点,0,0,0.5,0.5,0.5,0.5,0.999999,0.999999,Valid,#NAME?
06:18.4,1570,17.7377,-0.007595,1.245283,26.48897,343.024,0.914654,1.637195,0,0,0,-0.008558,1.254255,26.50022,-0.036544,-0.004824,0.99932,-0.229866,1.225041,32.55206,触发点,0,0,0.5,0.5,0.5,0.5,1,0.999999,Valid,#NAME?
06:18.4,1571,17.7486,-0.006845,1.245203,26.4889,343.0686,0.923584,1.568577,0,0,0,-0.007801,1.254168,26.50016,-0.036743,-0.005541,0.999309,-0.23028,1.220614,32.55098,触发点,0,0,0.5,0.5,0.5,0.5,1,0.999999,Valid,#NAME?
06:18.4,1572,17.76,-0.006083,1.245055,26.48867,343.1002,0.911028,1.522026,0,0,0,-0.007036,1.254014,26.49992,-0.037191,-0.009518,0.999263,-0.232034,1.196433,32.5453,触发点,0,0,0.5,0.5,0.5,0.5,1,0.999999,Valid,#NAME?
06:18.4,1573,17.771,-0.005255,1.244967,26.48866,343.1043,0.935255,1.460058,0,0,0,-0.006197,1.253927,26.49992,-0.039193,-0.003699,0.999225,-0.243842,1.231496,32.55863,触发点,0,0,0.5,0.5,0.5,0.5,1,1,Valid,#NAME?
06:18.4,1574,17.782,-0.0044,1.2449,26.48866,343.0933,0.954181,1.379438,0,0,0,-0.005331,1.253863,26.49991,-0.039277,-0.003433,0.999223,-0.243495,1.233045,32.55896,触发点,0,0,0.5,0.5,0.5,0.5,1,1,Valid,#NAME?
06:18.4,1575,17.7932,-0.003534,1.244848,26.4885,343.0795,0.984221,1.287328,0,0,0,-0.004452,1.253816,26.49976,-0.040147,-0.000628,0.999194,-0.248175,1.250001,32.56568,触发点,0,0,0.5,0.5,0.5,0.5,1,1,Valid,#NAME?
06:18.4,1576,17.8043,-0.002586,1.244858,26.48853,343.0381,1.007698,1.186153,0,0,0,-0.003489,1.253836,26.49978,-0.042357,0.002316,0.9991,-0.2611,1.267921,32.57616,触发点,0,0,0.5,0.5,0.5,0.5,1,1,Valid,#NAME?
06:18.4,1577,17.8156,-0.001646,1.244887,26.48856,343.0464,1.026701,1.142571,0,0,0,-0.002541,1.253864,26.49981,-0.043992,0.004336,0.999023,-0.270454,1.280268,32.58395,触发点,0,0,0.5,0.5,0.5,0.5,1,1,Valid,#NAME?
06:18.4,1578,17.8266,-0.000799,1.244861,26.4884,343.0579,1.047512,1.084539,0,0,0,-0.001684,1.253837,26.49965,-0.04392,0.004196,0.999026,-0.269128,1.279385,32.58313,触发点,0,0,0.5,0.5,0.5,0.5,1,1,Valid,#NAME?
06:18.5,1579,17.8376,0.000128,1.244885,26.48845,343.0776,1.031102,1.016135,0,0,0,-0.000755,1.253859,26.4997,-0.045265,0.004696,0.998964,-0.276589,1.282476,32.58714,触发点,0,0,0.5,0.5,0.5,0.5,1,1,Valid,#NAME?
06:18.5,1580,17.8544,0.001009,1.244925,26.48848,343.1153,1.00852,0.95182,0,0,0,0.000128,1.253892,26.49974,-0.046624,0.00618,0.998893,-0.284303,1.291595,32.59353,触发点,0,0,0.5,0.5,0.5,0.5,1,1,Valid,#NAME?
06:18.5,1581,17.8618,0.001823,1.244909,26.48839,343.1316,0.965049,0.891085,0,0,0,0.000938,1.253874,26.49965,-0.049266,0.00726,0.998759,-0.300106,1.298235,32.60264,触发点,0,0,0.5,0.5,0.5,0.5,1,1,Valid,#NAME?
06:18.5,1582,17.8708,0.002596,1.244946,26.48841,343.1436,0.920757,0.830274,0,0,0,0.001709,1.253909,26.49967,-0.050338,0.007118,0.998707,-0.306017,1.297424,32.60491,触发点,0,0,0.5,0.5,0.5,0.5,1,1,Valid,#NAME?
06:18.5,1583,17.8822,0.003443,1.244962,26.48845,343.1264,0.86936,0.76272,0,0,0,0.002552,1.253931,26.49971,-0.051709,0.008029,0.99863,-0.313865,1.30306,32.61056,触发点,0,0,0.5,0.5,0.5,0.5,1,1,Valid,#NAME?
06:18.5,1584,17.8932,0.004238,1.245015,26.48849,343.1046,0.819252,0.691506,0,0,0,0.003344,1.253989,26.49974,-0.053649,0.008365,0.998525,-0.325311,1.305232,32.61667,触发点,0,0,0.5,0.5,0.5,0.5,1,1,Valid,#NAME?
06:18.5,1585,17.9043,0.004982,1.245056,26.48841,343.0825,0.786938,0.591317,0,0,0,0.004091,1.254036,26.49966,-0.054706,0.008864,0.998463,-0.331283,1.308376,32.62074,触发点,0,0,0.5,0.5,0.5,0.5,1,1,Valid,#NAME?
06:18.5,1586,17.9153,0.005804,1.245137,26.48846,343.0652,0.750871,0.514521,0,0,0,0.004913,1.254122,26.4997,-0.055835,0.009481,0.998395,-0.337665,1.312292,32.62539,触发点,0,0,0.5,0.5,0.5,0.5,1,1,Valid,#NAME?
06:18.6,1587,17.9266,0.00643,1.245076,26.48833,343.0308,0.736808,0.432897,0,0,0,0.005543,1.254069,26.49957,-0.057556,0.011864,0.998272,-0.348305,1.327005,32.63681,触发点,0,0,0.5,0.5,0.5,0.5,1,1,Valid,#NAME?
06:18.6,1588,17.9376,0.007191,1.245174,26.48838,343.0464,0.758087,0.333308,0,0,0,0.006319,1.254166,26.49962,-0.057043,0.012304,0.998296,-0.344317,1.3298,32.636,触发点,0,0,0.5,0.5,0.5,0.5,1,1,Valid,#NAME?
06:18.6,1589,17.9488,0.007931,1.245238,26.48845,343.036,0.757562,0.246227,0,0,0,0.007065,1.254233,26.49969,-0.057477,0.012587,0.998268,-0.346347,1.331627,32.63782,触发点,0,0,0.5,0.5,0.5,0.5,1,1,Valid,#NAME?
06:18.6,1590,17.9599,0.008526,1.245219,26.48835,343.0351,0.768416,0.163357,0,0,0,0.007671,1.254216,26.49959,-0.058252,0.013199,0.998215,-0.350763,1.335429,32.64172,触发点,0,0,0.5,0.5,0.5,0.5,1,1,Valid,#NAME?
06:18.6,1591,17.9709,0.009243,1.245275,26.4884,343.0025,0.772251,0.070018,0,0,0,0.008396,1.25428,26.49963,-0.058807,0.014794,0.99816,-0.353827,1.345405,32.64778,触发点,0,0,0.5,0.5,0.5,0.5,1,1,Valid,#NAME?
06:18.6,1592,17.9825,0.009951,1.245407,26.48848,342.9948,0.788904,359.993,0,0,0,0.009115,1.254415,26.49971,-0.05889,0.015021,0.998152,-0.353655,1.346945,32.6484,触发点,0,0,0.5,0.5,0.5,0.5,1,1,Valid,#NAME?
06:18.6,1593,17.9933,0.010469,1.245399,26.48842,342.954,0.807983,359.9337,0,0,0,0.009644,1.254416,26.49965,-0.058825,0.016157,0.998138,-0.352904,1.353994,32.65128,触发点,0,0,0.5,0.5,0.5,0.5,1,1,Valid,#NAME?
06:18.6,1594,18.011,0.011091,1.245482,26.48852,342.9063,0.856946,359.8645,0,0,0,0.010283,1.254508,26.49974,-0.057981,0.017548,0.998164,-0.347109,1.362671,32.6524,触发点,0,0,0.5,0.5,0.5,0.5,1,1,Valid,#NAME?
06:18.6,1595,18.018,0.011692,1.245502,26.48859,342.8931,0.90401,359.8033,0,0,0,0.010897,1.254532,26.4998,-0.057129,0.018041,0.998204,-0.341136,1.365704,32.65081,触发点,0,0,0.5,0.5,0.5,0.5,1,1,Valid,#NAME?
06:18.6,1596,18.0265,0.012186,1.245434,26.4885,342.9118,0.973121,359.7605,0,0,0,0.011408,1.254461,26.49972,-0.056131,0.017767,0.998265,-0.334215,1.363861,32.64645,触发点,0,0,0.5,0.5,0.5,0.5,1,1,Valid,#NAME?
06:18.7,1597,18.0378,0.012814,1.245459,26.48856,342.9109,1.048934,359.7286,0,0,0,0.012054,1.254487,26.49978,-0.054853,0.01797,0.998333,-0.325469,1.365059,32.64274,触发点,0,0,0.5,0.5,0.5,0.5,1,1,Valid,#NAME?
06:18.7,1598,18.0486,0.013365,1.245536,26.48867,342.911,1.157591,359.6903,0,0,0,0.01263,1.254565,26.49989,-0.052911,0.017847,0.99844,-0.312556,1.364253,32.63625,触发点,0,0,0.5,0.5,0.5,0.5,1,1,Valid,#NAME?
06:18.7,1599,18.06,0.013725,1.245443,26.48866,342.8671,1.279522,359.6059,0,0,0,0.013021,1.254482,26.49987,-0.051193,0.018714,0.998514,-0.301454,1.369437,32.63364,触发点,0,0,0.5,0.5,0.5,0.5,1,1,Valid,#NAME?
06:18.7,1600,18.0711,0.014242,1.245648,26.48891,342.7871,1.373432,359.5083,0,0,0,0.013565,1.254704,26.50011,-0.050201,0.020255,0.998534,-0.294884,1.379156,32.63543,触发点,0,0,0.5,0.5,0.5,0.5,1,1,Valid,#NAME?
06:18.7,1601,18.0823,0.014673,1.245837,26.48912,342.7103,1.495672,359.445,0,0,0,0.014027,1.254909,26.50031,-0.048488,0.021757,0.998587,-0.283866,1.388575,32.6353,触发点,0,0,0.5,0.5,0.5,0.5,1,1,Valid,#NAME?
06:18.7,1602,18.0935,0.014923,1.245861,26.4892,342.6332,1.611052,359.4276,0,0,0,0.014299,1.254948,26.50038,-0.046509,0.023179,0.998649,-0.271379,1.397319,32.63447,触发点,0,0,0.5,0.5,0.5,0.5,1,1,Valid,#NAME?
06:18.7,1603,18.1047,0.015282,1.245962,26.48942,342.6013,1.709454,359.4232,0,0,0,0.014679,1.255055,26.50059,-0.044816,0.023739,0.998713,-0.26045,1.400789,32.63181,触发点,0,0,0.5,0.5,0.5,0.5,1,1,Valid,#NAME?
06:18.7,1604,18.1155,0.015636,1.245984,26.48962,342.5841,1.782727,359.4207,0,0,0,0.015047,1.255081,26.50079,-0.043505,0.02404,0.998764,-0.251909,1.402595,32.62938,触发点,0,0,0.5,0.5,0.5,0.5,1,1,Valid,#NAME?
06:18.7,1605,18.1266,0.015799,1.24587,26.48972,342.6194,1.853135,359.3985,0,0,0,0.015226,1.25496,26.5009,-0.042948,0.023884,0.998792,-0.248212,1.401463,32.62737,触发点,0,0,0.5,0.5,0.5,0.5,1,1,Valid,#NAME?
06:18.8,1606,18.1378,0.015997,1.245793,26.48988,342.6893,1.928169,359.3871,0,0,0,0.01544,1.25487,26.50107,-0.042294,0.022974,0.998841,-0.24377,1.395674,32.62276,触发点,0,0,0.5,0.5,0.5,0.5,1,1,Valid,#NAME?
06:18.8,1607,18.1488,0.016233,1.24577,26.49007,342.768,1.989724,359.3628,0,0,0,0.01569,1.254832,26.50127,-0.041336,0.021636,0.998911,-0.237355,1.387279,32.61623,触发点,0,0,0.5,0.5,0.5,0.5,1,1,Valid,#NAME?
06:18.8,1608,18.1665,0.0163,1.245564,26.4902,342.8394,2.051058,359.3454,0,0,0,0.015772,1.254612,26.50142,-0.040638,0.019472,0.998984,-0.23264,1.373641,32.60801,触发点,0,0,0.5,0.5,0.5,0.5,1,1,Valid,#NAME?
06:18.8,1609,18.1747,0.016483,1.2455,26.49037,342.9201,2.114136,359.3045,0,0,0,0.015972,1.254533,26.5016,-0.039709,0.017663,0.999055,-0.226445,1.362364,32.60064,触发点,0,0,0.5,0.5,0.5,0.5,1,1,Valid,#NAME?
06:18.8,1610,18.1828,0.016584,1.24531,26.49053,343.0512,2.193429,359.3162,0,0,0,0.016087,1.254317,26.50178,-0.051931,0.019564,0.998459,-0.303003,1.374531,32.6368,触发点,0,0,0.5,0.5,0.5,0.5,1,1,Valid,#NAME?
06:18.8,1611,18.1931,0.016607,1.245042,26.49064,343.2093,2.250411,359.324,0,0,0,0.016121,1.254018,26.50191,-0.050899,0.016807,0.998562,-0.296012,1.357082,32.62545,触发点,0,0,0.5,0.5,0.5,0.5,1,1,Valid,#NAME?
06:18.8,1612,18.2044,0.016687,1.244876,26.49104,343.3188,2.316201,359.3097,0,0,0,0.016218,1.25383,26.50234,-0.179987,0.195209,0.964105,-3.707693,5.292689,46.44958,Arch,0,0,0.5,0.5,0.5,0.5,1,1,Valid,#NAME?
06:18.8,1613,18.216,0.016718,1.244785,26.4917,343.4216,2.405901,359.2526,0,0,0,0.016272,1.25372,26.50301,-0.232237,0.264865,0.935902,-3.604748,5.383472,41.09552,Arch,0,0,0.5,0.5,0.5,0.5,1,0.892387,Valid,#NAME?
06:18.9,1614,18.2268,0.016653,1.244633,26.49245,343.4386,2.462246,359.2076,0,0,0,0.016222,1.253565,26.50376,-0.231323,0.264794,0.936148,-3.597349,5.389997,41.12759,Arch,0,0,0.5,0.5,0.5,0.5,1,0.892387,Valid,#NAME?
06:18.9,1615,18.2386,0.016653,1.244667,26.49365,343.4558,2.522232,359.154,0,0,0,0.016239,1.253596,26.50497,-0.21937,0.220068,0.950498,-3.868598,5.150793,43.33741,Arch,0,0,0.5,0.5,0.5,0.5,1,0.892387,Valid,#NAME?
06:18.9,1616,18.2488,0.016638,1.244763,26.49498,343.4642,2.585939,359.15,0,0,0,0.016235,1.253692,26.50629,-0.228635,0.192659,0.954258,-4.230177,4.831928,44.22965,Arch,0,0,0.5,0.5,0.5,0.5,1,0.922548,Valid,#NAME?
06:18.9,1617,18.2599,0.016569,1.244635,26.49659,343.4576,2.642132,359.1588,0,0,0,0.016178,1.253564,26.5079,-0.133585,0.112958,0.984579,-4.223045,4.83822,57.75283,Arch,0,0,0.5,0.5,0.5,0.5,1,0.938039,Valid,#NAME?
06:18.9,1618,18.271,0.016544,1.244641,26.49861,343.5007,2.689893,359.1637,0,0,0,0.016161,1.253562,26.50993,-0.132745,0.112209,0.984778,-4.223793,4.83756,57.96421,Arch,0,0,0.5,0.5,0.5,0.5,1,0.938039,Valid,#NAME?
06:18.9,1619,18.2822,0.016466,1.244525,26.50093,343.5674,2.707786,359.1522,0,0,0,0.01609,1.253433,26.51227,-0.096523,0.07041,0.992837,-4.528701,4.568675,73.25986,Arch,0,0,0.5,0.5,0.5,0.5,1,0.938039,Valid,#NAME?
06:18.9,1620,18.2934,0.016348,1.24437,26.50359,343.6302,2.711361,359.1391,0,0,0,0.015974,1.253266,26.51493,-0.065622,0.022226,0.997597,-0.390267,1.390856,32.69069,触发点,0,0,0.5,0.5,0.5,0.5,1,0.950431,Valid,#NAME?
06:18.9,1621,18.3043,0.016228,1.244215,26.50689,343.7355,2.724183,359.1457,0,0,0,0.015856,1.25309,26.51825,-0.065367,0.020388,0.997653,-0.388073,1.379075,32.68314,触发点,0,0,0.5,0.5,0.5,0.5,1,0.950431,Valid,#NAME?
06:18.9,1622,18.3213,0.016134,1.244019,26.51077,343.9013,2.739312,359.2071,0,0,0,0.01576,1.25286,26.52215,-0.055386,-0.005198,0.998452,-0.320624,1.221293,32.58619,触发点,0,0,0.5,0.5,0.5,0.5,1,0.974621,Valid,#NAME?
06:19.0,1623,18.3298,0.016037,1.243743,26.51512,344.0179,2.773825,359.2357,0,0,0,0.015669,1.252561,26.52652,-0.041378,-0.027829,0.998756,-0.232859,1.085415,32.52527,触发点,0,0,0.5,0.5,0.5,0.5,1,0.974621,Valid,#NAME?
06:19.0,1624,18.3383,0.015978,1.243603,26.52011,344.1161,2.815043,359.2311,0,0,0,0.015619,1.252401,26.53153,-0.040686,-0.029527,0.998736,-0.228447,1.075275,32.52266,触发点,0,0,0.5,0.5,0.5,0.5,1,0.974621,Valid,#NAME?
06:19.0,1625,18.3487,0.015896,1.243486,26.52571,344.2275,2.84736,359.2049,0,0,0,0.015547,1.252263,26.53714,-0.046737,-0.026054,0.998567,-0.265304,1.095698,32.53776,触发点,0,0,0.5,0.5,0.5,0.5,1,0.974621,Valid,#NAME?
06:19.0,1626,18.3599,0.015732,1.243288,26.53185,344.2986,2.880964,359.1619,0,0,0,0.015394,1.252051,26.5433,-0.045016,-0.029764,0.998543,-0.254552,1.073567,32.53121,触发点,0,0,0.5,0.5,0.5,0.5,1,0.989605,Valid,#NAME?
06:19.0,1627,18.372,0.015615,1.243174,26.53852,344.3525,2.906223,359.1465,0,0,0,0.015284,1.251926,26.54998,-0.040322,-0.038204,0.998456,-0.225707,1.023592,32.51748,触发点,0,0,0.5,0.5,0.5,0.5,1,0.993347,Valid,#NAME?
06:19.0,1628,18.3821,0.015499,1.243118,26.54575,344.4389,2.909174,359.1348,0,0,0,0.015171,1.251853,26.55722,-0.040336,-0.039687,0.998398,-0.225607,1.014951,32.517,触发点,0,0,0.5,0.5,0.5,0.5,1,0.993347,Valid,#NAME?
06:19.0,1629,18.3933,0.015423,1.243043,26.55341,344.4681,2.897938,359.1503,0,0,0,0.015091,1.251773,26.56489,-0.04901,-0.028108,0.998403,-0.278265,1.083527,32.54101,触发点,0,0,0.5,0.5,0.5,0.5,1,0.995742,Valid,#NAME?
06:19.0,1630,18.4044,0.015198,1.242847,26.56179,344.5634,2.872952,359.1794,0,0,0,0.014858,1.251557,26.57327,-0.05361,-0.024757,0.998255,-0.30637,1.103212,32.55481,触发点,0,0,0.5,0.5,0.5,0.5,1,0.997275,Valid,#NAME?
06:19.0,1631,18.4153,0.015049,1.242705,26.57071,344.6302,2.847884,359.1965,0,0,0,0.014704,1.251401,26.58221,-0.053961,-0.025945,0.998206,-0.30815,1.096171,32.55455,触发点,0,0,0.5,0.5,0.5,0.5,1,0.998256,Valid,#NAME?
06:19.0,1632,18.4268,0.014904,1.242551,26.58022,344.6935,2.812532,359.2067,0,0,0,0.014551,1.251234,26.59173,-0.054646,-0.027636,0.998123,-0.311921,1.086131,32.55481,触发点,0,0,0.5,0.5,0.5,0.5,1,0.998256,Valid,#NAME?
06:19.1,1633,18.4376,0.0147,1.242368,26.59034,344.7737,2.766278,359.2238,0,0,0,0.014338,1.251035,26.60186,-0.056693,-0.027047,0.998025,-0.324146,1.089553,32.5605,触发点,0,0,0.5,0.5,0.5,0.5,1,0.998884,Valid,#NAME?
06:19.1,1634,18.4491,0.014551,1.242283,26.60096,344.8489,2.706609,359.2145,0,0,0,0.014177,1.250935,26.61249,-0.057639,-0.026317,0.997991,-0.329524,1.094009,32.56347,触发点,0,0,0.5,0.5,0.5,0.5,1,0.999107,Valid,#NAME?
06:19.1,1635,18.4597,0.014372,1.242019,26.61213,344.9208,2.665632,359.2225,0,0,0,0.01399,1.250656,26.62367,-0.058314,-0.027579,0.997917,-0.333145,1.086485,32.5641,触发点,0,0,0.5,0.5,0.5,0.5,1,0.999107,Valid,#NAME?
06:19.1,1636,18.4765,0.014223,1.24187,26.62386,345.053,2.624885,359.2643,0,0,0,0.01383,1.250481,26.63542,-0.058893,-0.028036,0.997871,-0.336134,1.083879,32.56511,触发点,0,0,0.5,0.5,0.5,0.5,1,0.999107,Valid,#NAME?
06:19.1,1637,18.4836,0.014111,1.241632,26.63609,345.1185,2.58918,359.2828,0,0,0,0.01371,1.250228,26.64766,-0.059734,-0.02761,0.997832,-0.340673,1.086426,32.56751,触发点,0,0,0.5,0.5,0.5,0.5,1,0.999634,Valid,#NAME?
06:19.1,1638,18.493,0.014057,1.241493,26.64878,345.2469,2.558447,359.2746,0,0,0,0.013651,1.250064,26.66037,-0.060313,-0.029822,0.997734,-0.343415,1.073508,32.5672,触发点,0,0,0.5,0.5,0.5,0.5,1,0.999634,Valid,#NAME?
06:19.1,1639,18.5041,0.013935,1.241136,26.66218,345.406,2.507704,359.2645,0,0,0,0.013521,1.249675,26.67379,-0.061594,-0.031939,0.99759,-0.350474,1.060928,32.56914,触发点,0,0,0.5,0.5,0.5,0.5,1,0.999634,Valid,#NAME?
06:19.1,1640,18.5157,0.013798,1.240857,26.67613,345.5504,2.460927,359.2473,0,0,0,0.013376,1.249368,26.68776,-0.062705,-0.034345,0.997441,-0.356458,1.046803,32.57066,触发点,0,0,0.5,0.5,0.5,0.5,1,0.99985,Valid,#NAME?
06:19.1,1641,18.5263,0.013603,1.240592,26.69076,345.732,2.399071,359.2478,0,0,0,0.01317,1.249066,26.70242,-0.064478,-0.036657,0.997246,-0.366495,1.033218,32.57447,触发点,0,0,0.5,0.5,0.5,0.5,1,0.999904,Valid,#NAME?
06:19.2,1642,18.5377,0.013498,1.240316,26.70585,345.8431,2.33947,359.2842,0,0,0,0.01305,1.248766,26.71753,-0.06534,-0.038649,0.997114,-0.370842,1.02169,32.57588,触发点,0,0,0.5,0.5,0.5,0.5,1,0.999904,Valid,#NAME?
06:19.2,1643,18.5487,0.013401,1.240166,26.72147,345.9468,2.278026,359.3156,0,0,0,0.012939,1.248595,26.73315,-0.065109,-0.040975,0.997037,-0.368486,1.008551,32.57405,触发点,0,0,0.5,0.5,0.5,0.5,1,0.999904,Valid,#NAME?
06:19.2,1644,18.5596,0.013369,1.239868,26.73762,346.0463,2.222159,359.3401,0,0,0,0.012892,1.248277,26.74932,-0.066091,-0.042137,0.996923,-0.373404,1.001991,32.57624,触发点,0,0,0.5,0.5,0.5,0.5,1,0.999951,Valid,#NAME?
06:19.2,1645,18.5707,0.013323,1.239722,26.75434,346.1427,2.180453,359.3642,0,0,0,0.012836,1.24811,26.76606,-0.066701,-0.043852,0.996809,-0.376018,0.992463,32.57726,触发点,0,0,0.5,0.5,0.5,0.5,1,0.999969,Valid,#NAME?
06:19.2,1646,18.5832,0.013271,1.239589,26.77163,346.2503,2.141103,359.389,0,0,0,0.012775,1.247954,26.78337,-0.066742,-0.045966,0.996711,-0.375151,0.980785,32.57661,触发点,0,0,0.5,0.5,0.5,0.5,1,0.999969,Valid,#NAME?
06:19.2,1647,18.5934,0.013248,1.239433,26.78945,346.3511,2.114741,359.3891,0,0,0,0.012749,1.247778,26.8012,-0.066532,-0.047333,0.996661,-0.372705,0.973555,32.57533,触发点,0,0,0.5,0.5,0.5,0.5,1,0.99998,Valid,#NAME?
06:19.2,1648,18.6041,0.013321,1.23919,26.80766,346.4179,2.10905,359.3957,0,0,0,0.012819,1.247521,26.81941,-0.066384,-0.048553,0.996612,-0.370509,0.967158,32.57423,触发点,0,0,0.5,0.5,0.5,0.5,1,0.99998,Valid,#NAME?
06:19.2,1649,18.6153,0.013332,1.238995,26.8266,346.5168,2.089482,359.4078,0,0,0,0.012825,1.247305,26.83837,-0.066668,-0.05029,0.996507,-0.370936,0.957825,32.57452,触发点,0,0,0.5,0.5,0.5,0.5,1,0.99998,Valid,#NAME?
06:19.3,1650,18.6334,0.013561,1.238782,26.86553,346.6065,2.078712,359.4193,0,0,0,0.013052,1.247074,26.87732,-0.066028,-0.052871,0.996416,-0.364278,0.944934,32.57151,触发点,0,0,0.5,0.5,0.5,0.5,1,0.999995,Valid,#NAME?
06:19.3,1651,18.6423,0.013384,1.238449,26.86645,346.7246,2.04787,359.4573,0,0,0,0.012865,1.246716,26.87826,-0.064998,-0.056281,0.996297,-0.358428,0.925221,32.56945,触发点,0,0,0.5,0.5,0.5,0.5,1,0.999995,Valid,#NAME?
06:19.3,1652,18.6504,0.013485,1.238387,26.88704,346.7459,2.056299,359.4857,0,0,0,0.012966,1.246649,26.89884,-0.064062,-0.057593,0.996283,-0.35147,0.919018,32.56647,触发点,0,0,0.5,0.5,0.5,0.5,1,0.999996,Valid,#NAME?
06:19.3,1653,18.6597,0.013645,1.238207,26.90812,346.7704,2.067611,359.4867,0,0,0,0.013128,1.246464,26.91993,-0.063861,-0.058019,0.996271,-0.34874,0.917701,32.56526,触发点,0,0,0.5,0.5,0.5,0.5,1,0.999996,Valid,#NAME?
06:19.3,1654,18.6713,0.013781,1.238137,26.92972,346.8372,2.06553,359.4797,0,0,0,0.013264,1.246381,26.94154,-0.063293,-0.059648,0.996211,-0.343919,0.909767,32.56351,触发点,0,0,0.5,0.5,0.5,0.5,1,0.999996,Valid,#NAME?
06:19.3,1655,18.6821,0.013886,1.238079,26.9519,346.8951,2.067736,359.4921,0,0,0,0.013369,1.24631,26.96373,-0.062696,-0.061021,0.996166,-0.338951,0.9034,32.56169,触发点,0,0,0.5,0.5,0.5,0.5,1,0.999998,Valid,#NAME?
06:19.3,1656,18.6933,0.014091,1.237922,26.97459,346.9421,2.04748,359.5283,0,0,0,0.013567,1.246143,26.98642,-0.062869,-0.061896,0.996101,-0.338318,0.899706,32.56168,触发点,0,0,0.5,0.5,0.5,0.5,1,0.999998,Valid,#NAME?
06:19.3,1657,18.7042,0.014269,1.237874,26.99782,346.9803,2.042487,359.571,0,0,0,0.013739,1.246086,27.00966,-0.062046,-0.063524,0.99605,-0.331967,0.892144,32.55944,触发点,0,0,0.5,0.5,0.5,0.5,1,0.999998,Valid,#NAME?
06:19.3,1658,18.7154,0.014484,1.237832,27.02158,346.9876,2.034291,359.6112,0,0,0,0.01395,1.246043,27.03342,-0.059734,-0.065924,0.996035,-0.317129,0.880656,32.55401,触发点,0,0,0.5,0.5,0.5,0.5,1,0.999999,Valid,#NAME?
06:19.3,1659,18.7264,0.014723,1.237704,27.04587,346.9865,2.020322,359.6156,0,0,0,0.014185,1.245915,27.05771,-0.058826,-0.066915,0.996023,-0.310282,0.87683,32.5515,触发点,0,0,0.5,0.5,0.5,0.5,1,0.999999,Valid,#NAME?
06:19.4,1660,18.7376,0.014956,1.23773,27.07068,346.9591,2.014149,359.6078,0,0,0,0.014418,1.245947,27.08252,-0.058972,-0.066427,0.996047,-0.309327,0.881271,32.55066,触发点,0,0,0.5,0.5,0.5,0.5,1,0.999999,Valid,#NAME?
06:19.4,1661,18.7492,0.015217,1.237769,27.09604,346.9165,2.015387,359.5929,0,0,0,0.014679,1.245995,27.10787,-0.058384,-0.066457,0.99608,-0.304211,0.883011,32.54838,触发点,0,0,0.5,0.5,0.5,0.5,1,1,Valid,#NAME?
06:19.4,1662,18.7598,0.015575,1.237761,27.12196,346.8647,2.022548,359.5976,0,0,0,0.015039,1.245996,27.13378,-0.056322,-0.067201,0.996149,-0.290807,0.881076,32.54317,触发点,0,0,0.5,0.5,0.5,0.5,1,1,Valid,#NAME?
06:19.4,1663,18.7711,0.015932,1.237854,27.14836,346.7805,2.02391,359.6079,0,0,0,0.015394,1.246107,27.16017,-0.056243,-0.065756,0.996249,-0.288396,0.890932,32.54134,触发点,0,0,0.5,0.5,0.5,0.5,1,1,Valid,#NAME?
06:19.4,1664,18.7877,0.01627,1.237956,27.1753,346.7297,2.046147,359.6195,0,0,0,0.015736,1.24622,27.1871,-0.054317,-0.06641,0.996313,-0.275914,0.889641,32.53667,触发点,0,0,0.5,0.5,0.5,0.5,1,1,Valid,#NAME?
06:19.4,1665,18.7952,0.016695,1.237994,27.20282,346.6665,2.05822,359.6102,0,0,0,0.016165,1.246271,27.21461,-0.054152,-0.0653,0.996395,-0.272985,0.8976,32.53493,触发点,0,0,0.5,0.5,0.5,0.5,1,1,Valid,#NAME?
06:19.4,1666,18.8043,0.01709,1.238101,27.23084,346.5921,2.071564,359.5992,0,0,0,0.016562,1.246393,27.24262,-0.0527,-0.06489,0.9965,-0.263116,0.902027,32.531,触发点,0,0,0.5,0.5,0.5,0.5,1,1,Valid,#NAME?
06:19.4,1667,18.8152,0.017523,1.238148,27.25937,346.5389,2.076465,359.6106,0,0,0,0.016994,1.24645,27.27114,-0.052554,-0.063985,0.996566,-0.260307,0.908832,32.52953,触发点,0,0,0.5,0.5,0.5,0.5,1,1,Valid,#NAME?
06:19.4,1668,18.8265,0.018007,1.238042,27.28847,346.5518,2.092027,359.6531,0,0,0,0.017479,1.246341,27.30025,-0.050969,-0.064957,0.996586,-0.249787,0.905725,32.52605,触发点,0,0,0.5,0.5,0.5,0.5,1,1,Valid,#NAME?
06:19.5,1669,18.8376,0.018478,1.238048,27.31805,346.578,2.104202,359.6836,0,0,0,0.01795,1.246341,27.32984,-0.0499,-0.06595,0.996575,-0.242112,0.902631,32.52367,触发点,0,0,0.5,0.5,0.5,0.5,1,1,Valid,#NAME?
06:19.5,1670,18.8489,0.018921,1.238096,27.34823,346.5687,2.103959,359.669,0,0,0,0.018394,1.246392,27.36001,-0.049979,-0.065767,0.996583,-0.240528,0.905677,32.52293,触发点,0,0,0.5,0.5,0.5,0.5,1,1,Valid,#NAME?
06:19.5,1671,18.8606,0.019411,1.238034,27.37906,346.5099,2.088025,359.6369,0,0,0,0.018883,1.246342,27.39083,-0.049118,-0.065533,0.996641,-0.23393,0.909043,32.52055,触发点,0,0,0.5,0.5,0.5,0.5,1,1,Valid,#NAME?
06:19.5,1672,18.871,0.019846,1.238146,27.41026,346.4329,2.074707,359.6257,0,0,0,0.019316,1.24647,27.42202,-0.048624,-0.064831,0.996711,-0.229324,0.914959,32.5187,触发点,0,0,0.5,0.5,0.5,0.5,1,1,Valid,#NAME?
06:19.5,1673,18.8818,0.020317,1.238268,27.44203,346.3539,2.040961,359.633,0,0,0,0.019779,1.246609,27.45378,-0.048768,-0.064209,0.996744,-0.227999,0.92038,32.51798,触发点,0,0,0.5,0.5,0.5,0.5,1,1,Valid,#NAME?
06:19.5,1674,18.8931,0.020792,1.238309,27.4744,346.3049,2.003396,359.6761,0,0,0,0.020241,1.246659,27.48614,-0.049196,-0.063419,0.996774,-0.228094,0.926527,32.51772,触发点,0,0,0.5,0.5,0.5,0.5,1,1,Valid,#NAME?
06:19.5,1675,18.9054,0.021282,1.238363,27.50725,346.2448,1.949551,359.7116,0,0,0,0.020718,1.246725,27.51899,-0.051506,-0.064526,0.996586,-0.237798,0.922857,32.52102,触发点,0,0,0.5,0.5,0.5,0.5,1,1,Valid,#NAME?
06:19.5,1676,18.9155,0.021801,1.238405,27.54059,346.2569,1.898399,359.7548,0,0,0,0.021223,1.246764,27.55233,-0.069206,-0.072442,0.994969,-0.326959,0.882302,32.55811,触发点,0,0,0.5,0.5,0.5,0.5,1,1,Valid,#NAME?
06:19.5,1677,18.9265,0.0224,1.238203,27.57444,346.3217,1.864266,359.8058,0,0,0,0.021809,1.246548,27.58618,-0.080363,-0.078379,0.993679,-0.38273,0.851999,32.58825,触发点,0,0,0.5,0.5,0.5,0.5,1,1,Valid,#NAME?
06:19.6,1678,18.9448,0.023424,1.238154,27.64345,346.4094,1.841,359.8313,0,0,0,0.022827,1.24648,27.65521,-0.087308,-0.083462,0.992679,-0.412756,0.830083,32.60774,触发点,0,0,0.5,0.5,0.5,0.5,1,1,Valid,#NAME?
06:19.6,1679,18.954,0.023497,1.23807,27.64363,346.4843,1.791467,359.7755,0,0,0,0.022894,1.246381,27.6554,-0.088475,-0.084643,0.992476,-0.419,0.823625,32.61237,触发点,0,0,0.5,0.5,0.5,0.5,1,1,Valid,#NAME?
06:19.6,1680,18.9614,0.024027,1.238017,27.6791,346.4966,1.753272,359.7121,0,0,0,0.023424,1.246327,27.69086,-0.089773,-0.085115,0.992319,-0.42196,0.824051,32.61401,触发点,0,0,0.5,0.5,0.5,0.5,1,1,Valid,#NAME?
06:19.6,1681,18.9709,0.024591,1.23808,27.71505,346.4785,1.723937,359.6518,0,0,0,0.023987,1.246395,27.72681,-0.090611,-0.084681,0.99228,-0.422222,0.829385,32.61327,触发点,0,0,0.5,0.5,0.5,0.5,1,1,Valid,#NAME?
06:19.6,1682,18.9819,0.025202,1.238125,27.75153,346.4135,1.700273,359.6154,0,0,0,0.024595,1.246453,27.76329,-0.093596,-0.085762,0.99191,-0.433732,0.826488,32.62053,触发点,0,0,0.5,0.5,0.5,0.5,1,1,Valid,#NAME?
06:19.6,1683,18.9931,0.025822,1.238111,27.78863,346.394,1.687144,359.6045,0,0,0,0.025213,1.246443,27.80038,-0.091812,-0.087201,0.991951,-0.420242,0.823359,32.61313,触发点,0,0,0.5,0.5,0.5,0.5,1,1,Valid,#NAME?
06:19.6,1684,19.0043,0.0263,1.23825,27.8262,346.3471,1.587496,359.5525,0,0,0,0.025677,1.246593,27.83794,-0.093334,-0.08787,0.99175,-0.423918,0.823317,32.61527,触发点,0,0,0.5,0.5,0.5,0.5,1,1,Valid,#NAME?
06:19.6,1685,19.0153,0.026794,1.238421,27.86433,346.303,1.47863,359.4883,0,0,0,0.026154,1.246774,27.87607,-0.095574,-0.086977,0.991615,-0.430895,0.83084,32.61811,触发点,0,0,0.5,0.5,0.5,0.5,1,1,Valid,#NAME?
06:19.7,1686,19.0281,0.027363,1.238536,27.90304,346.2538,1.359815,359.4529,0,0,0,0.026701,1.2469,27.91477,-0.096281,-0.08664,0.991576,-0.429849,0.836069,32.61665,触发点,0,0,0.5,0.5,0.5,0.5,1,1,Valid,#NAME?
06:19.7,1687,19.0383,0.027981,1.238695,27.94213,346.2149,1.297299,359.5106,0,0,0,0.0273,1.247066,27.95385,-0.096643,-0.087081,0.991503,-0.427001,0.837715,32.61472,触发点,0,0,0.5,0.5,0.5,0.5,1,1,Valid,#NAME?
06:19.7,1688,19.0487,0.028648,1.238725,27.98176,346.1296,1.214696,359.5356,0,0,0,0.027948,1.247112,27.99347,-0.09669,-0.084607,0.991712,-0.422117,0.853286,32.60963,触发点,0,0,0.5,0.5,0.5,0.5,1,1,Valid,#NAME?
06:19.7,1689,19.06,0.029362,1.238762,28.02193,346.1226,1.153139,359.5502,0,0,0,0.028648,1.247151,28.03364,-0.097673,-0.084516,0.991624,-0.422022,0.85719,32.60905,触发点,0,0,0.5,0.5,0.5,0.5,1,1,Valid,#NAME?
06:19.7,1690,19.0717,0.030052,1.238855,28.06258,346.1162,1.11239,359.5315,0,0,0,0.029333,1.247246,28.07428,-0.098151,-0.084361,0.99159,-0.419322,0.861626,32.60693,触发点,0,0,0.5,0.5,0.5,0.5,1,1,Valid,#NAME?
06:19.7,1691,19.0821,0.030781,1.238902,28.10368,346.0653,1.088756,359.4906,0,0,0,0.03006,1.247304,28.11538,-0.097513,-0.084298,0.991658,-0.411101,0.865929,32.60176,触发点,0,0,0.5,0.5,0.5,0.5,1,1,Valid,#NAME?
06:19.7,1692,19.0991,0.031532,1.239038,28.14533,346.0643,1.063263,359.4574,0,0,0,0.030808,1.247441,28.15702,-0.09731,-0.085412,0.991582,-0.405066,0.864862,32.59854,触发点,0,0,0.5,0.5,0.5,0.5,1,1,Valid,#NAME?
06:19.7,1693,19.1061,0.032244,1.239084,28.18758,346.0236,1.065891,359.414,0,0,0,0.031525,1.247496,28.19927,-0.097507,-0.084624,0.991631,-0.400736,0.872348,32.59531,触发点,0,0,0.5,0.5,0.5,0.5,1,1,Valid,#NAME?
06:19.7,1694,19.1154,0.032972,1.239207,28.2303,345.9471,1.058699,359.3625,0,0,0,0.032255,1.247635,28.24199,-0.097564,-0.081725,0.991868,-0.395506,0.889316,32.59077,触发点,0,0,0.5,0.5,0.5,0.5,1,1,Valid,#NAME?
06:19.7,1695,19.1265,0.033768,1.239347,28.27362,345.8234,1.02595,359.3246,0,0,0,0.033049,1.247801,28.28528,-0.086069,-0.07794,0.993236,-0.337409,0.91233,32.56038,触发点,0,0,0.5,0.5,0.5,0.5,1,1,Valid,#NAME?
06:19.8,1696,19.1375,0.034515,1.239606,28.31741,345.6892,1.012028,359.2861,0,0,0,0.033796,1.248087,28.32904,-0.086521,-0.07555,0.993381,-0.334562,0.926437,32.55831,触发点,0,0,0.5,0.5,0.5,0.5,1,1,Valid,#NAME?
06:19.8,1697,19.1486,0.035204,1.239848,28.36172,345.5022,0.997979,359.2474,0,0,0,0.034485,1.248368,28.37334,-0.082252,-0.070085,0.994144,-0.310841,0.954123,32.54716,触发点,0,0,0.5,0.5,0.5,0.5,1,1,Valid,#NAME?
06:19.8,1698,19.1598,0.035984,1.240033,28.40662,345.4093,0.94523,359.2579,0,0,0,0.035254,1.248572,28.41822,-0.072956,-0.062811,0.995355,-0.266109,0.989114,32.52981,触发点,0,0,0.5,0.5,0.5,0.5,1,1,Valid,#NAME?
06:19.8,1699,19.1711,0.036751,1.240243,28.45204,345.2773,0.905242,359.298,0,0,0,0.036009,1.248807,28.46362,-0.07343,-0.06058,0.995459,-0.263901,1.001382,32.52934,触发点,0,0,0.5,0.5,0.5,0.5,1,1,Valid,#NAME?
06:19.8,1700,19.1819,0.037529,1.240429,28.49788,345.1634,0.876291,359.3751,0,0,0,0.036774,1.249016,28.50944,-0.069363,-0.055648,0.996038,-0.242732,1.024778,32.52307,触发点,0,0,0.5,0.5,0.5,0.5,1,1,Valid,#NAME?
06:19.8,1701,19.1931,0.038294,1.240612,28.54431,345.061,0.831202,359.4382,0,0,0,0.037523,1.249218,28.55586,-0.067397,-0.050724,0.996436,-0.23065,1.047385,32.52069,触发点,0,0,0.5,0.5,0.5,0.5,1,1,Valid,#NAME?
06:19.8,1702,19.205,0.039055,1.240875,28.59126,344.9841,0.787596,359.4771,0,0,0,0.038271,1.249496,28.60279,-0.067398,-0.047817,0.99658,-0.226695,1.061513,32.52068,触发点,0,0,0.5,0.5,0.5,0.5,1,1,Valid,#NAME?
06:19.8,1703,19.2154,0.039785,1.24104,28.63866,344.8187,0.751124,359.5022,0,0,0,0.038992,1.249693,28.65017,-0.067898,-0.044976,0.996678,-0.224737,1.074997,32.52146,触发点,0,0,0.5,0.5,0.5,0.5,1,1,Valid,#NAME?
06:19.8,1704,19.2266,0.040594,1.241182,28.68673,344.7557,0.739215,359.5016,0,0,0,0.039799,1.249848,28.69823,-0.067651,-0.04318,0.996774,-0.219649,1.084251,32.52094,触发点,0,0,0.5,0.5,0.5,0.5,1,1,Valid,#NAME?
06:19.9,1705,19.2402,0.041321,1.24132,28.73526,344.6667,0.706189,359.5451,0,0,0,0.040514,1.250004,28.74674,-0.067695,-0.04299,0.996779,-0.215749,1.087261,32.52011,触发点,0,0,0.5,0.5,0.5,0.5,1,1,Valid,#NAME?
06:19.9,1706,19.2562,0.043055,1.24146,28.83416,344.5892,0.679788,359.575,0,0,0,0.04224,1.250158,28.84563,-0.067402,-0.041977,0.996843,-0.206086,1.095504,32.51826,触发点,0,0,0.5,0.5,0.5,0.5,1,1,Valid,#NAME?
06:19.9,1707,19.2633,0.04283,1.24153,28.83388,344.5415,0.622303,359.6184,0,0,0,0.041998,1.250238,28.84534,-0.06817,-0.041206,0.996822,-0.209276,1.098355,32.51959,触发点,0,0,0.5,0.5,0.5,0.5,1,1,Valid,#NAME?
06:19.9,1708,19.273,0.04344,1.241681,28.88383,344.5012,0.54385,359.6754,0,0,0,0.042587,1.250395,28.89529,-0.069234,-0.041022,0.996757,-0.209179,1.101219,32.51995,触发点,0,0,0.5,0.5,0.5,0.5,1,1,Valid,#NAME?
06:19.9,1709,19.282,0.044207,1.241724,28.93444,344.4152,0.475848,359.6998,0,0,0,0.043339,1.250455,28.94589,-0.070342,-0.040471,0.996702,-0.208934,1.10531,32.52045,触发点,0,0,0.5,0.5,0.5,0.5,1,1,Valid,#NAME?
06:19.9,1710,19.2933,0.044949,1.241922,28.98575,344.333,0.407639,359.7702,0,0,0,0.04406,1.250669,28.99718,-0.071151,-0.039134,0.996698,-0.207497,1.112307,32.52105,触发点,0,0,0.5,0.5,0.5,0.5,1,1,Valid,#NAME?
06:19.9,1711,19.3041,0.045708,1.242068,29.03746,344.1873,0.357405,359.8275,0,0,0,0.044806,1.250843,29.04886,-0.072121,-0.037671,0.996684,-0.206504,1.119577,32.52188,触发点,0,0,0.5,0.5,0.5,0.5,1,1,Valid,#NAME?
06:19.9,1712,19.3152,0.046513,1.242138,29.08966,344.118,0.305013,359.8761,0,0,0,0.045595,1.250926,29.10105,-0.072874,-0.037388,0.99664,-0.204527,1.122602,32.52177,触发点,0,0,0.5,0.5,0.5,0.5,1,1,Valid,#NAME?
06:20.0,1713,19.3266,0.047333,1.241995,29.14244,344.1427,0.246949,359.9644,0,0,0,0.046394,1.250776,29.15384,-0.073409,-0.037932,0.99658,-0.201627,1.122619,32.52093,触发点,0,0,0.5,0.5,0.5,0.5,1,1,Valid,#NAME?
06:20.0,1714,19.3379,0.048107,1.241989,29.19572,344.2736,0.155174,0.033771,0,0,0,0.047146,1.250743,29.20714,-0.073732,-0.041326,0.996422,-0.197877,1.113411,32.51841,触发点,0,0,0.5,0.5,0.5,0.5,1,1,Valid,#NAME?
06:20.0,1715,19.3488,0.048948,1.241962,29.24955,344.3427,0.077429,0.071808,0,0,0,0.047966,1.250702,29.26098,-0.074504,-0.04296,0.996295,-0.195544,1.11029,32.51729,触发点,0,0,0.5,0.5,0.5,0.5,1,1,Valid,#NAME?
06:20.0,1716,19.3601,0.049826,1.241857,29.30396,344.3946,-0.004292,0.111495,0,0,0,0.048822,1.250585,29.31539,-0.074906,-0.0451,0.99617,-0.191812,1.105702,32.51558,触发点,0,0,0.5,0.5,0.5,0.5,1,1,Valid,#NAME?
06:20.0,1717,19.371,0.050652,1.241762,29.3588,344.3983,359.9059,0.187774,0,0,0,0.049625,1.250489,29.37023,-0.076052,-0.04526,0.996076,-0.190519,1.107573,32.51548,触发点,0,0,0.5,0.5,0.5,0.5,1,1,Valid,#NAME?
06:20.0,1718,19.3821,0.051586,1.241806,29.4143,344.36,359.8445,0.242159,0,0,0,0.050543,1.250539,29.42572,-0.076524,-0.04605,0.996004,-0.186768,1.107731,32.51448,触发点,0,0,0.5,0.5,0.5,0.5,1,1,Valid,#NAME?
06:20.0,1719,19.3932,0.052612,1.241936,29.47061,344.2932,359.7992,0.27997,0,0,0,0.051556,1.250682,29.48202,-0.076542,-0.044975,0.996052,-0.181431,1.113782,32.51392,触发点,0,0,0.5,0.5,0.5,0.5,1,1,Valid,#NAME?
06:20.0,1720,19.4111,0.053612,1.242182,29.52713,344.2262,359.7703,0.284161,0,0,0,0.052547,1.250941,29.53854,-0.075163,-0.045117,0.99615,-0.171795,1.11628,32.51178,触发点,0,0,0.5,0.5,0.5,0.5,1,1,Valid,#NAME?
06:20.0,1721,19.4195,0.054653,1.242278,29.58437,344.2216,359.7574,0.298045,0,0,0,0.053587,1.251038,29.59577,-0.07531,-0.045053,0.996142,-0.166808,1.11919,32.51096,触发点,0,0,0.5,0.5,0.5,0.5,1,1,Valid,#NAME?
06:20.1,1722,19.4272,0.055595,1.242338,29.64205,344.2316,359.7089,0.319766,0,0,0,0.054518,1.251095,29.65345,-0.075202,-0.045483,0.996131,-0.161119,1.120675,32.50978,触发点,0,0,0.5,0.5,0.5,0.5,1,1,Valid,#NAME?
06:20.1,1723,19.4376,0.056358,1.242326,29.70014,344.2559,359.629,0.350807,0,0,0,0.055262,1.251078,29.71155,-0.074922,-0.046908,0.996086,-0.155087,1.119381,32.50813,触发点,0,0,0.5,0.5,0.5,0.5,1,1,Valid,#NAME?
06:20.1,1724,19.4487,0.057144,1.242323,29.75883,344.3014,359.5593,0.362763,0,0,0,0.05603,1.251066,29.77024,-0.076068,-0.047713,0.99596,-0.153049,1.119922,32.50772,触发点,0,0,0.5,0.5,0.5,0.5,1,1,Valid,#NAME?
06:20.1,1725,19.46,0.057882,1.242196,29.81819,344.3385,359.4909,0.369856,0,0,0,0.056755,1.250932,29.82961,-0.076291,-0.048953,0.995883,-0.148316,1.119346,32.50653,触发点,0,0,0.5,0.5,0.5,0.5,1,1,Valid,#NAME?
06:20.1,1726,19.4712,0.058516,1.242232,29.87788,344.3339,359.4344,0.408195,0,0,0,0.057375,1.250968,29.88929,-0.076293,-0.049833,0.995839,-0.143052,1.120053,32.50544,触发点,0,0,0.5,0.5,0.5,0.5,1,1,Valid,#NAME?
06:20.1,1727,19.5169,0.06036,1.242308,30.12198,344.2794,359.2686,0.509655,0,0,0,0.059175,1.251052,30.13338,-0.076075,-0.050059,0.995845,-0.121832,1.131945,32.50283,触发点,0,0,0.5,0.5,0.5,0.5,1,1,Valid,#NAME?
06:20.1,1728,19.5266,0.060663,1.242231,30.18435,344.2491,359.2127,0.492534,0,0,0,0.059471,1.250982,30.19575,-0.077141,-0.049515,0.99579,-0.119268,1.136253,32.50304,触发点,0,0,0.5,0.5,0.5,0.5,1,1,Valid,#NAME?
06:20.2,1729,19.5377,0.060831,1.242324,30.24706,344.2406,359.1563,0.521583,0,0,0,0.059624,1.251076,30.25846,-0.075874,-0.049747,0.995876,-0.111304,1.139007,32.50196,触发点,0,0,0.5,0.5,0.5,0.5,1,1,Valid,#NAME?
06:20.2,1730,19.5488,0.060976,1.242361,30.31035,344.2112,359.119,0.540134,0,0,0,0.059759,1.251119,30.32174,-0.075682,-0.049641,0.995896,-0.105893,1.142465,32.50155,触发点,0,0,0.5,0.5,0.5,0.5,1,1,Valid,#NAME?
06:20.2,1731,19.567,0.061024,1.242391,30.43841,344.1826,359.0431,0.575355,0,0,0,0.05979,1.251154,30.44979,-0.075417,-0.049588,0.995918,-0.095531,1.149028,32.50087,触发点,0,0,0.5,0.5,0.5,0.5,1,1,Valid,#NAME?
06:20.2,1732,19.5764,0.060928,1.242363,30.43821,344.1496,359.0317,0.587647,0,0,0,0.05969,1.251132,30.44959,-0.075546,-0.049026,0.995936,-0.095929,1.150141,32.50115,触发点,0,0,0.5,0.5,0.5,0.5,1,1,Valid,#NAME?
06:20.2,1733,19.5837,0.060684,1.242388,30.50271,344.1165,359.0082,0.598656,0,0,0,0.059441,1.251163,30.51409,-0.075638,-0.048521,0.995954,-0.091468,1.154358,32.50117,触发点,0,0,0.5,0.5,0.5,0.5,1,1,Valid,#NAME?
06:20.2,1734,19.5929,0.060368,1.242346,30.56785,344.1212,358.9784,0.593201,0,0,0,0.059118,1.251121,30.57923,-0.074835,-0.04847,0.996017,-0.085254,1.157611,32.50076,触发点,0,0,0.5,0.5,0.5,0.5,1,1,Valid,#NAME?
06:20.2,1735,19.6042,0.059927,1.242338,30.63336,344.1246,358.9499,0.598398,0,0,0,0.058672,1.251112,30.64473,-0.075303,-0.048534,0.995979,-0.081656,1.160668,32.50077,触发点,0,0,0.5,0.5,0.5,0.5,1,1,Valid,#NAME?
06:20.2,1736,19.6154,0.059383,1.242341,30.69934,344.1317,358.9158,0.609393,0,0,0,0.058121,1.251113,30.71071,-0.074921,-0.048593,0.996005,-0.076515,1.16379,32.50057,触发点,0,0,0.5,0.5,0.5,0.5,1,1,Valid,#NAME?
06:20.2,1737,19.6266,0.05879,1.242281,30.76583,344.1502,358.8787,0.62388,0,0,0,0.05752,1.25105,30.77721,-0.075119,-0.047537,0.996041,-0.072482,1.168783,32.50097,触发点,0,0,0.5,0.5,0.5,0.5,1,1,Valid,#NAME?
06:20.3,1738,19.6376,0.058119,1.242199,30.8328,344.1516,358.8493,0.640481,0,0,0,0.056839,1.250967,30.84418,-0.075538,-0.047577,0.996007,-0.06882,1.171822,32.50105,触发点,0,0,0.5,0.5,0.5,0.5,1,1,Valid,#NAME?
06:20.3,1739,19.6492,0.057413,1.242155,30.90029,344.1501,358.8242,0.692388,0,0,0,0.056124,1.250922,30.91166,-0.075848,-0.046435,0.996038,-0.064944,1.176802,32.50153,触发点,0,0,0.5,0.5,0.5,0.5,1,1,Valid,#NAME?
06:20.3,1740,19.6601,0.056658,1.242149,30.9683,344.1822,358.8289,0.761491,0,0,0,0.055363,1.250909,30.97968,-0.075521,-0.044665,0.996143,-0.060058,1.182646,32.50211,触发点,0,0,0.5,0.5,0.5,0.5,1,1,Valid,#NAME?
06:20.3,1741,19.6711,0.055862,1.242061,31.03693,344.2259,358.8614,0.765588,0,0,0,0.054573,1.250812,31.04832,-0.074713,-0.044455,0.996214,-0.054455,1.18594,32.50208,触发点,0,0,0.5,0.5,0.5,0.5,1,1,Valid,#NAME?
06:20.3,1742,19.6825,0.054962,1.24198,31.10608,344.2679,358.8361,0.707704,0,0,0,0.053675,1.250723,31.11747,-0.075469,-0.045131,0.996126,-0.05123,1.187989,32.50212,触发点,0,0,0.5,0.5,0.5,0.5,1,1,Valid,#NAME?
06:20.3,1743,19.6941,0.054035,1.241911,31.17576,344.3383,358.8242,0.64972,0,0,0,0.05275,1.250641,31.18717,-0.076357,-0.045019,0.996064,-0.048078,1.191195,32.50244,触发点,0,0,0.5,0.5,0.5,0.5,1,1,Valid,#NAME?
06:20.3,1744,19.7044,0.05319,1.241755,31.24599,344.4272,358.8267,0.632816,0,0,0,0.051907,1.250468,31.25741,-0.076271,-0.045569,0.996045,-0.043427,1.19351,32.5024,触发点,0,0,0.5,0.5,0.5,0.5,1,1,Valid,#NAME?
06:20.3,1745,19.723,0.051456,1.241645,31.38828,344.4871,358.7497,0.639028,0,0,0,0.050158,1.250346,31.39971,-0.048068,-0.033648,0.998277,-0.00297,1.213156,32.50307,触发点,0,0,0.5,0.5,0.5,0.5,1,1,Valid,#NAME?
06:20.4,1746,19.7311,0.051533,1.241508,31.38812,344.591,358.8209,0.641304,0,0,0,0.050245,1.250188,31.39956,-0.046814,-0.035462,0.998274,-0.001473,1.211012,32.50242,触发点,0,0,0.5,0.5,0.5,0.5,1,1,Valid,#NAME?
06:20.4,1747,19.7384,0.050837,1.241302,31.46002,344.7022,358.8599,0.644324,0,0,0,0.049559,1.249959,31.47148,-0.048367,-0.037983,0.998107,-0.000391,1.210732,32.50227,触发点,0,0,0.5,0.5,0.5,0.5,1,1,Valid,#NAME?
06:20.4,1748,19.7487,0.050222,1.241151,31.53249,344.8031,358.9228,0.65969,0,0,0,0.048954,1.249788,31.54397,0.071084,-0.041758,0.996596,0.117153,1.209725,32.50012,触发点,0,0,0.5,0.5,0.5,0.5,1,1,Valid,#NAME?
06:20.4,1749,19.7598,0.049778,1.240971,31.60554,344.8893,359.0733,0.644075,0,0,0,0.04854,1.249591,31.61703,0.073621,-0.043278,0.996347,0.113809,1.211223,32.50035,触发点,0,0,0.5,0.5,0.5,0.5,1,1,Valid,#NAME?
06:20.4,1750,19.7709,0.049404,1.240932,31.6792,344.9379,359.2005,0.638917,0,0,0,0.048195,1.249543,31.69071,0.144922,-0.048063,0.988275,0.167419,1.210003,32.50373,触发点,0,0,0.5,0.5,0.5,0.5,1,1,Valid,#NAME?
06:20.4,1751,19.7821,0.049191,1.240882,31.7534,344.9675,359.3565,0.603997,0,0,0,0.048014,1.249487,31.76492,0.195423,-0.061972,0.978759,0.1958,1.202621,32.50509,触发点,0,0,0.5,0.5,0.5,0.5,1,1,Valid,#NAME?
06:20.4,1752,19.7932,0.049097,1.24079,31.82817,345.0342,359.5668,0.567968,0,0,0,0.047966,1.249382,31.83969,0.198816,-0.063235,0.977995,0.183112,1.206398,32.50449,触发点,0,0,0.5,0.5,0.5,0.5,1,1,Valid,#NAME?
06:20.4,1753,19.8043,0.049107,1.240709,31.9035,345.1185,359.8217,0.537283,0,0,0,0.048029,1.249286,31.91504,0.2135,-0.081738,0.973518,0.176809,1.199983,32.50225,触发点,0,0,0.5,0.5,0.5,0.5,1,1,Valid,#NAME?
06:20.4,1754,19.8154,0.049206,1.240623,31.97942,345.2029,0.116434,0.409818,0,0,0,0.048201,1.249185,31.99098,0.234403,-0.092159,0.967761,0.171946,1.200532,32.50188,触发点,0,0,0.5,0.5,0.5,0.5,1,1,Valid,#NAME?
06:20.4,1755,19.8265,0.049393,1.24053,32.05595,345.2724,0.407578,0.29269,0,0,0,0.048458,1.249079,32.06752,0.238629,-0.093792,0.966571,0.155702,1.206927,32.50191,触发点,0,0,0.5,0.5,0.5,0.5,1,1,Valid,#NAME?
06:20.5,1756,19.8378,0.049599,1.240515,32.13302,345.3165,0.672606,0.226056,0,0,0,0.048721,1.249057,32.1446,0.263216,-0.099367,0.959606,0.146881,1.212,32.50246,触发点,0,0,0.5,0.5,0.5,0.5,1,1,Valid,#NAME?
06:20.5,1757,19.8489,0.049959,1.240514,32.21065,345.3378,1.002283,0.215273,0,0,0,0.04915,1.249052,32.22224,0.293134,-0.102202,0.950593,0.13586,1.21882,32.50343,触发点,0,0,0.5,0.5,0.5,0.5,1,1,Valid,#NAME?
06:20.5,1758,19.86,0.050312,1.240511,32.28881,345.3649,1.287609,0.246613,0,0,0,0.049559,1.249043,32.30041,0.320813,-0.100848,0.941759,0.119148,1.227168,32.50469,触发点,0,0,0.5,0.5,0.5,0.5,1,1,Valid,#NAME?
06:20.5,1759,19.8764,0.050903,1.240534,32.36764,345.3457,1.749943,0.058784,0,0,0,0.050261,1.249072,32.37925,0.327303,-0.101477,0.939455,0.094446,1.235373,32.50607,触发点,0,0,0.5,0.5,0.5,0.5,1,1,Valid,#NAME?
06:20.5,1760,19.8842,0.051514,1.240516,32.4463,345.3301,2.247483,359.966,0,0,0,0.050982,1.24906,32.4579,0.334907,-0.101686,0.936748,0.068953,1.243603,32.50817,触发点,0,0,0.5,0.5,0.5,0.5,1,1,Valid,#NAME?
06:20.5,1761,19.8941,0.052265,1.240485,32.52561,345.3497,2.874043,359.7383,0,0,0,0.051882,1.249028,32.53722,0.369794,-0.103525,0.923328,4.513431,0.000004,43.67715,Road,0,0,0.5,0.5,0.5,0.5,1,1,Valid,#NAME?
06:20.5,1762,19.9046,0.053198,1.240397,32.60478,345.3888,3.629401,359.562,0,0,0,0.052982,1.248935,32.6164,0.395415,-0.102793,0.912733,4.857252,0.000004,43.70605,Road,0,0,0.5,0.5,0.5,0.5,1,1,Valid,#NAME?
06:20.5,1763,19.9153,0.054293,1.240308,32.68457,345.4507,4.482409,359.4027,0,0,0,0.054266,1.248836,32.69619,0.408038,-0.10471,0.906941,4.920755,0.000004,43.51289,Road,0,0,0.5,0.5,0.5,0.5,1,1,Valid,#NAME?
06:20.6,1764,19.9268,0.055515,1.24021,32.76419,345.5514,5.40506,359.3154,0,0,0,0.055685,1.248718,32.77584,0.431343,-0.107819,0.895722,5.051324,0.000004,43.14973,Road,0,0,0.5,0.5,0.5,0.5,1,1,Valid,#NAME?
06:20.6,1765,19.9377,0.056763,1.240002,32.84452,345.6389,6.325906,359.2764,0,0,0,0.057125,1.248494,32.85617,0.45517,-0.109878,0.883599,2.609999,0.632231,37.81194,可移动汽车模型 (2),0,0,0.5,0.5,0.5,0.5,1,1,Valid,#NAME?
06:20.6,1766,19.9486,0.0581,1.239837,32.92469,345.7332,7.291831,359.2312,0,0,0,0.058664,1.248311,32.93634,0.469723,-0.111678,0.875722,2.61,0.641726,37.69289,可移动汽车模型 (2),0,0,0.5,0.5,0.5,0.5,1,1,Valid,#NAME?
06:20.6,1767,19.9602,0.059368,1.239572,33.0055,345.8041,8.261522,359.0552,0,0,0,0.060148,1.248034,33.01715,0.491346,-0.112671,0.863646,2.61,0.663325,37.49907,可移动汽车模型 (2),0,0,0.5,0.5,0.5,0.5,1,1,Valid,#NAME?
06:20.6,1768,19.9711,0.060608,1.239345,33.08621,345.8892,9.21282,358.7516,0,0,0,0.061611,1.247793,33.09785,0.507245,-0.115091,0.854082,2.61,0.669581,37.38875,可移动汽车模型 (2),0,0,0.5,0.5,0.5,0.5,1,1,Valid,#NAME?
06:20.6,1769,19.9829,0.061766,1.23913,33.1676,345.9753,10.11167,358.4653,0,0,0,0.062979,1.247566,33.17923,0.518965,-0.11824,0.846578,2.61,0.667257,37.33414,可移动汽车模型 (2),0,0,0.5,0.5,0.5,0.5,1,1,Valid,#NAME?
06:20.6,1770,19.9935,0.063002,1.238906,33.24886,346.0721,11.06291,358.1631,0,0,0,0.064438,1.247326,33.26048,0.531239,-0.121652,0.838443,2.61,0.664401,37.27808,可移动汽车模型 (2),0,0,0.5,0.5,0.5,0.5,1,1,Valid,#NAME?
06:20.6,1771,20.0044,0.06426,1.238679,33.33079,346.1769,12.03106,357.8564,0,0,0,0.065924,1.247082,33.34238,0.54359,-0.125213,0.829959,2.61,0.661069,37.2267,可移动汽车模型 (2),0,0,0.5,0.5,0.5,0.5,1,1,Valid,#NAME?
06:20.6,1772,20.0156,0.065491,1.238457,33.41261,346.2858,12.98173,357.5561,0,0,0,0.067377,1.246842,33.42418,0.555577,-0.128792,0.82143,2.61,0.657421,37.18349,可移动汽车模型 (2),0,0,0.5,0.5,0.5,0.5,1,1,Valid,#NAME?
06:20.7,1773,20.0334,0.066551,1.238233,33.57752,346.4026,13.9467,357.2515,0,0,0,0.068665,1.246598,33.58907,0.567594,-0.132517,0.812574,2.61,0.653269,37.22728,可移动汽车模型 (2),0,0,0.5,0.5,0.5,0.5,1,1,Valid,#NAME?
06:20.7,1774,20.0425,0.068558,1.238453,33.57668,346.6442,15.59561,357.3086,0,0,0,0.071007,1.246768,33.5882,0.590898,-0.136073,0.795188,2.61,0.662083,37.00499,可移动汽车模型 (2),0,0,0.5,0.5,0.5,0.5,1,1,Valid,#NAME?
06:20.7,1775,20.0513,0.069965,1.238303,33.65886,346.5982,16.54302,358.8998,0,0,0,0.07246,1.246604,33.67038,0.612416,-0.125602,0.780494,2.61,0.726175,36.90435,可移动汽车模型 (2),0,0,0.5,0.5,0.5,0.5,1,1,Valid,#NAME?
06:20.7,1776,20.0614,0.070852,1.238226,33.74174,346.6732,17.2991,358.7107,0,0,0,0.073521,1.246515,33.75323,0.644931,-0.121683,0.754492,2.61,0.767945,36.72061,可移动汽车模型 (2),0,0,0.5,0.5,0.5,0.5,1,1,Valid,#NAME?
06:20.7,1777,20.0721,0.071657,1.238081,33.82458,346.7458,18.05168,358.7334,0,0,0,0.074478,1.246356,33.83605,0.65485,-0.122687,0.745734,2.61,0.771321,36.72346,可移动汽车模型 (2),0,0,0.5,0.5,0.5,0.5,1,1,Valid,#NAME?
06:20.7,1778,20.0827,0.072567,1.237993,33.90797,346.8008,18.77776,358.993,0,0,0,0.075512,1.246252,33.91941,0.66835,-0.118883,0.734286,2.61,0.795429,36.70394,可移动汽车模型 (2),0,0,0.5,0.5,0.5,0.5,1,1,Valid,#NAME?
06:20.7,1779,20.0933,0.073618,1.237891,33.99123,346.8728,19.6323,358.9768,0,0,0,0.076738,1.246135,34.00264,0.669253,-0.111263,0.734657,2.61,0.824979,36.78347,可移动汽车模型 (2),0,0,0.5,0.5,0.5,0.5,1,1,Valid,#NAME?
06:20.7,1780,20.1052,0.074419,1.237762,34.07526,346.934,20.38329,359.0242,0,0,0,0.077686,1.245994,34.08664,0.669985,-0.104659,0.734961,2.61,0.850417,36.86454,可移动汽车模型 (2),0,0,0.5,0.5,0.5,0.5,1,1,Valid,#NAME?
06:20.7,1781,20.1152,0.075157,1.237702,34.15913,346.9855,20.98334,359.0687,0,0,0,0.078543,1.245922,34.17049,0.677813,-0.105207,0.727669,2.61,0.852999,36.88815,可移动汽车模型 (2),0,0,0.5,0.5,0.5,0.5,1,1,Valid,#NAME?
06:20.8,1782,20.1265,0.075848,1.237608,34.24367,347.0164,21.55313,359.0536,0,0,0,0.07935,1.245821,34.25499,0.663088,-0.089442,0.743179,2.61,0.904467,37.09131,可移动汽车模型 (2),0,0,0.5,0.5,0.5,0.5,1,1,Valid,#NAME?
06:20.8,1783,20.1378,0.076315,1.237364,34.32821,347.0389,22.00591,358.9894,0,0,0,0.079914,1.245574,34.3395,0.664073,-0.084957,0.742825,2.61,0.921894,37.16963,可移动汽车模型 (2),0,0,0.5,0.5,0.5,0.5,1,1,Valid,#NAME?
06:20.8,1784,20.1492,0.076887,1.237166,34.41325,347.0902,22.50321,358.8687,0,0,0,0.080595,1.245367,34.42452,0.669956,-0.086488,0.737346,2.61,0.918834,37.20835,可移动汽车模型 (2),0,0,0.5,0.5,0.5,0.5,1,1,Valid,#NAME?
06:20.8,1785,20.1603,0.07732,1.237026,34.49826,347.1599,22.93368,358.7816,0,0,0,0.081125,1.245214,34.50951,0.657042,-0.080587,0.749535,2.61,0.935046,37.39438,可移动汽车模型 (2),0,0,0.5,0.5,0.5,0.5,1,1,Valid,#NAME?
06:20.8,1786,20.172,0.077801,1.236889,34.58396,347.2278,23.39179,358.732,0,0,0,0.081703,1.245064,34.59518,0.658463,-0.078654,0.748492,2.61,0.943056,37.46916,可移动汽车模型 (2),0,0,0.5,0.5,0.5,0.5,1,1,Valid,#NAME?
06:20.8,1787,20.1908,0.078089,1.236843,34.75582,347.3207,23.82944,358.7167,0,0,0,0.082083,1.244999,34.76702,0.654464,-0.075743,0.75229,2.61,0.952437,37.67279,可移动汽车模型 (2),0,0,0.5,0.5,0.5,0.5,1,1,Valid,#NAME?
06:20.8,1788,20.1997,0.078665,1.236764,34.75577,347.3677,24.11591,358.7266,0,0,0,0.082718,1.24491,34.76696,0.649701,-0.071548,0.756816,2.61,0.966594,37.71091,可移动汽车模型 (2),0,0,0.5,0.5,0.5,0.5,1,1,Valid,#NAME?
06:20.8,1789,20.2084,0.079086,1.236654,34.84251,347.4273,24.44619,358.7223,0,0,0,0.083206,1.244788,34.85368,0.654004,-0.072565,0.753003,2.61,0.964429,37.76296,可移动汽车模型 (2),0,0,0.5,0.5,0.5,0.5,1,1,Valid,#NAME?
06:20.8,1790,20.2202,0.079348,1.236547,34.92921,347.4683,24.637,358.7091,0,0,0,0.083509,1.244672,34.94037,0.649929,-0.069284,0.75683,5.952105,0.619063,41.77424,Arch,0,0,0.5,0.5,0.5,0.5,1,1,Valid,#NAME?
06:20.9,1791,20.2325,0.079576,1.236413,35.01654,347.5018,24.83629,358.6521,0,0,0,0.083784,1.244532,35.02769,0.645195,-0.067417,0.761038,5.948723,0.631696,41.94568,Arch,0,0,0.5,0.5,0.5,0.5,1,1,Valid,#NAME?
06:20.9,1792,20.2436,0.079725,1.236316,35.1038,347.5498,24.99543,358.6077,0,0,0,0.083969,1.244425,35.11494,0.643487,-0.066631,0.762552,5.947222,0.637303,42.0631,Arch,0,0,0.5,0.5,0.5,0.5,1,1,Valid,#NAME?
06:20.9,1793,20.2554,0.079929,1.236253,35.19165,347.5931,25.22123,358.4951,0,0,0,0.084229,1.244356,35.20278,0.646027,-0.067859,0.760292,5.949646,0.62825,42.10562,Arch,0,0,0.5,0.5,0.5,0.5,1,1,Valid,#NAME?
06:20.9,1794,20.2675,0.079948,1.236133,35.36796,347.6453,25.3967,358.454,0,0,0,0.08429,1.244225,35.37908,0.642379,-0.066177,0.763524,5.946416,0.640313,42.34674,Arch,0,0,0.5,0.5,0.5,0.5,1,1,Valid,#NAME?
06:20.9,1795,20.28,0.079958,1.236115,35.45692,347.6873,25.51392,358.3996,0,0,0,0.08433,1.2442,35.46803,0.642365,-0.066408,0.763516,5.947005,0.638116,42.43643,Arch,0,0,0.5,0.5,0.5,0.5,1,1,Valid,#NAME?
06:20.9,1796,20.2922,0.079964,1.236094,35.5459,347.7595,25.55018,358.3752,0,0,0,0.084347,1.244164,35.55702,0.638307,-0.064503,0.767075,5.943263,0.652097,42.59789,Arch,0,0,0.5,0.5,0.5,0.5,1,1,Valid,#NAME?
06:20.9,1797,20.3041,0.079838,1.236007,35.63557,347.7982,25.4747,358.3631,0,0,0,0.084211,1.244069,35.6467,0.634799,-0.062305,0.770161,5.938612,0.669466,42.74948,Arch,0,0,0.5,0.5,0.5,0.5,1,1,Valid,#NAME?
06:20.9,1798,20.3172,0.079636,1.235935,35.7252,347.8392,25.34481,358.3477,0,0,0,0.083986,1.243989,35.73634,0.632974,-0.063061,0.771601,5.94102,0.660473,42.87612,Arch,0,0,0.5,0.5,0.5,0.5,1,1,Valid,#NAME?
06:21.0,1799,20.3288,0.07939,1.235812,35.81551,347.8651,25.13666,358.3561,0,0,0,0.083702,1.24386,35.82668,0.62769,-0.061858,0.776002,5.939327,0.666796,43.06589,Arch,0,0,0.5,0.5,0.5,0.5,1,1,Valid,#NAME?
06:21.0,1800,20.3448,0.078884,1.235792,35.99575,347.8683,24.92164,358.3707,0,0,0,0.083153,1.243839,36.00692,0.623602,-0.060442,0.779402,5.936734,0.676484,43.32296,Arch,0,0,0.5,0.5,0.5,0.5,1,1,Valid,#NAME?
06:21.0,1801,20.3528,0.07843,1.235893,35.99622,347.8895,24.43727,358.4613,0,0,0,0.0826,1.243935,36.00744,0.610095,-0.056007,0.790346,5.92849,0.70728,43.58048,Arch,0,0,0.5,0.5,0.5,0.5,1,1,Valid,#NAME?
06:21.0,1802,20.3614,0.078049,1.235922,36.08653,347.9023,24.1238,358.4705,0,0,0,0.082155,1.24396,36.09778,0.605792,-0.056188,0.793637,5.930021,0.701563,43.75896,Arch,0,0,0.5,0.5,0.5,0.5,1,1,Valid,#NAME?
06:21.0,1803,20.3728,0.077293,1.235942,36.17754,347.9111,23.59383,358.5829,0,0,0,0.081287,1.243977,36.18883,0.586674,-0.05008,0.808274,5.918199,0.745721,44.23047,Arch,0,0,0.5,0.5,0.5,0.5,1,1,Valid,#NAME?
06:21.0,1804,20.3848,0.076578,1.235929,36.26844,347.9512,23.088,358.6134,0,0,0,0.080473,1.243956,36.27977,0.543586,-0.040267,0.838387,5.900231,0.812846,45.25573,Arch,0,0,0.5,0.5,0.5,0.5,1,1,Valid,#NAME?
06:21.0,1805,20.3966,0.075729,1.235829,36.35947,348.0156,22.42507,358.6795,0,0,0,0.079489,1.243841,36.37086,0.534078,-0.041181,0.844432,5.905102,0.79465,45.58177,Arch,0,0,0.5,0.5,0.5,0.5,1,1,Valid,#NAME?
06:21.0,1806,20.4094,0.074751,1.235723,36.45115,348.0929,21.65924,358.6626,0,0,0,0.078363,1.243719,36.46259,0.327278,0.019888,0.944719,5.693549,1.584938,52.67133,Arch,0,0,0.5,0.5,0.5,0.5,1,1,Valid,#NAME?
06:21.0,1807,20.4222,0.073593,1.235598,36.54279,348.1933,20.79928,358.7992,0,0,0,0.077026,1.243571,36.55431,0.200836,0.044282,0.978624,5.466808,2.431965,62.81731,Arch,0,0,0.5,0.5,0.5,0.5,1,1,Valid,#NAME?
06:21.1,1808,20.435,0.072416,1.235352,36.72544,348.2944,19.95069,358.9273,0,0,0,0.075672,1.243301,36.73702,0.098411,0.075552,0.992274,4.484375,4.627968,81.18995,Arch,0,0,0.5,0.5,0.5,0.5,1,0.993407,Valid,#NAME?
06:21.1,1809,20.4475,0.071171,1.235197,36.8171,348.4217,19.01359,358.9917,0,0,0,0.074238,1.243119,36.82875,0.052778,0.077446,0.995599,2.713155,5.115436,86.60867,None,0,0,0.5,0.5,0.5,0.5,1,0.993407,Valid,#NAME?
06:21.1,1810,20.4604,0.069832,1.235023,36.90936,348.5097,17.99013,359.0993,0,0,0,0.072683,1.242926,36.92108,0.035263,0.075469,0.996524,1.835856,5.016356,86.7473,None,0,0,0.5,0.5,0.5,0.5,1,0.988133,Valid,#NAME?
06:21.1,1811,20.5149,0.064779,1.234591,37.36951,348.6843,14.10358,359.776,0,0,0,0.066776,1.242445,37.38144,-0.106494,0.049383,0.993086,-5.118647,3.646991,85.73688,Arch,0,0,0.5,0.5,0.5,0.5,1,0.990506,Valid,#NAME?
06:21.2,1812,20.5354,0.063587,1.234503,37.55308,348.7438,13.24705,359.246,0,0,0,0.065454,1.242353,37.56503,-0.128986,0.045532,0.990601,-5.259192,3.121965,78.4577,Arch,0,0,0.5,0.5,0.5,0.5,1,0.996111,Valid,#NAME?
06:21.2,1813,20.5439,0.06266,1.234365,37.55351,348.8703,12.30398,359.4201,0,0,0,0.06432,1.242187,37.56551,-0.139256,0.039445,0.98947,-5.351722,2.776304,76.0486,Arch,0,0,0.5,0.5,0.5,0.5,1,0.997511,Valid,#NAME?
06:21.2,1814,20.5526,0.061668,1.234242,37.64547,348.9861,11.36054,359.6595,0,0,0,0.06311,1.242035,37.65752,-0.154875,0.03613,0.987273,-5.420022,2.521158,72.61062,Arch,0,0,0.5,0.5,0.5,0.5,1,0.997511,Valid,#NAME?
06:21.2,1815,20.5655,0.061146,1.234203,37.73707,348.9015,11.16396,359.5229,0,0,0,0.062557,1.242016,37.7491,-0.158637,0.038324,0.986593,-5.408617,2.563763,71.77536,Arch,0,0,0.5,0.5,0.5,0.5,1,0.997511,Valid,#NAME?
06:21.2,1816,20.5777,0.06019,1.234101,37.82894,348.9707,10.3786,359.2855,0,0,0,0.061459,1.241903,37.841,-0.147774,0.032344,0.988492,-5.440128,2.44605,74.64227,Arch,0,0,0.5,0.5,0.5,0.5,1,0.998981,Valid,#NAME?
06:21.2,1817,20.592,0.059282,1.234058,38.01224,348.9953,9.5774,359.4056,0,0,0,0.060373,1.241853,38.02432,-0.137059,0.025089,0.990245,-5.49048,2.257953,78.12898,Arch,0,0,0.5,0.5,0.5,0.5,1,0.998981,Valid,#NAME?
06:21.2,1818,20.6055,0.058268,1.234028,38.10409,349.0136,8.725595,359.3385,0,0,0,0.059185,1.24182,38.11619,-0.135644,0.001853,0.990756,-5.74128,1.321059,80.48338,Arch,0,0,0.5,0.5,0.5,0.5,1,0.999582,Valid,#NAME?
06:21.2,1819,20.6187,0.056496,1.233921,38.19617,349.0036,7.232038,359.4817,0,0,0,0.057083,1.241713,38.20829,-0.143198,-0.021931,0.989451,-6.011313,0.31231,80.13905,Arch,0,0,0.5,0.5,0.5,0.5,1,0.999666,Valid,#NAME?
06:21.3,1820,20.6313,0.055775,1.233904,38.2879,348.9898,6.62815,359.4254,0,0,0,0.05624,1.2417,38.30001,-0.153824,-0.021443,0.987866,-5.988075,0.399121,77.11702,Arch,0,0,0.5,0.5,0.5,0.5,1,0.999666,Valid,#NAME?
06:21.3,1821,20.6446,0.055271,1.234054,38.4711,348.9736,6.115927,359.478,0,0,0,0.055622,1.241852,38.48322,-0.147245,-0.034744,0.98849,-5.20737,0.000009,73.81496,Road,0,0,0.5,0.5,0.5,0.5,1,0.999666,Valid,#NAME?
06:21.3,1822,20.6573,0.054844,1.234131,38.56277,348.9337,5.711155,359.5397,0,0,0,0.055103,1.241937,38.57489,-0.144613,-0.03821,0.98875,-4.645264,0.000009,70.71235,Road,0,0,0.5,0.5,0.5,0.5,1,0.999863,Valid,#NAME?
06:21.3,1823,20.6716,0.054352,1.234147,38.65443,348.8669,5.209607,359.571,0,0,0,0.054502,1.241966,38.66654,-0.134444,-0.04358,0.989963,-3.776935,0.000008,66.87899,Road,0,0,0.5,0.5,0.5,0.5,1,0.999912,Valid,#NAME?
06:21.3,1824,20.6912,0.053928,1.234137,38.83752,348.8813,4.62634,359.6056,0,0,0,0.053951,1.241952,38.84964,-0.130117,-0.044632,0.990494,-3.566755,0.000008,66.41161,Road,0,0,0.5,0.5,0.5,0.5,1,0.999912,Valid,#NAME?
06:21.3,1825,20.6989,0.053242,1.234002,38.83777,348.8753,4.065907,359.576,0,0,0,0.053148,1.24182,38.84989,-0.137619,-0.047433,0.989349,-3.549748,0.000008,64.75124,Road,0,0,0.5,0.5,0.5,0.5,1,0.999944,Valid,#NAME?
06:21.3,1826,20.7071,0.052952,1.233863,38.92928,348.9996,3.710412,359.5639,0,0,0,0.052786,1.241654,38.94141,-0.143812,-0.04951,0.988366,-3.553835,0.000007,63.72836,Road,0,0,0.5,0.5,0.5,0.5,1,0.999944,Valid,#NAME?
06:21.3,1827,20.7205,0.052536,1.233693,39.02083,349.0854,3.287343,359.5024,0,0,0,0.052288,1.241467,39.03297,-0.137737,-0.050263,0.989193,-3.349719,0.000007,63.46538,Road,0,0,0.5,0.5,0.5,0.5,1,0.999944,Valid,#NAME?
06:21.4,1828,20.734,0.052162,1.233533,39.20365,349.1665,2.886038,359.5227,0,0,0,0.051828,1.24129,39.2158,-0.136965,-0.058574,0.988843,-2.850696,0.000007,60.17111,Road,0,0,0.5,0.5,0.5,0.5,1,0.999977,Valid,#NAME?
06:21.4,1829,20.7456,0.051876,1.23349,39.2951,349.1691,2.645034,359.51,0,0,0,0.051491,1.241246,39.30725,-0.138252,-0.05432,0.988906,-3.107661,0.000007,61.90436,Road,0,0,0.5,0.5,0.5,0.5,1,0.999977,Valid,#NAME?
06:21.4,1830,20.7535,0.05172,1.233503,39.29519,349.1466,2.507338,359.4927,0,0,0,0.051306,1.241264,39.30733,-0.1407,-0.05388,0.988585,-3.190062,0.000007,62.08184,Road,0,0,0.5,0.5,0.5,0.5,1,0.999977,Valid,#NAME?
06:21.4,1831,20.7669,0.051294,1.233537,39.47786,349.1095,2.267473,359.5018,0,0,0,0.050829,1.241306,39.49,-0.142557,-0.051916,0.988424,-3.357689,0.000007,63.12301,Road,0,0,0.5,0.5,0.5,0.5,1,0.999985,Valid,#NAME?
06:21.4,1832,20.7799,0.050907,1.233579,39.56924,349.0416,2.070556,359.4772,0,0,0,0.050404,1.241363,39.58137,-0.139315,-0.051863,0.988889,-3.28415,0.000007,63.25075,Road,0,0,0.5,0.5,0.5,0.5,1,0.999991,Valid,#NAME?
06:21.4,1833,20.7931,0.050459,1.233563,39.66109,349.013,1.89566,359.475,0,0,0,0.049919,1.241354,39.67322,-0.133228,-0.052229,0.989708,-3.116529,0.000007,63.19578,Road,0,0,0.5,0.5,0.5,0.5,1,0.999991,Valid,#NAME?
06:21.4,1834,20.8058,0.049942,1.23359,39.75294,349.0061,1.708512,359.4775,0,0,0,0.04936,1.241382,39.76506,-0.130095,-0.055001,0.989975,-2.88691,0.000007,62.10896,Road,0,0,0.5,0.5,0.5,0.5,1,0.999996,Valid,#NAME?
06:21.4,1835,20.8191,0.049433,1.233638,39.84476,349.0099,1.572344,359.4606,0,0,0,0.048824,1.241429,39.85688,-0.126775,-0.05521,0.990394,-2.801739,0.000007,62.12615,Road,0,0,0.5,0.5,0.5,0.5,1,0.999996,Valid,#NAME?
06:21.5,1836,20.8323,0.048981,1.233667,39.93651,348.9574,1.490729,359.432,0,0,0,0.048359,1.241469,39.94862,-0.128305,-0.054231,0.990251,-2.888842,0.000007,62.61773,Road,0,0,0.5,0.5,0.5,0.5,1,0.999998,Valid,#NAME?
06:21.5,1837,20.8517,0.047787,1.233793,40.11992,348.8698,1.397937,359.4054,0,0,0,0.047146,1.241614,40.13202,-0.125849,-0.048684,0.990854,-3.162446,0.000008,65.40225,Road,0,0,0.5,0.5,0.5,0.5,1,0.999999,Valid,#NAME?
06:21.5,1838,20.8592,0.047165,1.234001,40.21164,348.729,1.372564,359.3754,0,0,0,0.046522,1.241853,40.22371,-0.12641,-0.046181,0.990903,-3.352771,0.000008,66.87003,Road,0,0,0.5,0.5,0.5,0.5,1,0.999999,Valid,#NAME?
06:21.5,1839,20.8679,0.04657,1.234133,40.30329,348.6158,1.36774,359.373,0,0,0,0.045925,1.242009,40.31535,-0.122585,-0.041785,0.991578,-3.597707,0.000008,69.78841,Road,0,0,0.5,0.5,0.5,0.5,1,0.999999,Valid,#NAME?
06:21.5,1840,20.8765,0.046677,1.234291,40.30334,348.5048,1.380473,359.3741,0,0,0,0.046034,1.242189,40.31538,-0.122358,-0.039873,0.991685,-3.76579,0.000009,71.20941,Road,0,0,0.5,0.5,0.5,0.5,1,0.999999,Valid,#NAME?
06:21.5,1841,20.8887,0.046066,1.234471,40.39497,348.3597,1.389536,359.3824,0,0,0,0.045425,1.242401,40.40699,-0.118091,-0.035735,0.99236,-4.060221,0.000009,74.90828,Road,0,0,0.5,0.5,0.5,0.5,1,1,Valid,#NAME?
06:21.5,1842,20.904,0.04468,1.234665,40.57814,348.2491,1.394306,359.3887,0,0,0,0.044039,1.242617,40.59015,-0.115881,-0.032751,0.992723,-4.352582,0.00001,78.25494,Road,0,0,0.5,0.5,0.5,0.5,1,1,Valid,#NAME?
06:21.5,1843,20.9166,0.044102,1.234837,40.66966,348.1604,1.463625,359.3701,0,0,0,0.043476,1.242807,40.68166,-0.111634,-0.028921,0.993329,-4.753635,0.000011,83.36685,Road,0,0,0.5,0.5,0.5,0.5,1,1,Valid,#NAME?
06:21.6,1844,20.9292,0.043428,1.234963,40.76117,348.1112,1.534752,359.3357,0,0,0,0.04282,1.242945,40.77316,-0.106979,-0.026873,0.993898,-4.905196,0.000012,86.74301,Road,0,0,0.5,0.5,0.5,0.5,1,1,Valid,#NAME?
06:21.6,1845,20.9428,0.042707,1.235121,40.85269,348.0279,1.594356,359.2957,0,0,0,0.042116,1.243121,40.86467,-0.106105,-0.025342,0.994032,-5.162714,0.000012,89.62538,Road,0,0,0.5,0.5,0.5,0.5,1,1,Valid,#NAME?
06:21.6,1846,20.9551,0.042002,1.235304,40.94415,347.9139,1.661441,359.2894,0,0,0,0.041424,1.243328,40.95612,-0.1005,-0.020673,0.994722,-4.983586,0.209669,90.69223,None,0,0,0.5,0.5,0.5,0.5,1,1,Valid,#NAME?
06:21.6,1847,20.9635,0.041239,1.235478,41.03564,347.8866,1.66641,359.2949,0,0,0,0.040663,1.243507,41.0476,-0.100392,-0.020213,0.994743,-4.978926,0.232871,90.78473,None,0,0,0.5,0.5,0.5,0.5,1,1,Valid,#NAME?
06:21.6,1848,20.9761,0.040487,1.23562,41.1271,347.7172,1.792664,359.2866,0,0,0,0.039936,1.243684,41.13904,-0.096632,-0.01788,0.99516,-4.791687,0.349675,90.89702,None,0,0,0.5,0.5,0.5,0.5,1,1,Valid,#NAME?
06:21.6,1849,20.9889,0.038841,1.235767,41.30997,347.6355,1.844467,359.2974,0,0,0,0.0383,1.243849,41.3219,-0.093517,-0.014995,0.995505,-4.637552,0.49409,91.09714,None,0,0,0.5,0.5,0.5,0.5,1,1,Valid,#NAME?
06:21.6,1850,21.0076,0.03797,1.235867,41.40139,347.5569,1.929638,359.32,0,0,0,0.037445,1.243965,41.41331,-0.091438,-0.013746,0.995716,-4.534465,0.556649,91.19911,None,0,0,0.5,0.5,0.5,0.5,1,1,Valid,#NAME?
06:21.6,1851,21.0158,0.037176,1.235985,41.49276,347.5195,2.002848,359.3304,0,0,0,0.036663,1.24409,41.50467,-0.08824,-0.012655,0.996019,-4.375349,0.611354,91.30562,None,0,0,0.5,0.5,0.5,0.5,1,1,Valid,#NAME?
06:21.6,1852,21.025,0.036318,1.236075,41.58413,347.4675,2.050009,359.343,0,0,0,0.035814,1.244191,41.59604,-0.08737,-0.01178,0.996106,-4.332675,0.65519,91.40136,None,0,0,0.5,0.5,0.5,0.5,1,1,Valid,#NAME?
06:21.7,1853,21.0379,0.035355,1.236135,41.67553,347.405,2.092737,359.343,0,0,0,0.034859,1.244264,41.68744,-0.086942,-0.011036,0.996152,-4.312262,0.69248,91.49504,None,0,0,0.5,0.5,0.5,0.5,1,1,Valid,#NAME?
06:21.7,1854,21.0508,0.034416,1.236236,41.76743,347.3611,2.120956,359.3728,0,0,0,0.033924,1.244373,41.77932,-0.084469,-0.009633,0.99638,-4.189507,0.762727,91.5983,None,0,0,0.5,0.5,0.5,0.5,1,1,Valid,#NAME?
06:21.7,1855,21.0627,0.033365,1.23627,41.85932,347.3205,2.151924,359.4194,0,0,0,0.032875,1.244415,41.8712,-0.083385,-0.009035,0.996476,-4.136394,0.792648,91.69502,None,0,0,0.5,0.5,0.5,0.5,1,1,Valid,#NAME?
06:21.7,1856,21.0755,0.032389,1.236322,41.95116,347.2686,2.165111,359.4166,0,0,0,0.0319,1.244478,41.96304,-0.083167,-0.008131,0.996503,-4.126456,0.837925,91.78816,None,0,0,0.5,0.5,0.5,0.5,1,1,Valid,#NAME?
06:21.7,1857,21.0881,0.03129,1.23648,42.04306,347.2522,2.161652,359.3586,0,0,0,0.030808,1.244639,42.05494,-0.083,-0.007891,0.996518,-4.11919,0.850094,91.88084,None,0,0,0.5,0.5,0.5,0.5,1,1,Valid,#NAME?
06:21.7,1858,21.1172,0.027802,1.236752,42.31883,347.1049,2.148404,359.3645,0,0,0,0.027313,1.244943,42.33069,-0.081884,-0.005764,0.996625,-4.066911,0.956733,92.16194,None,0,0,0.5,0.5,0.5,0.5,1,1,Valid,#NAME?
06:21.8,1859,21.1302,0.026524,1.236804,42.41078,347.0414,2.150139,359.4048,0,0,0,0.026033,1.245007,42.42263,-0.081087,-0.005076,0.996694,-4.028329,0.991195,92.25733,None,0,0,0.5,0.5,0.5,0.5,1,1,Valid,#NAME?
06:21.8,1860,21.1441,0.025345,1.23687,42.50261,347.0066,2.145437,359.4271,0,0,0,0.024851,1.24508,42.51446,-0.080904,-0.004698,0.996711,-4.020324,1.010168,92.35001,None,0,0,0.5,0.5,0.5,0.5,1,1,Valid,#NAME?
06:21.8,1861,21.1617,0.022781,1.236965,42.68636,347.0108,2.148539,359.4288,0,0,0,0.022287,1.245174,42.6982,-0.080477,-0.004808,0.996745,-4.001584,1.004771,92.53544,None,0,0,0.5,0.5,0.5,0.5,1,1,Valid,#NAME?
06:21.8,1862,21.1707,0.021364,1.236957,42.7783,346.9748,2.11968,359.3843,0,0,0,0.020868,1.245174,42.79014,-0.081157,-0.004095,0.996693,-4.036991,1.040404,92.62478,None,0,0,0.5,0.5,0.5,0.5,1,1,Valid,#NAME?
06:21.8,1863,21.1798,0.019983,1.237041,42.87009,346.9001,2.099747,359.3435,0,0,0,0.019485,1.245274,42.88192,-0.081458,-0.002754,0.996673,-4.053429,1.107578,92.71557,None,0,0,0.5,0.5,0.5,0.5,1,1,Valid,#NAME?
06:21.8,1864,21.1924,0.018581,1.237177,42.96191,346.8476,2.067964,359.3219,0,0,0,0.01808,1.245421,42.97372,-0.08134,-0.001804,0.996685,-4.048918,1.155215,92.80797,None,0,0,0.5,0.5,0.5,0.5,1,1,Valid,#NAME?
06:21.8,1865,21.206,0.017069,1.237307,43.05381,346.7165,2.026143,359.3252,0,0,0,0.016558,1.245578,43.06561,-0.0814,0.000422,0.996682,-4.05342,1.266656,92.89968,None,0,0,0.5,0.5,0.5,0.5,1,1,Valid,#NAME?
06:21.8,1866,21.2186,0.015568,1.237505,43.14565,346.5673,1.980717,359.2976,0,0,0,0.015051,1.245807,43.15742,-0.0823,0.003063,0.996603,-4.099943,1.398952,92.98756,None,0,0,0.5,0.5,0.5,0.5,1,1,Valid,#NAME?
06:21.9,1867,21.2314,0.013996,1.237732,43.23755,346.3896,1.943871,359.2617,0,0,0,0.013474,1.246071,43.24929,-0.082518,0.006491,0.996568,-4.112434,1.570596,93.07771,None,0,0,0.5,0.5,0.5,0.5,1,1,Valid,#NAME?
06:21.9,1868,21.2435,0.012457,1.238053,43.32938,346.2161,1.922622,359.2585,0,0,0,0.011929,1.246428,43.3411,-0.082208,0.009476,0.99657,-4.098486,1.720226,93.16962,None,0,0,0.5,0.5,0.5,0.5,1,1,Valid,#NAME?
06:21.9,1869,21.2562,0.009277,1.238405,43.51306,345.9945,1.864837,359.2382,0,0,0,0.008738,1.246826,43.52475,-0.082832,0.013338,0.996474,-4.132858,1.913719,93.34846,None,0,0,0.5,0.5,0.5,0.5,1,1,Valid,#NAME?
06:21.9,1870,21.269,0.007553,1.238872,43.60497,345.6698,1.824201,359.1912,0,0,0,0.007008,1.247358,43.61661,-0.082829,0.019071,0.996381,-4.134467,2.200885,93.43567,None,0,0,0.5,0.5,0.5,0.5,1,1,Valid,#NAME?
06:21.9,1871,21.2817,0.005793,1.239625,43.69681,345.137,1.767455,359.1065,0,0,0,0.005241,1.24822,43.70837,-0.08416,0.028469,0.996046,-4.202773,2.67169,93.51065,None,0,0,0.5,0.5,0.5,0.5,1,1,Valid,#NAME?
06:21.9,1872,21.2947,0.004051,1.240167,43.78861,344.701,1.729044,359.0771,0,0,0,0.003492,1.248851,43.80011,-0.084328,0.035928,0.99579,-4.212898,3.045241,93.58961,None,0,0,0.5,0.5,0.5,0.5,1,1,Valid,#NAME?
06:21.9,1873,21.3128,0.000553,1.240672,43.97209,344.3868,1.692599,359.0757,0,0,0,-0.000013,1.249419,43.98354,-0.084322,0.041024,0.995594,-4.216109,3.300636,93.76322,None,0,0,0.5,0.5,0.5,0.5,1,1,Valid,#NAME?
06:21.9,1874,21.3233,-0.001215,1.241227,44.06372,344.0561,1.685312,359.083,0,0,0,-0.001785,1.25004,44.07512,-0.08368,0.046396,0.995412,-4.185794,3.56983,93.84572,None,0,0,0.5,0.5,0.5,0.5,1,1,Valid,#NAME?
06:22.0,1875,21.3323,-0.001209,1.241715,44.06363,343.7131,1.685049,359.0562,0,0,0,-0.00178,1.250596,44.07497,-0.083653,0.052226,0.995125,-4.18441,3.86192,93.83124,None,0,0,0.5,0.5,0.5,0.5,1,1,Valid,#NAME?
06:22.0,1876,21.3456,-0.004988,1.242562,44.24708,343.1931,1.630274,358.9471,0,0,0,-0.00556,1.251547,44.25835,-0.08493,0.060682,0.994537,-4.252036,4.285656,93.98521,None,0,0,0.5,0.5,0.5,0.5,1,1,Valid,#NAME?
06:22.0,1877,21.3573,-0.006929,1.24334,44.33875,342.6575,1.631751,358.8067,0,0,0,-0.00749,1.252431,44.34992,-0.085484,0.070217,0.993862,-4.281677,4.763279,94.04303,None,0,0,0.5,0.5,0.5,0.5,1,1,Valid,#NAME?
06:22.0,1878,21.3661,-0.006872,1.244228,44.33858,342.0879,1.659922,358.6711,0,0,0,-0.007418,1.253432,44.34967,-0.08543,0.079347,0.99318,-4.040427,4.999268,91.23622,Arch,0,0,0.5,0.5,0.5,0.5,1,1,Valid,#NAME?
06:22.0,1879,21.3788,-0.010754,1.245016,44.52179,341.4521,1.663929,358.6146,0,0,0,-0.011297,1.254344,44.53278,-0.085803,0.089347,0.992298,-3.806103,5.205911,88.41913,Arch,0,0,0.5,0.5,0.5,0.5,1,1,Valid,#NAME?
06:22.0,1880,21.3911,-0.012774,1.245732,44.6133,340.9884,1.687974,358.5532,0,0,0,-0.013309,1.255148,44.62421,-0.085683,0.097096,0.99158,-3.633777,5.357878,86.52261,Arch,0,0,0.5,0.5,0.5,0.5,1,1,Valid,#NAME?
06:22.0,1881,21.4038,-0.014843,1.24639,44.70478,340.5699,1.68984,358.4982,0,0,0,-0.015373,1.255887,44.71562,-0.085895,0.104419,0.990817,-3.492291,5.482649,84.82283,Arch,0,0,0.5,0.5,0.5,0.5,1,1,Valid,#NAME?
06:22.0,1882,21.4163,-0.016928,1.24689,44.79622,340.2041,1.668585,358.4441,0,0,0,-0.01746,1.256456,44.807,-0.086934,0.109758,0.990149,-3.417251,5.548824,83.52942,Arch,0,0,0.5,0.5,0.5,0.5,1,1,Valid,#NAME?
06:22.1,1883,21.4288,-0.019072,1.24737,44.88763,339.8745,1.665164,358.3947,0,0,0,-0.0196,1.256999,44.89835,-0.087494,0.114185,0.989599,-3.352167,5.606219,82.59136,Arch,0,0,0.5,0.5,0.5,0.5,1,1,Valid,#NAME?
06:22.1,1884,21.442,-0.021215,1.247976,44.979,339.4584,1.661038,358.3425,0,0,0,-0.021744,1.257682,44.98965,-0.087777,0.120405,0.988837,-3.254611,5.692251,81.40894,Arch,0,0,0.5,0.5,0.5,0.5,1,1,Valid,#NAME?
06:22.1,1885,21.4549,-0.023384,1.248479,45.07027,339.1541,1.693348,358.3473,0,0,0,-0.023907,1.258242,45.08086,-0.087015,0.123765,0.988489,-3.184668,5.753931,80.98717,Arch,0,0,0.5,0.5,0.5,0.5,1,1,Valid,#NAME?
06:22.1,1886,21.4745,-0.027927,1.248855,45.25319,338.8813,1.672513,358.3342,0,0,0,-0.028454,1.258668,45.26375,-0.087444,0.126089,0.988157,-3.160639,5.775121,80.65899,Arch,0,0,0.5,0.5,0.5,0.5,1,1,Valid,#NAME?
06:22.1,1887,21.4836,-0.03021,1.249195,45.34444,338.6814,1.703591,358.3027,0,0,0,-0.030729,1.259046,45.35496,-0.086806,0.127093,0.988085,-3.132321,5.800094,80.65948,Arch,0,0,0.5,0.5,0.5,0.5,1,1,Valid,#NAME?
06:22.1,1888,21.4924,-0.03253,1.249434,45.43571,338.5374,1.72619,358.2733,0,0,0,-0.033045,1.259311,45.44621,-0.086549,0.129623,0.987779,-3.089905,5.837499,80.33394,Arch,0,0,0.5,0.5,0.5,0.5,1,1,Valid,#NAME?
06:22.1,1889,21.5051,-0.034922,1.249567,45.52696,338.4273,1.762958,358.2541,0,0,0,-0.035429,1.259464,45.53744,-0.085658,0.128768,0.987968,-3.084155,5.84257,80.70122,Arch,0,0,0.5,0.5,0.5,0.5,1,1,Valid,#NAME?
06:22.1,1890,21.5174,-0.037319,1.249761,45.61816,338.3114,1.793489,358.2487,0,0,0,-0.037819,1.259679,45.62861,-0.085012,0.129135,0.987976,-3.065587,5.858944,80.81635,Arch,0,0,0.5,0.5,0.5,0.5,1,1,Valid,#NAME?
06:22.2,1891,21.529,-0.03977,1.249829,45.70941,338.3053,1.812466,358.2661,0,0,0,-0.040268,1.259749,45.71986,-0.083584,0.126349,0.988458,-3.076454,5.849361,81.62563,Arch,0,0,0.5,0.5,0.5,0.5,1,1,Valid,#NAME?
06:22.2,1892,21.5412,-0.042295,1.249726,45.80066,338.3441,1.839987,358.286,0,0,0,-0.042789,1.259638,45.81112,-0.08302,0.125645,0.988596,-3.075836,5.849906,81.92822,Arch,0,0,0.5,0.5,0.5,0.5,1,1,Valid,#NAME?
06:22.2,1893,21.5533,-0.044823,1.249701,45.89195,338.3918,1.846974,358.3245,0,0,0,-0.045321,1.259604,45.90242,-0.082425,0.121801,0.989126,-3.123334,5.808019,82.83945,Arch,0,0,0.5,0.5,0.5,0.5,1,1,Valid,#NAME?
06:22.2,1894,21.5647,-0.047405,1.249561,45.98322,338.4757,1.860075,358.3681,0,0,0,-0.047905,1.259449,45.9937,-0.080868,0.116877,0.989849,-3.167915,5.768705,84.18335,Arch,0,0,0.5,0.5,0.5,0.5,1,1,Valid,#NAME?
06:22.2,1895,21.5723,-0.05002,1.24947,46.07453,338.5527,1.871199,358.411,0,0,0,-0.050522,1.259343,46.08503,-0.080481,0.115472,0.990045,-3.183714,5.754772,84.62856,Arch,0,0,0.5,0.5,0.5,0.5,1,1,Valid,#NAME?
06:22.2,1896,21.5841,-0.05265,1.249428,46.16581,338.6061,1.897206,358.4508,0,0,0,-0.05315,1.25929,46.17632,-0.078613,0.110514,0.990761,-3.225054,5.718317,86.15172,Arch,0,0,0.5,0.5,0.5,0.5,1,1,Valid,#NAME?
06:22.2,1897,21.6071,-0.057997,1.249311,46.34846,338.7143,1.985552,358.4825,0,0,0,-0.058481,1.259153,46.35899,-0.075925,0.104892,0.991581,-3.262372,5.685408,88.202,Arch,0,0,0.5,0.5,0.5,0.5,1,1,Valid,#NAME?
06:22.3,1898,21.6269,-0.063572,1.24928,46.53132,338.7504,2.016889,358.4994,0,0,0,-0.064053,1.259115,46.54185,-0.074172,0.098005,0.992418,-3.353293,5.605227,90.55159,Arch,0,0,0.5,0.5,0.5,0.5,1,1,Valid,#NAME?
06:22.3,1899,21.6353,-0.066345,1.249211,46.62264,338.7656,2.081418,358.4844,0,0,0,-0.066813,1.259044,46.63317,-0.073124,0.097768,0.992519,-3.33169,5.624278,90.94791,Arch,0,0,0.5,0.5,0.5,0.5,1,1,Valid,#NAME?
06:22.3,1900,21.6437,-0.06625,1.249222,46.62244,338.7839,2.183028,358.4582,0,0,0,-0.066696,1.259052,46.63298,-0.071143,0.094546,0.992975,-3.343534,5.613834,92.36955,Arch,0,0,0.5,0.5,0.5,0.5,1,1,Valid,#NAME?
06:22.3,1901,21.6563,-0.071915,1.249219,46.80529,338.8115,2.233804,358.4574,0,0,0,-0.072351,1.259043,46.81583,-0.070013,0.091409,0.993349,-3.381915,5.579987,93.77184,Arch,0,0,0.5,0.5,0.5,0.5,1,1,Valid,#NAME?
06:22.3,1902,21.6686,-0.074671,1.249108,46.89661,338.881,2.314182,358.4576,0,0,0,-0.075092,1.25892,46.90716,-0.068615,0.09021,0.993556,-3.36985,5.590627,94.616,Arch,0,0,0.5,0.5,0.5,0.5,1,1,Valid,#NAME?
06:22.3,1903,21.6804,-0.07744,1.249053,46.98795,338.9591,2.36767,358.4723,0,0,0,-0.077852,1.25885,46.99852,-0.067498,0.087805,0.993848,-3.392492,5.57066,95.80331,Arch,0,0,0.5,0.5,0.5,0.5,1,1,Valid,#NAME?
06:22.3,1904,21.6933,-0.080164,1.248952,47.0793,339.0174,2.416028,358.4722,0,0,0,-0.080566,1.258739,47.08989,-0.065903,0.084524,0.99424,-3.375715,5.484935,96.80186,None,0,0,0.5,0.5,0.5,0.5,1,1,Valid,#NAME?
06:22.3,1905,21.7152,-0.085562,1.249,47.26215,339.0582,2.53823,358.4533,0,0,0,-0.085939,1.258779,47.27274,-0.063475,0.08321,0.994508,-3.259685,5.419285,96.99816,None,0,0,0.5,0.5,0.5,0.5,1,1,Valid,#NAME?
06:22.4,1906,21.7273,-0.088165,1.248958,47.35357,339.0391,2.574391,358.4872,0,0,0,-0.088539,1.25874,47.36415,-0.0618,0.082544,0.994669,-3.178547,5.385943,97.09763,None,0,0,0.5,0.5,0.5,0.5,1,1,Valid,#NAME?
06:22.4,1907,21.7399,-0.090782,1.248984,47.44502,339.0179,2.62072,358.4683,0,0,0,-0.091146,1.258771,47.4556,-0.06104,0.081531,0.9948,-3.143123,5.335329,97.1956,None,0,0,0.5,0.5,0.5,0.5,1,1,Valid,#NAME?
06:22.4,1908,21.7523,-0.093363,1.248995,47.53649,339.0099,2.670855,358.4611,0,0,0,-0.093718,1.258783,47.54707,-0.059824,0.080906,0.994925,-3.084913,5.304101,97.2933,None,0,0,0.5,0.5,0.5,0.5,1,1,Valid,#NAME?
06:22.4,1909,21.7653,-0.095896,1.248957,47.62799,339.0534,2.707696,358.4557,0,0,0,-0.096243,1.258737,47.63858,-0.059207,0.080165,0.995022,-3.056605,5.266971,97.38966,None,0,0,0.5,0.5,0.5,0.5,1,1,Valid,#NAME?
06:22.4,1910,21.7833,-0.100821,1.248891,47.81108,339.0795,2.753408,358.4352,0,0,0,-0.101158,1.258667,47.82168,-0.059002,0.078166,0.995193,-3.051271,5.166962,97.58132,None,0,0,0.5,0.5,0.5,0.5,1,1,Valid,#NAME?
06:22.4,1911,21.7919,-0.103195,1.248898,47.90264,339.1086,2.786723,358.4121,0,0,0,-0.103523,1.258668,47.91323,-0.058535,0.077702,0.995257,-3.030295,5.143764,97.67607,None,0,0,0.5,0.5,0.5,0.5,1,1,Valid,#NAME?
06:22.4,1912,21.8167,-0.10759,1.248757,48.08564,339.2012,2.914971,358.3651,0,0,0,-0.107887,1.258512,48.09625,-0.056516,0.073811,0.99567,-2.933667,4.949043,97.87973,None,0,0,0.5,0.5,0.5,0.5,1,1,Valid,#NAME?
06:22.5,1913,21.8297,-0.109669,1.248633,48.17716,339.2695,2.979216,358.3735,0,0,0,-0.109955,1.258374,48.18779,-0.055353,0.072614,0.995823,-2.877606,4.889083,97.97894,None,0,0,0.5,0.5,0.5,0.5,1,1,Valid,#NAME?
06:22.5,1914,21.8433,-0.111691,1.248545,48.26872,339.3514,3.044356,358.3647,0,0,0,-0.111963,1.258271,48.27936,-0.054239,0.070849,0.996011,-2.823905,4.800731,98.07993,None,0,0,0.5,0.5,0.5,0.5,1,1,Valid,#NAME?
06:22.5,1915,21.8549,-0.113619,1.248451,48.36028,339.4224,3.127065,358.3234,0,0,0,-0.113873,1.258164,48.37093,-0.052921,0.069154,0.996201,-2.759907,4.715877,98.181,None,0,0,0.5,0.5,0.5,0.5,1,1,Valid,#NAME?
06:22.5,1916,21.8676,-0.117342,1.248352,48.54353,339.4903,3.243812,358.3014,0,0,0,-0.117571,1.258053,48.55419,-0.051118,0.06726,0.996425,-2.673483,4.621036,98.37544,None,0,0,0.5,0.5,0.5,0.5,1,1,Valid,#NAME?
06:22.5,1917,21.8805,-0.119049,1.248283,48.63513,339.5527,3.33726,358.2863,0,0,0,-0.119259,1.257973,48.64581,-0.049407,0.064991,0.996662,-2.589627,4.50751,98.4789,None,0,0,0.5,0.5,0.5,0.5,1,1,Valid,#NAME?
06:22.5,1918,21.8935,-0.12067,1.248217,48.72676,339.6085,3.424547,358.2745,0,0,0,-0.120863,1.257896,48.73745,-0.048146,0.06346,0.996822,-2.528174,4.430887,98.57857,None,0,0,0.5,0.5,0.5,0.5,1,1,Valid,#NAME?
06:22.5,1919,21.9062,-0.122206,1.248174,48.81838,339.6486,3.529255,358.2491,0,0,0,-0.122374,1.257846,48.82908,-0.046449,0.062809,0.996944,-2.444838,4.398318,98.67628,None,0,0,0.5,0.5,0.5,0.5,1,1,Valid,#NAME?
06:22.5,1920,21.9188,-0.12372,1.248182,48.91003,339.6939,3.623163,358.2406,0,0,0,-0.123871,1.257846,48.92073,-0.044816,0.060821,0.997142,-2.364654,4.298886,98.77785,None,0,0,0.5,0.5,0.5,0.5,1,1,Valid,#NAME?
06:22.6,1921,21.9381,-0.126499,1.248033,49.09338,339.7218,3.778929,358.2147,0,0,0,-0.126617,1.257692,49.10409,-0.042358,0.059793,0.997312,-2.244541,4.247365,98.96968,None,0,0,0.5,0.5,0.5,0.5,1,1,Valid,#NAME?
06:22.6,1922,21.9456,-0.127758,1.248012,49.18504,339.782,3.883286,358.2089,0,0,0,-0.127857,1.25766,49.19576,-0.04047,0.05765,0.997516,-2.151345,4.14015,99.07157,None,0,0,0.5,0.5,0.5,0.5,1,1,Valid,#NAME?
06:22.6,1923,21.9545,-0.127705,1.248011,49.18499,339.8158,3.939331,358.192,0,0,0,-0.127791,1.257652,49.19571,-0.039577,0.057094,0.997584,-2.106663,4.112336,99.07491,None,0,0,0.5,0.5,0.5,0.5,1,1,Valid,#NAME?
06:22.6,1924,21.9678,-0.130007,1.24792,49.36839,339.8528,4.108643,358.1794,0,0,0,-0.130058,1.257555,49.37912,-0.037012,0.056004,0.997744,-1.980663,4.057758,99.26633,None,0,0,0.5,0.5,0.5,0.5,1,1,Valid,#NAME?
06:22.6,1925,21.9794,-0.131012,1.247883,49.46008,339.8923,4.225434,358.1914,0,0,0,-0.131043,1.257511,49.47081,-0.035098,0.054853,0.997877,-1.885958,4.000178,99.36469,None,0,0,0.5,0.5,0.5,0.5,1,1,Valid,#NAME?
06:22.6,1926,21.9876,-0.130955,1.247876,49.46004,339.9151,4.264816,358.1882,0,0,0,-0.130978,1.2575,49.47078,-0.035252,0.053316,0.997955,-1.893602,3.923311,99.36854,None,0,0,0.5,0.5,0.5,0.5,1,1,Valid,#NAME?
06:22.6,1927,22.0001,-0.132793,1.247784,49.64349,339.9461,4.426635,358.1666,0,0,0,-0.132784,1.257402,49.65423,-0.032542,0.052818,0.998074,-1.759901,3.898278,99.55792,None,0,0,0.5,0.5,0.5,0.5,1,1,Valid,#NAME?
06:22.6,1928,22.0125,-0.133629,1.247788,49.73522,339.9481,4.53749,358.1432,0,0,0,-0.133596,1.257406,49.74596,-0.030913,0.051959,0.998171,-1.679248,3.855377,99.6545,None,0,0,0.5,0.5,0.5,0.5,1,1,Valid,#NAME?
06:22.6,1929,22.0248,-0.134363,1.247817,49.82694,339.9926,4.653175,358.126,0,0,0,-0.134306,1.257427,49.83769,-0.029422,0.050719,0.99828,-1.605383,3.793366,99.75166,None,0,0,0.5,0.5,0.5,0.5,1,1,Valid,#NAME?
06:22.7,1930,22.0371,-0.134932,1.247725,49.91867,340.0189,4.772657,358.0982,0,0,0,-0.13485,1.257331,49.92942,-0.027578,0.050128,0.998362,-1.513749,3.763745,99.84752,None,0,0,0.5,0.5,0.5,0.5,1,1,Valid,#NAME?
06:22.7,1931,22.0505,-0.135534,1.247733,50.01041,340.054,4.893862,358.0901,0,0,0,-0.135429,1.257332,50.02117,-0.025956,0.048953,0.998464,-1.433254,3.704984,99.94437,None,0,0,0.5,0.5,0.5,0.5,1,1,Valid,#NAME?
06:22.7,1932,22.063,-0.136,1.247688,50.10215,340.0777,5.005745,358.0786,0,0,0,-0.13587,1.257283,50.11292,-0.024454,0.048583,0.99852,-1.358553,3.686416,100.0389,None,0,0,0.5,0.5,0.5,0.5,1,1,Valid,#NAME?
06:22.7,1933,22.0762,-0.136398,1.247685,50.19389,340.1067,5.127175,358.081,0,0,0,-0.136248,1.257275,50.20466,-0.022323,0.048076,0.998594,-1.252408,3.661083,100.1344,None,0,0,0.5,0.5,0.5,0.5,1,1,Valid,#NAME?
06:22.7,1934,22.0943,-0.136999,1.247707,50.37741,340.1313,5.301636,358.092,0,0,0,-0.136816,1.257292,50.38818,-0.019619,0.047318,0.998687,-1.117786,3.623183,100.3225,None,0,0,0.5,0.5,0.5,0.5,1,1,Valid,#NAME?
06:22.7,1935,22.1022,-0.137135,1.247637,50.46915,340.1684,5.414492,358.1057,0,0,0,-0.136931,1.257214,50.47993,-0.017579,0.046651,0.998757,-1.015894,3.58976,100.4178,None,0,0,0.5,0.5,0.5,0.5,1,1,Valid,#NAME?
06:22.7,1936,22.1101,-0.137119,1.247609,50.46914,340.1939,5.430918,358.1294,0,0,0,-0.136913,1.257181,50.47992,-0.017168,0.046165,0.998786,-0.995335,3.565434,100.4192,None,0,0,0.5,0.5,0.5,0.5,1,1,Valid,#NAME?
06:22.7,1937,22.1235,-0.137222,1.247557,50.65265,340.2219,5.603573,358.1297,0,0,0,-0.136984,1.257124,50.66344,-0.014635,0.045764,0.998845,-0.868726,3.545318,100.6057,None,0,0,0.5,0.5,0.5,0.5,1,1,Valid,#NAME?
06:22.8,1938,22.1365,-0.13707,1.24748,50.74442,340.2502,5.691174,358.1378,0,0,0,-0.136814,1.257042,50.75521,-0.013489,0.045291,0.998883,-0.811271,3.521571,100.6993,None,0,0,0.5,0.5,0.5,0.5,1,1,Valid,#NAME?
06:22.8,1939,22.1493,-0.136957,1.247492,50.83618,340.2667,5.766273,358.145,0,0,0,-0.13669,1.25705,50.84698,-0.012325,0.044923,0.998914,-0.752942,3.50319,100.7927,None,0,0,0.5,0.5,0.5,0.5,1,1,Valid,#NAME?
06:22.8,1940,22.1631,-0.13674,1.247431,50.92793,340.2952,5.841268,358.1624,0,0,0,-0.136457,1.256984,50.93873,-0.011566,0.044525,0.998941,-0.71477,3.483218,100.8858,None,0,0,0.5,0.5,0.5,0.5,1,1,Valid,#NAME?
06:22.8,1941,22.1764,-0.136507,1.247388,51.01967,340.3393,5.896861,358.2046,0,0,0,-0.136217,1.256932,51.03048,-0.011154,0.043657,0.998984,-0.693935,3.439758,100.9797,None,0,0,0.5,0.5,0.5,0.5,1,1,Valid,#NAME?
06:22.8,1942,22.1889,-0.136255,1.247335,51.11139,340.3814,5.938512,358.2573,0,0,0,-0.135962,1.25687,51.1222,-0.01116,0.042974,0.999014,-0.693986,3.405586,101.0729,None,0,0,0.5,0.5,0.5,0.5,1,1,Valid,#NAME?
06:22.8,1943,22.1977,-0.135847,1.24725,51.20309,340.3996,5.983074,358.2763,0,0,0,-0.135548,1.256782,51.21391,-0.010284,0.042624,0.999038,-0.649764,3.388001,101.1658,None,0,0,0.5,0.5,0.5,0.5,1,1,Valid,#NAME?
06:22.8,1944,22.2208,-0.135117,1.247311,51.38654,340.4178,6.044666,358.3455,0,0,0,-0.134811,1.256838,51.39735,-0.009944,0.042374,0.999052,-0.632004,3.37553,101.35,None,0,0,0.5,0.5,0.5,0.5,1,1,Valid,#NAME?
06:22.9,1945,22.2333,-0.134625,1.247299,51.47823,340.403,6.089017,358.3508,0,0,0,-0.134312,1.256829,51.48904,-0.010066,0.042858,0.999031,-0.637603,3.39971,101.4406,None,0,0,0.5,0.5,0.5,0.5,1,1,Valid,#NAME?
06:22.9,1946,22.252,-0.133514,1.247332,51.66154,340.4073,6.192609,358.3767,0,0,0,-0.133184,1.25686,51.67236,-0.00913,0.042976,0.999034,-0.589695,3.405678,101.6241,None,0,0,0.5,0.5,0.5,0.5,1,1,Valid,#NAME?
06:22.9,1947,22.2604,-0.132904,1.247336,51.75318,340.4355,6.233423,358.394,0,0,0,-0.132567,1.256859,51.764,-0.008327,0.042455,0.999064,-0.548932,3.379595,101.7172,None,0,0,0.5,0.5,0.5,0.5,1,1,Valid,#NAME?
06:22.9,1948,22.2691,-0.132233,1.24727,51.84479,340.4671,6.275469,358.4231,0,0,0,-0.131891,1.256786,51.85561,-0.00814,0.042103,0.99908,-0.538885,3.361937,101.8096,None,0,0,0.5,0.5,0.5,0.5,1,1,Valid,#NAME?
06:22.9,1949,22.2816,-0.131577,1.247223,51.93636,340.4956,6.292029,358.4738,0,0,0,-0.131235,1.256734,51.94719,-0.008758,0.041747,0.99909,-0.569133,3.344097,101.9017,None,0,0,0.5,0.5,0.5,0.5,1,1,Valid,#NAME?
06:22.9,1950,22.294,-0.130865,1.247157,52.02794,340.5071,6.311686,358.4927,0,0,0,-0.130522,1.256666,52.03878,-0.009572,0.041744,0.999082,-0.609135,3.343871,101.9929,None,0,0,0.5,0.5,0.5,0.5,1,1,Valid,#NAME?
06:22.9,1951,22.3063,-0.130152,1.247151,52.11951,340.5256,6.321051,358.5212,0,0,0,-0.129808,1.256656,52.13034,-0.009261,0.041368,0.999101,-0.592844,3.325055,102.0854,None,0,0,0.5,0.5,0.5,0.5,1,1,Valid,#NAME?
06:22.9,1952,22.3192,-0.129437,1.24716,52.21103,340.523,6.345883,358.5582,0,0,0,-0.129093,1.256665,52.22187,-0.009959,0.041632,0.999084,-0.627046,3.338254,102.176,None,0,0,0.5,0.5,0.5,0.5,1,1,Valid,#NAME?
06:23.0,1953,22.3323,-0.128643,1.247133,52.30253,340.5063,6.343653,358.5693,0,0,0,-0.1283,1.25664,52.31337,-0.011538,0.041863,0.999057,-0.705187,3.349796,102.2662,None,0,0,0.5,0.5,0.5,0.5,1,1,Valid,#NAME?
06:23.0,1954,22.3446,-0.126938,1.247216,52.48553,340.4442,6.382617,358.5599,0,0,0,-0.126589,1.256735,52.49636,-0.012281,0.043118,0.998994,-0.740641,3.412654,102.4461,None,0,0,0.5,0.5,0.5,0.5,1,1,Valid,#NAME?
06:23.0,1955,22.3572,-0.125956,1.247123,52.57692,340.4183,6.411097,358.5802,0,0,0,-0.125605,1.256647,52.58775,-0.011997,0.043345,0.998988,-0.725455,3.423902,102.5372,None,0,0,0.5,0.5,0.5,0.5,1,1,Valid,#NAME?
06:23.0,1956,22.3703,-0.124966,1.2471,52.66832,340.4835,6.45316,358.593,0,0,0,-0.124607,1.256611,52.67915,-0.012427,0.042448,0.999022,-0.74598,3.379007,102.6302,None,0,0,0.5,0.5,0.5,0.5,1,1,Valid,#NAME?
06:23.0,1957,22.3836,-0.123957,1.247094,52.75972,340.5436,6.49369,358.6077,0,0,0,-0.123589,1.256594,52.77057,-0.011641,0.041378,0.999076,-0.70562,3.325483,102.7243,None,0,0,0.5,0.5,0.5,0.5,1,1,Valid,#NAME?
06:23.0,1958,22.401,-0.121723,1.247057,52.9425,340.6031,6.507288,358.5565,0,0,0,-0.121347,1.256546,52.95335,-0.013799,0.040969,0.999065,-0.81132,3.305003,102.9066,None,0,0,0.5,0.5,0.5,0.5,1,1,Valid,#NAME?
06:23.0,1959,22.4092,-0.121731,1.247017,52.9425,340.6143,6.519289,358.5176,0,0,0,-0.121349,1.256505,52.95335,-0.013789,0.040859,0.99907,-0.810775,3.299443,102.9068,None,0,0,0.5,0.5,0.5,0.5,1,1,Valid,#NAME?
06:23.0,1960,22.4178,-0.120489,1.247027,53.03387,340.6295,6.553857,358.5382,0,0,0,-0.120102,1.256512,53.04473,-0.013629,0.040598,0.999083,-0.801536,3.28642,102.9989,None,0,0,0.5,0.5,0.5,0.5,1,1,Valid,#NAME?
06:23.1,1961,22.4293,-0.119173,1.247005,53.12522,340.627,6.590106,358.5587,0,0,0,-0.118782,1.25649,53.13608,-0.012892,0.040597,0.999092,-0.763363,3.286354,103.0907,None,0,0,0.5,0.5,0.5,0.5,1,1,Valid,#NAME?
06:23.1,1962,22.441,-0.117855,1.247037,53.21659,340.5929,6.633504,358.5484,0,0,0,-0.117456,1.256529,53.22744,-0.012699,0.041229,0.999069,-0.752385,3.317964,103.1809,None,0,0,0.5,0.5,0.5,0.5,1,1,Valid,#NAME?
06:23.1,1963,22.4527,-0.116482,1.247097,53.30796,340.5649,6.663579,358.5088,0,0,0,-0.116072,1.256595,53.3188,-0.012929,0.041994,0.999034,-0.762533,3.356282,103.2705,None,0,0,0.5,0.5,0.5,0.5,1,1,Valid,#NAME?
06:23.1,1964,22.4652,-0.115027,1.247072,53.3993,340.5585,6.728272,358.4715,0,0,0,-0.114601,1.256571,53.41014,-0.012513,0.042538,0.999017,-0.740245,3.383482,103.361,None,0,0,0.5,0.5,0.5,0.5,1,1,Valid,#NAME?
06:23.1,1965,22.477,-0.113514,1.247102,53.49064,340.5612,6.797958,358.4521,0,0,0,-0.113073,1.2566,53.50148,-0.011396,0.042533,0.99903,-0.682894,3.383249,103.453,None,0,0,0.5,0.5,0.5,0.5,1,1,Valid,#NAME?
06:23.1,1966,22.4887,-0.111973,1.247102,53.58197,340.559,6.845626,358.4514,0,0,0,-0.111525,1.256601,53.59281,-0.011017,0.042924,0.999018,-0.66239,3.402799,103.5437,None,0,0,0.5,0.5,0.5,0.5,1,1,Valid,#NAME?
06:23.1,1967,22.5006,-0.10877,1.24706,53.76455,340.5841,6.929062,358.4149,0,0,0,-0.108301,1.256555,53.77539,-0.010203,0.042901,0.999027,-0.618434,3.401611,103.7267,None,0,0,0.5,0.5,0.5,0.5,1,1,Valid,#NAME?
06:23.1,1968,22.5131,-0.107069,1.247044,53.85586,340.6176,6.985079,358.3998,0,0,0,-0.106588,1.256533,53.86671,-0.009721,0.042571,0.999046,-0.592646,3.385082,103.819,None,0,0,0.5,0.5,0.5,0.5,1,1,Valid,#NAME?
06:23.1,1969,22.5254,-0.105307,1.247028,53.94719,340.65,7.04599,358.4131,0,0,0,-0.104815,1.256511,53.95803,-0.009106,0.042267,0.999065,-0.560108,3.369841,103.9113,None,0,0,0.5,0.5,0.5,0.5,1,1,Valid,#NAME?
06:23.2,1970,22.5369,-0.103499,1.246925,54.03848,340.6581,7.090439,358.4369,0,0,0,-0.103001,1.256406,54.04934,-0.008209,0.042075,0.999081,-0.51345,3.360145,104.0034,None,0,0,0.5,0.5,0.5,0.5,1,1,Valid,#NAME?
06:23.2,1971,22.5553,-0.101646,1.246896,54.1298,340.6732,7.13006,358.4325,0,0,0,-0.101139,1.256374,54.14065,-0.007989,0.041632,0.999101,-0.500581,3.337977,104.0957,None,0,0,0.5,0.5,0.5,0.5,1,1,Valid,#NAME?
06:23.2,1972,22.5631,-0.099766,1.246902,54.22115,340.695,7.184033,358.3898,0,0,0,-0.099245,1.256377,54.23201,-0.007752,0.041573,0.999105,-0.486859,3.335013,104.1873,None,0,0,0.5,0.5,0.5,0.5,1,1,Valid,#NAME?
06:23.2,1973,22.5713,-0.097918,1.24682,54.3125,340.7162,7.208734,358.3467,0,0,0,-0.097387,1.256291,54.32336,-0.007539,0.0413,0.999118,-0.47434,3.321305,104.2793,None,0,0,0.5,0.5,0.5,0.5,1,1,Valid,#NAME?
06:23.2,1974,22.5841,-0.096031,1.246832,54.40387,340.7599,7.217445,358.3217,0,0,0,-0.095497,1.256295,54.41474,-0.007618,0.040313,0.999158,-0.476407,3.271924,104.3726,None,0,0,0.5,0.5,0.5,0.5,1,1,Valid,#NAME?
06:23.2,1975,22.5951,-0.094063,1.246751,54.4952,340.7993,7.202044,358.3472,0,0,0,-0.093533,1.256206,54.50607,-0.008864,0.04019,0.999153,-0.536709,3.265724,104.4637,None,0,0,0.5,0.5,0.5,0.5,1,1,Valid,#NAME?
06:23.2,1976,22.6044,-0.092016,1.246706,54.58646,340.8191,7.203068,358.3715,0,0,0,-0.091488,1.256157,54.59734,-0.008787,0.039571,0.999178,-0.530837,3.234695,104.5562,None,0,0,0.5,0.5,0.5,0.5,1,1,Valid,#NAME?
06:23.2,1977,22.6159,-0.089891,1.246644,54.67771,340.8972,7.197179,358.4787,0,0,0,-0.089371,1.256079,54.6886,-0.008338,0.037985,0.999244,-0.506277,3.15533,104.6508,None,0,0,0.5,0.5,0.5,0.5,1,1,Valid,#NAME?
06:23.3,1978,22.6283,-0.087687,1.246476,54.76894,340.9932,7.197205,358.5753,0,0,0,-0.087173,1.255892,54.77985,-0.008408,0.036354,0.999304,-0.507579,3.073614,104.745,None,0,0,0.5,0.5,0.5,0.5,1,1,Valid,#NAME?
06:23.3,1979,22.6396,-0.085438,1.246386,54.86015,341.0824,7.220024,358.6135,0,0,0,-0.084923,1.255784,54.87108,-0.008512,0.034708,0.999361,-0.510539,2.991208,104.8391,None,0,0,0.5,0.5,0.5,0.5,1,1,Valid,#NAME?
06:23.3,1980,22.6512,-0.083118,1.246298,54.9514,341.1218,7.262929,358.5806,0,0,0,-0.08259,1.255689,54.96233,-0.008371,0.034065,0.999385,-0.501136,2.958938,104.9316,None,0,0,0.5,0.5,0.5,0.5,1,1,Valid,#NAME?
06:23.3,1981,22.6631,-0.080746,1.246128,55.04266,341.1856,7.345078,358.5364,0,0,0,-0.080196,1.255507,55.0536,-0.007158,0.03306,0.999428,-0.438092,2.908531,105.025,None,0,0,0.5,0.5,0.5,0.5,1,1,Valid,#NAME?
06:23.3,1982,22.6747,-0.078304,1.246129,55.13389,341.2271,7.398293,358.5042,0,0,0,-0.077742,1.2555,55.14484,-0.006961,0.032693,0.999441,-0.425792,2.890165,105.1169,None,0,0,0.5,0.5,0.5,0.5,1,1,Valid,#NAME?
06:23.3,1983,22.6859,-0.075792,1.246112,55.22512,341.2482,7.464991,358.4863,0,0,0,-0.075216,1.25548,55.23607,-0.00652,0.032635,0.999446,-0.401215,2.887218,105.2084,None,0,0,0.5,0.5,0.5,0.5,1,1,Valid,#NAME?
06:23.3,1984,22.6974,-0.073227,1.246046,55.31635,341.2778,7.531363,358.4754,0,0,0,-0.072634,1.255408,55.3273,-0.006062,0.032472,0.999454,-0.375754,2.879033,105.3,None,0,0,0.5,0.5,0.5,0.5,1,1,Valid,#NAME?
06:23.3,1985,22.7147,-0.068031,1.245987,55.49858,341.3061,7.623497,358.464,0,0,0,-0.067419,1.255344,55.50953,0.002889,0.036867,0.999316,0.077009,3.098699,105.4753,None,0,0,0.5,0.5,0.5,0.5,1,1,Valid,#NAME?
06:23.3,1986,22.7235,-0.065273,1.245911,55.58974,341.3333,7.715458,358.4224,0,0,0,-0.06464,1.255264,55.6007,0.004288,0.036486,0.999325,0.149739,3.079556,105.5669,None,0,0,0.5,0.5,0.5,0.5,1,1,Valid,#NAME?
06:23.4,1987,22.7316,-0.065182,1.245773,55.58981,341.3911,7.754634,358.3882,0,0,0,-0.064537,1.255115,55.60077,0.172101,0.040498,0.984247,5.435393,2.54932,87.05486,Arch,0,0,0.5,0.5,0.5,0.5,1,1,Valid,#NAME?
06:23.4,1988,22.7429,-0.062422,1.245689,55.68093,341.4528,7.811635,358.3387,0,0,0,-0.06176,1.25502,55.6919,0.172847,0.039391,0.984161,5.445872,2.510176,87.05139,Arch,0,0,0.5,0.5,0.5,0.5,1,1,Valid,#NAME?
06:23.4,1989,22.7558,-0.056822,1.245628,55.86416,341.535,7.912204,358.2926,0,0,0,-0.056135,1.254944,55.87514,0.141152,0.030604,0.989515,5.461639,2.451277,94.55625,Arch,0,0,0.5,0.5,0.5,0.5,1,1,Valid,#NAME?
06:23.4,1990,22.7665,-0.056719,1.24548,55.86427,341.5945,7.975871,358.2651,0,0,0,-0.056015,1.254785,55.87526,0.276841,-0.006778,0.960892,5.820446,1.1109,76.272,Arch,0,0,0.5,0.5,0.5,0.5,1,1,Valid,#NAME?
06:23.4,1991,22.7769,-0.053699,1.245429,55.95593,341.6641,8.114679,358.224,0,0,0,-0.052963,1.254721,55.96693,0.274857,-0.003767,0.961478,5.803431,1.174461,76.45317,Arch,0,0,0.5,0.5,0.5,0.5,1,1,Valid,#NAME?
06:23.4,1992,22.789,-0.047712,1.245378,56.13906,341.6926,8.322569,358.1958,0,0,0,-0.046934,1.254665,56.15007,0.278193,-0.004324,0.960515,5.806313,1.163694,76.35953,Arch,0,0,0.5,0.5,0.5,0.5,1,1,Valid,#NAME?
06:23.4,1993,22.7993,-0.047445,1.245259,56.13919,341.7441,8.535857,358.1898,0,0,0,-0.046625,1.254536,56.1502,0.351242,-0.044578,0.935223,5.986981,0.488786,72.2154,Arch,0,0,0.5,0.5,0.5,0.5,1,1,Valid,#NAME?
06:23.4,1994,22.8068,-0.044277,1.24523,56.23074,341.7575,8.70386,358.2344,0,0,0,-0.043428,1.254504,56.24175,0.354241,-0.044652,0.934088,5.985433,0.494566,72.13908,Arch,0,0,0.5,0.5,0.5,0.5,1,1,Valid,#NAME?
06:23.4,1995,22.8195,-0.04093,1.245217,56.32233,341.7893,8.977522,358.218,0,0,0,-0.040026,1.254486,56.33334,0.382468,-0.056591,0.922234,6.022122,0.357509,70.95084,Arch,0,0,0.5,0.5,0.5,0.5,1,1,Valid,#NAME?
06:23.5,1996,22.8303,-0.037622,1.245104,56.41393,341.8133,9.192461,358.2342,0,0,0,-0.036676,1.254367,56.42494,0.424689,-0.058533,0.903445,2.773262,0.867086,62.40256,可移动汽车模型 (2),0,0,0.5,0.5,0.5,0.5,1,1,Valid,#NAME?
06:23.5,1997,22.8417,-0.034235,1.245071,56.5055,341.8622,9.427409,358.2232,0,0,0,-0.033243,1.254325,56.51651,0.453588,-0.070274,0.888436,2.770912,0.819878,62.00897,可移动汽车模型 (2),0,0,0.5,0.5,0.5,0.5,1,1,Valid,#NAME?
06:23.5,1998,22.8525,-0.030828,1.245012,56.59703,341.9214,9.63119,358.2296,0,0,0,-0.029797,1.254254,56.60805,0.456772,-0.071225,0.886728,2.771136,0.817502,62.04549,可移动汽车模型 (2),0,0,0.5,0.5,0.5,0.5,1,1,Valid,#NAME?
06:23.5,1999,22.8831,-0.020529,1.244657,56.87148,342.147,10.24251,358.095,0,0,0,-0.01936,1.253858,56.88252,0.463914,-0.073544,0.882822,2.772037,0.811342,62.19451,可移动汽车模型 (2),0,0,0.5,0.5,0.5,0.5,1,1,Valid,#NAME?
06:23.5,2000,22.8928,-0.016859,1.244567,56.96295,342.2376,10.50498,358.2256,0,0,0,-0.01565,1.253748,56.974,0.468704,-0.074396,0.880217,2.77214,0.811252,62.20942,可移动汽车模型 (2),0,0,0.5,0.5,0.5,0.5,1,1,Valid,#NAME?
06:23.5,2001,22.9019,-0.013098,1.24426,57.05449,342.34,10.89196,358.156,0,0,0,-0.011805,1.253423,57.06555,0.468473,-0.070176,0.880686,2.772688,0.836312,62.30014,可移动汽车模型 (2),0,0,0.5,0.5,0.5,0.5,1,1,Valid,#NAME?
06:23.5,2002,22.9124,-0.009375,1.244027,57.14599,342.4297,11.21298,358.0472,0,0,0,-0.008005,1.253174,57.15705,0.472748,-0.072199,0.878235,2.772829,0.828479,62.32308,可移动汽车模型 (2),0,0,0.5,0.5,0.5,0.5,1,1,Valid,#NAME?
06:23.5,2003,22.9237,-0.005857,1.243954,57.23741,342.4581,11.33029,358.013,0,0,0,-0.004461,1.253096,57.24847,0.474339,-0.072838,0.877324,2.773211,0.826564,62.38597,可移动汽车模型 (2),0,0,0.5,0.5,0.5,0.5,1,1,Valid,#NAME?
06:23.6,2004,22.9343,-0.002012,1.244175,57.32878,342.4388,11.57417,357.9992,0,0,0,-0.00057,1.253321,57.33984,0.477994,-0.072585,0.875359,2.77342,0.83208,62.41989,可移动汽车模型 (2),0,0,0.5,0.5,0.5,0.5,1,1,Valid,#NAME?
06:23.6,2005,22.9455,0.001858,1.244081,57.42022,342.4678,11.84393,358.2575,0,0,0,0.003332,1.253218,57.43128,0.483593,-0.071806,0.872343,2.773474,0.841895,62.42828,可移动汽车模型 (2),0,0,0.5,0.5,0.5,0.5,1,1,Valid,#NAME?
06:23.6,2006,22.9564,0.006069,1.243935,57.51175,342.5925,12.30921,358.2024,0,0,0,0.007641,1.253048,57.52281,0.522461,-0.075847,0.849284,2.770999,0.851883,62.01477,可移动汽车模型 (2),0,0,0.5,0.5,0.5,0.5,1,1,Valid,#NAME?
06:23.6,2007,22.967,0.009977,1.243845,57.60317,342.6453,12.53456,358.2394,0,0,0,0.011591,1.252947,57.61424,0.529088,-0.0752,0.845228,2.771048,0.860741,62.02253,可移动汽车模型 (2),0,0,0.5,0.5,0.5,0.5,1,1,Valid,#NAME?
06:23.6,2008,22.9784,0.013893,1.243771,57.69458,342.7011,12.75309,358.2011,0,0,0,0.015554,1.252862,57.70565,0.537084,-0.074114,0.840267,2.771016,0.872626,62.01657,可移动汽车模型 (2),0,0,0.5,0.5,0.5,0.5,1,1,Valid,#NAME?
06:23.6,2009,22.9903,0.017626,1.24385,57.78602,342.7079,12.86586,358.1823,0,0,0,0.01931,1.25294,57.79708,0.53863,-0.074333,0.839257,2.771433,0.873138,62.08526,可移动汽车模型 (2),0,0,0.5,0.5,0.5,0.5,1,1,Valid,#NAME?
06:23.6,2010,23.0005,0.021475,1.243746,57.87746,342.7227,13.01943,358.2493,0,0,0,0.023186,1.252833,57.88853,0.546178,-0.072552,0.834521,2.771451,0.887767,62.08768,可移动汽车模型 (2),0,0,0.5,0.5,0.5,0.5,1,1,Valid,#NAME?
06:23.6,2011,23.0095,0.021606,1.24371,57.87754,342.7224,13.08461,358.3139,0,0,0,0.023323,1.252796,57.88861,0.551308,-0.069596,0.831394,2.771119,0.905918,62.03239,可移动汽车模型 (2),0,0,0.5,0.5,0.5,0.5,1,1,Valid,#NAME?
06:23.7,2012,23.0266,0.029251,1.243664,58.06025,342.7562,13.2568,358.3037,0,0,0,0.031002,1.252744,58.07132,0.553344,-0.067692,0.830198,2.772034,0.917427,62.18377,可移动汽车模型 (2),0,0,0.5,0.5,0.5,0.5,1,1,Valid,#NAME?
06:23.7,2013,23.0347,0.03315,1.243527,58.15164,342.7903,13.35192,358.3452,0,0,0,0.034918,1.252599,58.1627,0.554936,-0.068006,0.829109,2.772453,0.917123,62.25276,可移动汽车模型 (2),0,0,0.5,0.5,0.5,0.5,1,1,Valid,#NAME?
06:23.7,2014,23.0438,0.033312,1.24344,58.1517,342.8436,13.45883,358.3377,0,0,0,0.035103,1.252502,58.16277,0.553982,-0.067519,0.829787,2.772515,0.918868,62.26303,可移动汽车模型 (2),0,0,0.5,0.5,0.5,0.5,1,1,Valid,#NAME?
06:23.7,2015,23.0545,0.037291,1.243398,58.24302,342.8843,13.59863,358.3428,0,0,0,0.03911,1.252452,58.2541,0.556021,-0.068154,0.828369,2.772903,0.917357,62.32695,可移动汽车模型 (2),0,0,0.5,0.5,0.5,0.5,1,1,Valid,#NAME?
06:23.7,2016,23.0651,0.041273,1.243294,58.33436,342.9366,13.72518,358.389,0,0,0,0.043114,1.252337,58.34544,0.556564,-0.067874,0.828028,2.773389,0.919373,62.40741,可移动汽车模型 (2),0,0,0.5,0.5,0.5,0.5,1,1,Valid,#NAME?
06:23.7,2017,23.0753,0.045309,1.243294,58.42565,342.9689,13.839,358.4118,0,0,0,0.047171,1.252331,58.43673,0.552457,-0.064951,0.831007,2.77418,0.931722,62.5387,可移动汽车模型 (2),0,0,0.5,0.5,0.5,0.5,1,1,Valid,#NAME?
06:23.7,2018,23.0855,0.049398,1.24329,58.51694,342.9762,13.94613,358.4312,0,0,0,0.051279,1.252325,58.52802,0.55411,-0.064961,0.829905,2.774591,0.933058,62.60679,可移动汽车模型 (2),0,0,0.5,0.5,0.5,0.5,1,1,Valid,#NAME?
06:23.7,2019,23.0959,0.053463,1.243232,58.60823,342.9962,14.03599,358.4649,0,0,0,0.055359,1.252263,58.61931,0.553343,-0.063536,0.830527,2.775164,0.939968,62.70154,可移动汽车模型 (2),0,0,0.5,0.5,0.5,0.5,1,1,Valid,#NAME?
06:23.7,2020,23.1062,0.057585,1.243237,58.69948,342.996,14.09867,358.4867,0,0,0,0.05949,1.252268,58.71056,0.551841,-0.060084,0.831782,2.775787,0.956519,62.8048,可移动汽车模型 (2),0,0,0.5,0.5,0.5,0.5,1,1,Valid,#NAME?
06:23.7,2021,23.117,0.061731,1.243265,58.79072,343.0065,14.17005,358.4835,0,0,0,0.063654,1.252293,58.8018,0.552857,-0.060275,0.831093,2.776238,0.956554,62.87955,可移动汽车模型 (2),0,0,0.5,0.5,0.5,0.5,1,1,Valid,#NAME?
06:23.8,2022,23.1273,0.065874,1.243196,58.88201,343.0234,14.2424,358.4838,0,0,0,0.06781,1.252222,58.89309,0.552371,-0.059038,0.831505,2.776791,0.962685,62.97102,可移动汽车模型 (2),0,0,0.5,0.5,0.5,0.5,1,1,Valid,#NAME?
06:23.8,2023,23.1378,0.070097,1.243229,58.97321,343.045,14.31809,358.4797,0,0,0,0.072048,1.252249,58.98429,0.550339,-0.056737,0.833011,2.777442,0.973339,63.07927,可移动汽车模型 (2),0,0,0.5,0.5,0.5,0.5,1,1,Valid,#NAME?
06:23.8,2024,23.1488,0.074348,1.243265,59.0644,343.0706,14.41934,358.4776,0,0,0,0.076321,1.25228,59.07548,0.551793,-0.057169,0.832019,2.777864,0.972384,63.14899,可移动汽车模型 (2),0,0,0.5,0.5,0.5,0.5,1,1,Valid,#NAME?
06:23.8,2025,23.1604,0.078604,1.243126,59.15561,343.0602,14.51556,358.4638,0,0,0,0.080595,1.252144,59.16669,0.551374,-0.055496,0.83241,2.778411,0.98061,63.23959,可移动汽车模型 (2),0,0,0.5,0.5,0.5,0.5,1,1,Valid,#NAME?
06:23.8,2026,23.177,0.082924,1.243165,59.24675,343.0647,14.58161,358.4649,0,0,0,0.084929,1.252182,59.25783,0.550479,-0.053479,0.833134,2.778988,0.990454,63.33521,可移动汽车模型 (2),0,0,0.5,0.5,0.5,0.5,1,1,Valid,#NAME?
06:23.8,2027,23.1859,0.087236,1.243212,59.33792,343.0575,14.65608,358.4523,0,0,0,0.089256,1.25223,59.349,0.549422,-0.050992,0.833988,2.779578,1.002541,63.43273,可移动汽车模型 (2),0,0,0.5,0.5,0.5,0.5,1,1,Valid,#NAME?
06:23.8,2028,23.2012,0.095932,1.243176,59.52021,343.0649,14.7022,358.5006,0,0,0,0.097956,1.252192,59.53128,0.547859,-0.048103,0.835187,2.780712,1.01664,63.62103,可移动汽车模型 (2),0,0,0.5,0.5,0.5,0.5,1,1,Valid,#NAME?
06:23.8,2029,23.2114,0.100344,1.243163,59.61134,343.0618,14.71773,358.5312,0,0,0,0.102369,1.252179,59.62241,0.545799,-0.04542,0.836684,2.781366,1.029242,63.72919,可移动汽车模型 (2),0,0,0.5,0.5,0.5,0.5,1,1,Valid,#NAME?
06:23.8,2030,23.2193,0.100351,1.24316,59.61133,343.0674,14.70688,358.5506,0,0,0,0.102373,1.252175,59.6224,0.545737,-0.04541,0.836726,2.78137,1.02926,63.72985,可移动汽车模型 (2),0,0,0.5,0.5,0.5,0.5,1,1,Valid,#NAME?
06:23.9,2031,23.2297,0.104794,1.243182,59.70244,343.0943,14.73993,358.5613,0,0,0,0.106821,1.252192,59.71352,0.545212,-0.044541,0.837114,2.78192,1.033649,63.82085,可移动汽车模型 (2),0,0,0.5,0.5,0.5,0.5,1,1,Valid,#NAME?
06:23.9,2032,23.2388,0.109251,1.243128,59.79356,343.0891,14.76257,358.561,0,0,0,0.111282,1.252139,59.80463,0.545542,-0.044456,0.836904,2.782413,1.034469,63.90235,可移动汽车模型 (2),0,0,0.5,0.5,0.5,0.5,1,1,Valid,#NAME?
06:23.9,2033,23.249,0.113766,1.243129,59.88465,343.1036,14.80764,358.5572,0,0,0,0.115809,1.252137,59.89572,0.543586,-0.042253,0.838289,2.783055,1.044809,64.00901,可移动汽车模型 (2),0,0,0.5,0.5,0.5,0.5,1,1,Valid,#NAME?
06:23.9,2034,23.2602,0.11829,1.243091,59.97576,343.0792,14.84027,358.5681,0,0,0,0.120335,1.252103,59.98682,0.542045,-0.039389,0.839426,2.783674,1.058566,64.11135,可移动汽车模型 (2),0,0,0.5,0.5,0.5,0.5,1,1,Valid,#NAME?
06:23.9,2035,23.271,0.122868,1.24312,60.06682,343.0779,14.85773,358.5795,0,0,0,0.124916,1.252132,60.07789,0.542356,-0.039309,0.839229,2.784165,1.059397,64.19274,可移动汽车模型 (2),0,0,0.5,0.5,0.5,0.5,1,1,Valid,#NAME?
06:23.9,2036,23.2831,0.127482,1.243159,60.15787,343.0813,14.87563,358.5937,0,0,0,0.129532,1.252172,60.16893,0.539851,-0.036443,0.840972,2.784843,1.072921,64.30534,可移动汽车模型 (2),0,0,0.5,0.5,0.5,0.5,1,1,Valid,#NAME?
06:23.9,2037,23.2933,0.132061,1.243071,60.24891,343.0955,14.83249,358.6313,0,0,0,0.134102,1.252079,60.25998,0.537987,-0.034966,0.842228,2.78548,1.079755,64.41076,可移动汽车模型 (2),0,0,0.5,0.5,0.5,0.5,1,1,Valid,#NAME?
06:23.9,2038,23.3045,0.136736,1.243069,60.33992,343.0982,14.81674,358.6324,0,0,0,0.138771,1.252077,60.351,0.537761,-0.035005,0.842371,2.786005,1.079756,64.49773,可移动汽车模型 (2),0,0,0.5,0.5,0.5,0.5,1,1,Valid,#NAME?
06:23.9,2039,23.3158,0.141434,1.243104,60.43093,343.1332,14.80894,358.6328,0,0,0,0.143471,1.252106,60.44201,0.53418,-0.03156,0.844782,2.786757,1.095939,64.62225,可移动汽车模型 (2),0,0,0.5,0.5,0.5,0.5,1,1,Valid,#NAME?
06:24.0,2040,23.3349,0.150976,1.243086,60.61294,343.1245,14.82086,358.6341,0,0,0,0.153013,1.252089,60.62402,0.533243,-0.030552,0.84541,2.787836,1.101129,64.8013,可移动汽车模型 (2),0,0,0.5,0.5,0.5,0.5,1,1,Valid,#NAME?
06:24.0,2041,23.343,0.150951,1.243029,60.61293,343.1513,14.78336,358.6304,0,0,0,0.152983,1.252027,60.62402,0.529904,-0.028727,0.847571,2.788061,1.109176,64.83878,可移动汽车模型 (2),0,0,0.5,0.5,0.5,0.5,1,1,Valid,#NAME?
06:24.0,2042,23.3514,0.155771,1.243043,60.7039,343.1547,14.77516,358.63,0,0,0,0.157801,1.25204,60.71498,0.52978,-0.028785,0.847647,2.78858,1.109102,64.92422,可移动汽车模型 (2),0,0,0.5,0.5,0.5,0.5,1,1,Valid,#NAME?
06:24.0,2043,23.3597,0.16061,1.243003,60.79488,343.1621,14.76765,358.6351,0,0,0,0.16264,1.251998,60.80597,0.52688,-0.027164,0.849506,2.789284,1.116577,65.04099,可移动汽车模型 (2),0,0,0.5,0.5,0.5,0.5,1,1,Valid,#NAME?
06:24.0,2044,23.3711,0.165489,1.243013,60.88585,343.1504,14.74522,358.6344,0,0,0,0.167515,1.252011,60.89693,0.523603,-0.024991,0.851596,2.790015,1.126842,65.1622,可移动汽车模型 (2),0,0,0.5,0.5,0.5,0.5,1,1,Valid,#NAME?
06:24.0,2045,23.3821,0.170422,1.243043,60.9768,343.1321,14.74024,358.6404,0,0,0,0.172443,1.252045,60.98788,0.52356,-0.024657,0.851632,2.790524,1.128748,65.24651,可移动汽车模型 (2),0,0,0.5,0.5,0.5,0.5,1,1,Valid,#NAME?
06:24.0,2046,23.3934,0.175402,1.24303,61.06774,343.1351,14.72234,358.6304,0,0,0,0.177422,1.25203,61.07882,0.520482,-0.023067,0.853561,2.79124,1.136188,65.36533,可移动汽车模型 (2),0,0,0.5,0.5,0.5,0.5,1,1,Valid,#NAME?
06:24.0,2047,23.4051,0.180418,1.243058,61.15866,343.1134,14.72585,358.6206,0,0,0,0.182438,1.252063,61.16974,0.520491,-0.022751,0.853564,2.791745,1.138006,65.4488,可移动汽车模型 (2),0,0,0.5,0.5,0.5,0.5,1,1,Valid,#NAME?
06:24.0,2048,23.4157,0.185516,1.243099,61.25013,343.1058,14.7225,358.6081,0,0,0,0.187536,1.252106,61.26121,0.515701,-0.018534,0.856568,2.792585,1.158481,65.58813,可移动汽车模型 (2),0,0,0.5,0.5,0.5,0.5,1,1,Valid,#NAME?
06:24.0,2049,23.4267,0.190643,1.24305,61.34156,343.09,14.72991,358.5938,0,0,0,0.192667,1.25206,61.35263,0.515747,-0.018336,0.856545,2.793087,1.159611,65.67137,可移动汽车模型 (2),0,0,0.5,0.5,0.5,0.5,1,1,Valid,#NAME?
06:24.1,2050,23.4379,0.195824,1.243096,61.43298,343.0778,14.74697,358.5796,0,0,0,0.197851,1.252109,61.44405,0.51327,-0.016179,0.858075,2.793767,1.170284,65.78384,可移动汽车模型 (2),0,0,0.5,0.5,0.5,0.5,1,1,Valid,#NAME?
06:24.1,2051,23.449,0.201059,1.243101,61.5244,343.0633,14.76077,358.5688,0,0,0,0.203089,1.252117,61.53547,0.511635,-0.014567,0.85908,2.794386,1.178337,65.88648,可移动汽车模型 (2),0,0,0.5,0.5,0.5,0.5,1,1,Valid,#NAME?
06:24.1,2052,23.46,0.206289,1.243143,61.61582,343.0674,14.77786,358.5526,0,0,0,0.208324,1.252158,61.62689,0.510698,-0.013643,0.859652,2.794956,1.183057,65.98094,可移动汽车模型 (2),0,0,0.5,0.5,0.5,0.5,1,1,Valid,#NAME?
06:24.1,2053,23.4713,0.211561,1.243088,61.70718,343.0482,14.79346,358.5341,0,0,0,0.2136,1.252107,61.71824,0.510848,-0.013406,0.859567,2.795449,1.184354,66.06253,可移动汽车模型 (2),0,0,0.5,0.5,0.5,0.5,1,1,Valid,#NAME?
06:24.1,2054,23.4886,0.216908,1.243141,61.79855,343.0328,14.81871,358.5039,0,0,0,0.218952,1.252163,61.80962,0.507136,-0.010353,0.861804,2.796214,1.199548,66.18929,可移动汽车模型 (2),0,0,0.5,0.5,0.5,0.5,1,1,Valid,#NAME?
06:24.1,2055,23.4967,0.222271,1.243195,61.88993,343.0222,14.84215,358.4796,0,0,0,0.224323,1.25222,61.90099,0.506141,-0.009736,0.862396,2.796787,1.202734,66.28411,可移动汽车模型 (2),0,0,0.5,0.5,0.5,0.5,1,1,Valid,#NAME?
06:24.1,2056,23.5054,0.227663,1.243143,61.98132,342.9874,14.85176,358.4632,0,0,0,0.229717,1.252175,61.99237,0.506213,-0.009223,0.86236,2.797283,1.205394,66.36636,可移动汽车模型 (2),0,0,0.5,0.5,0.5,0.5,1,1,Valid,#NAME?
06:24.1,2057,23.5157,0.233103,1.243241,62.07265,342.9729,14.87228,358.4593,0,0,0,0.235159,1.252276,62.0837,0.504148,-0.006635,0.863592,2.79793,1.21855,66.47366,可移动汽车模型 (2),0,0,0.5,0.5,0.5,0.5,1,1,Valid,#NAME?
06:24.1,2058,23.5269,0.238567,1.243339,62.16401,342.9804,14.9023,358.4225,0,0,0,0.240635,1.252373,62.17506,0.502586,-0.004558,0.864515,2.798542,1.229177,66.575,可移动汽车模型 (2),0,0,0.5,0.5,0.5,0.5,1,1,Valid,#NAME?
06:24.2,2059,23.5378,0.244047,1.24325,62.25531,342.9505,14.90795,358.4496,0,0,0,0.246111,1.25229,62.26635,0.502794,-0.003935,0.864398,2.799026,1.232309,66.6553,可移动汽车模型 (2),0,0,0.5,0.5,0.5,0.5,1,1,Valid,#NAME?
06:24.2,2060,23.5488,0.249584,1.243272,62.34661,342.952,14.91636,358.4266,0,0,0,0.251652,1.252312,62.35765,0.502817,-0.004062,0.864383,2.799524,1.231729,66.73765,可移动汽车模型 (2),0,0,0.5,0.5,0.5,0.5,1,1,Valid,#NAME?
06:24.2,2061,23.5602,0.255133,1.243339,62.43792,342.9839,14.94474,358.4072,0,0,0,0.25721,1.252372,62.44897,0.499792,-0.001544,0.866144,2.800238,1.244516,66.85606,可移动汽车模型 (2),0,0,0.5,0.5,0.5,0.5,1,1,Valid,#NAME?
06:24.2,2062,23.5712,0.260714,1.243251,62.52922,342.9655,14.94449,358.3979,0,0,0,0.262791,1.252288,62.54026,0.495332,0.001773,0.868702,2.801057,1.261374,66.99182,可移动汽车模型 (2),0,0,0.5,0.5,0.5,0.5,1,1,Valid,#NAME?
06:24.2,2063,23.5821,0.266327,1.243279,62.62051,342.9679,14.97141,358.3828,0,0,0,0.268412,1.252316,62.63155,0.495673,0.001668,0.868508,2.801529,1.260838,67.07002,可移动汽车模型 (2),0,0,0.5,0.5,0.5,0.5,1,1,Valid,#NAME?
06:24.2,2064,23.5933,0.271999,1.24326,62.7118,342.9596,14.98468,358.3746,0,0,0,0.274084,1.252299,62.72284,0.494294,0.003213,0.869289,2.802125,1.268734,67.16878,可移动汽车模型 (2),0,0,0.5,0.5,0.5,0.5,1,1,Valid,#NAME?
06:24.2,2065,23.6045,0.277695,1.243255,62.80307,342.9316,15.00632,358.3612,0,0,0,0.279785,1.252299,62.81411,0.492225,0.005717,0.87045,2.802771,1.2816,67.27576,可移动汽车模型 (2),0,0,0.5,0.5,0.5,0.5,1,1,Valid,#NAME?
06:24.2,2066,23.6167,0.283438,1.243326,62.89433,342.9392,15.02861,358.3574,0,0,0,0.285534,1.252369,62.90536,0.48975,0.003999,0.871854,2.803447,1.272927,67.38775,可移动汽车模型 (2),0,0,0.5,0.5,0.5,0.5,1,1,Valid,#NAME?
06:24.3,2067,23.635,0.29501,1.243331,63.07686,342.9023,15.08878,358.367,0,0,0,0.297113,1.252381,63.08788,0.492817,0.008764,0.870089,2.80421,1.296968,67.51427,可移动汽车模型 (2),0,0,0.5,0.5,0.5,0.5,1,1,Valid,#NAME?
06:24.3,2068,23.6507,0.30084,1.243332,63.16811,342.8856,15.11192,358.367,0,0,0,0.302948,1.252386,63.17914,0.483029,0.001253,0.875604,2.805424,1.258875,67.71547,可移动汽车模型 (2),0,0,0.5,0.5,0.5,0.5,1,1,Valid,#NAME?
06:24.3,2069,23.6596,0.306728,1.243407,63.25933,342.8691,15.14245,358.3564,0,0,0,0.308844,1.252463,63.27036,0.483448,0.001489,0.875372,2.805885,1.260154,67.79172,可移动汽车模型 (2),0,0,0.5,0.5,0.5,0.5,1,1,Valid,#NAME?
06:24.3,2070,23.6679,0.312674,1.243396,63.35053,342.8388,15.17247,358.3299,0,0,0,0.314795,1.252459,63.36154,0.483258,0.001218,0.875477,2.80639,1.258739,67.87535,可移动汽车模型 (2),0,0,0.5,0.5,0.5,0.5,1,1,Valid,#NAME?
06:24.3,2071,23.6759,0.3127,1.243425,63.35049,342.8523,15.18649,358.3096,0,0,0,0.314827,1.252485,63.3615,0.483382,0.000909,0.875409,2.80638,1.25717,67.87373,可移动汽车模型 (2),0,0,0.5,0.5,0.5,0.5,1,1,Valid,#NAME?
06:24.3,2072,23.6844,0.31863,1.24345,63.4417,342.8683,15.21498,358.3003,0,0,0,0.320763,1.252508,63.45271,0.477006,-0.005659,0.878882,2.807348,1.223007,68.03424,可移动汽车模型 (2),0,0,0.5,0.5,0.5,0.5,1,1,Valid,#NAME?
06:24.3,2073,23.6932,0.324598,1.243402,63.53289,342.8807,15.24901,358.293,0,0,0,0.32674,1.252457,63.54391,0.477494,-0.005899,0.878616,2.807801,1.221808,68.1092,可移动汽车模型 (2),0,0,0.5,0.5,0.5,0.5,1,1,Valid,#NAME?
06:24.3,2074,23.7046,0.330622,1.243417,63.62407,342.8736,15.28732,358.2673,0,0,0,0.332773,1.252474,63.63509,0.47144,-0.009097,0.881851,2.808749,1.204695,68.26652,可移动汽车模型 (2),0,0,0.5,0.5,0.5,0.5,1,1,Valid,#NAME?
06:24.3,2075,23.716,0.336662,1.243463,63.71525,342.8693,15.32481,358.2584,0,0,0,0.338821,1.252521,63.72626,0.468033,-0.011019,0.883642,2.8095,1.19435,68.39089,可移动汽车模型 (2),0,0,0.5,0.5,0.5,0.5,1,1,Valid,#NAME?
06:24.4,2076,23.7268,0.342754,1.243477,63.80643,342.8416,15.37199,358.252,0,0,0,0.344921,1.252541,63.81743,0.461477,-0.014079,0.887041,2.810499,1.177319,68.55671,可移动汽车模型 (2),0,0,0.5,0.5,0.5,0.5,1,1,Valid,#NAME?
06:24.4,2077,23.7379,0.348877,1.243536,63.89759,342.8175,15.42192,358.2492,0,0,0,0.351053,1.252604,63.90859,0.462238,-0.013677,0.886651,2.810925,1.179821,68.62704,可移动汽车模型 (2),0,0,0.5,0.5,0.5,0.5,1,1,Valid,#NAME?
06:24.4,2078,23.7488,0.355028,1.243554,63.98875,342.7826,15.46173,358.2645,0,0,0,0.357208,1.252629,63.99974,0.458571,-0.01501,0.888531,2.8117,1.17229,68.75558,可移动汽车模型 (2),0,0,0.5,0.5,0.5,0.5,1,1,Valid,#NAME?
06:24.4,2079,23.7601,0.361176,1.243513,64.0799,342.765,15.49043,358.2674,0,0,0,0.36336,1.252592,64.09089,0.454988,-0.01665,0.890342,2.812471,1.162966,68.88342,可移动汽车模型 (2),0,0,0.5,0.5,0.5,0.5,1,1,Valid,#NAME?
06:24.4,2080,23.771,0.367361,1.243546,64.17104,342.7627,15.52581,358.2673,0,0,0,0.369553,1.252625,64.18202,0.453415,-0.017405,0.89113,2.813081,1.15883,68.98447,可移动汽车模型 (2),0,0,0.5,0.5,0.5,0.5,1,1,Valid,#NAME?
06:24.4,2081,23.7824,0.373577,1.243578,64.26216,342.7575,15.55816,358.2779,0,0,0,0.375774,1.252658,64.27315,0.45397,-0.017281,0.890849,2.813518,1.159861,69.05685,可移动汽车模型 (2),0,0,0.5,0.5,0.5,0.5,1,1,Valid,#NAME?
06:24.4,2082,23.7934,0.379803,1.243522,64.35329,342.7543,15.59274,358.2796,0,0,0,0.382006,1.252603,64.36427,0.448941,-0.019467,0.893349,2.814408,1.14713,69.20452,可移动汽车模型 (2),0,0,0.5,0.5,0.5,0.5,1,1,Valid,#NAME?
06:24.4,2083,23.8106,0.38607,1.243541,64.44439,342.7702,15.60419,358.3011,0,0,0,0.388275,1.252618,64.45538,0.446951,-0.020349,0.894327,2.815053,1.142128,69.31123,可移动汽车模型 (2),0,0,0.5,0.5,0.5,0.5,1,1,Valid,#NAME?
06:24.4,2084,23.8199,0.392349,1.243537,64.53548,342.7586,15.60619,358.328,0,0,0,0.394552,1.252615,64.54646,0.442822,-0.018831,0.896412,2.815878,1.149649,69.44799,可移动汽车模型 (2),0,0,0.5,0.5,0.5,0.5,1,1,Valid,#NAME?
06:24.5,2085,23.8279,0.398628,1.243526,64.62659,342.7893,15.6087,358.3576,0,0,0,0.400829,1.252598,64.63758,0.443005,-0.019265,0.896312,2.816341,1.147554,69.52478,可移动汽车模型 (2),0,0,0.5,0.5,0.5,0.5,1,1,Valid,#NAME?
06:24.5,2086,23.8377,0.404938,1.243477,64.71767,342.7765,15.57027,358.4014,0,0,0,0.407126,1.252552,64.72866,0.362239,0.002313,0.932082,2.824924,1.267991,70.94994,可移动汽车模型 (2),0,0,0.5,0.5,0.5,0.5,1,1,Valid,#NAME?
06:24.5,2087,23.8492,0.411249,1.243511,64.80876,342.8095,15.52938,358.4359,0,0,0,0.413427,1.252578,64.81976,0.18358,0.031728,0.982493,5.545102,2.139492,92.28363,Arch,0,0,0.5,0.5,0.5,0.5,1,1,Valid,#NAME?
06:24.5,2088,23.8601,0.41762,1.243469,64.89987,342.8066,15.4897,358.4619,0,0,0,0.419788,1.252536,64.91087,0.183018,0.031741,0.982597,5.544603,2.141353,92.42529,Arch,0,0,0.5,0.5,0.5,0.5,1,1,Valid,#NAME?
06:24.5,2089,23.8709,0.424002,1.243444,64.99096,342.797,15.45423,358.477,0,0,0,0.426163,1.252514,65.00196,0.048696,0.04566,0.997769,2.860975,3.535525,114.8904,None,0,0,0.5,0.5,0.5,0.5,1,1,Valid,#NAME?
06:24.5,2090,23.8831,0.430393,1.243452,65.08202,342.7947,15.38888,358.5218,0,0,0,0.432537,1.252521,65.09302,0.043056,0.040105,0.998267,2.585344,3.257755,115.0064,None,0,0,0.5,0.5,0.5,0.5,1,1,Valid,#NAME?
06:24.5,2091,23.8938,0.436867,1.243457,65.17309,342.8075,15.36303,358.547,0,0,0,0.439003,1.252524,65.1841,0.042722,0.039794,0.998294,2.575093,3.242234,115.0988,None,0,0,0.5,0.5,0.5,0.5,1,1,Valid,#NAME?
06:24.5,2092,23.9047,0.443325,1.24347,65.26415,342.8,15.30045,358.5869,0,0,0,0.445448,1.252537,65.27516,0.023837,0.04091,0.998879,1.637303,3.298029,115.2191,None,0,0,0.5,0.5,0.5,0.5,1,1,Valid,#NAME?
06:24.5,2093,23.9157,0.449808,1.243514,65.35519,342.7827,15.24312,358.6531,0,0,0,0.451912,1.252583,65.3662,-0.046383,0.052265,0.997556,-1.867215,3.865827,115.244,None,0,0,0.5,0.5,0.5,0.5,1,1,Valid,#NAME?
06:24.6,2094,23.9268,0.456266,1.243526,65.44624,342.7522,15.15083,358.7339,0,0,0,0.458345,1.252601,65.45725,0.018227,0.027303,0.999461,1.36967,2.617742,115.4303,None,0,0,0.5,0.5,0.5,0.5,1,1,Valid,#NAME?
06:24.6,2095,23.9377,0.462767,1.243594,65.53726,342.7278,15.07045,358.7958,0,0,0,0.464821,1.252672,65.54827,0.017114,0.027464,0.999476,1.320531,2.625863,115.5221,None,0,0,0.5,0.5,0.5,0.5,1,1,Valid,#NAME?
06:24.6,2096,23.9508,0.469299,1.243642,65.62826,342.7152,14.98292,358.8802,0,0,0,0.471331,1.252721,65.63927,-0.04955,0.037533,0.998066,-2.006175,3.129391,115.5426,None,0,0,0.5,0.5,0.5,0.5,1,1,Valid,#NAME?
06:24.6,2097,23.968,0.482767,1.24366,65.81022,342.6944,14.94369,358.9106,0,0,0,0.484787,1.252743,65.82124,0.011201,0.025156,0.999621,1.044845,2.51056,115.8023,None,0,0,0.5,0.5,0.5,0.5,1,1,Valid,#NAME?
06:24.6,2098,23.976,0.482523,1.243615,65.81022,342.6935,14.81891,359.0571,0,0,0,0.484507,1.252696,65.82124,0.009187,0.021098,0.999735,0.943836,2.307611,115.808,None,0,0,0.5,0.5,0.5,0.5,1,1,Valid,#NAME?
06:24.6,2099,23.9837,0.489094,1.243639,65.90118,342.6856,14.67455,359.1461,0,0,0,0.491039,1.25272,65.91221,0.007099,0.020867,0.999757,0.845969,2.296091,115.9001,None,0,0,0.5,0.5,0.5,0.5,1,1,Valid,#NAME?
06:24.6,2100,23.9935,0.495709,1.243627,65.99212,342.6793,14.52262,359.2063,0,0,0,0.49762,1.252708,66.00316,-0.014271,0.01966,0.999705,-0.215944,2.235703,115.9884,None,0,0,0.5,0.5,0.5,0.5,1,1,Valid,#NAME?
06:24.6,2101,24.0044,0.50218,1.24361,66.08305,342.7351,14.30015,359.3437,0,0,0,0.504038,1.252678,66.09411,-0.011861,0.017252,0.999781,-0.089037,2.115283,116.0832,None,0,0,0.5,0.5,0.5,0.5,1,1,Valid,#NAME?
06:24.6,2102,24.0156,0.508858,1.243602,66.17398,342.7367,14.19326,359.3979,0,0,0,0.510691,1.252669,66.18504,-0.013461,0.016992,0.999765,-0.16235,2.102278,116.1733,None,0,0,0.5,0.5,0.5,0.5,1,1,Valid,#NAME?
06:24.7,2103,24.0275,0.515595,1.243527,66.26488,342.7314,14.07894,359.4146,0,0,0,0.517403,1.252595,66.27596,-0.005317,0.017204,0.999838,0.251551,2.112809,116.2679,None,0,0,0.5,0.5,0.5,0.5,1,1,Valid,#NAME?
06:24.7,2104,24.0379,0.522333,1.243545,66.3558,342.7393,13.97371,359.4633,0,0,0,0.524118,1.25261,66.36687,-0.005079,0.018024,0.999825,0.27019,2.153805,116.3581,None,0,0,0.5,0.5,0.5,0.5,1,1,Valid,#NAME?
06:24.7,2105,24.0508,0.529083,1.243593,66.44669,342.7506,13.86485,359.5156,0,0,0,0.530844,1.252656,66.45776,-0.006722,0.017617,0.999822,0.194766,2.133528,116.4489,None,0,0,0.5,0.5,0.5,0.5,1,1,Valid,#NAME?
06:24.7,2106,24.0603,0.535843,1.243531,66.53755,342.7505,13.73439,359.5704,0,0,0,0.537573,1.252593,66.54863,-0.007302,0.018021,0.999811,0.172478,2.153653,116.5392,None,0,0,0.5,0.5,0.5,0.5,1,1,Valid,#NAME?
06:24.7,2107,24.071,0.542561,1.243538,66.62842,342.745,13.5839,359.6241,0,0,0,0.544256,1.2526,66.6395,-0.009139,0.01733,0.999808,0.087283,2.119121,116.6299,None,0,0,0.5,0.5,0.5,0.5,1,1,Valid,#NAME?
06:24.7,2108,24.0823,0.549274,1.243565,66.71928,342.7701,13.43757,359.6449,0,0,0,0.55094,1.252622,66.73037,-0.011244,0.016562,0.9998,-0.011278,2.080705,116.7204,None,0,0,0.5,0.5,0.5,0.5,1,1,Valid,#NAME?
06:24.7,2109,24.0941,0.555973,1.243553,66.81011,342.7704,13.31557,359.6639,0,0,0,0.557615,1.252609,66.82121,-0.01328,0.016479,0.999776,-0.106383,2.076576,116.81,None,0,0,0.5,0.5,0.5,0.5,1,1,Valid,#NAME?
06:24.7,2110,24.1047,0.562777,1.243367,66.90149,342.7988,13.2017,359.676,0,0,0,0.564396,1.252418,66.9126,-0.014886,0.015497,0.999769,-0.179893,2.027272,116.901,None,0,0,0.5,0.5,0.5,0.5,1,1,Valid,#NAME?
06:24.7,2111,24.1213,0.569515,1.243486,66.99283,342.8149,13.11925,359.6757,0,0,0,0.571119,1.252534,67.00394,-0.016011,0.015492,0.999752,-0.229424,2.027129,116.9915,None,0,0,0.5,0.5,0.5,0.5,1,1,Valid,#NAME?
06:24.8,2112,24.13,0.576283,1.243417,67.08415,342.8311,13.04107,359.6418,0,0,0,0.577875,1.252462,67.09527,-0.018816,0.015031,0.99971,-0.362942,2.004024,117.0808,None,0,0,0.5,0.5,0.5,0.5,1,1,Valid,#NAME?
06:24.8,2113,24.1385,0.583004,1.243381,67.17545,342.8388,12.97424,359.6603,0,0,0,0.584581,1.252424,67.18658,-0.019891,0.014826,0.999692,-0.409983,1.99371,117.1712,None,0,0,0.5,0.5,0.5,0.5,1,1,Valid,#NAME?
06:24.8,2114,24.1488,0.589691,1.243403,67.26673,342.9018,12.87718,359.6786,0,0,0,0.591251,1.252434,67.27786,-0.021079,0.013653,0.999685,-0.462679,1.935091,117.2621,None,0,0,0.5,0.5,0.5,0.5,1,1,Valid,#NAME?
06:24.8,2115,24.16,0.596376,1.243304,67.35801,342.9265,12.77649,359.6715,0,0,0,0.597918,1.25233,67.36915,-0.023808,0.01324,0.999629,-0.592507,1.914322,117.3506,None,0,0,0.5,0.5,0.5,0.5,1,1,Valid,#NAME?
06:24.8,2116,24.1716,0.602999,1.243285,67.44927,342.9571,12.66846,359.6602,0,0,0,0.604521,1.252305,67.46042,-0.025747,0.012768,0.999587,-0.682828,1.89068,117.4398,None,0,0,0.5,0.5,0.5,0.5,1,1,Valid,#NAME?
06:24.8,2117,24.1823,0.609585,1.243256,67.54053,342.9766,12.5777,359.6472,0,0,0,0.611092,1.252273,67.55168,-0.027932,0.012586,0.999531,-0.785518,1.881555,117.5282,None,0,0,0.5,0.5,0.5,0.5,1,1,Valid,#NAME?
06:24.8,2118,24.1934,0.616148,1.243254,67.63177,343.0046,12.47466,359.6551,0,0,0,0.617636,1.252265,67.64292,-0.029958,0.012221,0.999477,-0.880267,1.863336,117.6167,None,0,0,0.5,0.5,0.5,0.5,1,1,Valid,#NAME?
06:24.8,2119,24.2042,0.622713,1.243192,67.72298,343.0203,12.37838,359.6566,0,0,0,0.624182,1.2522,67.73414,-0.03163,0.011949,0.999428,-0.9573,1.849658,117.7056,None,0,0,0.5,0.5,0.5,0.5,1,1,Valid,#NAME?
06:24.8,2120,24.2155,0.629238,1.24317,67.81418,343.0378,12.27922,359.6317,0,0,0,0.63069,1.252174,67.82535,-0.033034,0.01131,0.99939,-1.021011,1.817686,117.7949,None,0,0,0.5,0.5,0.5,0.5,1,1,Valid,#NAME?
06:24.8,2121,24.2266,0.635721,1.24305,67.90537,343.0341,12.16853,359.6327,0,0,0,0.637152,1.252055,67.91654,-0.034382,0.009313,0.999365,-1.081966,1.717703,117.8848,None,0,0,0.5,0.5,0.5,0.5,1,1,Valid,#NAME?
06:24.9,2122,24.2386,0.642126,1.243093,67.99656,343.0797,12.04065,359.6353,0,0,0,0.643532,1.25209,68.00774,-0.036241,0.007029,0.999318,-1.168501,1.60356,117.9737,None,0,0,0.5,0.5,0.5,0.5,1,1,Valid,#NAME?
06:24.9,2123,24.2487,0.648586,1.243042,68.08771,343.0559,11.95037,359.6104,0,0,0,0.649977,1.252043,68.09888,-0.037939,0.007534,0.999252,-1.246991,1.628741,118.0615,None,0,0,0.5,0.5,0.5,0.5,1,1,Valid,#NAME?
06:24.9,2124,24.26,0.654985,1.242978,68.17885,343.0917,11.83428,359.615,0,0,0,0.656353,1.251972,68.19003,-0.0395,0.006402,0.999199,-1.31867,1.572089,118.15,None,0,0,0.5,0.5,0.5,0.5,1,1,Valid,#NAME?
06:24.9,2125,24.2773,0.661327,1.243007,68.26997,343.126,11.73958,359.5887,0,0,0,0.662682,1.251995,68.28117,-0.040502,0.004883,0.999167,-1.362425,1.496121,118.2395,None,0,0,0.5,0.5,0.5,0.5,1,1,Valid,#NAME?
06:24.9,2126,24.2848,0.667643,1.243021,68.36108,343.1272,11.64776,359.5831,0,0,0,0.66898,1.252009,68.37227,-0.041176,0.003854,0.999145,-1.389812,1.444687,118.3295,None,0,0,0.5,0.5,0.5,0.5,1,1,Valid,#NAME?
06:24.9,2127,24.2931,0.673983,1.242986,68.45274,343.1229,11.55394,359.5752,0,0,0,0.675301,1.251975,68.46393,-0.042851,0.003958,0.999074,-1.467273,1.449852,118.4176,None,0,0,0.5,0.5,0.5,0.5,1,1,Valid,#NAME?
06:24.9,2128,24.3045,0.680229,1.243019,68.54435,343.126,11.42006,359.5837,0,0,0,0.681521,1.252007,68.55555,-0.043879,0.002768,0.999033,-1.512409,1.39041,118.5072,None,0,0,0.5,0.5,0.5,0.5,1,1,Valid,#NAME?
06:24.9,2129,24.3155,0.686468,1.243072,68.63595,343.1321,11.31183,359.6098,0,0,0,0.687737,1.252058,68.64716,-0.045635,0.002561,0.998955,-1.594012,1.380084,118.5949,None,0,0,0.5,0.5,0.5,0.5,1,1,Valid,#NAME?
06:24.9,2130,24.3267,0.692686,1.242932,68.72753,343.136,11.22487,359.5996,0,0,0,0.693937,1.251919,68.73874,-0.046808,0.001964,0.998902,-1.646466,1.350136,118.6838,None,0,0,0.5,0.5,0.5,0.5,1,1,Valid,#NAME?
06:25.0,2131,24.3382,0.698805,1.242897,68.81909,343.1543,11.121,359.56,0,0,0,0.700041,1.25188,68.8303,-0.048817,0.001815,0.998806,-1.740828,1.342608,118.7706,None,0,0,0.5,0.5,0.5,0.5,1,1,Valid,#NAME?
06:25.0,2132,24.3491,0.704886,1.242877,68.91064,343.1672,11.00157,359.5601,0,0,0,0.706099,1.251858,68.92186,-0.048819,0.00162,0.998806,-1.734851,1.332843,118.8622,None,0,0,0.5,0.5,0.5,0.5,1,1,Valid,#NAME?
06:25.0,2133,24.3599,0.71092,1.242833,69.00217,343.174,10.88926,359.5461,0,0,0,0.712112,1.251812,69.01339,-0.050846,0.00156,0.998705,-1.83021,1.329827,118.9487,None,0,0,0.5,0.5,0.5,0.5,1,1,Valid,#NAME?
06:25.0,2134,24.3714,0.71685,1.242782,69.09367,343.1845,10.73971,359.5592,0,0,0,0.718012,1.251759,69.10489,-0.052513,0.0012,0.99862,-1.907634,1.311779,119.0359,None,0,0,0.5,0.5,0.5,0.5,1,1,Valid,#NAME?
06:25.0,2135,24.3824,0.722748,1.242781,69.18515,343.1991,10.62242,359.5662,0,0,0,0.723888,1.251755,69.19638,-0.053406,0.000662,0.998573,-1.946406,1.284853,119.125,None,0,0,0.5,0.5,0.5,0.5,1,1,Valid,#NAME?
06:25.0,2136,24.3933,0.728598,1.242781,69.27662,343.2094,10.49726,359.5653,0,0,0,0.729712,1.251753,69.28786,-0.054868,-0.00005,0.998494,-2.013694,1.249265,119.2125,None,0,0,0.5,0.5,0.5,0.5,1,1,Valid,#NAME?
06:25.0,2137,24.4045,0.73436,1.242691,69.36805,343.2421,10.37306,359.5694,0,0,0,0.735451,1.251657,69.37929,-0.057012,-0.00062,0.998373,-2.115145,1.220663,119.298,None,0,0,0.5,0.5,0.5,0.5,1,1,Valid,#NAME?
06:25.0,2138,24.4155,0.740078,1.242694,69.45948,343.2854,10.23741,359.5813,0,0,0,0.741144,1.251651,69.47073,-0.057469,-0.002247,0.998345,-2.132285,1.139298,119.388,None,0,0,0.5,0.5,0.5,0.5,1,1,Valid,#NAME?
06:25.1,2139,24.4325,0.745743,1.242594,69.5509,343.2956,10.10323,359.5891,0,0,0,0.746782,1.251549,69.56216,-0.058332,-0.002903,0.998293,-2.169819,1.106423,119.4768,None,0,0,0.5,0.5,0.5,0.5,1,1,Valid,#NAME?
06:25.1,2140,24.4405,0.751314,1.24258,69.64231,343.3156,9.958494,359.5844,0,0,0,0.752325,1.251532,69.65357,-0.059571,-0.003688,0.998217,-2.226208,1.067137,119.5644,None,0,0,0.5,0.5,0.5,0.5,1,1,Valid,#NAME?
06:25.1,2141,24.4487,0.756796,1.242599,69.73371,343.3297,9.79151,359.6086,0,0,0,0.757771,1.251547,69.74497,-0.062357,-0.00402,0.998046,-2.360101,1.05055,119.6473,None,0,0,0.5,0.5,0.5,0.5,1,1,Valid,#NAME?
06:25.1,2142,24.4598,0.762199,1.242619,69.82509,343.3326,9.61435,359.5888,0,0,0,0.763142,1.251567,69.83636,-0.065357,-0.004046,0.997854,-2.504686,1.049252,119.729,None,0,0,0.5,0.5,0.5,0.5,1,1,Valid,#NAME?
06:25.1,2143,24.4711,0.767529,1.242532,69.91646,343.3388,9.43485,359.5955,0,0,0,0.768436,1.251478,69.92773,-0.06708,-0.004904,0.997736,-2.585583,1.006275,119.8145,None,0,0,0.5,0.5,0.5,0.5,1,1,Valid,#NAME?
06:25.1,2144,24.482,0.772806,1.242561,70.00836,343.3445,9.241218,359.5867,0,0,0,0.773676,1.251506,70.01964,-0.070496,-0.004966,0.9975,-2.751139,1.003188,119.8946,None,0,0,0.5,0.5,0.5,0.5,1,1,Valid,#NAME?
06:25.1,2145,24.4933,0.778,1.24258,70.10028,343.3321,9.036283,359.628,0,0,0,0.778824,1.251528,70.11156,-0.072297,-0.005412,0.997369,-2.836027,0.980917,119.98,None,0,0,0.5,0.5,0.5,0.5,1,1,Valid,#NAME?
06:25.1,2146,24.5045,0.783104,1.242671,70.19218,343.3021,8.810534,359.6515,0,0,0,0.783882,1.251624,70.20345,-0.074113,-0.005812,0.997233,-2.921776,0.961041,120.0651,None,0,0,0.5,0.5,0.5,0.5,1,1,Valid,#NAME?
06:25.1,2147,24.5153,0.788084,1.242887,70.28412,343.3025,8.585928,359.6938,0,0,0,0.788815,1.251839,70.29539,-0.077806,-0.005978,0.996951,-3.101504,0.952925,120.1429,None,0,0,0.5,0.5,0.5,0.5,1,1,Valid,#NAME?
06:25.1,2148,24.5267,0.793001,1.242873,70.376,343.1836,8.280059,359.8319,0,0,0,0.793655,1.251846,70.38727,-0.081372,-0.004481,0.996674,-3.274963,1.027784,120.221,None,0,0,0.5,0.5,0.5,0.5,1,1,Valid,#NAME?
06:25.2,2149,24.5461,0.802523,1.24295,70.55968,343.1091,7.738072,359.9504,0,0,0,0.803059,1.251936,70.57095,-0.088592,-0.003599,0.996062,-3.626518,1.071988,120.374,None,0,0,0.5,0.5,0.5,0.5,1,1,Valid,#NAME?
06:25.2,2150,24.5544,0.802309,1.242932,70.55971,343.0894,7.546593,359.9114,0,0,0,0.802811,1.251922,70.57097,-0.090599,-0.003118,0.995883,-3.72712,1.096029,120.3651,None,0,0,0.5,0.5,0.5,0.5,1,1,Valid,#NAME?
06:25.2,2151,24.5621,0.807003,1.242837,70.6515,343.1443,7.318295,359.9386,0,0,0,0.807457,1.251816,70.66277,-0.094428,-0.004152,0.995523,-3.913934,1.044225,120.4389,None,0,0,0.5,0.5,0.5,0.5,1,1,Valid,#NAME?
06:25.2,2152,24.5709,0.81155,1.242784,70.74327,343.2091,7.08523,359.9421,0,0,0,0.81196,1.25175,70.75456,-0.098056,-0.005205,0.995167,-4.090821,0.991513,120.5129,None,0,0,0.5,0.5,0.5,0.5,1,1,Valid,#NAME?
06:25.2,2153,24.5881,0.816013,1.242697,70.83501,343.2661,6.839339,359.9801,0,0,0,0.816372,1.251652,70.84631,-0.099583,-0.006865,0.995006,-4.162775,0.908381,120.5966,None,0,0,0.5,0.5,0.5,0.5,1,1,Valid,#NAME?
06:25.2,2154,24.5964,0.820402,1.242643,70.92674,343.3598,6.660448,359.9921,0,0,0,0.820726,1.251579,70.93806,-0.101219,-0.008751,0.994826,-4.240242,0.814006,120.6793,None,0,0,0.5,0.5,0.5,0.5,1,1,Valid,#NAME?
06:25.2,2155,24.6053,0.824778,1.242537,71.01846,343.3995,6.469088,0.050948,0,0,0,0.82506,1.251463,71.02979,-0.104241,-0.009641,0.994506,-4.386994,0.7694,120.7551,None,0,0,0.5,0.5,0.5,0.5,1,1,Valid,#NAME?
06:25.2,2156,24.6155,0.829027,1.242533,71.11017,343.4398,6.261513,0.087183,0,0,0,0.829266,1.251451,71.12149,-0.105772,-0.010883,0.994331,-4.459356,0.707313,120.838,None,0,0,0.5,0.5,0.5,0.5,1,1,Valid,#NAME?
06:25.3,2157,24.6284,0.83322,1.242442,71.20186,343.4607,6.052904,0.103275,0,0,0,0.833416,1.251356,71.21319,-0.108233,-0.011772,0.994056,-4.578253,0.662734,120.916,None,0,0,0.5,0.5,0.5,0.5,1,1,Valid,#NAME?
06:25.3,2158,24.6378,0.837296,1.242422,71.29353,343.4991,5.854432,0.118735,0,0,0,0.837452,1.251328,71.30487,-0.111598,-0.012482,0.993675,-4.742428,0.627218,120.9886,None,0,0,0.5,0.5,0.5,0.5,1,1,Valid,#NAME?
06:25.3,2159,24.6494,0.841318,1.242435,71.3852,343.5609,5.709964,0.130264,0,0,0,0.841446,1.251328,71.39655,-0.111628,-0.013914,0.993653,-4.739932,0.555643,121.0792,None,0,0,0.5,0.5,0.5,0.5,1,1,Valid,#NAME?
06:25.3,2160,24.66,0.845264,1.242286,71.47683,343.5858,5.53972,0.13268,0,0,0,0.845356,1.251175,71.48818,-0.112177,-0.014178,0.993587,-4.763515,0.54228,121.1675,None,0,0,0.5,0.5,0.5,0.5,1,1,Valid,#NAME?
06:25.3,2161,24.6713,0.849102,1.242225,71.56846,343.6213,5.394338,0.09726,0,0,0,0.849171,1.251107,71.57982,-0.114881,-0.014661,0.993271,-4.894875,0.518075,121.2434,None,0,0,0.5,0.5,0.5,0.5,1,1,Valid,#NAME?
06:25.3,2162,24.6824,0.852863,1.242201,71.66064,343.6729,5.257108,0.088313,0,0,0,0.852905,1.251073,71.672,-0.115301,-0.015541,0.993209,-4.912167,0.474037,121.3325,None,0,0,0.5,0.5,0.5,0.5,1,1,Valid,#NAME?
06:25.3,2163,24.6933,0.856573,1.242145,71.75279,343.6681,5.127721,0.092009,0,0,0,0.856588,1.251018,71.76416,-0.117467,-0.014127,0.992976,-5.016766,0.544671,121.413,None,0,0,0.5,0.5,0.5,0.5,1,1,Valid,#NAME?
06:25.3,2164,24.7043,0.860172,1.242155,71.84496,343.6701,5.001212,0.076495,0,0,0,0.860165,1.251028,71.85632,-0.118476,-0.0107,0.992899,-5.063631,0.71603,121.5013,None,0,0,0.5,0.5,0.5,0.5,1,1,Valid,#NAME?
06:25.3,2165,24.7155,0.86368,1.242207,71.93711,343.6593,4.888786,0.085562,0,0,0,0.863649,1.251082,71.94848,-0.120378,-0.010546,0.992672,-5.155249,0.723805,121.5821,None,0,0,0.5,0.5,0.5,0.5,1,1,Valid,#NAME?
06:25.3,2166,24.7268,0.867117,1.242168,72.02922,343.6344,4.7701,0.093451,0,0,0,0.867062,1.251048,72.04059,-0.122296,-0.008553,0.992457,-5.247756,0.82338,121.6634,None,0,0,0.5,0.5,0.5,0.5,1,1,Valid,#NAME?
06:25.4,2167,24.7442,0.870438,1.242197,72.12133,343.6378,4.650507,0.093974,0,0,0,0.870358,1.251076,72.13269,-0.123196,-0.006699,0.99236,-5.289433,0.916121,121.7507,None,0,0,0.5,0.5,0.5,0.5,1,1,Valid,#NAME?
06:25.4,2168,24.7517,0.873674,1.24222,72.21342,343.6506,4.554869,0.082479,0,0,0,0.873577,1.251097,72.22478,-0.124551,-0.004362,0.992204,-5.353993,1.032974,121.835,None,0,0,0.5,0.5,0.5,0.5,1,1,Valid,#NAME?
06:25.4,2169,24.7602,0.876801,1.242215,72.30549,343.6552,4.465787,0.065962,0,0,0,0.876688,1.251091,72.31686,-0.126176,-0.004384,0.991998,-5.432093,1.031884,121.9168,None,0,0,0.5,0.5,0.5,0.5,1,1,Valid,#NAME?
06:25.4,2170,24.7711,0.879875,1.242198,72.39757,343.6797,4.375631,0.047095,0,0,0,0.879747,1.25107,72.40894,-0.126832,-0.002571,0.991921,-5.461865,1.122532,122.005,None,0,0,0.5,0.5,0.5,0.5,1,1,Valid,#NAME?
06:25.4,2171,24.7821,0.882822,1.242188,72.48962,343.6717,4.299109,0.013202,0,0,0,0.882683,1.251062,72.50098,-0.127891,-0.001272,0.991788,-5.511852,1.187456,122.0904,None,0,0,0.5,0.5,0.5,0.5,1,1,Valid,#NAME?
06:25.4,2172,24.7934,0.885689,1.242162,72.58169,343.6703,4.249506,359.9756,0,0,0,0.885542,1.251037,72.59306,-0.128933,-0.001121,0.991653,-5.561105,1.195007,122.1757,None,0,0,0.5,0.5,0.5,0.5,1,1,Valid,#NAME?
06:25.4,2173,24.8043,0.888413,1.242191,72.67374,343.6907,4.181547,359.967,0,0,0,0.888254,1.251062,72.6851,-0.129283,0.000689,0.991607,-5.575912,1.285533,122.2655,None,0,0,0.5,0.5,0.5,0.5,1,1,Valid,#NAME?
06:25.4,2174,24.8155,0.891079,1.242198,72.76575,343.6682,4.127336,359.9264,0,0,0,0.890911,1.251074,72.77711,-0.12924,0.003475,0.991607,-5.571073,1.424817,122.3575,None,0,0,0.5,0.5,0.5,0.5,1,1,Valid,#NAME?
06:25.4,2175,24.8266,0.893629,1.242227,72.85777,343.6692,4.08614,359.9036,0,0,0,0.893456,1.251103,72.86913,-0.128847,0.006711,0.991642,-5.548902,1.586663,122.4512,None,0,0,0.5,0.5,0.5,0.5,1,1,Valid,#NAME?
06:25.5,2176,24.8378,0.896069,1.242197,72.94979,343.6842,4.041012,359.9002,0,0,0,0.895887,1.25107,72.96115,-0.129644,0.006465,0.99154,-5.586333,1.574343,122.5381,None,0,0,0.5,0.5,0.5,0.5,1,1,Valid,#NAME?
06:25.5,2177,24.8492,0.898422,1.242136,73.04175,343.6407,3.974374,359.9022,0,0,0,0.898228,1.251018,73.05311,-0.130437,0.008034,0.991424,-5.623619,1.652743,122.6243,None,0,0,0.5,0.5,0.5,0.5,1,1,Valid,#NAME?
06:25.5,2178,24.8611,0.900663,1.242204,73.13374,343.6516,3.928561,359.8859,0,0,0,0.900461,1.251083,73.1451,-0.130749,0.008894,0.991376,-5.636999,1.695759,122.7139,None,0,0,0.5,0.5,0.5,0.5,1,1,Valid,#NAME?
06:25.5,2179,24.8713,0.90292,1.242166,73.22571,343.6515,3.887519,359.8963,0,0,0,0.902708,1.251046,73.23706,-0.13141,0.00886,0.991289,-5.641903,1.692298,122.6062,Arch,0,0,0.5,0.5,0.5,0.5,1,1,Valid,#NAME?
06:25.5,2180,24.8822,0.905024,1.242261,73.3176,343.6474,3.836653,359.886,0,0,0,0.904802,1.251142,73.32896,-0.131378,0.011015,0.991271,-5.613699,1.797659,122.5123,Arch,0,0,0.5,0.5,0.5,0.5,1,1,Valid,#NAME?
06:25.5,2181,24.899,0.90704,1.242312,73.40951,343.6381,3.794515,359.8657,0,0,0,0.906813,1.251195,73.42087,-0.131431,0.013386,0.991235,-5.583046,1.912167,122.3665,Arch,0,0,0.5,0.5,0.5,0.5,1,1,Valid,#NAME?
06:25.5,2182,24.9074,0.909,1.242316,73.50141,343.6359,3.754747,359.8227,0,0,0,0.90877,1.251201,73.51276,-0.131388,0.015554,0.991209,-5.55514,2.016416,122.2772,Arch,0,0,0.5,0.5,0.5,0.5,1,1,Valid,#NAME?
06:25.5,2183,24.9156,0.910841,1.242391,73.59328,343.6426,3.720847,359.782,0,0,0,0.910606,1.251274,73.60464,-0.132162,0.015574,0.991106,-5.555979,2.01328,122.0987,Arch,0,0,0.5,0.5,0.5,0.5,1,1,Valid,#NAME?
06:25.5,2184,24.9267,0.912611,1.242399,73.68513,343.5825,3.666058,359.7065,0,0,0,0.912373,1.251295,73.69648,-0.130068,0.022674,0.991246,-5.462478,2.362567,122.2789,Arch,0,0,0.5,0.5,0.5,0.5,1,1,Valid,#NAME?
06:25.6,2185,24.9378,0.914282,1.242459,73.77701,343.5137,3.621766,359.6147,0,0,0,0.914043,1.251371,73.78835,-0.115726,0.05981,0.991479,-4.872259,4.241894,123.3623,None,0,0,0.5,0.5,0.5,0.5,1,1,Valid,#NAME?
06:25.6,2186,24.9488,0.915875,1.242582,73.86887,343.437,3.585869,359.525,0,0,0,0.915636,1.251511,73.88019,-0.118218,0.059041,0.991231,-4.961724,4.186813,123.1604,Arch,0,0,0.5,0.5,0.5,0.5,1,1,Valid,#NAME?
06:25.6,2187,24.9598,0.917404,1.242727,73.96069,343.3131,3.534825,359.4384,0,0,0,0.917162,1.251681,73.97199,-0.119451,0.061425,0.990938,-4.898721,4.242372,122.2194,Arch,0,0,0.5,0.5,0.5,0.5,1,1,Valid,#NAME?
06:25.6,2188,24.9712,0.918909,1.242905,74.05257,343.1812,3.490017,359.3677,0,0,0,0.918663,1.251885,74.06384,-0.110639,0.097095,0.989107,-3.696766,5.302333,115.3257,Arch,0,0,0.5,0.5,0.5,0.5,1,1,Valid,#NAME?
06:25.6,2189,24.9835,0.92034,1.243177,74.14431,343.0234,3.448859,359.293,0,0,0,0.920092,1.252191,74.15556,-0.110003,0.099202,0.988968,-3.633191,5.358399,115.0911,Arch,0,0,0.5,0.5,0.5,0.5,1,1,Valid,#NAME?
06:25.6,2190,24.9938,0.9217,1.243389,74.2361,342.862,3.419429,359.2278,0,0,0,0.92145,1.252435,74.24732,-0.107151,0.11605,0.987447,-3.212336,5.729535,112.342,Arch,0,0,0.5,0.5,0.5,0.5,1,1,Valid,#NAME?
06:25.6,2191,25.0044,0.922985,1.243612,74.32789,342.7071,3.382118,359.1496,0,0,0,0.922733,1.252689,74.3391,-0.108059,0.118914,0.987007,-3.175203,5.762281,111.7695,Arch,0,0,0.5,0.5,0.5,0.5,1,1,Valid,#NAME?
06:25.6,2192,25.0155,0.924196,1.243899,74.41965,342.4922,3.337745,359.0591,0,0,0,0.923943,1.253019,74.43082,-0.106029,0.135036,0.985151,-2.845187,6.05331,109.4511,Arch,0,0,0.5,0.5,0.5,0.5,1,1,Valid,#NAME?
06:25.7,2193,25.0281,0.92528,1.244177,74.51144,342.2731,3.288531,358.968,0,0,0,0.925022,1.253341,74.52258,-0.10712,0.14133,0.98415,-2.766004,6.123139,108.4335,Arch,0,0,0.5,0.5,0.5,0.5,1,1,Valid,#NAME?
06:25.7,2194,25.0382,0.926294,1.244549,74.60323,342.0288,3.235908,358.8781,0,0,0,0.926033,1.253762,74.61432,-0.108317,0.145737,0.983376,-2.721956,6.161983,107.7332,Arch,0,0,0.5,0.5,0.5,0.5,1,1,Valid,#NAME?
06:25.7,2195,25.0559,0.927845,1.245052,74.78696,341.6765,3.093435,358.7968,0,0,0,0.927563,1.254334,74.79799,-0.109778,0.156953,0.981486,-2.587778,6.28031,106.2274,Arch,0,0,0.5,0.5,0.5,0.5,1,1,Valid,#NAME?
06:25.7,2196,25.0636,0.928091,1.245526,74.78677,341.3124,3.105295,358.7149,0,0,0,0.927815,1.254878,74.79774,-0.112167,0.161622,0.980458,-2.570472,6.295572,105.3764,Arch,0,0,0.5,0.5,0.5,0.5,1,1,Valid,#NAME?
06:25.7,2197,25.0715,0.928936,1.246174,74.87843,340.8889,3.063215,358.6732,0,0,0,0.928652,1.255608,74.88933,-0.11307,0.168922,0.979122,-2.491518,6.365198,104.506,Arch,0,0,0.5,0.5,0.5,0.5,1,1,Valid,#NAME?
06:25.7,2198,25.0838,0.929712,1.246778,74.97009,340.4747,3.031396,358.6214,0,0,0,0.929422,1.256291,74.98092,-0.11095,0.195014,0.974505,-2.149038,6.667219,102.0199,Arch,0,0,0.5,0.5,0.5,0.5,1,1,Valid,#NAME?
06:25.7,2199,25.0934,0.930344,1.247125,75.06183,340.2439,2.99068,358.6327,0,0,0,0.930042,1.25668,75.07262,-0.109447,0.213946,0.970695,-1.934561,6.856359,100.4789,Arch,0,0,0.5,0.5,0.5,0.5,1,1,Valid,#NAME?
06:25.7,2200,25.1044,0.931036,1.247599,75.15343,339.9037,2.955105,358.6129,0,0,0,0.930729,1.257219,75.16417,-0.100057,0.250966,0.962811,-1.315717,6.891828,96.78087,Arch,0,0,0.5,0.5,0.5,0.5,1,1,Valid,#NAME?
06:25.7,2201,25.1154,0.93166,1.248057,75.24506,339.5791,2.915824,358.5892,0,0,0,0.931343,1.257737,75.25574,-0.10083,0.256438,0.961287,-1.283945,6.891828,96.37581,Arch,0,0,0.5,0.5,0.5,0.5,1,1,Valid,#NAME?
06:25.7,2202,25.1267,0.932234,1.248528,75.33667,339.2567,2.868675,358.5701,0,0,0,0.931908,1.258269,75.3473,-0.100135,0.262334,0.959768,-1.218465,6.891828,95.95806,Arch,0,0,0.5,0.5,0.5,0.5,1,1,Valid,#NAME?
06:25.8,2203,25.1379,0.932787,1.24892,75.42822,338.932,2.800598,358.5743,0,0,0,0.932446,1.258721,75.4388,-0.098954,0.267699,0.958408,-1.149822,6.891828,95.60629,Arch,0,0,0.5,0.5,0.5,0.5,1,1,Valid,#NAME?
06:25.8,2204,25.1491,0.933281,1.249341,75.5198,338.6047,2.731848,358.5602,0,0,0,0.932924,1.259201,75.53031,-0.096656,0.272724,0.957225,-1.063324,6.891828,95.30006,Arch,0,0,0.5,0.5,0.5,0.5,1,1,Valid,#NAME?
06:25.8,2205,25.1621,0.933731,1.249716,75.61138,338.267,2.689419,358.5412,0,0,0,0.933367,1.259639,75.62184,-0.097473,0.278372,0.955515,-1.038756,6.891828,94.95438,Arch,0,0,0.5,0.5,0.5,0.5,1,1,Valid,#NAME?
06:25.8,2206,25.1717,0.934137,1.250125,75.70296,337.9266,2.657693,358.5039,0,0,0,0.933769,1.26011,75.71336,-0.09721,0.298409,0.949475,-0.900822,6.891828,93.6323,Arch,0,0,0.5,0.5,0.5,0.5,1,1,Valid,#NAME?
06:25.8,2207,25.1824,0.934616,1.250726,75.7944,337.4997,2.66355,358.4493,0,0,0,0.93425,1.260789,75.80472,-0.095078,0.289413,0.952471,-0.91566,6.891828,94.33675,Arch,0,0,0.5,0.5,0.5,0.5,1,1,Valid,#NAME?
06:25.8,2208,25.1934,0.934917,1.251052,75.88605,337.2183,2.667326,358.4171,0,0,0,0.934551,1.261166,75.89632,-0.09078,0.300418,0.949478,-0.766913,6.891828,93.69215,Arch,0,0,0.5,0.5,0.5,0.5,1,1,Valid,#NAME?
06:25.8,2209,25.2103,0.935196,1.25149,75.97765,336.9771,2.674061,358.3862,0,0,0,0.934832,1.261647,75.98787,-0.089412,0.301432,0.949286,-0.73522,6.891828,93.71875,Arch,0,0,0.5,0.5,0.5,0.5,1,1,Valid,#NAME?
06:25.8,2210,25.2191,0.935402,1.251836,76.06926,336.7366,2.683734,358.3295,0,0,0,0.935045,1.262037,76.07944,-0.089405,0.305514,0.947981,-0.712439,6.891828,93.54818,Arch,0,0,0.5,0.5,0.5,0.5,1,1,Valid,#NAME?
06:25.9,2211,25.2284,0.935577,1.252044,76.16091,336.5099,2.704466,358.2717,0,0,0,0.935225,1.262285,76.17106,-0.087609,0.302376,0.949154,-0.695852,6.891828,93.84212,Arch,0,0,0.5,0.5,0.5,0.5,1,1,Valid,#NAME?
06:25.9,2212,25.238,0.935633,1.252351,76.25258,336.278,2.72452,358.1649,0,0,0,0.935293,1.262635,76.26268,-0.087524,0.306421,0.947864,-0.672591,6.891828,93.67566,Arch,0,0,0.5,0.5,0.5,0.5,1,1,Valid,#NAME?
06:25.9,2213,25.2489,0.935616,1.252714,76.34428,336.0334,2.745374,358.0766,0,0,0,0.935286,1.263041,76.35433,-0.085361,0.305788,0.948266,-0.635992,6.891828,93.8095,Arch,0,0,0.5,0.5,0.5,0.5,1,1,Valid,#NAME?
06:25.9,2214,25.2606,0.935503,1.253066,76.436,335.7967,2.769844,357.9684,0,0,0,0.935186,1.263437,76.44601,-0.08476,0.307168,0.947873,-0.61792,6.891828,93.81438,Arch,0,0,0.5,0.5,0.5,0.5,1,1,Valid,#NAME?
06:25.9,2215,25.2711,0.935297,1.25329,76.52773,335.6045,2.812913,357.8919,0,0,0,0.934994,1.263695,76.5377,-0.083713,0.30546,0.948518,-0.607418,6.891828,94.01425,Arch,0,0,0.5,0.5,0.5,0.5,1,1,Valid,#NAME?
06:25.9,2216,25.2822,0.93504,1.2535,76.61946,335.4257,2.839023,357.8359,0,0,0,0.934742,1.263936,76.6294,-0.083439,0.308516,0.947552,-0.587333,6.891828,93.91447,Arch,0,0,0.5,0.5,0.5,0.5,1,1,Valid,#NAME?
06:25.9,2217,25.2933,0.934717,1.253625,76.71124,335.2646,2.854455,357.7818,0,0,0,0.934427,1.264091,76.72115,-0.083619,0.309405,0.947247,-0.586501,6.891828,93.95047,Arch,0,0,0.5,0.5,0.5,0.5,1,1,Valid,#NAME?
06:25.9,2218,25.3046,0.934301,1.253835,76.80302,335.1694,2.845723,357.7579,0,0,0,0.934012,1.264317,76.81292,-0.083786,0.310524,0.946866,-0.584413,6.891828,93.9726,Arch,0,0,0.5,0.5,0.5,0.5,1,1,Valid,#NAME?
06:25.9,2219,25.3154,0.933817,1.254017,76.89481,335.0652,2.858619,357.7178,0,0,0,0.933533,1.264517,76.90469,-0.084691,0.314834,0.945361,-0.580224,6.891828,93.80196,Arch,0,0,0.5,0.5,0.5,0.5,1,1,Valid,#NAME?
06:25.9,2220,25.3269,0.933294,1.254129,76.98657,334.9666,2.864497,357.6978,0,0,0,0.933012,1.264647,76.99644,-0.084661,0.316494,0.944809,-0.572238,6.891828,93.79492,Arch,0,0,0.5,0.5,0.5,0.5,1,1,Valid,#NAME?
06:26.0,2221,25.3379,0.932661,1.254256,77.07839,334.8664,2.866287,357.6758,0,0,0,0.932381,1.264791,77.08823,-0.08623,0.321863,0.942851,-0.575153,6.891828,93.57186,Arch,0,0,0.5,0.5,0.5,0.5,1,1,Valid,#NAME?
06:26.0,2222,25.3489,0.931971,1.254395,77.1702,334.7736,2.87363,357.6505,0,0,0,0.931692,1.264946,77.18002,-0.086744,0.324718,0.941825,-0.571451,6.891828,93.50043,Arch,0,0,0.5,0.5,0.5,0.5,1,1,Valid,#NAME?
06:26.0,2223,25.369,0.930086,1.254452,77.3539,334.6913,2.849719,357.6259,0,0,0,0.929804,1.265018,77.36371,-0.088011,0.328943,0.94024,-0.57568,6.891828,93.4472,Arch,0,0,0.5,0.5,0.5,0.5,1,1,Valid,#NAME?
06:26.0,2224,25.3774,0.930288,1.254541,77.35379,334.6157,2.881983,357.597,0,0,0,0.930016,1.265121,77.36359,-0.087556,0.330238,0.939828,-0.561793,6.891828,93.37672,Arch,0,0,0.5,0.5,0.5,0.5,1,1,Valid,#NAME?
06:26.0,2225,25.3854,0.929388,1.254658,77.44559,334.5563,2.885581,357.6,0,0,0,0.929113,1.265247,77.45538,-0.087291,0.33232,0.939119,-0.548832,6.891828,93.35577,Arch,0,0,0.5,0.5,0.5,0.5,1,1,Valid,#NAME?
06:26.0,2226,25.3937,0.928371,1.254754,77.53741,334.5131,2.861238,357.6028,0,0,0,0.928091,1.26535,77.5472,-0.087732,0.333652,0.938605,-0.551365,6.891828,93.37517,Arch,0,0,0.5,0.5,0.5,0.5,1,1,Valid,#NAME?
06:26.0,2227,25.4046,0.92721,1.254771,77.62925,334.4593,2.852987,357.6052,0,0,0,0.92693,1.265377,77.63902,-0.087879,0.334524,0.938281,-0.551128,6.891828,93.42023,Arch,0,0,0.5,0.5,0.5,0.5,1,1,Valid,#NAME?
06:26.0,2228,25.4155,0.926073,1.254901,77.72108,334.387,2.830295,357.6075,0,0,0,0.925787,1.265518,77.73083,-0.088074,0.336613,0.937515,-0.546316,6.891828,93.40091,Arch,0,0,0.5,0.5,0.5,0.5,1,1,Valid,#NAME?
06:26.0,2229,25.427,0.924875,1.255077,77.8129,334.3157,2.817719,357.5905,0,0,0,0.924587,1.265707,77.82264,-0.088055,0.338009,0.937015,-0.541084,6.891828,93.41913,Arch,0,0,0.5,0.5,0.5,0.5,1,1,Valid,#NAME?
06:26.1,2230,25.4569,0.920849,1.255279,78.08838,334.0612,2.802962,357.5184,0,0,0,0.920563,1.265953,78.09807,-0.087919,0.342855,0.935265,-0.522091,6.891828,93.44476,Arch,0,0,0.5,0.5,0.5,0.5,1,1,Valid,#NAME?
06:26.1,2231,25.4662,0.92096,1.255345,78.08833,334.0139,2.834742,357.5169,0,0,0,0.920679,1.266027,78.09801,-0.087417,0.343625,0.93503,-0.5105,6.891828,93.40624,Arch,0,0,0.5,0.5,0.5,0.5,1,1,Valid,#NAME?
06:26.1,2232,25.4737,0.919466,1.255396,78.18014,333.9933,2.826517,357.4991,0,0,0,0.919186,1.266082,78.18981,-0.087028,0.344148,0.934873,-0.503449,6.891828,93.47205,Arch,0,0,0.5,0.5,0.5,0.5,1,1,Valid,#NAME?
06:26.1,2233,25.4873,0.917959,1.255473,78.27191,334.0126,2.818896,357.4788,0,0,0,0.917681,1.266156,78.28159,-0.087172,0.344038,0.934901,-0.50775,6.891828,93.56902,Arch,0,0,0.5,0.5,0.5,0.5,1,1,Valid,#NAME?
06:26.1,2234,25.4957,0.916313,1.255385,78.3637,333.9969,2.800555,357.4587,0,0,0,0.916033,1.26607,78.37338,-0.087511,0.344335,0.93476,-0.513732,6.891828,93.64552,Arch,0,0,0.5,0.5,0.5,0.5,1,1,Valid,#NAME?
06:26.1,2235,25.5044,0.914621,1.255444,78.45552,334.0011,2.777994,357.4311,0,0,0,0.914339,1.266129,78.46519,-0.087442,0.34447,0.934716,-0.513713,6.891828,93.73048,Arch,0,0,0.5,0.5,0.5,0.5,1,1,Valid,#NAME?
06:26.1,2236,25.5253,0.911045,1.255504,78.63914,333.972,2.744596,357.3914,0,0,0,0.910761,1.266194,78.64882,-0.087907,0.345209,0.9344,-0.521793,6.891828,93.87608,Arch,0,0,0.5,0.5,0.5,0.5,1,1,Valid,#NAME?
06:26.2,2237,25.5343,0.909226,1.255458,78.73092,333.9701,2.727599,357.3728,0,0,0,0.908939,1.266149,78.74059,-0.088243,0.345248,0.934354,-0.528942,6.891828,93.96548,Arch,0,0,0.5,0.5,0.5,0.5,1,1,Valid,#NAME?
06:26.2,2238,25.5437,0.909304,1.255512,78.73089,333.9687,2.731698,357.3512,0,0,0,0.909021,1.266203,78.74056,-0.088214,0.345316,0.934332,-0.528097,6.891828,93.96198,Arch,0,0,0.5,0.5,0.5,0.5,1,1,Valid,#NAME?
06:26.2,2239,25.5518,0.90737,1.255528,78.82272,333.9542,2.716492,357.3304,0,0,0,0.907085,1.266222,78.83238,-0.088454,0.345499,0.934241,-0.533176,6.891828,94.0442,Arch,0,0,0.5,0.5,0.5,0.5,1,1,Valid,#NAME?
06:26.2,2240,25.5603,0.905392,1.255572,78.91452,333.9658,2.70741,357.3108,0,0,0,0.905109,1.266264,78.92419,-0.088633,0.345354,0.934278,-0.538666,6.891828,94.14294,Arch,0,0,0.5,0.5,0.5,0.5,1,1,Valid,#NAME?
06:26.2,2241,25.571,0.903376,1.255529,79.00629,334.0154,2.701652,357.2839,0,0,0,0.903093,1.266213,79.01597,-0.08845,0.344339,0.93467,-0.541947,6.891828,94.28609,Arch,0,0,0.5,0.5,0.5,0.5,1,1,Valid,#NAME?
06:26.2,2242,25.5822,0.90131,1.255485,79.09807,334.0482,2.698742,357.2579,0,0,0,0.901032,1.266164,79.10775,-0.088247,0.343814,0.934882,-0.542921,6.891828,94.40479,Arch,0,0,0.5,0.5,0.5,0.5,1,1,Valid,#NAME?
06:26.2,2243,25.594,0.899185,1.25545,79.18984,334.0746,2.692887,357.2261,0,0,0,0.898909,1.266125,79.19953,-0.08801,0.343484,0.935026,-0.542547,6.891828,94.51375,Arch,0,0,0.5,0.5,0.5,0.5,1,1,Valid,#NAME?
06:26.2,2244,25.6045,0.897055,1.255354,79.28159,334.1586,2.683225,357.2021,0,0,0,0.89678,1.266016,79.29129,-0.088186,0.34217,0.935491,-0.553135,6.891828,94.67225,Arch,0,0,0.5,0.5,0.5,0.5,1,1,Valid,#NAME?
06:26.2,2245,25.6156,0.894766,1.255385,79.37337,334.1983,2.675341,357.2016,0,0,0,0.894489,1.26604,79.38308,-0.088002,0.34159,0.93572,-0.554858,6.891828,94.79385,Arch,0,0,0.5,0.5,0.5,0.5,1,1,Valid,#NAME?
06:26.2,2246,25.627,0.892452,1.255364,79.46512,334.2527,2.663167,357.2004,0,0,0,0.892176,1.26601,79.47485,-0.087811,0.340784,0.936032,-0.557442,6.891828,94.92728,Arch,0,0,0.5,0.5,0.5,0.5,1,1,Valid,#NAME?
06:26.3,2247,25.638,0.890125,1.255222,79.55684,334.3163,2.637754,357.2108,0,0,0,0.889843,1.265856,79.56657,-0.08819,0.33973,0.936379,-0.5706,6.891828,95.07315,Arch,0,0,0.5,0.5,0.5,0.5,1,1,Valid,#NAME?
06:26.3,2248,25.649,0.887671,1.255155,79.64858,334.3394,2.598582,357.2263,0,0,0,0.887381,1.265785,79.65833,-0.088289,0.339423,0.936481,-0.576041,6.891828,95.18079,Arch,0,0,0.5,0.5,0.5,0.5,1,1,Valid,#NAME?
06:26.3,2249,25.6601,0.885185,1.255177,79.74032,334.3864,2.561089,357.2289,0,0,0,0.884888,1.265799,79.75006,-0.088569,0.338729,0.936706,-0.586185,6.891828,95.30806,Arch,0,0,0.5,0.5,0.5,0.5,1,1,Valid,#NAME?
06:26.3,2250,25.6777,0.882704,1.255036,79.83198,334.3602,2.552503,357.232,0,0,0,0.882406,1.265662,79.84172,-0.088086,0.339549,0.936455,-0.577138,6.891828,95.35834,Arch,0,0,0.5,0.5,0.5,0.5,1,1,Valid,#NAME?
06:26.3,2251,25.6865,0.880123,1.255148,79.92369,334.3969,2.518095,357.2534,0,0,0,0.879818,1.265769,79.93344,-0.088602,0.33891,0.936638,-0.591014,6.891828,95.48207,Arch,0,0,0.5,0.5,0.5,0.5,1,1,Valid,#NAME?
06:26.3,2252,25.6947,0.877539,1.255076,80.01537,334.3737,2.498507,357.258,0,0,0,0.87723,1.2657,80.02512,-0.088732,0.33956,0.93639,-0.592961,6.891828,95.54002,Arch,0,0,0.5,0.5,0.5,0.5,1,1,Valid,#NAME?
06:26.3,2253,25.7044,0.874884,1.255043,80.10705,334.3707,2.470114,357.2797,0,0,0,0.874565,1.265667,80.1168,-0.088968,0.340024,0.936199,-0.597535,6.891828,95.60748,Arch,0,0,0.5,0.5,0.5,0.5,1,1,Valid,#NAME?
06:26.3,2254,25.7154,0.872137,1.255061,80.19872,334.3815,2.429626,357.2888,0,0,0,0.871813,1.265684,80.20847,-0.089611,0.339831,0.936208,-0.611767,6.891828,95.70807,Arch,0,0,0.5,0.5,0.5,0.5,1,1,Valid,#NAME?
06:26.3,2255,25.7267,0.869408,1.255038,80.29036,334.3771,2.393806,357.305,0,0,0,0.869076,1.265661,80.30011,-0.090149,0.341096,0.935696,-0.617878,6.891828,95.73383,Arch,0,0,0.5,0.5,0.5,0.5,1,1,Valid,#NAME?
06:26.4,2256,25.738,0.866623,1.255038,80.382,334.3633,2.356164,357.3138,0,0,0,0.866283,1.265663,80.39174,-0.090562,0.342525,0.935134,-0.621241,6.891828,95.75183,Arch,0,0,0.5,0.5,0.5,0.5,1,1,Valid,#NAME?
06:26.4,2257,25.7494,0.863789,1.255112,80.47363,334.3592,2.326089,357.3193,0,0,0,0.863443,1.265737,80.48338,-0.091131,0.344114,0.934495,-0.6265,6.891828,95.7619,Arch,0,0,0.5,0.5,0.5,0.5,1,1,Valid,#NAME?
06:26.4,2258,25.7601,0.860949,1.255149,80.56525,334.3456,2.30168,357.3125,0,0,0,0.8606,1.265778,80.57498,-0.091543,0.344348,0.934368,-0.635059,6.891828,95.8409,Arch,0,0,0.5,0.5,0.5,0.5,1,1,Valid,#NAME?
06:26.4,2259,25.771,0.858093,1.255155,80.65682,334.2948,2.271519,357.2987,0,0,0,0.85774,1.265792,80.66656,-0.092453,0.346497,0.933484,-0.643412,6.891828,95.82343,Arch,0,0,0.5,0.5,0.5,0.5,1,1,Valid,#NAME?
06:26.4,2260,25.7822,0.85511,1.255203,80.74844,334.2851,2.25675,357.2825,0,0,0,0.854755,1.265841,80.75816,-0.09291,0.347311,0.933136,-0.65027,6.891828,95.87376,Arch,0,0,0.5,0.5,0.5,0.5,1,1,Valid,#NAME?
06:26.4,2261,25.7933,0.852099,1.255301,80.84003,334.3217,2.22657,357.2726,0,0,0,0.85174,1.265934,80.84977,-0.093409,0.346738,0.933299,-0.66384,6.891828,95.99274,Arch,0,0,0.5,0.5,0.5,0.5,1,1,Valid,#NAME?
06:26.4,2262,25.8045,0.849169,1.255174,80.93164,334.2994,2.184912,357.2679,0,0,0,0.848803,1.26581,80.94137,-0.094704,0.348456,0.932529,-0.680242,6.891828,95.99757,Arch,0,0,0.5,0.5,0.5,0.5,1,1,Valid,#NAME?
06:26.4,2263,25.8163,0.846022,1.255219,81.02323,334.325,2.158545,357.2608,0,0,0,0.845654,1.265852,81.03297,-0.095779,0.349409,0.932062,-0.69653,6.891828,96.04047,Arch,0,0,0.5,0.5,0.5,0.5,1,1,Valid,#NAME?
06:26.5,2264,25.833,0.842911,1.255151,81.11483,334.343,2.114352,357.2433,0,0,0,0.842535,1.26578,81.12457,-0.096681,0.349803,0.931821,-0.712436,6.891828,96.1115,Arch,0,0,0.5,0.5,0.5,0.5,1,1,Valid,#NAME?
06:26.5,2265,25.8417,0.839726,1.255125,81.20642,334.3741,2.092874,357.2241,0,0,0,0.83935,1.265749,81.21616,-0.097053,0.349339,0.931956,-0.723684,6.891828,96.22522,Arch,0,0,0.5,0.5,0.5,0.5,1,1,Valid,#NAME?
06:26.5,2266,25.8495,0.836504,1.255165,81.29801,334.4104,2.056859,357.2262,0,0,0,0.836123,1.265783,81.30775,-0.097744,0.350298,0.931525,-0.733724,6.891828,96.26874,Arch,0,0,0.5,0.5,0.5,0.5,1,1,Valid,#NAME?
06:26.5,2267,25.8601,0.833284,1.255115,81.38957,334.4207,2.048642,357.2137,0,0,0,0.832903,1.265731,81.39932,-0.097619,0.350816,0.931342,-0.732632,6.891828,96.33539,Arch,0,0,0.5,0.5,0.5,0.5,1,1,Valid,#NAME?
06:26.5,2268,25.8718,0.830015,1.255105,81.48114,334.4367,2.030941,357.2186,0,0,0,0.829628,1.265719,81.49089,-0.097896,0.350547,0.931415,-0.741557,6.891828,96.43964,Arch,0,0,0.5,0.5,0.5,0.5,1,1,Valid,#NAME?
06:26.5,2269,25.8821,0.826685,1.255101,81.57269,334.4359,2.031479,357.2042,0,0,0,0.8263,1.265716,81.58245,-0.098343,0.351875,0.930867,-0.746097,6.891828,96.46603,Arch,0,0,0.5,0.5,0.5,0.5,1,1,Valid,#NAME?
06:26.5,2270,25.8935,0.823353,1.255066,81.66425,334.4648,2.023374,357.2055,0,0,0,0.822968,1.265676,81.674,-0.098406,0.353036,0.93042,-0.745282,6.891828,96.50163,Arch,0,0,0.5,0.5,0.5,0.5,1,1,Valid,#NAME?
06:26.5,2271,25.9059,0.819971,1.255061,81.75579,334.4971,2.014641,357.2007,0,0,0,0.819584,1.265664,81.76556,-0.099844,0.355842,0.929198,-0.759034,6.891828,96.45697,Arch,0,0,0.5,0.5,0.5,0.5,1,1,Valid,#NAME?
06:26.5,2272,25.9154,0.816526,1.255072,81.84734,334.53,2.00891,357.1956,0,0,0,0.816139,1.26567,81.8571,-0.099937,0.355322,0.929386,-0.766256,6.891828,96.573,Arch,0,0,0.5,0.5,0.5,0.5,1,1,Valid,#NAME?
06:26.6,2273,25.9266,0.813097,1.255007,81.93887,334.5608,2.011078,357.1603,0,0,0,0.812714,1.2656,81.94864,-0.099862,0.355705,0.929248,-0.766815,6.891828,96.64664,Arch,0,0,0.5,0.5,0.5,0.5,1,1,Valid,#NAME?
06:26.6,2274,25.9379,0.809586,1.254998,82.0304,334.5819,2.023492,357.148,0,0,0,0.809206,1.265588,82.04018,-0.100705,0.357187,0.928588,-0.777043,6.891829,96.66684,Arch,0,0,0.5,0.5,0.5,0.5,1,1,Valid,#NAME?
06:26.6,2275,25.9489,0.806025,1.255023,82.12196,334.5708,2.032272,357.1104,0,0,0,0.805651,1.265615,82.13174,-0.100615,0.357445,0.928499,-0.778035,6.891828,96.74641,Arch,0,0,0.5,0.5,0.5,0.5,1,1,Valid,#NAME?
06:26.6,2276,25.96,0.802429,1.255071,82.21349,334.5836,2.037647,357.0895,0,0,0,0.802057,1.265661,82.22327,-0.100747,0.35842,0.928109,-0.779388,6.891828,96.79195,Arch,0,0,0.5,0.5,0.5,0.5,1,1,Valid,#NAME?
06:26.6,2277,25.9711,0.798889,1.254943,82.30503,334.5948,2.061041,357.056,0,0,0,0.798525,1.265532,82.31481,-0.101426,0.360524,0.927219,-0.784324,6.891828,96.78491,Arch,0,0,0.5,0.5,0.5,0.5,1,1,Valid,#NAME?
06:26.6,2278,25.9891,0.791365,1.254975,82.48797,334.5967,2.030207,357.052,0,0,0,0.790997,1.265564,82.49775,-0.10285,0.36226,0.926385,-0.806363,6.891828,96.88541,Arch,0,0,0.5,0.5,0.5,0.5,1,1,Valid,#NAME?
06:26.6,2279,25.9981,0.791479,1.254839,82.48809,334.625,2.062853,357.0402,0,0,0,0.791117,1.265423,82.49787,-0.102923,0.362879,0.926135,-0.804688,6.891828,96.85751,Arch,0,0,0.5,0.5,0.5,0.5,1,1,Valid,#NAME?
06:26.6,2280,26.0105,0.787689,1.254786,82.57964,334.6677,2.063195,357.0276,0,0,0,0.787329,1.265362,82.58943,-0.102923,0.36222,0.926393,-0.811398,6.891828,96.97937,Arch,0,0,0.5,0.5,0.5,0.5,1,1,Valid,#NAME?
06:26.6,2281,26.0192,0.783825,1.254777,82.67111,334.7252,2.046078,357.0548,0,0,0,0.783461,1.265344,82.68092,-0.104246,0.363809,0.925622,-0.82876,6.891828,96.99612,Arch,0,0,0.5,0.5,0.5,0.5,1,1,Valid,#NAME?
06:26.7,2282,26.028,0.779987,1.254674,82.7626,334.7733,2.0169,357.0649,0,0,0,0.779617,1.265232,82.77242,-0.104933,0.363314,0.925739,-0.845462,6.891828,97.10923,Arch,0,0,0.5,0.5,0.5,0.5,1,1,Valid,#NAME?
06:26.7,2283,26.0379,0.776056,1.254649,82.8541,334.8232,1.992274,357.0688,0,0,0,0.775681,1.265199,82.86393,-0.105315,0.362503,0.926013,-0.858979,6.891828,97.23712,Arch,0,0,0.5,0.5,0.5,0.5,1,1,Valid,#NAME?
06:26.7,2284,26.0489,0.772076,1.254603,82.9456,334.8956,1.978711,357.0671,0,0,0,0.7717,1.265141,82.95544,-0.12633,0.364551,0.922574,-1.178145,6.891828,97.19498,Arch,0,0,0.5,0.5,0.5,0.5,1,1,Valid,#NAME?
06:26.7,2285,26.0607,0.76808,1.254528,83.03706,334.9456,1.956738,357.0548,0,0,0,0.7677,1.265057,83.04691,-0.160045,0.385261,0.908824,-1.569766,6.891828,96.32039,Arch,0,0,0.5,0.5,0.5,0.5,1,0.957789,Valid,#NAME?
06:26.7,2286,26.0718,0.76412,1.254351,83.12911,335.0565,1.955567,357.0308,0,0,0,0.763742,1.264861,83.13898,-0.160053,0.383584,0.909531,-1.584142,6.891828,96.48129,Arch,0,0,0.5,0.5,0.5,0.5,1,0.92402,Valid,#NAME?
06:26.7,2287,26.0823,0.760008,1.254351,83.22109,335.1228,1.950162,357.0328,0,0,0,0.75963,1.264849,83.23097,-0.192973,0.353312,0.915386,-2.177392,6.642213,97.16303,Arch,0,0,0.5,0.5,0.5,0.5,1,0.92402,Valid,#NAME?
06:26.7,2288,26.0934,0.755882,1.254301,83.3131,335.199,1.951387,357.029,0,0,0,0.755507,1.264786,83.32299,-0.205924,0.321427,0.924273,-2.504672,6.353597,97.95603,Arch,0,0,0.5,0.5,0.5,0.5,1,0.92402,Valid,#NAME?
06:26.7,2289,26.1045,0.751829,1.254142,83.40514,335.2911,1.942096,357.0217,0,0,0,0.751452,1.264611,83.41505,-0.251309,0.233776,0.939251,-3.641497,5.351072,99.83337,Arch,0,0,0.5,0.5,0.5,0.5,1,0.939216,Valid,#NAME?
06:26.7,2290,26.1155,0.74769,1.254046,83.49715,335.3911,1.93909,357.0167,0,0,0,0.747315,1.264499,83.50707,-0.25136,0.232174,0.939635,-3.659647,5.335066,99.98114,Arch,0,0,0.5,0.5,0.5,0.5,1,0.939216,Valid,#NAME?
06:26.8,2291,26.127,0.743494,1.253935,83.58919,335.4993,1.941484,356.973,0,0,0,0.743124,1.264369,83.59913,-0.269148,0.212529,0.939357,-4.015076,5.021626,100.2058,Arch,0,0,0.5,0.5,0.5,0.5,1,0.951373,Valid,#NAME?
06:26.8,2292,26.1444,0.739279,1.253731,83.68125,335.6531,1.945913,356.9447,0,0,0,0.738913,1.264139,83.69123,-0.288336,0.211345,0.933914,-4.184064,4.872601,99.63664,Arch,0,0,0.5,0.5,0.5,0.5,1,0.968879,Valid,#NAME?
06:26.8,2293,26.1534,0.734926,1.253585,83.77331,335.8034,1.939044,356.92,0,0,0,0.734562,1.263967,83.78331,-0.30084,0.216959,0.928668,-4.222391,4.838801,99.08499,Arch,0,0,0.5,0.5,0.5,0.5,1,0.968879,Valid,#NAME?
06:26.8,2294,26.1619,0.730534,1.253331,83.8654,335.9917,1.921328,356.8933,0,0,0,0.730169,1.263681,83.87543,-0.301189,0.214082,0.929223,-4.256855,4.808408,99.26132,Arch,0,0,0.5,0.5,0.5,0.5,1,0.968879,Valid,#NAME?
06:26.8,2295,26.171,0.726025,1.253098,83.95753,336.2531,1.867114,356.8964,0,0,0,0.725653,1.263402,83.96761,-0.313614,0.190688,0.930207,-4.602834,4.503303,99.77232,Arch,0,0,0.5,0.5,0.5,0.5,1,0.984066,Valid,#NAME?
06:26.8,2296,26.1826,0.721424,1.252834,84.04964,336.5273,1.785427,356.9245,0,0,0,0.721037,1.263089,84.05976,-0.321844,0.175939,0.930302,-4.83375,4.299666,100.1161,Arch,0,0,0.5,0.5,0.5,0.5,1,0.989802,Valid,#NAME?
06:26.8,2297,26.1938,0.716808,1.252425,84.14178,336.798,1.684008,356.9915,0,0,0,0.716398,1.262631,84.15195,-0.323221,0.171213,0.930706,-4.90252,4.23902,100.3315,Arch,0,0,0.5,0.5,0.5,0.5,1,0.989802,Valid,#NAME?
06:26.8,2298,26.2043,0.711994,1.252087,84.23393,337.128,1.548201,357.0997,0,0,0,0.71155,1.262234,84.24417,-0.321996,0.164747,0.932297,-4.977425,4.172964,100.7159,Arch,0,0,0.5,0.5,0.5,0.5,1,0.989802,Valid,#NAME?
06:26.8,2299,26.2156,0.707079,1.251695,84.3261,337.4715,1.340431,357.2412,0,0,0,0.706587,1.261778,84.3364,-0.307503,0.153406,0.9391,-4.995644,4.106489,101.7507,Arch,0,0,0.5,0.5,0.5,0.5,1,0.995823,Valid,#NAME?
06:26.9,2300,26.2271,0.70221,1.251162,84.41835,337.8297,1.131548,357.347,0,0,0,0.70167,1.26118,84.42871,-0.310504,0.147016,0.939134,-5.030749,3.975345,101.7667,Arch,0,0,0.5,0.5,0.5,0.5,1,0.995823,Valid,#NAME?
06:26.9,2301,26.238,0.697096,1.250722,84.51053,338.2305,0.829326,357.5785,0,0,0,0.696482,1.260664,84.52096,-0.306824,0.135391,0.942087,-5.075626,3.807702,102.2439,Arch,0,0,0.5,0.5,0.5,0.5,1,0.995823,Valid,#NAME?
06:26.9,2302,26.2489,0.692062,1.250364,84.60258,338.518,0.585708,357.6709,0,0,0,0.691397,1.260253,84.61304,-0.312886,0.126505,0.941328,-5.127737,3.613034,102.1201,Arch,0,0,0.5,0.5,0.5,0.5,1,0.997327,Valid,#NAME?
06:26.9,2303,26.2603,0.68688,1.24972,84.6948,339.0031,0.244393,357.7971,0,0,0,0.68614,1.259518,84.70535,-0.317984,0.117896,0.940737,-5.175943,3.432955,102.048,Arch,0,0,0.5,0.5,0.5,0.5,1,0.997327,Valid,#NAME?
06:26.9,2304,26.2711,0.681643,1.249119,84.78702,339.4904,359.934,357.8643,0,0,0,0.680838,1.258826,84.79765,-0.315225,0.10783,0.942871,-5.217802,3.276586,102.4411,Arch,0,0,0.5,0.5,0.5,0.5,1,0.997327,Valid,#NAME?
06:26.9,2305,26.2829,0.676354,1.24856,84.87923,339.938,359.6526,357.9482,0,0,0,0.675489,1.258183,84.88993,-0.316223,0.099351,0.943468,-5.259,3.122682,102.5958,Arch,0,0,0.5,0.5,0.5,0.5,1,0.998905,Valid,#NAME?
06:26.9,2306,26.3,0.666115,1.248078,85.06313,340.3382,359.3646,358.0799,0,0,0,0.665184,1.257624,85.0739,-0.321159,0.091965,0.942549,-5.300933,2.966038,102.5835,Arch,0,0,0.5,0.5,0.5,0.5,1,0.999299,Valid,#NAME?
06:26.9,2307,26.3085,0.665876,1.247738,85.06348,340.5666,359.1688,358.1146,0,0,0,0.664904,1.25724,85.07428,-0.324861,0.08694,0.941757,-5.328963,2.861326,102.4502,Arch,0,0,0.5,0.5,0.5,0.5,1,0.999299,Valid,#NAME?
06:26.9,2308,26.3161,0.660465,1.247234,85.15563,340.9174,358.8439,358.1653,0,0,0,0.659428,1.256669,85.16649,-0.330001,0.080884,0.940509,-5.363353,2.732859,102.3315,Arch,0,0,0.5,0.5,0.5,0.5,1,0.999299,Valid,#NAME?
06:26.9,2309,26.3267,0.65502,1.246677,85.24775,341.2497,358.4894,358.1909,0,0,0,0.653912,1.256049,85.25865,-0.327343,0.071564,0.942192,-5.404146,2.580472,102.6955,Arch,0,0,0.5,0.5,0.5,0.5,1,0.999713,Valid,#NAME?
06:27.0,2310,26.3382,0.649256,1.245588,85.3401,341.8039,357.8813,358.264,0,0,0,0.648022,1.254853,85.35108,-0.328955,0.057612,0.942587,-5.472078,2.326701,102.8876,Arch,0,0,0.5,0.5,0.5,0.5,1,0.999713,Valid,#NAME?
06:27.0,2311,26.3491,0.643799,1.245119,85.43211,342.1305,357.5943,358.2265,0,0,0,0.64251,1.254321,85.44313,-0.333842,0.052356,0.941174,-5.501221,2.217832,102.7637,Arch,0,0,0.5,0.5,0.5,0.5,1,0.999713,Valid,#NAME?
06:27.0,2312,26.36,0.638371,1.244741,85.52414,342.4116,357.3513,358.238,0,0,0,0.637032,1.253889,85.5352,-0.30311,0.021097,0.952722,-5.642265,1.690942,105.272,Arch,0,0,0.5,0.5,0.5,0.5,1,0.999853,Valid,#NAME?
06:27.0,2313,26.3713,0.633183,1.244538,85.61607,342.5403,357.2473,358.2395,0,0,0,0.631823,1.253661,85.62715,-0.296652,0.012842,0.954899,-5.68611,1.527158,105.9641,Arch,0,0,0.5,0.5,0.5,0.5,1,0.999853,Valid,#NAME?
06:27.0,2314,26.3823,0.627848,1.244293,85.70807,342.7041,357.055,358.2635,0,0,0,0.626446,1.253383,85.71918,-0.299742,0.009974,0.953968,-5.703018,1.463992,105.8635,Arch,0,0,0.5,0.5,0.5,0.5,1,0.99994,Valid,#NAME?
06:27.0,2315,26.3934,0.622467,1.244049,85.80013,342.8162,356.8111,358.3105,0,0,0,0.621012,1.253117,85.81125,-0.290416,-0.003834,0.956893,-5.782099,1.168574,106.9089,Arch,0,0,0.5,0.5,0.5,0.5,1,0.99994,Valid,#NAME?
06:27.0,2316,26.4045,0.617231,1.243651,85.89211,342.8947,356.6274,358.3213,0,0,0,0.61574,1.252704,85.90324,-0.28701,-0.010623,0.957869,-5.823377,1.014377,107.3932,Arch,0,0,0.5,0.5,0.5,0.5,1,0.99994,Valid,#NAME?
06:27.0,2317,26.4154,0.611847,1.243616,85.98389,342.9344,356.5284,358.2631,0,0,0,0.61034,1.252661,85.99502,-0.287282,-0.009533,0.957799,-5.816683,1.03938,107.4227,Arch,0,0,0.5,0.5,0.5,0.5,1,0.999969,Valid,#NAME?
06:27.0,2318,26.4266,0.606501,1.24329,86.07583,343.0121,356.414,358.1868,0,0,0,0.604979,1.252321,86.08697,-0.28958,-0.010561,0.957096,-5.822432,1.017905,107.3303,Arch,0,0,0.5,0.5,0.5,0.5,1,0.999969,Valid,#NAME?
06:27.1,2319,26.4377,0.601128,1.243083,86.16772,343.1158,356.3177,358.1021,0,0,0,0.599594,1.252096,86.17887,-0.290726,-0.011296,0.95674,-5.82658,1.00241,107.3266,Arch,0,0,0.5,0.5,0.5,0.5,1,0.999969,Valid,#NAME?
06:27.1,2320,26.4547,0.595713,1.242963,86.25964,343.2168,356.2261,358.0229,0,0,0,0.594168,1.251956,86.2708,-0.291421,-0.007113,0.956569,-5.801566,1.095854,107.2644,Arch,0,0,0.5,0.5,0.5,0.5,1,0.999987,Valid,#NAME?
06:27.1,2321,26.4628,0.590345,1.242771,86.35151,343.2825,356.1805,357.9209,0,0,0,0.5888,1.251752,86.36269,-0.292211,-0.006094,0.956335,-5.795475,1.118608,107.2569,Arch,0,0,0.5,0.5,0.5,0.5,1,0.999992,Valid,#NAME?
06:27.1,2322,26.4713,0.584868,1.242726,86.44334,343.3346,356.1042,357.9102,0,0,0,0.583307,1.251698,86.45452,-0.293534,-0.006939,0.955923,-5.800246,1.100785,107.2432,Arch,0,0,0.5,0.5,0.5,0.5,1,0.999992,Valid,#NAME?
06:27.1,2323,26.5188,0.562538,1.242236,86.81062,343.5021,355.546,357.9156,0,0,0,0.560869,1.251175,86.82181,-0.30108,-0.003489,0.953593,-5.779656,1.1777,106.9038,Arch,0,0,0.5,0.5,0.5,0.5,1,0.999997,Valid,#NAME?
06:27.2,2324,26.5276,0.556835,1.242086,86.90239,343.588,355.5106,357.7874,0,0,0,0.555168,1.251009,86.91359,-0.301898,-0.002845,0.953336,-5.776006,1.191337,106.9062,Arch,0,0,0.5,0.5,0.5,0.5,1,0.999998,Valid,#NAME?
06:27.2,2325,26.5377,0.55109,1.241965,86.99423,343.6962,355.3625,357.8052,0,0,0,0.549393,1.250867,87.00545,-0.304276,-0.004753,0.952572,-5.786566,1.151888,106.841,Arch,0,0,0.5,0.5,0.5,0.5,1,0.999999,Valid,#NAME?
06:27.2,2326,26.549,0.545233,1.24183,87.08599,343.7621,355.207,357.8117,0,0,0,0.543503,1.250719,87.09721,-0.304075,-0.003221,0.952643,-5.778034,1.183759,106.9021,Arch,0,0,0.5,0.5,0.5,0.5,1,0.999999,Valid,#NAME?
06:27.2,2327,26.56,0.539362,1.241557,87.17776,343.8506,354.9972,357.8142,0,0,0,0.53759,1.250428,87.18899,-0.3068,-0.004012,0.951766,-5.782312,1.167778,106.7948,Arch,0,0,0.5,0.5,0.5,0.5,1,0.999999,Valid,#NAME?
06:27.2,2328,26.5719,0.533392,1.241498,87.26942,343.9253,354.8329,357.783,0,0,0,0.53159,1.250355,87.28065,-0.308478,-0.005349,0.951216,-5.789549,1.140743,106.7724,Arch,0,0,0.5,0.5,0.5,0.5,1,0.999999,Valid,#NAME?
06:27.2,2329,26.582,0.527393,1.241295,87.36116,344.0299,354.6292,357.7314,0,0,0,0.525555,1.250132,87.37241,-0.312099,-0.006937,0.950024,-5.797889,1.109591,106.6209,Arch,0,0,0.5,0.5,0.5,0.5,1,0.999999,Valid,#NAME?
06:27.2,2330,26.5934,0.521393,1.241138,87.45291,344.159,354.4629,357.6941,0,0,0,0.519522,1.249949,87.46417,-0.317328,-0.007183,0.948289,-5.798601,1.106931,106.345,Arch,0,0,0.5,0.5,0.5,0.5,1,1,Valid,#NAME?
06:27.2,2331,26.6111,0.509455,1.240843,87.63612,344.2678,354.2971,357.6879,0,0,0,0.507549,1.249633,87.64739,-0.328368,-0.00556,0.944534,-5.788938,1.143028,105.7589,Arch,0,0,0.5,0.5,0.5,0.5,1,1,Valid,#NAME?
06:27.2,2332,26.6199,0.509415,1.240708,87.63639,344.3843,354.1518,357.7018,0,0,0,0.507479,1.249475,87.64767,-0.343907,-0.002011,0.939002,-5.770268,1.212769,104.7884,Arch,0,0,0.5,0.5,0.5,0.5,1,1,Valid,#NAME?
06:27.3,2333,26.6307,0.503416,1.240389,87.72824,344.5123,353.8803,357.6996,0,0,0,0.501425,1.24913,87.73953,-0.348361,-0.004167,0.937351,-5.780649,1.173992,104.643,Arch,0,0,0.5,0.5,0.5,0.5,1,1,Valid,#NAME?
06:27.3,2334,26.641,0.497444,1.240222,87.81994,344.5912,353.7151,357.6156,0,0,0,0.495426,1.248948,87.83124,-0.363695,-0.002504,0.931515,-5.772135,1.205797,103.8841,Arch,0,0,0.5,0.5,0.5,0.5,1,1,Valid,#NAME?
06:27.3,2335,26.6558,0.48563,1.240006,88.00321,344.683,353.4906,357.5374,0,0,0,0.483574,1.248715,88.01452,-0.368783,-0.003412,0.929509,-5.776151,1.190795,103.792,Arch,0,0,0.5,0.5,0.5,0.5,1,1,Valid,#NAME?
06:27.3,2336,26.6653,0.485636,1.23983,88.0034,344.7615,353.4663,357.4735,0,0,0,0.48358,1.248524,88.01472,-0.370128,-0.004966,0.928967,-5.783203,1.16445,103.7434,Arch,0,0,0.5,0.5,0.5,0.5,1,1,Valid,#NAME?
06:27.3,2337,26.6751,0.479828,1.239671,88.09515,344.864,353.3976,357.4135,0,0,0,0.477762,1.248346,88.10648,-0.371501,-0.006427,0.928411,-5.789772,1.13991,103.7696,Arch,0,0,0.5,0.5,0.5,0.5,1,1,Valid,#NAME?
06:27.3,2338,26.6862,0.474106,1.239521,88.18687,344.9535,353.3672,357.371,0,0,0,0.472036,1.248178,88.19822,-0.374,-0.008237,0.927392,-5.797755,1.11009,103.7452,Arch,0,0,0.5,0.5,0.5,0.5,1,1,Valid,#NAME?
06:27.3,2339,26.6954,0.468426,1.239297,88.27864,345.0638,353.3602,357.3633,0,0,0,0.466353,1.247932,88.29,-0.374146,-0.010059,0.927315,-5.805995,1.079306,103.8359,Arch,0,0,0.5,0.5,0.5,0.5,1,1,Valid,#NAME?
06:27.3,2340,26.7043,0.462736,1.239214,88.37032,345.1009,353.3204,357.3955,0,0,0,0.460651,1.247841,88.38168,-0.375495,-0.011166,0.926757,-5.810802,1.061353,103.8602,Arch,0,0,0.5,0.5,0.5,0.5,1,1,Valid,#NAME?
06:27.3,2341,26.716,0.457073,1.239162,88.46204,345.1575,353.2489,357.4195,0,0,0,0.454973,1.247777,88.47342,-0.378789,-0.011945,0.925406,-5.813815,1.050096,103.7885,Arch,0,0,0.5,0.5,0.5,0.5,1,1,Valid,#NAME?
06:27.3,2342,26.7266,0.451471,1.23909,88.55379,345.176,353.1724,357.4292,0,0,0,0.449354,1.247701,88.56516,-0.380364,-0.01105,0.924771,-5.80959,1.065879,103.7824,Arch,0,0,0.5,0.5,0.5,0.5,1,1,Valid,#NAME?
06:27.4,2343,26.738,0.44589,1.239017,88.64552,345.2263,353.1247,357.423,0,0,0,0.443764,1.247618,88.65689,-0.381159,-0.011868,0.924433,-5.813092,1.052797,103.8318,Arch,0,0,0.5,0.5,0.5,0.5,1,1,Valid,#NAME?
06:27.4,2344,26.7489,0.440365,1.238913,88.73722,345.2411,353.092,357.3874,0,0,0,0.438234,1.247511,88.7486,-0.382764,-0.0096,0.923796,-5.802869,1.090985,103.8114,Arch,0,0,0.5,0.5,0.5,0.5,1,1,Valid,#NAME?
06:27.4,2345,26.7666,0.434872,1.238795,88.82896,345.2939,353.0827,357.3594,0,0,0,0.432741,1.247384,88.84034,-0.382218,-0.009098,0.924027,-5.80072,1.099013,103.91,Arch,0,0,0.5,0.5,0.5,0.5,1,1,Valid,#NAME?
06:27.4,2346,26.7754,0.429424,1.23871,88.92069,345.3519,353.0845,357.3229,0,0,0,0.427296,1.247288,88.93208,-0.380539,-0.009449,0.924717,-5.802438,1.092596,104.0704,Arch,0,0,0.5,0.5,0.5,0.5,1,1,Valid,#NAME?
06:27.4,2347,26.7839,0.424061,1.238623,89.0124,345.4012,353.0952,357.2949,0,0,0,0.421936,1.247191,89.0238,-0.380484,-0.010152,0.924732,-5.805534,1.08103,104.1591,Arch,0,0,0.5,0.5,0.5,0.5,1,1,Valid,#NAME?
06:27.4,2348,26.7937,0.418703,1.238545,89.1041,345.4306,353.1195,357.2588,0,0,0,0.416588,1.247108,89.11552,-0.380139,-0.009099,0.924885,-5.800917,1.098278,104.2428,Arch,0,0,0.5,0.5,0.5,0.5,1,1,Valid,#NAME?
06:27.4,2349,26.8061,0.413313,1.238477,89.19581,345.4633,353.1471,357.2506,0,0,0,0.411202,1.247033,89.20722,-0.37944,-0.009133,0.925171,-5.801124,1.097504,104.3545,Arch,0,0,0.5,0.5,0.5,0.5,1,1,Valid,#NAME?
06:27.4,2350,26.8164,0.408037,1.238424,89.28751,345.4917,353.1685,357.2338,0,0,0,0.405932,1.246974,89.29893,-0.379164,-0.009535,0.925281,-5.802907,1.090845,104.4505,Arch,0,0,0.5,0.5,0.5,0.5,1,1,Valid,#NAME?
06:27.4,2351,26.8266,0.402758,1.238351,89.37919,345.5307,353.2056,357.232,0,0,0,0.40066,1.246893,89.39062,-0.375081,-0.009409,0.926944,-5.80279,1.091281,104.7213,Arch,0,0,0.5,0.5,0.5,0.5,1,1,Valid,#NAME?
06:27.5,2352,26.838,0.397568,1.238284,89.47089,345.5659,353.2649,357.2188,0,0,0,0.395483,1.246819,89.48232,-0.363569,-0.010249,0.931511,-5.807967,1.071941,105.3764,Arch,0,0,0.5,0.5,0.5,0.5,1,1,Valid,#NAME?
06:27.5,2353,26.8561,0.387196,1.238198,89.65423,345.6258,353.3805,357.201,0,0,0,0.385132,1.246722,89.66568,-0.343708,-0.015747,0.938945,-5.837494,0.961638,106.6647,Arch,0,0,0.5,0.5,0.5,0.5,1,1,Valid,#NAME?
06:27.5,2354,26.8656,0.387249,1.238098,89.65436,345.6388,353.436,357.217,0,0,0,0.385197,1.246618,89.66581,-0.342729,-0.01603,0.939298,-5.839137,0.955501,106.7245,Arch,0,0,0.5,0.5,0.5,0.5,1,1,Valid,#NAME?
06:27.5,2355,26.8756,0.382128,1.238103,89.74603,345.6454,353.4891,357.2379,0,0,0,0.380083,1.246623,89.75748,-0.340189,-0.017143,0.940201,-5.845181,0.932922,106.9626,Arch,0,0,0.5,0.5,0.5,0.5,1,1,Valid,#NAME?
06:27.5,2356,26.886,0.376995,1.238167,89.8377,345.6631,353.5327,357.2832,0,0,0,0.374954,1.246682,89.84916,-0.336576,-0.020106,0.941442,-5.860907,0.874179,107.2916,Arch,0,0,0.5,0.5,0.5,0.5,1,1,Valid,#NAME?
06:27.5,2357,26.8951,0.371861,1.238141,89.92938,345.6219,353.5645,357.3108,0,0,0,0.369825,1.246664,89.94083,-0.335932,-0.019513,0.941684,-5.858033,0.884914,107.3987,Arch,0,0,0.5,0.5,0.5,0.5,1,1,Valid,#NAME?
06:27.5,2358,26.9045,0.366787,1.238194,90.02104,345.5974,353.5945,357.3384,0,0,0,0.364756,1.246722,90.03249,-0.333728,-0.019129,0.942475,-5.85664,0.890115,107.6022,Arch,0,0,0.5,0.5,0.5,0.5,1,1,Valid,#NAME?
06:27.5,2359,26.9212,0.361744,1.238221,90.11267,345.5653,353.6256,357.3573,0,0,0,0.359716,1.246755,90.12411,-0.333108,-0.018656,0.942704,-5.854331,0.89874,107.71,Arch,0,0,0.5,0.5,0.5,0.5,1,1,Valid,#NAME?
06:27.6,2360,26.9301,0.356726,1.238235,90.20432,345.5611,353.6748,357.375,0,0,0,0.354706,1.24677,90.21577,-0.331849,-0.018378,0.943154,-5.853197,0.902978,107.8594,Arch,0,0,0.5,0.5,0.5,0.5,1,1,Valid,#NAME?
06:27.6,2361,26.9378,0.351679,1.238183,90.29597,345.5631,353.721,357.3936,0,0,0,0.349667,1.246716,90.30742,-0.331007,-0.018483,0.943448,-5.85391,0.900315,107.9891,Arch,0,0,0.5,0.5,0.5,0.5,1,1,Valid,#NAME?
06:27.6,2362,26.9491,0.346714,1.238184,90.38761,345.5773,353.7623,357.4049,0,0,0,0.344709,1.246716,90.39906,-0.33098,-0.018491,0.943457,-5.853883,0.900417,108.0681,Arch,0,0,0.5,0.5,0.5,0.5,1,1,Valid,#NAME?
06:27.6,2363,26.9602,0.341745,1.238165,90.47924,345.5868,353.8,357.4044,0,0,0,0.339748,1.246694,90.49069,-0.330409,-0.018662,0.943653,-5.854848,0.896811,108.1825,Arch,0,0,0.5,0.5,0.5,0.5,1,1,Valid,#NAME?
06:27.6,2364,26.9709,0.336842,1.238161,90.57085,345.605,353.8394,357.4231,0,0,0,0.33485,1.246686,90.58231,-0.329678,-0.019043,0.943901,-5.856927,0.889044,108.31,Arch,0,0,0.5,0.5,0.5,0.5,1,1,Valid,#NAME?
06:27.6,2365,26.982,0.331978,1.238127,90.66246,345.6098,353.8843,357.4346,0,0,0,0.329994,1.246651,90.67392,-0.326692,-0.020506,0.944908,-5.865294,0.857789,108.5928,Arch,0,0,0.5,0.5,0.5,0.5,1,1,Valid,#NAME?
06:27.6,2366,26.9937,0.327126,1.23809,90.75408,345.6363,353.9213,357.4532,0,0,0,0.325148,1.246608,90.76555,-0.325161,-0.021322,0.945418,-5.869956,0.840373,108.778,Arch,0,0,0.5,0.5,0.5,0.5,1,1,Valid,#NAME?
06:27.6,2367,27.0044,0.322323,1.238052,90.84571,345.651,353.9681,357.4589,0,0,0,0.320353,1.246568,90.85718,-0.324364,-0.021594,0.945686,-5.871566,0.834358,108.9098,Arch,0,0,0.5,0.5,0.5,0.5,1,1,Valid,#NAME?
06:27.6,2368,27.0154,0.317581,1.238047,90.93732,345.6748,354.02,357.4615,0,0,0,0.31562,1.246557,90.9488,-0.323639,-0.021801,0.94593,-5.872817,0.829685,109.0363,Arch,0,0,0.5,0.5,0.5,0.5,1,1,Valid,#NAME?
06:27.6,2369,27.0265,0.312851,1.238004,91.02895,345.6832,354.0791,357.4532,0,0,0,0.310904,1.246512,91.04043,-0.321975,-0.022327,0.946485,-5.876083,0.817486,109.2278,Arch,0,0,0.5,0.5,0.5,0.5,1,1,Valid,#NAME?
06:27.7,2370,27.0376,0.308193,1.237986,91.12057,345.696,354.1483,357.4525,0,0,0,0.306261,1.246492,91.13206,-0.320835,-0.022542,0.946867,-5.877548,0.812012,109.3821,Arch,0,0,0.5,0.5,0.5,0.5,1,1,Valid,#NAME?
06:27.7,2371,27.0563,0.299021,1.237951,91.30375,345.7273,354.2701,357.4257,0,0,0,0.297113,1.246451,91.31524,-0.31886,-0.022917,0.947525,-5.880098,0.802486,109.6714,Arch,0,0,0.5,0.5,0.5,0.5,1,1,Valid,#NAME?
06:27.7,2372,27.0724,0.294449,1.237898,91.39534,345.744,354.3333,357.4522,0,0,0,0.292551,1.246394,91.40684,-0.318574,-0.023252,0.947613,-5.881906,0.795732,109.773,Arch,0,0,0.5,0.5,0.5,0.5,1,1,Valid,#NAME?
06:27.7,2373,27.0817,0.289944,1.237867,91.48691,345.7577,354.3875,357.4838,0,0,0,0.288054,1.246361,91.49841,-0.317537,-0.023605,0.947952,-5.884098,0.787545,109.9243,Arch,0,0,0.5,0.5,0.5,0.5,1,1,Valid,#NAME?
06:27.7,2374,27.0907,0.285484,1.237849,91.57848,345.7744,354.4275,357.5307,0,0,0,0.283598,1.246338,91.58998,-0.3163,-0.024125,0.948353,-5.887279,0.775662,110.0919,Arch,0,0,0.5,0.5,0.5,0.5,1,1,Valid,#NAME?
06:27.7,2375,27.1008,0.281017,1.237782,91.67006,345.7768,354.4553,357.539,0,0,0,0.279137,1.246271,91.68156,-0.315756,-0.02436,0.948528,-5.888677,0.77044,110.2096,Arch,0,0,0.5,0.5,0.5,0.5,1,1,Valid,#NAME?
06:27.7,2376,27.1078,0.281002,1.237785,91.67007,345.7887,354.4577,357.5422,0,0,0,0.27912,1.246271,91.68157,-0.3157,-0.024573,0.948541,-5.88984,0.766093,110.2166,Arch,0,0,0.5,0.5,0.5,0.5,1,1,Valid,#NAME?
06:27.7,2377,27.1183,0.276629,1.237775,91.76161,345.8003,354.5011,357.5396,0,0,0,0.274757,1.246259,91.77312,-0.315023,-0.024885,0.948758,-5.891702,0.759138,110.3447,Arch,0,0,0.5,0.5,0.5,0.5,1,1,Valid,#NAME?
06:27.8,2378,27.1279,0.272257,1.237748,91.85318,345.8148,354.5611,357.5415,0,0,0,0.270397,1.246229,91.86469,-0.314019,-0.025139,0.949084,-5.893406,0.752773,110.494,Arch,0,0,0.5,0.5,0.5,0.5,1,1,Valid,#NAME?
06:27.8,2379,27.138,0.267958,1.237741,91.94473,345.8416,354.622,357.5362,0,0,0,0.26611,1.246217,91.95625,-0.312818,-0.026044,0.949456,-5.898708,0.732965,110.6675,Arch,0,0,0.5,0.5,0.5,0.5,1,1,Valid,#NAME?
06:27.8,2380,27.1489,0.263714,1.237751,92.03627,345.86,354.682,357.546,0,0,0,0.261875,1.246223,92.0478,-0.311932,-0.026502,0.949735,-5.901488,0.722583,110.8133,Arch,0,0,0.5,0.5,0.5,0.5,1,1,Valid,#NAME?
06:27.8,2381,27.1599,0.25951,1.237705,92.1278,345.8475,354.735,357.5587,0,0,0,0.257683,1.246179,92.13933,-0.310996,-0.026337,0.950046,-5.900942,0.724622,110.953,Arch,0,0,0.5,0.5,0.5,0.5,1,1,Valid,#NAME?
06:27.8,2382,27.1713,0.255352,1.237694,92.21935,345.8456,354.7886,357.5724,0,0,0,0.253534,1.246168,92.23087,-0.310822,-0.026307,0.950104,-5.900763,0.725289,111.043,Arch,0,0,0.5,0.5,0.5,0.5,1,1,Valid,#NAME?
06:27.8,2383,27.1824,0.251255,1.237714,92.31086,345.8559,354.8402,357.6015,0,0,0,0.249443,1.246186,92.32239,-0.309954,-0.026678,0.950377,-5.903083,0.716624,111.1872,Arch,0,0,0.5,0.5,0.5,0.5,1,1,Valid,#NAME?
06:27.8,2384,27.1933,0.247217,1.237697,92.40238,345.8599,354.893,357.6085,0,0,0,0.245415,1.246168,92.41391,-0.30926,-0.026812,0.950599,-5.904047,0.713022,111.3161,Arch,0,0,0.5,0.5,0.5,0.5,1,1,Valid,#NAME?
06:27.8,2385,27.2044,0.243233,1.237659,92.49388,345.8396,354.9659,357.6088,0,0,0,0.241446,1.246135,92.50541,-0.30805,-0.026468,0.951002,-5.902656,0.71822,111.4733,Arch,0,0,0.5,0.5,0.5,0.5,1,1,Valid,#NAME?
06:27.8,2386,27.2156,0.23933,1.237646,92.58536,345.8416,355.051,357.6146,0,0,0,0.237562,1.24612,92.59689,-0.306885,-0.026386,0.951381,-5.902665,0.718184,111.6323,Arch,0,0,0.5,0.5,0.5,0.5,1,1,Valid,#NAME?
06:27.9,2387,27.2329,0.235479,1.237635,92.67684,345.865,355.152,357.6025,0,0,0,0.233732,1.246104,92.68839,-0.30541,-0.026644,0.951848,-5.904697,0.710592,111.8196,Arch,0,0,0.5,0.5,0.5,0.5,1,1,Valid,#NAME?
06:27.9,2388,27.2415,0.231701,1.23762,92.76833,345.8815,355.2426,357.6201,0,0,0,0.229969,1.246087,92.77987,-0.30391,-0.026845,0.952322,-5.906449,0.704047,112.0087,Arch,0,0,0.5,0.5,0.5,0.5,1,1,Valid,#NAME?
06:27.9,2389,27.2494,0.227966,1.23762,92.85977,345.8842,355.333,357.6316,0,0,0,0.226252,1.246086,92.87132,-0.302355,-0.026935,0.952815,-5.907624,0.699658,112.2011,Arch,0,0,0.5,0.5,0.5,0.5,1,1,Valid,#NAME?
06:27.9,2390,27.2648,0.224266,1.2376,92.95123,345.8822,355.4222,357.649,0,0,0,0.222569,1.246066,92.96278,-0.278127,-0.029999,0.960076,-5.939268,0.58145,114.233,Arch,0,0,0.5,0.5,0.5,0.5,1,1,Valid,#NAME?
06:27.9,2391,27.2754,0.220646,1.237605,93.04267,345.876,355.4799,357.6621,0,0,0,0.218958,1.246072,93.05422,-0.243181,-0.037134,0.96927,-6.016226,0.293962,117.9064,Arch,0,0,0.5,0.5,0.5,0.5,1,1,Valid,#NAME?
06:27.9,2392,27.2854,0.217089,1.237617,93.13411,345.8827,355.5466,357.6676,0,0,0,0.215412,1.246082,93.14566,-0.169792,-0.033469,0.984911,-6.094291,0.002341,129.7463,Arch,0,0,0.5,0.5,0.5,0.5,1,1,Valid,#NAME?
06:27.9,2393,27.2963,0.213551,1.237603,93.22557,345.8937,355.6377,357.6689,0,0,0,0.211893,1.246067,93.23712,-0.168219,-0.033662,0.985175,-6.09944,-0.016892,130.1994,Arch,0,0,0.5,0.5,0.5,0.5,1,1,Valid,#NAME?
06:27.9,2394,27.3064,0.210123,1.237541,93.31698,345.8611,355.7103,357.6706,0,0,0,0.208483,1.246011,93.32854,-0.110279,-0.031588,0.993399,-4.141545,0.00002,132.5138,Road,0,0,0.5,0.5,0.5,0.5,1,1,Valid,#NAME?
06:27.9,2395,27.3153,0.206709,1.237582,93.40841,345.896,355.8081,357.6708,0,0,0,0.205086,1.246045,93.41997,-0.108581,-0.032196,0.993566,-3.997113,0.00002,131.872,Road,0,0,0.5,0.5,0.5,0.5,1,1,Valid,#NAME?
06:27.9,2396,27.3267,0.203384,1.237609,93.49979,345.9043,355.8848,357.6669,0,0,0,0.201777,1.24607,93.51136,-0.074865,-0.030577,0.996725,-2.849035,0.00002,134.1289,Road,0,0,0.5,0.5,0.5,0.5,1,1,Valid,#NAME?
06:28.0,2397,27.3378,0.200073,1.237556,93.59119,345.891,355.9781,357.6753,0,0,0,0.198484,1.246019,93.60276,-0.063783,-0.029612,0.997524,-2.485389,0.00002,135.5765,Road,0,0,0.5,0.5,0.5,0.5,1,1,Valid,#NAME?
06:28.0,2398,27.3488,0.196852,1.237602,93.68258,345.8843,356.0452,357.6758,0,0,0,0.195276,1.246067,93.69415,-0.060453,-0.02933,0.99774,-2.372991,0.00002,136.0819,Road,0,0,0.5,0.5,0.5,0.5,1,1,Valid,#NAME?
06:28.0,2399,27.3601,0.193678,1.237653,93.77395,345.875,356.1248,357.6784,0,0,0,0.192118,1.24612,93.78551,-0.059056,-0.029167,0.997829,-2.330939,0.00002,136.4161,Road,0,0,0.5,0.5,0.5,0.5,1,1,Valid,#NAME?
06:28.0,2400,27.3715,0.190542,1.237665,93.86531,345.8526,356.2136,357.6648,0,0,0,0.189001,1.246137,93.87688,-0.057167,-0.029367,0.997933,-2.236731,0.00002,136.2213,Road,0,0,0.5,0.5,0.5,0.5,1,1,Valid,#NAME?
06:28.0,2401,27.3892,0.184519,1.237707,94.04808,345.8387,356.3449,357.6686,0,0,0,0.183004,1.246181,94.05965,-0.056384,-0.029885,0.997962,-2.168148,0.00002,135.6734,Road,0,0,0.5,0.5,0.5,0.5,1,1,Valid,#NAME?
06:28.0,2402,27.3973,0.184517,1.237737,94.04799,345.8123,356.3885,357.6632,0,0,0,0.183014,1.246217,94.05956,-0.056086,-0.029335,0.997995,-2.199626,0.00002,136.4559,Road,0,0,0.5,0.5,0.5,0.5,1,1,Valid,#NAME?
06:28.0,2403,27.4054,0.181616,1.237751,94.13931,345.7653,356.5101,357.652,0,0,0,0.18014,1.24624,94.15086,-0.054024,-0.028517,0.998133,-2.180738,0.000021,137.7701,Road,0,0,0.5,0.5,0.5,0.5,1,1,Valid,#NAME?
06:28.0,2404,27.4166,0.17878,1.237829,94.23063,345.751,356.6093,357.6729,0,0,0,0.177319,1.246322,94.24219,-0.055376,-0.027928,0.998075,-2.293832,0.000021,138.7811,Road,0,0,0.5,0.5,0.5,0.5,1,1,Valid,#NAME?
06:28.0,2405,27.4271,0.175983,1.237898,94.32194,345.7235,356.7052,357.6934,0,0,0,0.174542,1.246396,94.3335,-0.054337,-0.027466,0.998145,-2.291181,0.000021,139.6274,Road,0,0,0.5,0.5,0.5,0.5,1,1,Valid,#NAME?
06:28.1,2406,27.4387,0.173243,1.237955,94.41325,345.6952,356.8023,357.6997,0,0,0,0.17182,1.246458,94.42481,-0.052617,-0.026972,0.998251,-2.25971,0.000021,140.5562,Road,0,0,0.5,0.5,0.5,0.5,1,1,Valid,#NAME?
06:28.1,2407,27.4502,0.170546,1.237987,94.50451,345.6393,356.8989,357.6943,0,0,0,0.169144,1.246501,94.51606,-0.051551,-0.02649,0.998319,-2.256554,0.000021,141.4909,Road,0,0,0.5,0.5,0.5,0.5,1,1,Valid,#NAME?
06:28.1,2408,27.4616,0.16791,1.238079,94.59579,345.6523,356.9929,357.7068,0,0,0,0.166525,1.246591,94.60735,-0.050006,-0.027403,0.998373,-2.108292,0.000021,140.0239,Road,0,0,0.5,0.5,0.5,0.5,1,1,Valid,#NAME?
06:28.1,2409,27.4728,0.165352,1.23806,94.68707,345.6165,357.0753,357.7107,0,0,0,0.163984,1.246579,94.69862,-0.048483,-0.027225,0.998453,-2.055903,0.000021,140.4149,Road,0,0,0.5,0.5,0.5,0.5,1,1,Valid,#NAME?
06:28.1,2410,27.4849,0.162851,1.238101,94.77832,345.609,357.167,357.7341,0,0,0,0.161499,1.246621,94.78987,-0.046774,-0.027092,0.998538,-1.990737,0.000021,140.7365,Road,0,0,0.5,0.5,0.5,0.5,1,1,Valid,#NAME?
06:28.1,2411,27.4965,0.160448,1.238098,94.86958,345.5941,357.2549,357.7467,0,0,0,0.159113,1.246621,94.88113,-0.061026,-0.027172,0.997766,-2.640609,0.000021,140.6561,Road,0,0,0.5,0.5,0.5,0.5,1,1,Valid,#NAME?
06:28.1,2412,27.509,0.158083,1.238099,94.96082,345.5635,357.3406,357.7701,0,0,0,0.156763,1.246627,94.97237,-0.103863,-0.028987,0.994169,-4.309876,0.000021,137.7269,Road,0,0,0.5,0.5,0.5,0.5,1,1,Valid,#NAME?
06:28.1,2413,27.5195,0.15575,1.238187,95.05209,345.5664,357.4231,357.7874,0,0,0,0.154446,1.246715,95.06364,-0.124679,-0.032299,0.991671,-4.657998,0.00002,133.3409,Road,0,0,0.5,0.5,0.5,0.5,1,1,Valid,#NAME?
06:28.2,2414,27.528,0.153517,1.238183,95.14339,345.537,357.4792,357.7978,0,0,0,0.152222,1.246717,95.15494,-0.123658,-0.031802,0.991815,-4.695313,0.00002,134.0354,Road,0,0,0.5,0.5,0.5,0.5,1,1,Valid,#NAME?
06:28.2,2415,27.5456,0.149195,1.238249,95.32595,345.4731,357.601,357.8144,0,0,0,0.147923,1.246796,95.33749,-0.17766,-0.030064,0.983633,-6.041543,0.199387,129.6061,Arch,0,0,0.5,0.5,0.5,0.5,1,1,Valid,#NAME?
06:28.2,2416,27.5539,0.149147,1.238338,95.32588,345.4476,357.6154,357.8246,0,0,0,0.147877,1.246889,95.33743,-0.193243,-0.031713,0.980638,-6.032651,0.232605,126.7014,Arch,0,0,0.5,0.5,0.5,0.5,1,1,Valid,#NAME?
06:28.2,2417,27.562,0.147068,1.238354,95.41714,345.4143,357.6751,357.8513,0,0,0,0.145809,1.246912,95.42869,-0.192092,-0.031207,0.980881,-6.029698,0.243635,126.9627,Arch,0,0,0.5,0.5,0.5,0.5,1,1,Valid,#NAME?
06:28.2,2418,27.5733,0.145016,1.23841,95.50841,345.4046,357.7361,357.8574,0,0,0,0.143768,1.246969,95.51994,-0.198401,-0.037152,0.979417,-6.072728,0.082892,126.2081,Arch,0,0,0.5,0.5,0.5,0.5,1,1,Valid,#NAME?
06:28.2,2419,27.5837,0.143023,1.238415,95.59966,345.3967,357.7853,357.877,0,0,0,0.141783,1.246977,95.6112,-0.206882,-0.039299,0.977576,-6.07736,0.065588,124.9985,Arch,0,0,0.5,0.5,0.5,0.5,1,1,Valid,#NAME?
06:28.2,2420,27.5944,0.141081,1.238376,95.69092,345.3932,357.8262,357.8883,0,0,0,0.139849,1.246938,95.70245,-0.206129,-0.039271,0.977737,-6.078247,0.062277,125.1969,Arch,0,0,0.5,0.5,0.5,0.5,1,1,Valid,#NAME?
06:28.2,2421,27.6057,0.139145,1.238388,95.78217,345.4131,357.8679,357.9118,0,0,0,0.13792,1.246945,95.7937,-0.20246,-0.044271,0.978289,-5.56453,0.000018,123.348,Road,0,0,0.5,0.5,0.5,0.5,1,1,Valid,#NAME?
06:28.2,2422,27.6163,0.137283,1.238389,95.87341,345.4292,357.8827,357.921,0,0,0,0.136061,1.246943,95.88496,-0.20391,-0.045964,0.97791,-5.395644,0.000018,122.4139,Road,0,0,0.5,0.5,0.5,0.5,1,1,Valid,#NAME?
06:28.2,2423,27.6273,0.135515,1.238348,95.96466,345.4462,357.9104,357.9312,0,0,0,0.134295,1.246898,95.97621,-0.205654,-0.047252,0.977483,-5.292446,0.000018,121.7698,Road,0,0,0.5,0.5,0.5,0.5,1,1,Valid,#NAME?
06:28.3,2424,27.6383,0.133766,1.2383,96.0559,345.4356,357.9432,357.9463,0,0,0,0.132553,1.246853,96.06744,-0.205019,-0.047115,0.977624,-5.293039,0.000018,121.9392,Road,0,0,0.5,0.5,0.5,0.5,1,1,Valid,#NAME?
06:28.3,2425,27.6499,0.132063,1.238301,96.14714,345.4594,357.9744,357.9475,0,0,0,0.130856,1.246849,96.15869,-0.2036,-0.049099,0.977822,-5.039367,0.000018,120.9895,Road,0,0,0.5,0.5,0.5,0.5,1,1,Valid,#NAME?
06:28.3,2426,27.6608,0.130428,1.238257,96.23838,345.4861,358.0132,357.9548,0,0,0,0.129229,1.246799,96.24994,-0.20519,-0.051136,0.977386,-4.873671,0.000017,120.0804,Road,0,0,0.5,0.5,0.5,0.5,1,1,Valid,#NAME?
06:28.3,2427,27.6721,0.128826,1.23821,96.32961,345.502,358.0347,357.9759,0,0,0,0.127626,1.246748,96.34116,-0.204714,-0.051469,0.977468,-4.831115,0.000017,120.0182,Road,0,0,0.5,0.5,0.5,0.5,1,1,Valid,#NAME?
06:28.3,2428,27.6837,0.127258,1.238191,96.42083,345.5316,358.0503,358.0031,0,0,0,0.126061,1.246723,96.4324,-0.204993,-0.051833,0.97739,-4.80455,0.000017,119.9411,Road,0,0,0.5,0.5,0.5,0.5,1,1,Valid,#NAME?
06:28.3,2429,27.7017,0.124411,1.238142,96.60325,345.564,358.0961,358.0381,0,0,0,0.123219,1.246667,96.61481,-0.206142,-0.052732,0.9771,-4.750232,0.000017,119.7146,Road,0,0,0.5,0.5,0.5,0.5,1,1,Valid,#NAME?
06:28.3,2430,27.7105,0.124296,1.238095,96.60325,345.5606,358.0583,358.0508,0,0,0,0.123095,1.246621,96.61481,-0.208738,-0.052748,0.976548,-4.810011,0.000017,119.6936,Road,0,0,0.5,0.5,0.5,0.5,1,1,Valid,#NAME?
06:28.3,2431,27.7183,0.122866,1.238095,96.69446,345.5796,358.0758,358.0527,0,0,0,0.121668,1.246617,96.70602,-0.20843,-0.05308,0.976596,-4.773386,0.000017,119.6418,Road,0,0,0.5,0.5,0.5,0.5,1,1,Valid,#NAME?
06:28.4,2432,27.7266,0.121513,1.238056,96.78563,345.5748,358.0989,358.0591,0,0,0,0.120319,1.246579,96.7972,-0.210156,-0.053208,0.976219,-4.803233,0.000017,119.6682,Road,0,0,0.5,0.5,0.5,0.5,1,1,Valid,#NAME?
06:28.4,2433,27.7377,0.120203,1.238028,96.87683,345.6094,358.1322,358.0596,0,0,0,0.119017,1.246543,96.8884,-0.211115,-0.053893,0.975974,-4.763978,0.000017,119.4622,Road,0,0,0.5,0.5,0.5,0.5,1,1,Valid,#NAME?
06:28.4,2434,27.7488,0.118902,1.238017,96.968,345.6437,358.1668,358.077,0,0,0,0.11772,1.246526,96.97958,-0.210436,-0.054535,0.976086,-4.692235,0.000017,119.2901,Road,0,0,0.5,0.5,0.5,0.5,1,1,Valid,#NAME?
06:28.4,2435,27.7599,0.117662,1.237983,97.05915,345.6699,358.1862,358.0963,0,0,0,0.116484,1.246486,97.07074,-0.210931,-0.053436,0.976039,-4.803792,0.000017,119.8382,Road,0,0,0.5,0.5,0.5,0.5,1,1,Valid,#NAME?
06:28.4,2436,27.7715,0.116514,1.237885,97.15028,345.6958,358.2206,358.1052,0,0,0,0.115339,1.246383,97.16187,-0.208025,-0.050706,0.976808,-4.997986,0.000018,121.1721,Road,0,0,0.5,0.5,0.5,0.5,1,1,Valid,#NAME?
06:28.4,2437,27.7825,0.115353,1.237832,97.24142,345.7135,358.2528,358.1138,0,0,0,0.114183,1.246326,97.25301,-0.207433,-0.051034,0.976917,-4.951569,0.000018,121.1105,Road,0,0,0.5,0.5,0.5,0.5,1,1,Valid,#NAME?
06:28.4,2438,27.7937,0.114243,1.237808,97.33253,345.7477,358.2845,358.1251,0,0,0,0.113079,1.246295,97.34413,-0.173134,-0.05825,0.983174,-3.591168,0.000017,118.3794,Road,0,0,0.5,0.5,0.5,0.5,1,1,Valid,#NAME?
06:28.4,2439,27.8054,0.113253,1.237724,97.42361,345.7678,358.319,358.1284,0,0,0,0.112097,1.246207,97.43521,-0.090171,-0.075436,0.993065,-1.377513,0.000016,113.8405,Road,0,0,0.5,0.5,0.5,0.5,1,1,Valid,#NAME?
06:28.4,2440,27.8168,0.112265,1.237668,97.51469,345.7895,358.3701,358.1428,0,0,0,0.111116,1.246146,97.5263,-0.05598,-0.084603,0.994841,-0.713418,0.000016,112.1795,Road,0,0,0.5,0.5,0.5,0.5,1,1,Valid,#NAME?
06:28.5,2441,27.8284,0.111378,1.23759,97.60577,345.8096,358.4154,358.1642,0,0,0,0.110237,1.246063,97.61738,-0.055071,-0.084963,0.994861,-0.697421,0.000016,112.2077,Road,0,0,0.5,0.5,0.5,0.5,1,1,Valid,#NAME?
06:28.5,2442,27.8403,0.110495,1.237514,97.69682,345.8287,358.4796,358.1732,0,0,0,0.109367,1.245983,97.70844,-0.0325,-0.09179,0.995248,-0.331786,0.000016,111.218,Road,0,0,0.5,0.5,0.5,0.5,1,1,Valid,#NAME?
06:28.5,2443,27.8573,0.108936,1.237493,97.87892,345.8642,358.5679,358.1775,0,0,0,0.107824,1.245955,97.89055,-0.020936,-0.09781,0.994985,-0.158868,0.000016,110.565,Road,0,0,0.5,0.5,0.5,0.5,1,1,Valid,#NAME?
06:28.5,2444,27.8654,0.108999,1.23745,97.87891,345.8932,358.603,358.1759,0,0,0,0.107895,1.245907,97.89054,-0.020336,-0.098312,0.994948,-0.149817,0.000016,110.4993,Road,0,0,0.5,0.5,0.5,0.5,1,1,Valid,#NAME?
06:28.5,2445,27.8738,0.108276,1.2374,97.96993,345.8965,358.6781,358.171,0,0,0,0.107187,1.245855,97.98156,-0.01906,-0.098371,0.994967,-0.134203,0.000016,110.5826,Road,0,0,0.5,0.5,0.5,0.5,1,1,Valid,#NAME?
06:28.5,2446,27.8867,0.107624,1.237391,98.06094,345.917,358.7758,358.1782,0,0,0,0.106554,1.245843,98.07257,-0.005282,-0.102183,0.994752,0.042155,0.000016,110.2007,Road,0,0,0.5,0.5,0.5,0.5,1,1,Valid,#NAME?
06:28.5,2447,27.8996,0.107115,1.237356,98.15198,345.9116,358.8636,358.169,0,0,0,0.106064,1.245809,98.16361,-0.003813,-0.102092,0.994768,0.05954,0.000016,110.3024,Road,0,0,0.5,0.5,0.5,0.5,1,1,Valid,#NAME?
06:28.5,2448,27.9121,0.106079,1.237334,98.33453,345.9317,358.9885,358.1772,0,0,0,0.105053,1.245783,98.34617,0.001272,-0.103148,0.994665,0.120418,0.000016,110.3592,Road,0,0,0.5,0.5,0.5,0.5,1,1,Valid,#NAME?
06:28.5,2449,27.9255,0.105715,1.237336,98.42663,345.9407,359.1046,358.1873,0,0,0,0.104712,1.245782,98.43827,0.005023,-0.103715,0.994594,0.165049,0.000016,110.3848,Road,0,0,0.5,0.5,0.5,0.5,1,1,Valid,#NAME?
06:28.6,2450,27.9382,0.1054,1.237348,98.51868,345.9481,359.2241,358.2039,0,0,0,0.10442,1.245792,98.53033,0.007196,-0.103836,0.994568,0.190758,0.000016,110.4627,Road,0,0,0.5,0.5,0.5,0.5,1,1,Valid,#NAME?
06:28.6,2451,27.949,0.105116,1.237348,98.61075,345.9435,359.3335,358.2185,0,0,0,0.104155,1.245794,98.62239,0.010571,-0.104251,0.994495,0.230478,0.000016,110.5064,Road,0,0,0.5,0.5,0.5,0.5,1,1,Valid,#NAME?
06:28.6,2452,27.9618,0.105049,1.237355,98.70278,345.919,359.5431,358.1928,0,0,0,0.104134,1.245806,98.71443,0.014147,-0.103311,0.994549,0.274726,0.000016,110.7073,Road,0,0,0.5,0.5,0.5,0.5,1,1,Valid,#NAME?
06:28.6,2453,27.9753,0.104948,1.237368,98.79483,345.908,359.6816,358.1584,0,0,0,0.104065,1.245821,98.80648,0.01641,-0.103227,0.994523,0.302113,0.000016,110.809,Road,0,0,0.5,0.5,0.5,0.5,1,1,Valid,#NAME?
06:28.6,2454,27.9882,0.104912,1.23746,98.88687,345.8558,359.9043,358.1154,0,0,0,0.104076,1.245925,98.89852,0.020017,-0.102338,0.994548,0.34777,0.000016,111.0066,Road,0,0,0.5,0.5,0.5,0.5,1,1,Valid,#NAME?
06:28.6,2455,28.0011,0.104782,1.237514,99.07094,345.8257,0.119448,358.0619,0,0,0,0.103998,1.245986,99.08258,0.023246,-0.101698,0.994544,0.388802,0.000016,111.2674,Road,0,0,0.5,0.5,0.5,0.5,1,1,Valid,#NAME?
06:28.6,2456,28.0205,0.104937,1.237582,99.1629,345.7375,0.340393,358.106,0,0,0,0.104193,1.246071,99.17452,0.027202,-0.099733,0.994642,0.444052,0.000016,111.6014,Road,0,0,0.5,0.5,0.5,0.5,1,1,Valid,#NAME?
06:28.7,2457,28.0287,0.105158,1.237646,99.25486,345.6758,0.528084,358.1638,0,0,0,0.104446,1.246147,99.26649,0.030806,-0.09864,0.994646,0.493618,0.000016,111.8319,Road,0,0,0.5,0.5,0.5,0.5,1,1,Valid,#NAME?
06:28.7,2458,28.0381,0.105322,1.237695,99.34681,345.631,0.675399,358.1779,0,0,0,0.104639,1.246204,99.35843,0.029143,-0.092739,0.995264,0.496248,0.000016,112.7324,Road,0,0,0.5,0.5,0.5,0.5,1,1,Valid,#NAME?
06:28.7,2459,28.0528,0.105621,1.237786,99.43872,345.5659,0.889707,358.1522,0,0,0,0.104982,1.246309,99.45034,0.021815,-0.076796,0.996808,0.459003,0.000017,115.6271,Road,0,0,0.5,0.5,0.5,0.5,1,1,Valid,#NAME?
06:28.7,2460,28.0666,0.105976,1.237906,99.53062,345.5027,1.105062,358.1535,0,0,0,0.105383,1.246441,99.54222,0.016025,-0.061927,0.997952,0.427921,0.000017,119.6282,Road,0,0,0.5,0.5,0.5,0.5,1,1,Valid,#NAME?
06:28.7,2461,28.0801,0.106564,1.238016,99.71447,345.4145,1.379743,358.1147,0,0,0,0.10603,1.246571,99.72606,0.016326,-0.052691,0.998477,0.492263,0.000018,123.3478,Road,0,0,0.5,0.5,0.5,0.5,1,1,Valid,#NAME?
06:28.7,2462,28.0938,0.10704,1.238138,99.80636,345.336,1.596738,358.1053,0,0,0,0.10655,1.246708,99.81795,0.018905,-0.04917,0.998611,0.585867,0.000018,125.1372,Road,0,0,0.5,0.5,0.5,0.5,1,1,Valid,#NAME?
06:28.7,2463,28.1071,0.107576,1.238299,99.89821,345.2316,1.850207,358.1229,0,0,0,0.107134,1.24689,99.90978,0.023417,-0.047353,0.998604,0.723734,0.000019,126.2042,Road,0,0,0.5,0.5,0.5,0.5,1,1,Valid,#NAME?
06:28.7,2464,28.1207,0.10816,1.238463,99.99007,345.1177,2.083189,358.1543,0,0,0,0.107761,1.247077,100.0016,0.023448,-0.040145,0.998919,0.836157,0.000019,131.032,Road,0,0,0.5,0.5,0.5,0.5,1,1,Valid,#NAME?
06:28.8,2465,28.1355,0.109161,1.238609,100.1738,344.9935,2.325393,358.1788,0,0,0,0.108809,1.247248,100.1854,0.026817,-0.037906,0.998922,0.991165,0.00002,133.0528,Road,0,0,0.5,0.5,0.5,0.5,1,1,Valid,#NAME?
06:28.8,2466,28.1511,0.109869,1.238803,100.2656,344.8636,2.568944,358.2055,0,0,0,0.109562,1.247468,100.2771,0.029777,-0.034222,0.998971,1.194984,0.00002,136.6909,Road,0,0,0.5,0.5,0.5,0.5,1,1,Valid,#NAME?
06:28.8,2467,28.1661,0.110436,1.238822,100.3575,344.8279,2.627348,358.2384,0,0,0,0.110136,1.247493,100.369,0.02889,-0.033459,0.999023,1.187276,0.000021,137.6166,Road,0,0,0.5,0.5,0.5,0.5,1,1,Valid,#NAME?
06:28.8,2468,28.1752,0.111174,1.238949,100.4493,344.7405,2.795303,358.2537,0,0,0,0.110907,1.247637,100.4608,0.028618,-0.031755,0.999086,1.235282,0.000021,139.7135,Road,0,0,0.5,0.5,0.5,0.5,1,1,Valid,#NAME?
06:28.8,2469,28.184,0.111916,1.239078,100.541,344.6662,2.984241,358.2579,0,0,0,0.111687,1.247781,100.5525,0.031936,-0.030461,0.999026,1.419906,0.000021,141.4758,Road,0,0,0.5,0.5,0.5,0.5,1,1,Valid,#NAME?
06:28.8,2470,28.1971,0.112709,1.239197,100.6328,344.5796,3.151067,358.2438,0,0,0,0.112515,1.247917,100.6443,0.031553,-0.029405,0.99907,1.451537,0.000022,143.0427,Road,0,0,0.5,0.5,0.5,0.5,1,1,Valid,#NAME?
06:28.8,2471,28.2103,0.113487,1.239286,100.7246,344.5326,3.297225,358.2477,0,0,0,0.113319,1.248016,100.7361,0.0314,-0.02885,0.99909,1.471606,0.000022,143.9547,Road,0,0,0.5,0.5,0.5,0.5,1,1,Valid,#NAME?
06:28.8,2472,28.2233,0.11507,1.239389,100.9083,344.4731,3.470072,358.2739,0,0,0,0.114933,1.24813,100.9197,0.032652,-0.027909,0.999077,1.575166,0.000022,145.5994,Road,0,0,0.5,0.5,0.5,0.5,1,1,Valid,#NAME?
06:28.9,2473,28.2364,0.115994,1.239452,101,344.3867,3.645071,358.2765,0,0,0,0.115891,1.248211,101.0115,0.032281,-0.026951,0.999116,1.610942,0.000022,147.2845,Road,0,0,0.5,0.5,0.5,0.5,1,1,Valid,#NAME?
06:28.9,2474,28.2505,0.116905,1.239563,101.0918,344.3513,3.75492,358.2855,0,0,0,0.116823,1.248328,101.1032,0.031917,-0.026297,0.999144,1.63186,0.000023,148.5314,Road,0,0,0.5,0.5,0.5,0.5,1,1,Valid,#NAME?
06:28.9,2475,28.2638,0.117834,1.239666,101.1836,344.2826,3.852476,358.2913,0,0,0,0.117771,1.248445,101.195,0.029398,-0.022342,0.999318,1.587652,0.131326,151.1609,None,0,0,0.5,0.5,0.5,0.5,1,1,Valid,#NAME?
06:28.9,2476,28.2774,0.118822,1.239765,101.2754,344.2153,3.966347,358.2884,0,0,0,0.11878,1.248557,101.2868,0.03137,-0.021167,0.999284,1.687299,0.190214,151.251,None,0,0,0.5,0.5,0.5,0.5,1,1,Valid,#NAME?
06:28.9,2477,28.291,0.120821,1.239832,101.4589,344.1545,4.096857,358.2864,0,0,0,0.120806,1.248637,101.4704,0.030847,-0.018495,0.999353,1.663141,0.323865,151.438,None,0,0,0.5,0.5,0.5,0.5,1,1,Valid,#NAME?
06:28.9,2478,28.3044,0.121923,1.239883,101.5507,344.1202,4.194367,358.2861,0,0,0,0.121929,1.248694,101.5621,0.028074,-0.013793,0.999511,1.525636,0.559038,151.5376,None,0,0,0.5,0.5,0.5,0.5,1,1,Valid,#NAME?
06:28.9,2479,28.3238,0.12414,1.239899,101.7342,344.1148,4.289564,358.2859,0,0,0,0.124163,1.248712,101.7456,0.027591,-0.012076,0.999546,1.503735,0.644927,151.7229,None,0,0,0.5,0.5,0.5,0.5,1,1,Valid,#NAME?
06:29.0,2480,28.3325,0.124144,1.239911,101.7342,344.1296,4.330455,358.3016,0,0,0,0.124174,1.24872,101.7456,0.023752,-0.00889,0.999678,1.311756,0.804225,151.7295,None,0,0,0.5,0.5,0.5,0.5,1,1,Valid,#NAME?
06:29.0,2481,28.3408,0.12528,1.23988,101.8259,344.1491,4.370744,358.3065,0,0,0,0.125317,1.248685,101.8374,0.020145,-0.00605,0.999779,1.132556,0.946177,151.8263,None,0,0,0.5,0.5,0.5,0.5,1,1,Valid,#NAME?
06:29.0,2482,28.3489,0.126474,1.239869,101.9177,344.1643,4.40277,358.3148,0,0,0,0.126518,1.248671,101.9291,0.020744,-0.006322,0.999765,1.163701,0.932558,151.9173,None,0,0,0.5,0.5,0.5,0.5,1,1,Valid,#NAME?
06:29.0,2483,28.3629,0.127663,1.239865,102.0095,344.1838,4.428484,358.3018,0,0,0,0.127712,1.248664,102.0209,0.017078,-0.00429,0.999845,0.981605,1.034179,152.0132,None,0,0,0.5,0.5,0.5,0.5,1,1,Valid,#NAME?
06:29.0,2484,28.3765,0.128885,1.23987,102.1012,344.1767,4.444056,358.2846,0,0,0,0.128939,1.248671,102.1127,0.013474,-0.002181,0.999907,0.802634,1.139622,152.108,None,0,0,0.5,0.5,0.5,0.5,1,1,Valid,#NAME?
06:29.0,2485,28.3905,0.131432,1.239897,102.2848,344.1665,4.488793,358.2614,0,0,0,0.131496,1.248699,102.2962,0.010413,-0.000068,0.999946,0.652149,1.245299,152.2935,None,0,0,0.5,0.5,0.5,0.5,1,1,Valid,#NAME?
06:29.0,2486,28.4032,0.132729,1.239887,102.3765,344.1478,4.483408,358.264,0,0,0,0.132792,1.248693,102.3879,0.007609,0.002199,0.999969,0.513248,1.358663,152.3864,None,0,0,0.5,0.5,0.5,0.5,1,1,Valid,#NAME?
06:29.0,2487,28.4165,0.134062,1.239886,102.4682,344.168,4.466363,358.2783,0,0,0,0.134121,1.248688,102.4796,0.007379,0.00183,0.999971,0.503089,1.340201,152.4782,None,0,0,0.5,0.5,0.5,0.5,1,1,Valid,#NAME?
06:29.1,2488,28.4297,0.135431,1.239856,102.56,344.2102,4.428236,358.2875,0,0,0,0.135483,1.248649,102.5714,0.003187,0.002857,0.999991,0.294812,1.391512,152.5709,None,0,0,0.5,0.5,0.5,0.5,1,1,Valid,#NAME?
06:29.1,2489,28.4431,0.136736,1.239786,102.6517,344.2017,4.380817,358.3111,0,0,0,0.136776,1.248581,102.6631,0.000776,0.003841,0.999992,0.175574,1.440638,152.6627,None,0,0,0.5,0.5,0.5,0.5,1,1,Valid,#NAME?
06:29.1,2490,28.4565,0.13969,1.239743,102.835,344.2252,4.346398,358.3095,0,0,0,0.139723,1.248533,102.8465,-0.002674,0.004973,0.999984,0.006012,1.497182,152.8457,None,0,0,0.5,0.5,0.5,0.5,1,1,Valid,#NAME?
06:29.1,2491,28.4755,0.141163,1.239708,102.9268,344.2514,4.316941,358.3221,0,0,0,0.14119,1.248493,102.9382,-0.00592,0.00589,0.999965,-0.15482,1.542996,152.9364,None,0,0,0.5,0.5,0.5,0.5,1,1,Valid,#NAME?
06:29.1,2492,28.4828,0.14262,1.239663,103.0184,344.2643,4.267051,358.3181,0,0,0,0.142637,1.248445,103.0299,-0.00962,0.006668,0.999932,-0.338357,1.581827,153.0265,None,0,0,0.5,0.5,0.5,0.5,1,1,Valid,#NAME?
06:29.1,2493,28.4933,0.144114,1.239686,103.1101,344.2943,4.224969,358.3213,0,0,0,0.144123,1.248462,103.1216,-0.010339,0.00614,0.999928,-0.372823,1.555468,153.118,None,0,0,0.5,0.5,0.5,0.5,1,1,Valid,#NAME?
06:29.1,2494,28.5069,0.14563,1.239675,103.2018,344.3213,4.18512,358.3445,0,0,0,0.14563,1.248446,103.2132,-0.013774,0.006539,0.999884,-0.543086,1.575405,153.2074,None,0,0,0.5,0.5,0.5,0.5,1,1,Valid,#NAME?
06:29.1,2495,28.5197,0.147205,1.239621,103.2934,344.3308,4.14844,358.3705,0,0,0,0.147194,1.248389,103.3048,-0.015937,0.007145,0.999848,-0.649665,1.605659,153.2972,None,0,0,0.5,0.5,0.5,0.5,1,1,Valid,#NAME?
06:29.2,2496,28.5327,0.148758,1.239637,103.3851,344.3794,4.089405,358.4096,0,0,0,0.148733,1.248395,103.3965,-0.018986,0.006939,0.999796,-0.800547,1.595345,153.3863,None,0,0,0.5,0.5,0.5,0.5,1,1,Valid,#NAME?
06:29.2,2497,28.5471,0.152292,1.239608,103.5683,344.3574,4.054728,358.4385,0,0,0,0.152258,1.24837,103.5797,-0.020573,0.007869,0.999757,-0.876412,1.641821,153.5676,None,0,0,0.5,0.5,0.5,0.5,1,1,Valid,#NAME?
06:29.2,2498,28.5602,0.153973,1.239633,103.6598,344.3468,3.992683,358.4727,0,0,0,0.153921,1.248396,103.6713,-0.023843,0.008667,0.999678,-1.038235,1.68177,153.6552,None,0,0,0.5,0.5,0.5,0.5,1,1,Valid,#NAME?
06:29.2,2499,28.5688,0.155792,1.239651,103.7514,344.3647,3.955553,358.4879,0,0,0,0.155733,1.248411,103.7629,-0.024422,0.008332,0.999667,-1.065356,1.665025,153.7462,None,0,0,0.5,0.5,0.5,0.5,1,1,Valid,#NAME?
06:29.2,2500,28.582,0.157562,1.239604,103.8429,344.3715,3.899293,358.5242,0,0,0,0.157488,1.248362,103.8544,-0.027506,0.008758,0.999583,-1.217834,1.686247,153.8336,None,0,0,0.5,0.5,0.5,0.5,1,1,Valid,#NAME?
06:29.2,2501,28.5958,0.159357,1.239591,103.9345,344.4038,3.832599,358.5494,0,0,0,0.159267,1.248342,103.9459,-0.028554,0.008156,0.999559,-1.268457,1.656131,153.9239,None,0,0,0.5,0.5,0.5,0.5,1,1,Valid,#NAME?
06:29.2,2502,28.6095,0.161202,1.239549,104.026,344.3945,3.775024,358.5821,0,0,0,0.161099,1.248302,104.0374,-0.030153,0.008219,0.999512,-1.346557,1.659269,154.013,None,0,0,0.5,0.5,0.5,0.5,1,1,Valid,#NAME?
06:29.3,2503,28.6289,0.165279,1.239605,104.209,344.4215,3.750106,358.6202,0,0,0,0.165167,1.248352,104.2205,-0.031321,0.008528,0.999473,-1.400887,1.674753,154.1941,None,0,0,0.5,0.5,0.5,0.5,1,1,Valid,#NAME?
06:29.3,2504,28.6369,0.167275,1.239583,104.3004,344.3956,3.699053,358.661,0,0,0,0.167149,1.248333,104.3119,-0.032626,0.010115,0.999417,-1.464173,1.754105,154.2827,None,0,0,0.5,0.5,0.5,0.5,1,1,Valid,#NAME?
06:29.3,2505,28.6474,0.169336,1.239591,104.3919,344.3825,3.662353,358.6667,0,0,0,0.169201,1.248345,104.4034,-0.033241,0.010335,0.999394,-1.492852,1.765085,154.3731,None,0,0,0.5,0.5,0.5,0.5,1,1,Valid,#NAME?
06:29.3,2506,28.6618,0.171368,1.239628,104.4834,344.3887,3.595809,358.7034,0,0,0,0.171217,1.24838,104.4948,-0.034934,0.010759,0.999332,-1.575482,1.786348,154.4614,None,0,0,0.5,0.5,0.5,0.5,1,1,Valid,#NAME?
06:29.3,2507,28.6758,0.173447,1.239629,104.5748,344.3758,3.541698,358.7281,0,0,0,0.173283,1.248383,104.5862,-0.036784,0.011152,0.999261,-1.665908,1.805979,154.5493,None,0,0,0.5,0.5,0.5,0.5,1,1,Valid,#NAME?
06:29.3,2508,28.6906,0.177973,1.239658,104.7576,344.3969,3.512803,358.7698,0,0,0,0.177799,1.248407,104.7691,-0.037651,0.011805,0.999221,-1.704754,1.83867,154.7302,None,0,0,0.5,0.5,0.5,0.5,1,1,Valid,#NAME?
06:29.3,2509,28.7043,0.180197,1.23967,104.849,344.3993,3.452497,358.803,0,0,0,0.180008,1.248419,104.8605,-0.03918,0.012785,0.999151,-1.778981,1.887685,154.818,None,0,0,0.5,0.5,0.5,0.5,1,1,Valid,#NAME?
06:29.3,2510,28.718,0.182453,1.239683,104.9404,344.4039,3.40296,358.8237,0,0,0,0.182253,1.24843,104.9519,-0.040778,0.013809,0.999073,-1.85665,1.93887,154.9055,None,0,0,0.5,0.5,0.5,0.5,1,1,Valid,#NAME?
06:29.4,2511,28.7315,0.18478,1.239688,105.0318,344.3932,3.358237,358.8412,0,0,0,0.184568,1.248437,105.0432,-0.041938,0.014884,0.999009,-1.912351,1.992616,154.9937,None,0,0,0.5,0.5,0.5,0.5,1,1,Valid,#NAME?
06:29.4,2512,28.7455,0.189777,1.239727,105.2145,344.3857,3.346987,358.855,0,0,0,0.189562,1.248477,105.226,-0.042726,0.015739,0.998963,-1.946739,2.035451,155.1741,None,0,0,0.5,0.5,0.5,0.5,1,1,Valid,#NAME?
06:29.4,2513,28.7612,0.192236,1.239729,105.3059,344.3649,3.330404,358.8831,0,0,0,0.192015,1.248483,105.3173,-0.043387,0.016605,0.99892,-1.977356,2.078723,155.2633,None,0,0,0.5,0.5,0.5,0.5,1,1,Valid,#NAME?
06:29.4,2514,28.7812,0.197481,1.239762,105.4886,344.363,3.332596,358.9068,0,0,0,0.197258,1.248516,105.5,-0.043489,0.016842,0.998912,-1.977192,2.09064,155.4456,None,0,0,0.5,0.5,0.5,0.5,1,1,Valid,#NAME?
06:29.4,2515,28.7894,0.200144,1.239777,105.5799,344.3613,3.332262,358.9156,0,0,0,0.199921,1.248531,105.5913,-0.043456,0.016857,0.998913,-1.972863,2.091369,155.537,None,0,0,0.5,0.5,0.5,0.5,1,1,Valid,#NAME?
06:29.4,2516,28.7986,0.200003,1.239785,105.5797,344.3534,3.297303,358.9346,0,0,0,0.19977,1.24854,105.5912,-0.044471,0.017685,0.998854,-2.023797,2.132765,155.5339,None,0,0,0.5,0.5,0.5,0.5,1,1,Valid,#NAME?
06:29.4,2517,28.813,0.205538,1.23982,105.7624,344.3417,3.332254,358.9557,0,0,0,0.205309,1.248578,105.7739,-0.04376,0.018079,0.998879,-1.982689,2.152552,155.7178,None,0,0,0.5,0.5,0.5,0.5,1,1,Valid,#NAME?
06:29.5,2518,28.8272,0.208344,1.23987,105.8537,344.3491,3.331469,358.9726,0,0,0,0.208113,1.248626,105.8651,-0.043762,0.018427,0.998872,-1.979985,2.169975,155.8087,None,0,0,0.5,0.5,0.5,0.5,1,1,Valid,#NAME?
06:29.5,2519,28.8422,0.211163,1.239902,105.9449,344.3036,3.35641,358.9701,0,0,0,0.210939,1.248667,105.9564,-0.043303,0.019832,0.998865,-1.954206,2.240262,155.8996,None,0,0,0.5,0.5,0.5,0.5,1,1,Valid,#NAME?
06:29.5,2520,28.8561,0.217051,1.239913,106.1275,344.2689,3.402642,358.9682,0,0,0,0.216835,1.248684,106.1389,-0.042672,0.021239,0.998863,-1.916746,2.310656,156.0821,None,0,0,0.5,0.5,0.5,0.5,1,1,Valid,#NAME?
06:29.5,2521,28.8707,0.220036,1.239908,106.2187,344.2825,3.453395,358.9658,0,0,0,0.219832,1.248677,106.2301,-0.041977,0.021667,0.998884,-1.879034,2.332032,156.1743,None,0,0,0.5,0.5,0.5,0.5,1,1,Valid,#NAME?
06:29.5,2522,28.8848,0.22308,1.239931,106.31,344.2848,3.476358,358.9785,0,0,0,0.222878,1.2487,106.3214,-0.041938,0.022143,0.998875,-1.874029,2.355855,156.2651,None,0,0,0.5,0.5,0.5,0.5,1,1,Valid,#NAME?
06:29.5,2523,28.8986,0.22613,1.239944,106.4012,344.2854,3.504953,358.9899,0,0,0,0.225933,1.248713,106.4126,-0.04139,0.022113,0.998898,-1.843566,2.354361,156.3575,None,0,0,0.5,0.5,0.5,0.5,1,1,Valid,#NAME?
06:29.5,2524,28.9127,0.232388,1.23994,106.5837,344.2824,3.550091,359.0032,0,0,0,0.232199,1.248709,106.5951,-0.040855,0.022517,0.998911,-1.810529,2.374548,156.5407,None,0,0,0.5,0.5,0.5,0.5,1,1,Valid,#NAME?
06:29.6,2525,28.9339,0.238808,1.239935,106.7662,344.2928,3.589688,359.0113,0,0,0,0.238625,1.248702,106.7776,-0.040711,0.023041,0.998905,-1.796908,2.400754,156.7229,None,0,0,0.5,0.5,0.5,0.5,1,1,Valid,#NAME?
06:29.6,2526,28.9418,0.238712,1.239933,106.7661,344.2841,3.577706,359.0284,0,0,0,0.238525,1.248701,106.7775,-0.040846,0.023163,0.998897,-1.803765,2.406835,156.7224,None,0,0,0.5,0.5,0.5,0.5,1,1,Valid,#NAME?
06:29.6,2527,28.9511,0.241959,1.239972,106.8573,344.2978,3.589521,359.0248,0,0,0,0.241776,1.248737,106.8688,-0.040571,0.022929,0.998914,-1.786783,2.395196,156.8144,None,0,0,0.5,0.5,0.5,0.5,1,1,Valid,#NAME?
06:29.6,2528,28.9667,0.248615,1.239932,107.0398,344.2981,3.627454,359.0189,0,0,0,0.24844,1.248698,107.0512,-0.039549,0.021351,0.99899,-1.72899,2.316228,157.0007,None,0,0,0.5,0.5,0.5,0.5,1,1,Valid,#NAME?
06:29.6,2529,28.9794,0.251972,1.23989,107.1309,344.3176,3.648582,359.0168,0,0,0,0.251802,1.248651,107.1424,-0.039738,0.019226,0.999025,-1.735121,2.209937,157.0936,None,0,0,0.5,0.5,0.5,0.5,1,1,Valid,#NAME?
06:29.6,2530,28.9877,0.251934,1.239878,107.1309,344.33,3.65167,359.0084,0,0,0,0.251764,1.248637,107.1423,-0.039721,0.019024,0.99903,-1.734295,2.19985,157.0938,None,0,0,0.5,0.5,0.5,0.5,1,1,Valid,#NAME?
06:29.6,2531,29.0014,0.258848,1.239762,107.3133,344.3666,3.684313,359.0186,0,0,0,0.258684,1.248514,107.3247,-0.039934,0.031778,0.998697,-1.738,2.837414,157.2596,None,0,0,0.5,0.5,0.5,0.5,1,1,Valid,#NAME?
06:29.6,2532,29.0151,0.26232,1.239721,107.4044,344.4135,3.700481,359.0051,0,0,0,0.262161,1.248463,107.4159,-0.037019,0.031624,0.998814,-1.58877,2.829682,157.3566,None,0,0,0.5,0.5,0.5,0.5,1,1,Valid,#NAME?
06:29.7,2533,29.0289,0.265858,1.239689,107.4956,344.4498,3.719017,359.0129,0,0,0,0.265703,1.248425,107.507,-0.040286,0.022224,0.998941,-1.7486,2.359618,157.4541,None,0,0,0.5,0.5,0.5,0.5,1,1,Valid,#NAME?
06:29.7,2534,29.044,0.269411,1.239691,107.5867,344.4332,3.738322,359.01,0,0,0,0.26926,1.24843,107.5982,-0.044691,0.022757,0.998742,-1.965275,2.386259,157.5353,None,0,0,0.5,0.5,0.5,0.5,1,1,Valid,#NAME?
06:29.7,2535,29.0581,0.276682,1.239726,107.769,344.4245,3.785991,359.0081,0,0,0,0.276541,1.248466,107.7805,-0.057339,0.028451,0.997949,-2.590397,2.671013,157.678,None,0,0,0.5,0.5,0.5,0.5,1,1,Valid,#NAME?
06:29.7,2536,29.0718,0.280357,1.239769,107.8601,344.4048,3.805662,359.0151,0,0,0,0.280218,1.248513,107.8716,-0.056968,0.028776,0.997961,-2.56816,2.687308,157.7697,None,0,0,0.5,0.5,0.5,0.5,1,1,Valid,#NAME?
06:29.7,2537,29.0927,0.287851,1.239799,108.0424,344.377,3.848333,359.0281,0,0,0,0.28772,1.248549,108.0538,-0.061027,0.032348,0.997612,-2.76363,2.865966,157.9344,None,0,0,0.5,0.5,0.5,0.5,1,1,Valid,#NAME?
06:29.7,2538,29.1014,0.291636,1.239845,108.1334,344.3595,3.865816,359.044,0,0,0,0.291506,1.248598,108.1449,-0.060657,0.032616,0.997626,-2.741364,2.87938,158.0262,None,0,0,0.5,0.5,0.5,0.5,1,1,Valid,#NAME?
06:29.7,2539,29.111,0.291613,1.239869,108.1334,344.326,3.860389,359.0424,0,0,0,0.291483,1.248629,108.1448,-0.062921,0.037378,0.997318,-2.85457,3.117533,158.0107,None,0,0,0.5,0.5,0.5,0.5,1,1,Valid,#NAME?
06:29.7,2540,29.1255,0.299334,1.239904,108.3155,344.285,3.91304,359.0398,0,0,0,0.299213,1.248672,108.327,-0.062587,0.041193,0.997189,-2.830154,3.308332,158.1864,None,0,0,0.5,0.5,0.5,0.5,1,1,Valid,#NAME?
06:29.8,2541,29.1395,0.303238,1.239967,108.4066,344.24,3.94694,359.0349,0,0,0,0.303124,1.248744,108.418,-0.064047,0.042749,0.997031,-2.899223,3.386174,158.2695,None,0,0,0.5,0.5,0.5,0.5,1,1,Valid,#NAME?
06:29.8,2542,29.1536,0.307188,1.240032,108.4976,344.1932,3.994778,359.0227,0,0,0,0.307085,1.248818,108.509,-0.065405,0.045809,0.996807,-2.963145,3.539247,158.3493,None,0,0,0.5,0.5,0.5,0.5,1,1,Valid,#NAME?
06:29.8,2543,29.1684,0.315208,1.240115,108.6797,344.1829,4.06346,359.0039,0,0,0,0.315121,1.248904,108.6911,-0.065228,0.046825,0.996771,-2.946288,3.590178,158.5297,None,0,0,0.5,0.5,0.5,0.5,1,1,Valid,#NAME?
06:29.8,2544,29.182,0.319252,1.24019,108.7707,344.1498,4.1098,358.9936,0,0,0,0.319174,1.248985,108.7821,-0.066878,0.048471,0.996583,-3.024722,3.672513,158.6113,None,0,0,0.5,0.5,0.5,0.5,1,1,Valid,#NAME?
06:29.8,2545,29.1909,0.323353,1.240176,108.8617,344.1129,4.151221,358.9947,0,0,0,0.323282,1.248979,108.8731,-0.066155,0.049104,0.9966,-2.984487,3.704195,158.7032,None,0,0,0.5,0.5,0.5,0.5,1,1,Valid,#NAME?
06:29.8,2546,29.2059,0.327461,1.240229,108.9527,344.0827,4.216506,359.0219,0,0,0,0.327402,1.249036,108.9641,-0.065415,0.049984,0.996606,-2.943372,3.748212,158.7944,None,0,0,0.5,0.5,0.5,0.5,1,1,Valid,#NAME?
06:29.8,2547,29.2204,0.331635,1.240298,109.0438,344.0405,4.246252,359.0392,0,0,0,0.331577,1.249115,109.0552,-0.065971,0.051723,0.99648,-2.966974,3.835273,158.8792,None,0,0,0.5,0.5,0.5,0.5,1,1,Valid,#NAME?
06:29.9,2548,29.2353,0.34008,1.240434,109.2258,343.9946,4.322546,359.0219,0,0,0,0.34004,1.24926,109.2372,-0.064998,0.053139,0.99647,-2.909847,3.906198,159.0607,None,0,0,0.5,0.5,0.5,0.5,1,1,Valid,#NAME?
06:29.9,2549,29.256,0.348679,1.240534,109.4079,343.9391,4.408258,359.0114,0,0,0,0.348656,1.249371,109.4193,-0.064447,0.054921,0.996409,-2.873696,3.99542,159.2397,None,0,0,0.5,0.5,0.5,0.5,1,1,Valid,#NAME?
06:29.9,2550,29.2652,0.34861,1.24065,109.4079,343.8953,4.444916,359.0104,0,0,0,0.348595,1.249495,109.4193,-0.063579,0.055756,0.996418,-2.830367,4.037313,159.2402,None,0,0,0.5,0.5,0.5,0.5,1,1,Valid,#NAME?
06:29.9,2551,29.2759,0.352943,1.240707,109.499,343.8558,4.487097,359.0128,0,0,0,0.352936,1.24956,109.5103,-0.063039,0.056775,0.996395,-2.799029,4.088312,159.3301,None,0,0,0.5,0.5,0.5,0.5,1,1,Valid,#NAME?
06:29.9,2552,29.2925,0.361746,1.240758,109.681,343.8238,4.561496,359.0096,0,0,0,0.361752,1.249618,109.6923,-0.062779,0.058085,0.996336,-2.777183,4.153845,159.5091,None,0,0,0.5,0.5,0.5,0.5,1,1,Valid,#NAME?
06:29.9,2553,29.3066,0.366156,1.240774,109.772,343.8086,4.607436,359.0152,0,0,0,0.366171,1.249637,109.7833,-0.062982,0.05924,0.996255,-2.782927,4.21165,159.5961,None,0,0,0.5,0.5,0.5,0.5,1,1,Valid,#NAME?
06:29.9,2554,29.3214,0.370632,1.240794,109.8635,343.8507,4.652352,359.0182,0,0,0,0.370657,1.249648,109.8749,-0.062714,0.05917,0.996276,-2.765064,4.208131,159.6887,None,0,0,0.5,0.5,0.5,0.5,1,1,Valid,#NAME?
06:30.0,2555,29.3371,0.379805,1.240661,110.0465,343.8586,4.709905,359.0104,0,0,0,0.379841,1.249513,110.0579,-0.062086,0.058775,0.996339,-2.724434,4.188283,159.8748,None,0,0,0.5,0.5,0.5,0.5,1,1,Valid,#NAME?
06:30.0,2556,29.3522,0.384403,1.24069,110.138,343.8783,4.746655,359.0094,0,0,0,0.384447,1.249539,110.1494,-0.061906,0.059222,0.996324,-2.710829,4.210641,159.9656,None,0,0,0.5,0.5,0.5,0.5,1,1,Valid,#NAME?
06:30.0,2557,29.368,0.393757,1.240669,110.321,343.8746,4.79906,359.0182,0,0,0,0.39381,1.249519,110.3324,-0.061403,0.060002,0.996308,-2.67634,4.249614,160.1478,None,0,0,0.5,0.5,0.5,0.5,1,1,Valid,#NAME?
06:30.0,2558,29.3842,0.398413,1.240668,110.4125,343.8655,4.817702,359.0262,0,0,0,0.398468,1.249519,110.4239,-0.06159,0.060557,0.996263,-2.681022,4.277354,160.237,None,0,0,0.5,0.5,0.5,0.5,1,1,Valid,#NAME?
06:30.0,2559,29.4006,0.40794,1.240676,110.5954,343.8665,4.84195,359.0323,0,0,0,0.408001,1.249527,110.6068,-0.061298,0.060563,0.99628,-2.656908,4.277683,160.4208,None,0,0,0.5,0.5,0.5,0.5,1,1,Valid,#NAME?
06:30.0,2560,29.4156,0.412745,1.240688,110.6869,343.8743,4.853333,359.0288,0,0,0,0.412808,1.249537,110.6982,-0.061699,0.060642,0.996251,-2.672164,4.281641,160.5108,None,0,0,0.5,0.5,0.5,0.5,1,1,Valid,#NAME?
06:30.0,2561,29.4236,0.41758,1.240648,110.7783,343.8425,4.868326,359.037,0,0,0,0.417645,1.249504,110.7897,-0.061411,0.06117,0.996236,-2.652881,4.308015,160.6015,None,0,0,0.5,0.5,0.5,0.5,1,1,Valid,#NAME?
06:30.1,2562,29.4332,0.417446,1.240696,110.7784,343.8865,4.847344,359.0464,0,0,0,0.417505,1.249542,110.7897,-0.061943,0.06055,0.996241,-2.679639,4.277057,160.6018,None,0,0,0.5,0.5,0.5,0.5,1,1,Valid,#NAME?
06:30.1,2563,29.4482,0.427294,1.240713,110.9612,343.8838,4.871943,359.0569,0,0,0,0.427359,1.24956,110.9725,-0.061976,0.061026,0.99621,-2.671426,4.300884,160.7831,None,0,0,0.5,0.5,0.5,0.5,1,1,Valid,#NAME?
06:30.1,2564,29.4635,0.432232,1.240688,111.0526,343.8856,4.872168,359.0655,0,0,0,0.432297,1.249535,111.064,-0.062323,0.061281,0.996173,-2.683845,4.313574,160.8726,None,0,0,0.5,0.5,0.5,0.5,1,1,Valid,#NAME?
06:30.1,2565,29.4777,0.437201,1.240669,111.144,343.8836,4.875718,359.0706,0,0,0,0.437264,1.249516,111.1554,-0.062327,0.061283,0.996173,-2.679074,4.313675,160.964,None,0,0,0.5,0.5,0.5,0.5,1,1,Valid,#NAME?
06:30.1,2566,29.4939,0.447357,1.240659,111.3267,343.8888,4.900572,359.0782,0,0,0,0.447424,1.249505,111.3381,-0.062348,0.061166,0.996178,-2.669998,4.307805,161.147,None,0,0,0.5,0.5,0.5,0.5,1,1,Valid,#NAME?
06:30.1,2567,29.5096,0.452419,1.240681,111.4181,343.904,4.904075,359.0968,0,0,0,0.452486,1.249524,111.4295,-0.062912,0.060773,0.996167,-2.693092,4.288173,161.2378,None,0,0,0.5,0.5,0.5,0.5,1,1,Valid,#NAME?
06:30.2,2568,29.5287,0.462812,1.240673,111.6007,343.9017,4.919853,359.1214,0,0,0,0.462881,1.249516,111.6121,-0.063197,0.060798,0.996147,-2.696985,4.289427,161.4195,None,0,0,0.5,0.5,0.5,0.5,1,1,Valid,#NAME?
06:30.2,2569,29.5455,0.473335,1.24068,111.7833,343.9012,4.938676,359.1501,0,0,0,0.473406,1.249522,111.7947,-0.062911,0.060673,0.996173,-2.672122,4.283162,161.6034,None,0,0,0.5,0.5,0.5,0.5,1,1,Valid,#NAME?
06:30.2,2570,29.5622,0.47859,1.240646,111.8746,343.8793,4.921949,359.1757,0,0,0,0.478653,1.249492,111.886,-0.06347,0.061202,0.996105,-2.694863,4.309592,161.6913,None,0,0,0.5,0.5,0.5,0.5,1,1,Valid,#NAME?
06:30.2,2571,29.5865,0.489334,1.240654,112.0571,343.8606,4.934291,359.1963,0,0,0,0.489397,1.249503,112.0685,-0.064185,0.061407,0.996047,-2.719836,4.319869,161.8708,None,0,0,0.5,0.5,0.5,0.5,1,1,Valid,#NAME?
06:30.2,2572,29.5993,0.494722,1.240637,112.1483,343.8474,4.931262,359.206,0,0,0,0.494783,1.249489,112.1597,-0.064777,0.061901,0.995978,-2.744045,4.344521,161.9586,None,0,0,0.5,0.5,0.5,0.5,1,1,Valid,#NAME?
06:30.2,2573,29.6111,0.50016,1.24063,112.2395,343.8428,4.932921,359.2183,0,0,0,0.500221,1.249483,112.2509,-0.065318,0.062327,0.995916,-2.765695,4.365819,162.0467,None,0,0,0.5,0.5,0.5,0.5,1,1,Valid,#NAME?
06:30.2,2574,29.6226,0.511181,1.240675,112.4219,343.8533,4.962285,359.235,0,0,0,0.511246,1.249526,112.4333,-0.064744,0.062104,0.995968,-2.725935,4.354718,162.2317,None,0,0,0.5,0.5,0.5,0.5,1,1,Valid,#NAME?
06:30.3,2575,29.6371,0.516647,1.240647,112.5131,343.832,4.951948,359.258,0,0,0,0.516708,1.249501,112.5244,-0.065818,0.062481,0.995874,-2.774173,4.373565,162.3181,None,0,0,0.5,0.5,0.5,0.5,1,1,Valid,#NAME?
06:30.3,2576,29.6524,0.522127,1.240685,112.6042,343.8283,4.953474,359.2619,0,0,0,0.522188,1.249539,112.6156,-0.066447,0.062879,0.995807,-2.800186,4.393476,162.4059,None,0,0,0.5,0.5,0.5,0.5,1,1,Valid,#NAME?
06:30.3,2577,29.6753,0.533157,1.240684,112.7864,343.8239,4.976944,359.2662,0,0,0,0.533222,1.249539,112.7978,-0.067118,0.063626,0.995714,-2.8227,4.430818,162.5835,None,0,0,0.5,0.5,0.5,0.5,1,1,Valid,#NAME?
06:30.3,2578,29.6956,0.544115,1.240739,112.9686,343.7891,4.983552,359.2558,0,0,0,0.544182,1.249601,112.9799,-0.067479,0.064734,0.995619,-2.829766,4.486297,162.7609,None,0,0,0.5,0.5,0.5,0.5,1,1,Valid,#NAME?
06:30.3,2579,29.7111,0.549559,1.240778,113.0596,343.7656,4.9955,359.2519,0,0,0,0.549629,1.249646,113.071,-0.067532,0.064995,0.995598,-2.826975,4.49938,162.8509,None,0,0,0.5,0.5,0.5,0.5,1,1,Valid,#NAME?
06:30.4,2580,29.7331,0.560345,1.240779,113.2417,343.7484,5.014198,359.2461,0,0,0,0.560419,1.24965,113.253,-0.068254,0.065274,0.99553,-2.852304,4.513344,163.0295,None,0,0,0.5,0.5,0.5,0.5,1,1,Valid,#NAME?
06:30.4,2581,29.7443,0.565678,1.240836,113.3326,343.7298,5.022392,359.236,0,0,0,0.565754,1.249711,113.344,-0.068152,0.065621,0.995515,-2.841848,4.530766,163.1197,None,0,0,0.5,0.5,0.5,0.5,1,1,Valid,#NAME?
06:30.4,2582,29.7544,0.570946,1.240857,113.4236,343.71,5.037909,359.2353,0,0,0,0.571026,1.249735,113.4349,-0.068016,0.066084,0.995493,-2.829796,4.553929,163.2096,None,0,0,0.5,0.5,0.5,0.5,1,1,Valid,#NAME?
06:30.4,2583,29.7717,0.581368,1.240874,113.6065,343.6939,5.054679,359.2263,0,0,0,0.581451,1.249756,113.6179,-0.068262,0.066519,0.995447,-2.831673,4.575692,163.3903,None,0,0,0.5,0.5,0.5,0.5,1,1,Valid,#NAME?
06:30.4,2584,29.7866,0.586479,1.240886,113.698,343.6785,5.065412,359.2319,0,0,0,0.586563,1.249771,113.7093,-0.068285,0.06678,0.995428,-2.827663,4.588796,163.4807,None,0,0,0.5,0.5,0.5,0.5,1,1,Valid,#NAME?
06:30.4,2585,29.8028,0.596478,1.240901,113.8808,343.6453,5.074423,359.2289,0,0,0,0.596563,1.249792,113.8921,-0.027107,0.066217,0.997437,-0.758773,4.56063,163.764,None,0,0,0.5,0.5,0.5,0.5,1,1,Valid,#NAME?
06:30.4,2586,29.8186,0.601391,1.240959,113.9721,343.6436,5.086793,359.2366,0,0,0,0.601479,1.24985,113.9835,-0.021941,0.064159,0.997698,-0.495566,4.457823,163.8684,None,0,0,0.5,0.5,0.5,0.5,1,1,Valid,#NAME?
06:30.5,2587,29.8276,0.606201,1.240907,114.0635,343.6384,5.078521,359.2352,0,0,0,0.606287,1.2498,114.0748,0.197745,0.025157,0.979931,3.385309,1.603342,127.8463,可移动汽车模型 (2),0,0,0.5,0.5,0.5,0.5,1,1,Valid,#NAME?
06:30.5,2588,29.8421,0.610964,1.240921,114.1548,343.6223,5.105986,359.2394,0,0,0,0.611054,1.249817,114.1661,0.198233,0.025444,0.979825,3.396969,1.607399,127.9364,可移动汽车模型 (2),0,0,0.5,0.5,0.5,0.5,1,1,Valid,#NAME?
06:30.5,2589,29.8571,0.620195,1.240909,114.3374,343.5963,5.099808,359.2269,0,0,0,0.620285,1.24981,114.3487,0.197018,0.026381,0.980045,3.380936,1.619467,128.0813,可移动汽车模型 (2),0,0,0.5,0.5,0.5,0.5,1,1,Valid,#NAME?
06:30.5,2590,29.8722,0.624739,1.240965,114.4286,343.613,5.122338,359.222,0,0,0,0.624834,1.249863,114.44,0.274093,0.012863,0.961617,4.554028,1.43425,128.225,可移动汽车模型 (2),0,0,0.5,0.5,0.5,0.5,1,1,Valid,#NAME?
06:30.5,2591,29.8945,0.633547,1.240964,114.6122,343.596,5.107195,359.2204,0,0,0,0.63364,1.249865,114.6235,0.279399,-0.002914,0.960171,4.63519,1.208132,128.3751,可移动汽车模型 (2),0,0,0.5,0.5,0.5,0.5,1,1,Valid,#NAME?
06:30.5,2592,29.9037,0.637844,1.240985,114.7039,343.5888,5.110503,359.1842,0,0,0,0.637941,1.249888,114.7152,0.279281,-0.002908,0.960205,4.675909,1.207839,128.5983,可移动汽车模型 (2),0,0,0.5,0.5,0.5,0.5,1,1,Valid,#NAME?
06:30.5,2593,29.9137,0.642054,1.241006,114.7956,343.5789,5.130698,359.1755,0,0,0,0.642155,1.249911,114.807,0.288718,-0.011145,0.957349,4.828602,1.088311,128.6886,可移动汽车模型 (2),0,0,0.5,0.5,0.5,0.5,1,1,Valid,#NAME?
06:30.6,2594,29.9293,0.646229,1.240999,114.8873,343.5688,5.176843,359.1669,0,0,0,0.646339,1.249907,114.8986,0.268211,-0.010939,0.963298,4.514482,1.09214,128.7913,可移动汽车模型 (2),0,0,0.5,0.5,0.5,0.5,1,1,Valid,#NAME?
06:30.6,2595,29.9447,0.654202,1.240989,115.0706,343.5512,5.137273,359.1558,0,0,0,0.654305,1.2499,115.082,0.257249,-0.016553,0.966203,4.346119,1.012339,128.948,可移动汽车模型 (2),0,0,0.5,0.5,0.5,0.5,1,1,Valid,#NAME?
06:30.6,2596,29.9593,0.658138,1.240999,115.1623,343.5558,5.173962,359.1537,0,0,0,0.658249,1.249909,115.1736,0.247922,-0.016293,0.968643,4.223258,1.015618,129.1023,可移动汽车模型 (2),0,0,0.5,0.5,0.5,0.5,1,1,Valid,#NAME?
06:30.6,2597,29.9748,0.662012,1.241017,115.2539,343.5586,5.210479,359.1435,0,0,0,0.66213,1.249927,115.2652,0.234333,-0.016438,0.972017,4.033582,1.013423,129.25,可移动汽车模型 (2),0,0,0.5,0.5,0.5,0.5,1,1,Valid,#NAME?
06:30.6,2598,29.9895,0.669386,1.241011,115.4371,343.5645,5.196271,359.1334,0,0,0,0.669504,1.24992,115.4484,0.228499,-0.016397,0.973406,3.945763,1.014812,129.4053,可移动汽车模型 (2),0,0,0.5,0.5,0.5,0.5,1,1,Valid,#NAME?
06:30.6,2599,30.0054,0.672998,1.241007,115.5286,343.5711,5.224958,359.1123,0,0,0,0.673124,1.249915,115.54,0.223992,-0.014215,0.974487,3.894077,1.045508,129.5529,可移动汽车模型 (2),0,0,0.5,0.5,0.5,0.5,1,1,Valid,#NAME?
06:30.6,2600,30.0203,0.676514,1.240998,115.6202,343.5932,5.270797,359.0862,0,0,0,0.676649,1.249902,115.6315,0.221825,-0.015043,0.974971,3.880186,1.032652,129.7118,可移动汽车模型 (2),0,0,0.5,0.5,0.5,0.5,1,1,Valid,#NAME?
06:30.7,2601,30.0291,0.679934,1.240984,115.7123,343.5995,5.262142,359.1029,0,0,0,0.680067,1.249887,115.7236,0.223023,-0.014551,0.974705,3.914779,1.038834,129.8607,可移动汽车模型 (2),0,0,0.5,0.5,0.5,0.5,1,1,Valid,#NAME?
06:30.7,2602,30.0503,0.686531,1.240936,115.8964,343.6092,5.225471,359.0895,0,0,0,0.686659,1.249837,115.9077,0.21865,-0.01486,0.97569,3.833285,1.035986,129.9491,可移动汽车模型 (2),0,0,0.5,0.5,0.5,0.5,1,1,Valid,#NAME?
06:30.7,2603,30.0604,0.689705,1.240862,115.9884,343.6428,5.239615,359.0951,0,0,0,0.689835,1.249756,115.9998,0.219255,-0.015509,0.975544,3.872535,1.024621,130.1608,可移动汽车模型 (2),0,0,0.5,0.5,0.5,0.5,1,1,Valid,#NAME?
06:30.7,2604,30.0711,0.692791,1.240822,116.0804,343.6677,5.21964,359.1083,0,0,0,0.692917,1.249711,116.0918,0.218981,-0.015912,0.975599,3.873466,1.018604,130.2617,可移动汽车模型 (2),0,0,0.5,0.5,0.5,0.5,1,1,Valid,#NAME?
06:30.7,2605,30.0861,0.695799,1.240773,116.1724,343.6893,5.206457,359.1233,0,0,0,0.695921,1.249658,116.1838,0.2223,-0.015302,0.974858,3.930373,1.027015,130.368,可移动汽车模型 (2),0,0,0.5,0.5,0.5,0.5,1,1,Valid,#NAME?
06:30.7,2606,30.1011,0.701582,1.240747,116.3565,343.7071,5.136588,359.1394,0,0,0,0.701689,1.249628,116.3678,0.221294,-0.015618,0.975082,3.913152,1.022971,130.5184,可移动汽车模型 (2),0,0,0.5,0.5,0.5,0.5,1,1,Valid,#NAME?
06:30.7,2607,30.1162,0.704327,1.240731,116.4484,343.707,5.106028,359.1893,0,0,0,0.704422,1.24961,116.4598,0.218901,-0.015894,0.975618,3.892444,1.018132,130.6685,可移动汽车模型 (2),0,0,0.5,0.5,0.5,0.5,1,1,Valid,#NAME?
06:30.8,2608,30.1316,0.706987,1.240698,116.5404,343.6962,5.055634,359.2163,0,0,0,0.707071,1.24958,116.5518,0.21888,-0.015818,0.975624,3.908061,1.018247,130.8197,可移动汽车模型 (2),0,0,0.5,0.5,0.5,0.5,1,1,Valid,#NAME?
06:30.8,2609,30.1468,0.71213,1.240724,116.7243,343.6838,4.940451,359.2368,0,0,0,0.712187,1.249608,116.7357,0.21723,-0.015586,0.975996,3.881268,1.022234,130.9741,可移动汽车模型 (2),0,0,0.5,0.5,0.5,0.5,1,1,Valid,#NAME?
06:30.8,2610,30.163,0.714531,1.240737,116.8163,343.6737,4.875219,359.2669,0,0,0,0.714573,1.249623,116.8277,0.216433,-0.01531,0.976178,3.884719,1.025368,131.126,可移动汽车模型 (2),0,0,0.5,0.5,0.5,0.5,1,1,Valid,#NAME?
06:30.8,2611,30.1807,0.719179,1.240741,117.0002,343.6707,4.7399,359.2905,0,0,0,0.719193,1.249627,117.0115,0.214242,-0.015143,0.976663,3.850877,1.028271,131.2879,可移动汽车模型 (2),0,0,0.5,0.5,0.5,0.5,1,1,Valid,#NAME?
06:30.8,2612,30.2025,0.723522,1.240738,117.184,343.6831,4.609921,359.3018,0,0,0,0.723509,1.249621,117.1954,0.213996,-0.013978,0.976735,3.849881,1.045409,131.465,可移动汽车模型 (2),0,0,0.5,0.5,0.5,0.5,1,1,Valid,#NAME?
06:30.8,2613,30.2104,0.723463,1.240737,117.184,343.6897,4.604142,359.3072,0,0,0,0.72345,1.249619,117.1954,0.213924,-0.014079,0.976749,3.848732,1.043931,131.465,可移动汽车模型 (2),0,0,0.5,0.5,0.5,0.5,1,1,Valid,#NAME?
06:30.8,2614,30.2194,0.725414,1.240736,117.2759,343.702,4.520339,359.3278,0,0,0,0.72538,1.249616,117.2872,0.213229,-0.013741,0.976906,3.884723,1.046016,131.7617,可移动汽车模型 (2),0,0,0.5,0.5,0.5,0.5,1,1,Valid,#NAME?
06:30.9,2615,30.2286,0.727346,1.240738,117.3678,343.7053,4.435396,359.3502,0,0,0,0.727295,1.249616,117.3791,0.212362,-0.013381,0.9771,3.872798,1.051423,131.8519,可移动汽车模型 (2),0,0,0.5,0.5,0.5,0.5,1,1,Valid,#NAME?
06:30.9,2616,30.2434,0.729164,1.240761,117.4596,343.6921,4.332764,359.354,0,0,0,0.729092,1.249641,117.471,0.211414,-0.012846,0.977312,3.859876,1.059413,131.9438,可移动汽车模型 (2),0,0,0.5,0.5,0.5,0.5,1,1,Valid,#NAME?
06:30.9,2617,30.2592,0.73266,1.240793,117.6434,343.7,4.174276,359.3594,0,0,0,0.732555,1.249672,117.6547,0.209592,-0.012454,0.97771,3.827533,1.065763,132.0923,可移动汽车模型 (2),0,0,0.5,0.5,0.5,0.5,1,1,Valid,#NAME?
06:30.9,2618,30.2751,0.734243,1.240833,117.7352,343.6881,4.086,359.3635,0,0,0,0.734121,1.249714,117.7466,0.208734,-0.012106,0.977898,3.829998,1.070169,132.2504,可移动汽车模型 (2),0,0,0.5,0.5,0.5,0.5,1,1,Valid,#NAME?
06:30.9,2619,30.2915,0.737225,1.240842,117.9189,343.6714,3.9315,359.3656,0,0,0,0.73707,1.249726,117.9302,0.206363,-0.01199,0.978402,3.791021,1.072281,132.4096,可移动汽车模型 (2),0,0,0.5,0.5,0.5,0.5,1,1,Valid,#NAME?
06:30.9,2620,30.3086,0.738524,1.240848,118.0107,343.6323,3.836862,359.363,0,0,0,0.738352,1.24974,118.022,0.205326,-0.01127,0.978629,3.791433,1.082162,132.5737,可移动汽车模型 (2),0,0,0.5,0.5,0.5,0.5,1,1,Valid,#NAME?
06:30.9,2621,30.3252,0.741022,1.240858,118.1943,343.6584,3.705799,359.3604,0,0,0,0.740826,1.249744,118.2057,0.203459,-0.011803,0.979012,3.762231,1.074471,132.7442,可移动汽车模型 (2),0,0,0.5,0.5,0.5,0.5,1,1,Valid,#NAME?
06:31.0,2622,30.3455,0.743103,1.240863,118.3779,343.6485,3.565167,359.371,0,0,0,0.742876,1.249752,118.3892,0.201776,-0.011887,0.97936,3.734786,1.073495,132.9111,可移动汽车模型 (2),0,0,0.5,0.5,0.5,0.5,1,1,Valid,#NAME?
06:31.0,2623,30.3602,0.744021,1.240871,118.4696,343.6377,3.493737,359.3755,0,0,0,0.743778,1.249762,118.481,0.20116,-0.011737,0.979488,3.748809,1.074423,133.1131,可移动汽车模型 (2),0,0,0.5,0.5,0.5,0.5,1,1,Valid,#NAME?
06:31.0,2624,30.3684,0.744873,1.240852,118.5615,343.6465,3.425465,359.3835,0,0,0,0.744618,1.249741,118.5728,0.201197,-0.012379,0.979473,3.761632,1.064109,133.2603,可移动汽车模型 (2),0,0,0.5,0.5,0.5,0.5,1,1,Valid,#NAME?
06:31.0,2625,30.3776,0.74478,1.240928,118.5614,343.6083,3.436126,359.3917,0,0,0,0.744524,1.249825,118.5727,0.201421,-0.011699,0.979435,3.765031,1.074384,133.2603,可移动汽车模型 (2),0,0,0.5,0.5,0.5,0.5,1,1,Valid,#NAME?
06:31.0,2626,30.3919,0.746208,1.240953,118.7455,343.6087,3.313143,359.4088,0,0,0,0.745928,1.249849,118.7568,0.200357,-0.01182,0.979652,3.747803,1.072757,133.4346,可移动汽车模型 (2),0,0,0.5,0.5,0.5,0.5,1,1,Valid,#NAME?
06:31.0,2627,30.4072,0.746723,1.240989,118.8383,343.5676,3.245703,359.4231,0,0,0,0.746428,1.249893,118.8496,0.20047,-0.01176,0.979629,3.760346,1.073091,133.5776,可移动汽车模型 (2),0,0,0.5,0.5,0.5,0.5,1,1,Valid,#NAME?
06:31.0,2628,30.4238,0.747513,1.241027,119.0239,343.5233,3.111467,359.4341,0,0,0,0.747191,1.24994,119.0352,0.199244,-0.011133,0.979887,3.735234,1.082985,133.7305,可移动汽车模型 (2),0,0,0.5,0.5,0.5,0.5,1,1,Valid,#NAME?
06:31.1,2629,30.439,0.747742,1.241056,119.1167,343.5285,3.055161,359.4398,0,0,0,0.747406,1.249967,119.1281,0.198683,-0.011599,0.979995,3.741609,1.075165,133.8968,可移动汽车模型 (2),0,0,0.5,0.5,0.5,0.5,1,1,Valid,#NAME?
06:31.1,2630,30.4489,0.747889,1.241075,119.2095,343.5115,2.983347,359.4535,0,0,0,0.747538,1.24999,119.2208,0.199181,-0.011101,0.9799,3.76157,1.082012,134.0488,可移动汽车模型 (2),0,0,0.5,0.5,0.5,0.5,1,1,Valid,#NAME?
06:31.1,2631,30.4667,0.747921,1.241107,119.3951,343.4966,2.854971,359.4658,0,0,0,0.747543,1.250024,119.4064,0.198748,-0.010484,0.979994,3.737122,1.092321,134.1475,可移动汽车模型 (2),0,0,0.5,0.5,0.5,0.5,1,1,Valid,#NAME?
06:31.1,2632,30.4818,0.747772,1.241143,119.4878,343.4782,2.785044,359.4738,0,0,0,0.747379,1.250063,119.4992,0.192134,-0.004242,0.98136,3.65021,1.185968,134.3259,可移动汽车模型 (2),0,0,0.5,0.5,0.5,0.5,1,1,Valid,#NAME?
06:31.1,2633,30.498,0.747549,1.241155,119.5806,343.4559,2.719855,359.4879,0,0,0,0.747143,1.250079,119.5919,0.154059,0.011124,0.987999,3.21394,1.428197,135.4117,可移动汽车模型 (2),0,0,0.5,0.5,0.5,0.5,1,1,Valid,#NAME?
06:31.1,2634,30.5204,0.746824,1.241221,119.7661,343.4351,2.59549,359.4947,0,0,0,0.746393,1.25015,119.7774,0.126961,0.020304,0.9917,3.236961,1.648444,139.2313,可移动汽车模型 (2),0,0,0.5,0.5,0.5,0.5,1,1,Valid,#NAME?
06:31.2,2635,30.53,0.746338,1.241275,119.8588,343.4011,2.543071,359.5009,0,0,0,0.745894,1.25021,119.8701,0.118784,0.023108,0.992651,5.533819,2.181649,159.8817,Arch,0,0,0.5,0.5,0.5,0.5,1,1,Valid,#NAME?
06:31.2,2636,30.5399,0.745768,1.241347,119.9515,343.3971,2.489111,359.5067,0,0,0,0.745314,1.250283,119.9629,0.115528,0.022591,0.993047,5.53254,2.186427,161.1127,Arch,0,0,0.5,0.5,0.5,0.5,1,1,Valid,#NAME?
06:31.2,2637,30.5493,0.745129,1.241366,120.0443,343.3578,2.434694,359.5076,0,0,0,0.744665,1.25031,120.0556,0.114588,0.023277,0.99314,5.523281,2.221012,161.4722,Arch,0,0,0.5,0.5,0.5,0.5,1,1,Valid,#NAME?
06:31.2,2638,30.5659,0.744408,1.241375,120.137,343.3236,2.390923,359.5154,0,0,0,0.743933,1.250325,120.1483,0.115395,0.023046,0.993052,5.527393,2.205654,161.3133,Arch,0,0,0.5,0.5,0.5,0.5,1,1,Valid,#NAME?
06:31.2,2639,30.5821,0.742764,1.241426,120.3224,343.3122,2.281204,359.512,0,0,0,0.742268,1.250379,120.3337,0.113742,0.02255,0.993254,5.529071,2.199385,162.1345,Arch,0,0,0.5,0.5,0.5,0.5,1,1,Valid,#NAME?
06:31.2,2640,30.5987,0.74184,1.241424,120.4151,343.3057,2.239095,359.5078,0,0,0,0.741337,1.250378,120.4264,0.116591,0.022312,0.992929,5.537413,2.168219,161.2715,Arch,0,0,0.5,0.5,0.5,0.5,1,1,Valid,#NAME?
06:31.2,2641,30.6152,0.739834,1.241426,120.6005,343.286,2.141308,359.5119,0,0,0,0.739311,1.250384,120.6118,0.115835,0.024011,0.992978,5.517946,2.240944,161.5758,Arch,0,0,0.5,0.5,0.5,0.5,1,1,Valid,#NAME?
06:31.2,2642,30.6247,0.738749,1.241438,120.6933,343.2772,2.093395,359.5164,0,0,0,0.738215,1.250398,120.7045,0.115025,0.024171,0.993068,5.51444,2.254038,161.9399,Arch,0,0,0.5,0.5,0.5,0.5,1,1,Valid,#NAME?
06:31.3,2643,30.6331,0.738731,1.241475,120.6932,343.2779,2.109373,359.5346,0,0,0,0.738199,1.250434,120.7045,0.11697,0.024371,0.992836,5.51659,2.246007,161.2633,Arch,0,0,0.5,0.5,0.5,0.5,1,1,Valid,#NAME?
06:31.3,2644,30.6425,0.7376,1.241499,120.7859,343.2656,2.061337,359.5461,0,0,0,0.737059,1.25046,120.7972,0.11619,0.024599,0.992922,5.512453,2.261464,161.6064,Arch,0,0,0.5,0.5,0.5,0.5,1,1,Valid,#NAME?
06:31.3,2645,30.6597,0.735205,1.241529,120.9714,343.2394,1.971883,359.5751,0,0,0,0.734642,1.250495,120.9827,0.1156,0.025252,0.992975,5.504176,2.292382,161.9517,Arch,0,0,0.5,0.5,0.5,0.5,1,1,Valid,#NAME?
06:31.3,2646,30.6817,0.732615,1.241584,121.1569,343.1937,1.879178,359.6035,0,0,0,0.732031,1.250559,121.1681,0.115592,0.026845,0.992934,5.48743,2.354935,162.017,Arch,0,0,0.5,0.5,0.5,0.5,1,1,Valid,#NAME?
06:31.3,2647,30.6927,0.731239,1.241615,121.2496,343.1663,1.863294,359.585,0,0,0,0.730652,1.250596,121.2609,0.116522,0.027133,0.992817,5.486591,2.358073,161.7836,Arch,0,0,0.5,0.5,0.5,0.5,1,1,Valid,#NAME?
06:31.3,2648,30.7026,0.729816,1.241636,121.3423,343.1584,1.832809,359.5896,0,0,0,0.729223,1.250618,121.3536,0.116014,0.027277,0.992873,5.483801,2.368493,162.0442,Arch,0,0,0.5,0.5,0.5,0.5,1,1,Valid,#NAME?
06:31.3,2649,30.7204,0.728342,1.241669,121.4349,343.1566,1.819839,359.5888,0,0,0,0.727747,1.250651,121.4462,0.116308,0.027193,0.992841,5.48528,2.362971,162.0578,Arch,0,0,0.5,0.5,0.5,0.5,1,1,Valid,#NAME?
06:31.4,2650,30.7368,0.725243,1.241681,121.6203,343.1287,1.765377,359.5831,0,0,0,0.724638,1.250669,121.6316,0.115464,0.027546,0.99293,5.479378,2.385016,162.5199,Arch,0,0,0.5,0.5,0.5,0.5,1,1,Valid,#NAME?
06:31.4,2651,30.7535,0.72362,1.241783,121.7129,343.0782,1.758828,359.5916,0,0,0,0.723011,1.250781,121.7242,0.116152,0.028754,0.992815,5.468525,2.425557,162.2866,Arch,0,0,0.5,0.5,0.5,0.5,1,1,Valid,#NAME?
06:31.4,2652,30.7698,0.720161,1.241888,121.8983,343.0297,1.711508,359.602,0,0,0,0.719544,1.250895,121.9096,0.115485,0.029785,0.992863,5.45597,2.472462,162.6302,Arch,0,0,0.5,0.5,0.5,0.5,1,1,Valid,#NAME?
06:31.4,2653,30.7911,0.716484,1.241962,122.0836,342.9319,1.668767,359.5965,0,0,0,0.715859,1.250988,122.0948,0.11539,0.032655,0.992783,5.426117,2.58398,162.6206,Arch,0,0,0.5,0.5,0.5,0.5,1,1,Valid,#NAME?
06:31.4,2654,30.8088,0.71456,1.242059,122.1762,342.8946,1.657258,359.6062,0,0,0,0.71393,1.251092,122.1874,0.115796,0.033255,0.992716,5.421047,2.602921,162.5414,Arch,0,0,0.5,0.5,0.5,0.5,1,1,Valid,#NAME?
06:31.4,2655,30.8265,0.710499,1.24214,122.3614,342.8636,1.601274,359.6159,0,0,0,0.709858,1.251179,122.3726,0.114855,0.033732,0.992809,5.413132,2.632491,163.0279,Arch,0,0,0.5,0.5,0.5,0.5,1,1,Valid,#NAME?
06:31.5,2656,30.8442,0.708405,1.242044,122.4541,342.8262,1.575375,359.5921,0,0,0,0.70776,1.251091,122.4653,0.114305,0.034315,0.992853,5.405406,2.661355,163.2689,Arch,0,0,0.5,0.5,0.5,0.5,1,1,Valid,#NAME?
06:31.5,2657,30.852,0.706205,1.242143,122.5467,342.8307,1.546067,359.6077,0,0,0,0.705553,1.251188,122.5579,0.114033,0.034422,0.99288,5.403286,2.669266,163.4609,Arch,0,0,0.5,0.5,0.5,0.5,1,1,Valid,#NAME?
06:31.5,2658,30.8622,0.703987,1.242152,122.6393,342.814,1.522442,359.6039,0,0,0,0.703331,1.251201,122.6505,0.113606,0.034707,0.992919,5.398889,2.6857,163.6898,Arch,0,0,0.5,0.5,0.5,0.5,1,1,Valid,#NAME?
06:31.5,2659,30.8801,0.699326,1.242186,122.8245,342.8007,1.450602,359.613,0,0,0,0.698654,1.251237,122.8357,0.113039,0.035232,0.992966,5.391349,2.713862,164.0576,Arch,0,0,0.5,0.5,0.5,0.5,1,1,Valid,#NAME?
06:31.5,2660,30.8984,0.696919,1.242224,122.917,342.7869,1.406526,359.6211,0,0,0,0.696238,1.251278,122.9282,0.112252,0.035871,0.993032,5.382029,2.748676,164.381,Arch,0,0,0.5,0.5,0.5,0.5,1,1,Valid,#NAME?
06:31.5,2661,30.9166,0.691891,1.242306,123.1022,342.7845,1.322228,359.6401,0,0,0,0.691193,1.25136,123.1134,0.101226,0.045645,0.993816,5.234437,3.300029,167.7182,Arch,0,0,0.5,0.5,0.5,0.5,1,1,Valid,#NAME?
06:31.6,2662,30.935,0.686647,1.242302,123.2874,342.7594,1.211831,359.6529,0,0,0,0.685925,1.251361,123.2986,0.062869,0.054745,0.996519,3.829381,3.988633,173.1246,None,0,0,0.5,0.5,0.5,0.5,1,1,Valid,#NAME?
06:31.6,2663,30.9528,0.683933,1.242327,123.3799,342.7611,1.143819,359.6541,0,0,0,0.683199,1.251385,123.3911,-0.046682,0.067152,0.99665,-1.650889,4.609002,173.2236,None,0,0,0.5,0.5,0.5,0.5,1,1,Valid,#NAME?
06:31.6,2664,30.9717,0.678352,1.242334,123.5651,342.7602,1.042598,359.6541,0,0,0,0.677599,1.251393,123.5763,-0.056353,0.070807,0.995897,-2.14005,4.791744,173.3711,None,0,0,0.5,0.5,0.5,0.5,1,1,Valid,#NAME?
06:31.6,2665,30.9824,0.675486,1.242352,123.6576,342.7735,0.989004,359.6554,0,0,0,0.674719,1.251408,123.6688,-0.109414,0.066351,0.991779,-4.637422,4.472809,171.8207,Arch,0,0,0.5,0.5,0.5,0.5,1,1,Valid,#NAME?
06:31.6,2666,30.9995,0.672573,1.242332,123.7502,342.7962,0.932679,359.6608,0,0,0,0.671795,1.251383,123.7614,-0.107707,0.060351,0.992349,-4.713529,4.268925,173.3789,None,0,0,0.5,0.5,0.5,0.5,1,1,Valid,#NAME?
06:31.6,2667,31.0083,0.669605,1.242306,123.8428,342.8019,0.880575,359.6573,0,0,0,0.668818,1.251356,123.854,-0.115658,0.059818,0.991486,-4.978117,4.171968,172.2629,Arch,0,0,0.5,0.5,0.5,0.5,1,1,Valid,#NAME?
06:31.6,2668,31.0179,0.666603,1.242313,123.9352,342.8378,0.817466,359.656,0,0,0,0.665804,1.251357,123.9465,-0.116754,0.059201,0.991395,-4.991981,4.120181,171.9885,Arch,0,0,0.5,0.5,0.5,0.5,1,1,Valid,#NAME?
06:31.7,2669,31.0367,0.660461,1.242291,124.1204,342.8404,0.729974,359.6289,0,0,0,0.659647,1.251335,124.1316,-0.148909,0.062663,0.986863,-5.110003,3.67929,162.3688,Arch,0,0,0.5,0.5,0.5,0.5,1,1,Valid,#NAME?
06:31.7,2670,31.0554,0.657322,1.242279,124.2129,342.8437,0.688057,359.6262,0,0,0,0.6565,1.251321,124.2241,-0.133155,0.056763,0.989468,-5.10273,3.706462,167.0207,Arch,0,0,0.5,0.5,0.5,0.5,1,1,Valid,#NAME?
06:31.7,2671,31.072,0.650847,1.242273,124.398,342.8387,0.606707,359.6259,0,0,0,0.650009,1.251317,124.4092,-0.105484,0.054925,0.992903,-4.624165,3.997552,174.0543,None,0,0,0.5,0.5,0.5,0.5,1,1,Valid,#NAME?
06:31.7,2672,31.0824,0.647528,1.242298,124.4905,342.8383,0.568146,359.6069,0,0,0,0.646685,1.251342,124.5017,-0.106231,0.054968,0.992821,-4.664873,3.999727,174.1427,None,0,0,0.5,0.5,0.5,0.5,1,1,Valid,#NAME?
06:31.7,2673,31.0997,0.644209,1.242283,124.583,342.8124,0.524655,359.5978,0,0,0,0.643358,1.251332,124.5942,-0.105628,0.055372,0.992863,-4.638038,4.019925,174.2374,None,0,0,0.5,0.5,0.5,0.5,1,1,Valid,#NAME?
06:31.7,2674,31.1172,0.637341,1.242335,124.7681,342.8401,0.467411,359.5864,0,0,0,0.636478,1.251379,124.7793,-0.105721,0.055325,0.992856,-4.649547,4.017627,174.422,None,0,0,0.5,0.5,0.5,0.5,1,1,Valid,#NAME?
06:31.8,2675,31.1339,0.630306,1.242255,124.9531,342.8322,0.409912,359.5762,0,0,0,0.629435,1.251301,124.9643,-0.106849,0.05403,0.992806,-4.713019,3.952782,174.6046,None,0,0,0.5,0.5,0.5,0.5,1,1,Valid,#NAME?
06:31.8,2676,31.1561,0.623034,1.242267,125.138,342.8797,0.359118,359.5599,0,0,0,0.622154,1.251304,125.1492,-0.106368,0.055476,0.992778,-4.696228,4.025123,174.7881,None,0,0,0.5,0.5,0.5,0.5,1,1,Valid,#NAME?
06:31.8,2677,31.1692,0.61936,1.242196,125.2305,342.9164,0.33571,359.55,0,0,0,0.618477,1.251226,125.2417,-0.104535,0.054198,0.993043,-4.608263,3.961142,174.8939,None,0,0,0.5,0.5,0.5,0.5,1,1,Valid,#NAME?
06:31.8,2678,31.1802,0.615608,1.242166,125.323,342.9393,0.313973,359.5427,0,0,0,0.614723,1.251191,125.3342,-0.105334,0.054552,0.99294,-4.65197,3.97879,174.9812,None,0,0,0.5,0.5,0.5,0.5,1,1,Valid,#NAME?
06:31.8,2679,31.1982,0.611813,1.242143,125.4154,342.9731,0.286392,359.543,0,0,0,0.61092,1.251162,125.4267,-0.105997,0.054612,0.992866,-4.688946,3.981761,175.0699,None,0,0,0.5,0.5,0.5,0.5,1,1,Valid,#NAME?
06:31.8,2680,31.2168,0.604063,1.242131,125.6003,342.9932,0.232833,359.5506,0,0,0,0.603159,1.251146,125.6115,-0.109374,0.055145,0.99247,-4.865531,4.008414,175.235,None,0,0,0.5,0.5,0.5,0.5,1,1,Valid,#NAME?
06:31.9,2681,31.2355,0.596108,1.242068,125.7851,342.9951,0.170175,359.5656,0,0,0,0.59519,1.251082,125.7964,-0.109556,0.055329,0.99244,-4.882584,4.017513,175.4183,None,0,0,0.5,0.5,0.5,0.5,1,1,Valid,#NAME?
06:31.9,2682,31.2538,0.592081,1.242114,125.8775,343.021,0.144395,359.5571,0,0,0,0.59116,1.251123,125.8887,-0.110409,0.054261,0.992404,-4.929282,3.964158,175.5089,None,0,0,0.5,0.5,0.5,0.5,1,1,Valid,#NAME?
06:31.9,2683,31.2728,0.583889,1.242107,126.0623,343.0132,0.098716,359.5495,0,0,0,0.58296,1.251118,126.0735,-0.11131,0.054421,0.992295,-4.982539,3.97216,175.6882,None,0,0,0.5,0.5,0.5,0.5,1,1,Valid,#NAME?
06:31.9,2684,31.29,0.575539,1.242136,126.247,343.0128,0.061065,359.5363,0,0,0,0.574602,1.251147,126.2582,-0.111991,0.054811,0.992197,-5.024933,3.991719,175.868,None,0,0,0.5,0.5,0.5,0.5,1,1,Valid,#NAME?
06:31.9,2685,31.3059,0.571335,1.24211,126.3394,343.0088,0.05014,359.5216,0,0,0,0.570398,1.251122,126.3506,-0.112305,0.05526,0.992136,-5.023222,4.003474,175.7663,Arch,0,0,0.5,0.5,0.5,0.5,1,1,Valid,#NAME?
06:31.9,2686,31.315,0.56704,1.242125,126.4317,343.016,0.033993,359.5189,0,0,0,0.566101,1.251135,126.4429,-0.112596,0.055141,0.99211,-5.026798,3.990116,175.7234,Arch,0,0,0.5,0.5,0.5,0.5,1,1,Valid,#NAME?
06:31.9,2687,31.3251,0.56271,1.242154,126.5239,343.0204,0.020714,359.4989,0,0,0,0.56177,1.251164,126.5352,-0.11302,0.055273,0.992054,-5.028175,3.984971,175.6021,Arch,0,0,0.5,0.5,0.5,0.5,1,1,Valid,#NAME?
06:32.0,2688,31.3346,0.558334,1.24217,126.6163,343.0105,0.015434,359.4875,0,0,0,0.557394,1.251183,126.6275,-0.113055,0.055899,0.992015,-5.021573,4.009635,175.581,Arch,0,0,0.5,0.5,0.5,0.5,1,1,Valid,#NAME?
06:32.0,2689,31.3525,0.553927,1.242238,126.7085,342.9835,0.004559,359.4816,0,0,0,0.552986,1.251256,126.7197,-0.113262,0.056752,0.991943,-5.013346,4.040369,175.4696,Arch,0,0,0.5,0.5,0.5,0.5,1,1,Valid,#NAME?
06:32.0,2690,31.3714,0.544972,1.24226,126.8931,342.9388,359.972,359.4927,0,0,0,0.544024,1.251287,126.9043,-0.11378,0.057505,0.99184,-5.00871,4.057684,175.3086,Arch,0,0,0.5,0.5,0.5,0.5,1,1,Valid,#NAME?
06:32.0,2691,31.3897,0.535807,1.242319,127.0776,342.9283,359.929,359.5056,0,0,0,0.534847,1.251347,127.0888,-0.114216,0.058749,0.991717,-4.998099,4.097324,175.1304,Arch,0,0,0.5,0.5,0.5,0.5,1,1,Valid,#NAME?
06:32.0,2692,31.4085,0.531149,1.242325,127.1699,342.9003,359.897,359.5154,0,0,0,0.530182,1.251359,127.1811,-0.114551,0.059643,0.991625,-4.990477,4.125798,174.9712,Arch,0,0,0.5,0.5,0.5,0.5,1,1,Valid,#NAME?
06:32.1,2693,31.4271,0.521723,1.242312,127.3544,342.8817,359.8521,359.5099,0,0,0,0.52075,1.251349,127.3656,-0.115221,0.060902,0.991471,-4.981425,4.159613,174.7115,Arch,0,0,0.5,0.5,0.5,0.5,1,1,Valid,#NAME?
06:32.1,2694,31.4461,0.512192,1.242373,127.5388,342.8942,359.8073,359.5225,0,0,0,0.511208,1.251408,127.55,-0.116297,0.061213,0.991326,-4.985455,4.14456,174.4041,Arch,0,0,0.5,0.5,0.5,0.5,1,1,Valid,#NAME?
06:32.1,2695,31.4707,0.502575,1.242373,127.7233,342.8652,359.7687,359.5227,0,0,0,0.501583,1.251414,127.7345,-0.117458,0.062213,0.991127,-4.982373,4.156072,174.0089,Arch,0,0,0.5,0.5,0.5,0.5,1,1,Valid,#NAME?
06:32.1,2696,31.5114,0.483234,1.242416,128.0922,342.8099,359.713,359.5526,0,0,0,0.482229,1.251467,128.1034,-0.118236,0.063684,0.990941,-4.963922,4.184881,173.7478,Arch,0,0,0.5,0.5,0.5,0.5,1,1,Valid,#NAME?
06:32.1,2697,31.5214,0.4832,1.242397,128.0922,342.837,359.6947,359.5738,0,0,0,0.482189,1.251441,128.1033,-0.118995,0.06348,0.990864,-4.979901,4.165305,173.5857,Arch,0,0,0.5,0.5,0.5,0.5,1,1,Valid,#NAME?
06:32.2,2698,31.532,0.47835,1.242319,128.1844,342.8307,359.666,359.5709,0,0,0,0.477335,1.251365,128.1956,-0.119503,0.063595,0.990795,-4.982195,4.156736,173.4603,Arch,0,0,0.5,0.5,0.5,0.5,1,1,Valid,#NAME?
06:32.2,2699,31.5519,0.468727,1.242316,128.3689,342.8606,359.6169,359.6011,0,0,0,0.467699,1.251356,128.38,-0.255449,0.082944,0.963258,-5.261927,3.111755,149.9856,Arch,0,0,0.5,0.5,0.5,0.5,1,1,Valid,#NAME?
06:32.2,2700,31.5754,0.459221,1.24226,128.5533,342.8508,359.5529,359.6207,0,0,0,0.458178,1.251301,128.5645,-0.273398,0.087433,0.957919,-5.269607,3.083065,148.6333,Arch,0,0,0.5,0.5,0.5,0.5,1,1,Valid,#NAME?
06:32.2,2701,31.5943,0.449925,1.242204,128.7379,342.8647,359.5123,359.6235,0,0,0,0.448874,1.251242,128.7491,-0.270575,0.076238,0.959675,-5.324507,2.87798,149.2261,Arch,0,0,0.5,0.5,0.5,0.5,1,1,Valid,#NAME?
06:32.2,2702,31.6146,0.440777,1.242198,128.9224,342.9132,359.4909,359.6357,0,0,0,0.43972,1.251227,128.9336,-0.25294,0.057733,0.965758,-5.402985,2.584813,151.2418,Arch,0,0,0.5,0.5,0.5,0.5,1,1,Valid,#NAME?
06:32.3,2703,31.6402,0.431883,1.242195,129.1069,342.9179,359.4729,359.6466,0,0,0,0.430822,1.251224,129.1181,-0.252447,0.053278,0.966143,-5.428928,2.487898,151.5441,Arch,0,0,0.5,0.5,0.5,0.5,1,1,Valid,#NAME?
06:32.3,2704,31.7126,0.402195,1.242306,129.753,342.8745,359.469,359.7007,0,0,0,0.401129,1.251341,129.7642,-0.242702,0.04128,0.969222,-5.491642,2.253621,153.2969,Arch,0,0,0.5,0.5,0.5,0.5,1,1,Valid,#NAME?
06:32.3,2705,31.724,0.398144,1.242289,129.8453,342.8407,359.4734,359.6771,0,0,0,0.397081,1.251331,129.8565,-0.24381,0.043654,0.96884,-5.478337,2.303325,153.2039,Arch,0,0,0.5,0.5,0.5,0.5,1,1,Valid,#NAME?
06:32.4,2706,31.7333,0.398106,1.24226,129.8453,342.8412,359.4677,359.6757,0,0,0,0.397041,1.251303,129.8565,-0.243914,0.043651,0.968814,-5.478481,2.302788,153.1938,Arch,0,0,0.5,0.5,0.5,0.5,1,1,Valid,#NAME?
06:32.4,2707,31.7429,0.394129,1.24233,129.9376,342.8901,359.4648,359.7089,0,0,0,0.393061,1.251362,129.9488,-0.241792,0.041087,0.969458,-5.492227,2.251438,153.5457,Arch,0,0,0.5,0.5,0.5,0.5,1,1,Valid,#NAME?
06:32.4,2708,31.7629,0.386309,1.242271,130.1223,342.8593,359.5089,359.6969,0,0,0,0.38525,1.251309,130.1335,-0.242253,0.042731,0.969272,-5.482871,2.286391,153.6123,Arch,0,0,0.5,0.5,0.5,0.5,1,1,Valid,#NAME?
06:32.4,2709,31.7836,0.378708,1.242274,130.3069,342.8499,359.5553,359.7181,0,0,0,0.377657,1.251314,130.3181,-0.240957,0.053275,0.969072,-5.416992,2.53249,153.6228,Arch,0,0,0.5,0.5,0.5,0.5,1,1,Valid,#NAME?
06:32.5,2710,31.8316,0.364233,1.242303,130.6764,342.8081,359.6602,359.8016,0,0,0,0.363194,1.251349,130.6876,-0.140181,0.076985,0.987128,-4.969504,4.179957,168.2394,Arch,0,0,0.5,0.5,0.5,0.5,1,1,Valid,#NAME?
06:32.5,2711,31.8464,0.357267,1.24236,130.8611,342.7597,359.6813,359.8433,0,0,0,0.35623,1.251415,130.8723,-0.141492,0.064032,0.987866,-5.099051,3.720204,168.9598,Arch,0,0,0.5,0.5,0.5,0.5,1,1,Valid,#NAME?
06:32.5,2712,31.8564,0.353874,1.242406,130.9535,342.7438,359.69,359.8527,0,0,0,0.352837,1.251465,130.9647,-0.140521,0.061297,0.988178,-5.120757,3.639118,169.4564,Arch,0,0,0.5,0.5,0.5,0.5,1,1,Valid,#NAME?
06:32.5,2713,31.8811,0.347145,1.242442,131.1383,342.7231,359.7397,359.9001,0,0,0,0.346113,1.251504,131.1495,-0.120653,0.063078,0.990689,-5.010276,4.051834,175.1311,Arch,0,0,0.5,0.5,0.5,0.5,1,1,Valid,#NAME?
06:32.5,2714,31.9027,0.340624,1.242466,131.3231,342.7234,359.7813,359.9351,0,0,0,0.339598,1.251527,131.3342,-0.125971,0.058611,0.990301,-5.084345,3.775141,173.9736,Arch,0,0,0.5,0.5,0.5,0.5,1,1,Valid,#NAME?
06:32.5,2715,31.9262,0.334204,1.24244,131.5078,342.7608,359.8089,359.9888,0,0,0,0.333176,1.251493,131.519,-0.131546,0.056606,0.989693,-5.130537,3.602586,172.6253,Arch,0,0,0.5,0.5,0.5,0.5,1,1,Valid,#NAME?
06:32.6,2716,31.947,0.327938,1.242405,131.6925,342.8019,359.8337,0.029536,0,0,0,0.326912,1.25145,131.7037,-0.132363,0.055422,0.989651,-5.146435,3.543195,172.6269,Arch,0,0,0.5,0.5,0.5,0.5,1,1,Valid,#NAME?
06:32.6,2717,31.9724,0.321814,1.242345,131.8772,342.8554,359.868,0.065504,0,0,0,0.320791,1.251379,131.8884,-0.13401,0.055753,0.98941,-5.150591,3.527668,172.2843,Arch,0,0,0.5,0.5,0.5,0.5,1,1,Valid,#NAME?
06:32.6,2718,31.98,0.318777,1.24234,131.9696,342.8579,359.8825,0.085364,0,0,0,0.317755,1.251372,131.9807,-0.133675,0.055665,0.989461,-5.150387,3.528433,172.4559,Arch,0,0,0.5,0.5,0.5,0.5,1,1,Valid,#NAME?
06:32.6,2719,31.9901,0.315748,1.242306,132.0619,342.848,359.8974,0.117494,0,0,0,0.314726,1.251339,132.0731,-0.133142,0.05634,0.989494,-5.141849,3.560326,172.6257,Arch,0,0,0.5,0.5,0.5,0.5,1,1,Valid,#NAME?
06:32.6,2720,32.0104,0.312662,1.2423,132.1542,342.8508,359.9023,0.167977,0,0,0,0.311638,1.251332,132.1654,-0.133033,0.056123,0.989521,-5.143848,3.552859,172.7441,Arch,0,0,0.5,0.5,0.5,0.5,1,1,Valid,#NAME?
06:32.7,2721,32.0354,0.303938,1.242289,132.4311,342.8705,359.9757,0.187842,0,0,0,0.302925,1.251318,132.4423,-0.130743,0.055342,0.98987,-5.142881,3.55647,173.6731,Arch,0,0,0.5,0.5,0.5,0.5,1,1,Valid,#NAME?
06:32.7,2722,32.0547,0.300991,1.242279,132.5233,342.8733,-0.004463,0.206548,0,0,0,0.29998,1.251307,132.5345,-0.130108,0.054824,0.989983,-5.145689,3.545982,173.9702,Arch,0,0,0.5,0.5,0.5,0.5,1,1,Valid,#NAME?
06:32.7,2723,32.0752,0.295372,1.242258,132.7078,342.8757,0.043311,0.207721,0,0,0,0.294371,1.251285,132.719,-0.129007,0.054396,0.990151,-5.145905,3.545174,174.4742,Arch,0,0,0.5,0.5,0.5,0.5,1,1,Valid,#NAME?
06:32.7,2724,32.097,0.289858,1.242228,132.8923,342.8963,0.09987,0.240098,0,0,0,0.288864,1.25125,132.9035,-0.128182,0.054284,0.990264,-5.144063,3.552058,174.8752,Arch,0,0,0.5,0.5,0.5,0.5,1,1,Valid,#NAME?
06:32.7,2725,32.1255,0.282034,1.242301,133.1689,342.8549,0.178921,0.24588,0,0,0,0.281056,1.251331,133.1801,-0.126197,0.055387,0.990458,-5.124825,3.623923,175.608,Arch,0,0,0.5,0.5,0.5,0.5,1,1,Valid,#NAME?
06:32.8,2726,32.1383,0.279442,1.242336,133.2611,342.809,0.211298,0.229556,0,0,0,0.278471,1.251376,133.2723,-0.125706,0.056215,0.990474,-5.114356,3.663031,175.7639,Arch,0,0,0.5,0.5,0.5,0.5,1,1,Valid,#NAME?
06:32.8,2727,32.15,0.276962,1.242378,133.3533,342.8083,0.257652,0.226439,0,0,0,0.275999,1.251418,133.3645,-0.124807,0.056516,0.99057,-5.107363,3.689154,176.0912,Arch,0,0,0.5,0.5,0.5,0.5,1,1,Valid,#NAME?
06:32.8,2728,32.1702,0.272179,1.242352,133.5376,342.8101,0.334698,0.227251,0,0,0,0.271231,1.251391,133.5488,-0.123967,0.057146,0.990639,-5.097438,3.726228,176.4507,Arch,0,0,0.5,0.5,0.5,0.5,1,1,Valid,#NAME?
06:32.8,2729,32.18,0.269892,1.242398,133.6298,342.8394,0.369096,0.234786,0,0,0,0.268951,1.251431,133.641,-0.123284,0.056779,0.990746,-5.098215,3.723327,176.7732,Arch,0,0,0.5,0.5,0.5,0.5,1,1,Valid,#NAME?
06:32.8,2730,32.1997,0.267679,1.24227,133.7219,342.8277,0.40902,0.238518,0,0,0,0.266745,1.251306,133.7331,-0.122264,0.057488,0.990831,-5.086191,3.768246,177.1135,Arch,0,0,0.5,0.5,0.5,0.5,1,1,Valid,#NAME?
06:32.8,2731,32.2194,0.263491,1.242229,133.9062,342.8622,0.499358,0.241275,0,0,0,0.262575,1.251257,133.9174,-0.120944,0.057273,0.991006,-5.082407,3.782382,177.7137,Arch,0,0,0.5,0.5,0.5,0.5,1,1,Valid,#NAME?
06:32.9,2732,32.2395,0.259737,1.242135,134.0905,342.8838,0.56128,0.264458,0,0,0,0.258833,1.251159,134.1017,-0.120251,0.057026,0.991104,-5.081994,3.783923,178.1207,Arch,0,0,0.5,0.5,0.5,0.5,1,1,Valid,#NAME?
06:32.9,2733,32.2593,0.256378,1.242157,134.2747,342.8949,0.63627,0.288864,0,0,0,0.255486,1.25118,134.286,-0.119176,0.056788,0.991248,-5.079473,3.793343,178.6596,Arch,0,0,0.5,0.5,0.5,0.5,1,1,Valid,#NAME?
06:32.9,2734,32.2856,0.253489,1.242184,134.459,342.858,0.711281,0.313072,0,0,0,0.252607,1.251213,134.4702,-0.11808,0.057506,0.991338,-5.066527,3.841701,179.1271,Arch,0,0,0.5,0.5,0.5,0.5,1,1,Valid,#NAME?
06:32.9,2735,32.2994,0.25219,1.242135,134.5511,342.8467,0.742081,0.333146,0,0,0,0.251312,1.251165,134.5624,-0.117721,0.057819,0.991362,-5.061483,3.860545,179.3031,Arch,0,0,0.5,0.5,0.5,0.5,1,1,Valid,#NAME?
06:32.9,2736,32.3206,0.250069,1.242114,134.7354,342.8817,0.822546,0.363517,0,0,0,0.249205,1.251137,134.7466,-0.115163,0.056536,0.991737,-5.062023,3.858529,180.4846,Arch,0,0,0.5,0.5,0.5,0.5,1,1,Valid,#NAME?
06:33.0,2737,32.3408,0.248554,1.242056,134.9197,342.9285,0.912152,0.390957,0,0,0,0.247706,1.25107,134.9309,-0.092842,0.048996,0.994475,-4.394375,3.700889,184.6547,None,0,0,0.5,0.5,0.5,0.5,1,1,Valid,#NAME?
06:33.0,2738,32.3619,0.247614,1.242049,135.104,342.9503,1.013731,0.388541,0,0,0,0.246784,1.251059,135.1152,-0.075113,0.03972,0.996384,-3.508887,3.237043,184.9344,None,0,0,0.5,0.5,0.5,0.5,1,1,Valid,#NAME?
06:33.0,2739,32.3826,0.24725,1.24205,135.2883,342.9339,1.12925,0.433137,0,0,0,0.246439,1.251061,135.2996,-0.071541,0.034492,0.996841,-3.330604,2.975646,185.1416,None,0,0,0.5,0.5,0.5,0.5,1,1,Valid,#NAME?
06:33.0,2740,32.3935,0.247286,1.242019,135.3805,342.9116,1.178344,0.452043,0,0,0,0.246483,1.251035,135.3918,-0.064367,0.033942,0.997349,-2.971883,2.94814,185.2592,None,0,0,0.5,0.5,0.5,0.5,1,1,Valid,#NAME?
06:33.0,2741,32.4139,0.247896,1.242064,135.5649,342.8988,1.291032,0.483282,0,0,0,0.247112,1.251081,135.5761,-0.063232,0.031535,0.997501,-2.914467,2.827812,185.4511,None,0,0,0.5,0.5,0.5,0.5,1,1,Valid,#NAME?
06:33.1,2742,32.4397,0.249229,1.242063,135.7492,342.8923,1.437938,0.501102,0,0,0,0.248474,1.251081,135.7604,-0.061296,0.028637,0.997709,-2.816338,2.682927,185.6459,None,0,0,0.5,0.5,0.5,0.5,1,1,Valid,#NAME?
06:33.1,2743,32.454,0.250099,1.242126,135.8414,342.8997,1.51875,0.503174,0,0,0,0.249359,1.251143,135.8526,-0.06036,0.027596,0.997795,-2.768651,2.630934,185.7423,None,0,0,0.5,0.5,0.5,0.5,1,1,Valid,#NAME?
06:33.1,2744,32.4749,0.25264,1.242133,136.0257,342.8776,1.68904,0.525609,0,0,0,0.25193,1.251154,136.037,-0.059389,0.028345,0.997832,-2.717543,2.668419,185.9286,None,0,0,0.5,0.5,0.5,0.5,1,1,Valid,#NAME?
06:33.1,2745,32.4949,0.256084,1.242219,136.2101,342.8664,1.875125,0.546667,0,0,0,0.255409,1.251243,136.2214,-0.056278,0.02809,0.99802,-2.558487,2.655765,186.1224,None,0,0,0.5,0.5,0.5,0.5,1,1,Valid,#NAME?
06:33.1,2746,32.5152,0.260521,1.242236,136.3945,342.8237,2.079291,0.553291,0,0,0,0.259884,1.251267,136.4058,-0.054234,0.030032,0.998077,-2.451817,2.752846,186.3096,None,0,0,0.5,0.5,0.5,0.5,1,1,Valid,#NAME?
06:33.2,2747,32.5356,0.265936,1.242216,136.579,342.7814,2.302111,0.577206,0,0,0,0.265341,1.251255,136.5902,-0.050797,0.030882,0.998232,-2.2745,2.795376,186.5018,None,0,0,0.5,0.5,0.5,0.5,1,1,Valid,#NAME?
06:33.2,2748,32.5565,0.272469,1.242285,136.7634,342.793,2.548901,0.573031,0,0,0,0.271923,1.251321,136.7746,-0.046412,0.03049,0.998457,-2.048664,2.775846,186.6975,None,0,0,0.5,0.5,0.5,0.5,1,1,Valid,#NAME?
06:33.2,2749,32.5799,0.280024,1.242288,136.9478,342.7653,2.805673,0.57154,0,0,0,0.279528,1.25133,136.959,-0.042678,0.030996,0.998608,-1.854374,2.801106,186.8894,None,0,0,0.5,0.5,0.5,0.5,1,1,Valid,#NAME?
06:33.2,2750,32.6074,0.2887,1.242318,137.1322,342.761,3.096738,0.577159,0,0,0,0.288261,1.251361,137.1434,-0.037688,0.030909,0.998811,-1.596129,2.796834,187.084,None,0,0,0.5,0.5,0.5,0.5,1,1,Valid,#NAME?
06:33.2,2751,32.6224,0.298525,1.242355,137.3165,342.7395,3.39057,0.583963,0,0,0,0.298142,1.251402,137.3278,-0.032459,0.03091,0.998995,-1.324792,2.796885,187.2775,None,0,0,0.5,0.5,0.5,0.5,1,1,Valid,#NAME?
06:33.3,2752,32.6467,0.309414,1.242388,137.5009,342.7198,3.702335,0.602959,0,0,0,0.309092,1.251439,137.5121,-0.026631,0.030687,0.999174,-1.02246,2.785804,187.4708,None,0,0,0.5,0.5,0.5,0.5,1,1,Valid,#NAME?
06:33.3,2753,32.6689,0.321459,1.242377,137.6851,342.703,4.022444,0.62823,0,0,0,0.321196,1.251431,137.6964,-0.020817,0.02923,0.999356,-0.719669,2.712914,187.6642,None,0,0,0.5,0.5,0.5,0.5,1,1,Valid,#NAME?
06:33.3,2754,32.6914,0.334591,1.242301,137.8693,342.6988,4.350433,0.664865,0,0,0,0.334389,1.251354,137.8806,-0.014795,0.028102,0.999496,-0.405363,2.656456,187.8553,None,0,0,0.5,0.5,0.5,0.5,1,1,Valid,#NAME?
06:33.3,2755,32.7128,0.348793,1.242266,138.0535,342.72,4.676157,0.692185,0,0,0,0.348652,1.251315,138.0647,-0.009319,0.027104,0.999589,-0.117282,2.606514,188.0441,None,0,0,0.5,0.5,0.5,0.5,1,1,Valid,#NAME?
06:33.4,2756,32.7355,0.363901,1.242208,138.2375,342.762,5.010256,0.718347,0,0,0,0.363825,1.251249,138.2487,-0.003934,0.025877,0.999657,0.167125,2.545078,188.2316,None,0,0,0.5,0.5,0.5,0.5,1,1,Valid,#NAME?
06:33.4,2757,32.7631,0.37985,1.242106,138.4215,342.801,5.329021,0.765993,0,0,0,0.379831,1.251138,138.4327,-0.000498,0.023364,0.999727,0.354936,2.419335,188.4191,None,0,0,0.5,0.5,0.5,0.5,1,1,Valid,#NAME?
06:33.4,2758,32.7814,0.396488,1.242008,138.6053,342.8325,5.615973,0.846912,0,0,0,0.396519,1.251032,138.6166,-0.033045,0.032239,0.998934,-1.255731,2.862966,188.5633,None,0,0,0.5,0.5,0.5,0.5,1,1,Valid,#NAME?
06:33.4,2759,32.8034,0.41374,1.241945,138.7891,342.8567,5.87474,0.923157,0,0,0,0.413815,1.250963,138.8003,-0.078055,0.050156,0.995687,-3.488931,3.758782,188.5846,None,0,0,0.5,0.5,0.5,0.5,1,1,Valid,#NAME?
06:33.4,2760,32.8151,0.422623,1.241919,138.8808,342.8692,6.003491,0.933441,0,0,0,0.422724,1.250935,138.8921,-0.091243,0.057241,0.994182,-4.139411,4.112997,188.6012,None,0,0,0.5,0.5,0.5,0.5,1,1,Valid,#NAME?
06:33.5,2761,32.8365,0.440779,1.241889,139.0643,342.9246,6.26725,1.000028,0,0,0,0.440926,1.250892,139.0756,-0.089961,0.052905,0.994539,-4.05713,3.896127,188.8026,None,0,0,0.5,0.5,0.5,0.5,1,1,Valid,#NAME?
06:33.5,2762,32.8576,0.459492,1.241847,139.2476,342.9494,6.496607,1.054625,0,0,0,0.459679,1.250844,139.2589,-0.080876,0.04792,0.995572,-3.5841,3.646835,189.0375,None,0,0,0.5,0.5,0.5,0.5,1,1,Valid,#NAME?
06:33.5,2763,32.8797,0.478697,1.241818,139.4308,342.9761,6.708324,1.116083,0,0,0,0.478922,1.25081,139.442,-0.073929,0.044265,0.996281,-3.217523,3.464058,189.2561,None,0,0,0.5,0.5,0.5,0.5,1,1,Valid,#NAME?
06:33.5,2764,32.9023,0.498417,1.241722,139.6137,343.0389,6.918023,1.163722,0,0,0,0.498678,1.2507,139.625,-0.068878,0.040558,0.9968,-2.945215,3.278606,189.465,None,0,0,0.5,0.5,0.5,0.5,1,1,Valid,#NAME?
06:33.6,2765,32.9319,0.518606,1.241589,139.7964,343.1132,7.119344,1.222968,0,0,0,0.518902,1.250551,139.8077,-0.069116,0.040937,0.996768,-2.936887,3.297408,189.6461,None,0,0,0.5,0.5,0.5,0.5,1,1,Valid,#NAME?
06:33.6,2766,32.9484,0.539251,1.241513,139.979,343.1421,7.308215,1.279088,0,0,0,0.539581,1.250469,139.9903,-0.070207,0.042686,0.996619,-2.970787,3.384785,189.8212,None,0,0,0.5,0.5,0.5,0.5,1,1,Valid,#NAME?
06:33.6,2767,32.9729,0.560221,1.241432,140.1614,343.1516,7.475527,1.358237,0,0,0,0.560577,1.250385,140.1727,-0.06889,0.043642,0.996669,-2.88394,3.4325,190.0061,None,0,0,0.5,0.5,0.5,0.5,1,1,Valid,#NAME?
06:33.6,2768,32.9963,0.581436,1.241378,140.3435,343.1643,7.613128,1.425141,0,0,0,0.581814,1.250327,140.3548,-0.067993,0.044523,0.996692,-2.817846,3.476489,190.1894,None,0,0,0.5,0.5,0.5,0.5,1,1,Valid,#NAME?
06:33.6,2769,33.018,0.602432,1.241346,140.5256,343.2355,7.668458,1.531183,0,0,0,0.602814,1.250279,140.5369,-0.069062,0.044437,0.996622,-2.850268,3.472121,190.368,None,0,0,0.5,0.5,0.5,0.5,1,1,Valid,#NAME?
06:33.7,2770,33.0417,0.623573,1.241202,140.7073,343.3275,7.698587,1.599942,0,0,0,0.623957,1.250116,140.7186,-0.068315,0.042204,0.996771,-2.791789,3.36031,190.5571,None,0,0,0.5,0.5,0.5,0.5,1,1,Valid,#NAME?
06:33.7,2771,33.0649,0.64455,1.241096,140.8888,343.4087,7.723483,1.672302,0,0,0,0.644932,1.249992,140.9001,-0.06683,0.037926,0.997043,-2.696561,3.146282,190.7523,None,0,0,0.5,0.5,0.5,0.5,1,1,Valid,#NAME?
06:33.7,2772,33.0934,0.675722,1.240987,141.1605,343.4536,7.751989,1.726437,0,0,0,0.676106,1.249873,141.1718,-0.060352,0.037206,0.997484,-2.341482,3.110153,191.046,None,0,0,0.5,0.5,0.5,0.5,1,1,Valid,#NAME?
06:33.7,2773,33.1089,0.685675,1.240872,141.2511,343.5552,7.583891,1.755815,0,0,0,0.686024,1.249737,141.2624,-0.041047,0.036418,0.998493,-1.366325,3.070618,191.1871,None,0,0,0.5,0.5,0.5,0.5,1,1,Valid,#NAME?
06:33.7,2774,33.1208,0.695707,1.240777,141.3415,343.5706,7.457976,1.696705,0,0,0,0.696037,1.249641,141.3529,-0.043496,0.036324,0.998393,-1.478748,3.065862,191.2725,None,0,0,0.5,0.5,0.5,0.5,1,1,Valid,#NAME?
06:33.8,2775,33.1329,0.70561,1.240633,141.4319,343.6684,7.264139,1.659324,0,0,0,0.705908,1.249478,141.4433,-0.042923,0.030974,0.998598,-1.44024,2.798198,191.3732,None,0,0,0.5,0.5,0.5,0.5,1,1,Valid,#NAME?
06:33.8,2776,33.1543,0.725075,1.240366,141.6135,343.8683,6.837281,1.636574,0,0,0,0.725292,1.249172,141.6249,-0.035303,0.016526,0.99924,-1.039834,2.075464,191.5869,None,0,0,0.5,0.5,0.5,0.5,1,1,Valid,#NAME?
06:33.8,2777,33.1788,0.753664,1.239904,141.8853,344.2362,6.196965,1.413673,0,0,0,0.75378,1.248641,141.8967,-0.044387,0.003919,0.999007,-0.619039,1.369841,172.7947,黑色方车 Variant,0,0,0.5,0.5,0.5,0.5,1,1,Valid,#NAME?
06:33.8,2778,33.2013,0.771978,1.239287,142.0668,344.6607,5.405052,1.173751,0,0,0,0.771965,1.247943,142.0783,-0.061662,-0.011898,0.998026,-2.31111,0.653035,191.9796,None,0,0,0.5,0.5,0.5,0.5,1,1,Valid,#NAME?
06:33.8,2779,33.2226,0.790184,1.238644,142.2497,345.0871,4.524008,1.08918,0,0,0,0.790007,1.247216,142.2613,-0.079323,-0.020903,0.99663,-3.176142,0.202079,192.0928,None,0,0,0.5,0.5,0.5,0.5,1,1,Valid,#NAME?
06:33.9,2780,33.2523,0.807928,1.237799,142.4325,345.673,3.304957,1.013101,0,0,0,0.807514,1.246254,142.4442,-0.1011,-0.033326,0.994318,-2.973189,0.000028,179.6272,Road,0,0,0.5,0.5,0.5,0.5,1,1,Valid,#NAME?
06:33.9,2781,33.2683,0.825632,1.237171,142.6153,346.1399,2.082242,0.864523,0,0,0,0.824987,1.245534,142.627,-0.123045,-0.041446,0.991535,-2.872694,0.000027,172.4242,Road,0,0,0.5,0.5,0.5,0.5,1,1,Valid,#NAME?
06:33.9,2782,33.2804,0.834396,1.236912,142.7067,346.2842,1.497023,0.628793,0,0,0,0.833654,1.24525,142.7184,-0.134663,-0.043239,0.989948,-3.04444,0.000027,171.2274,Road,0,0,0.5,0.5,0.5,0.5,1,1,Valid,#NAME?
06:33.9,2783,33.3045,0.852045,1.236485,142.8894,346.593,0.203788,0.636151,0,0,0,0.851036,1.24476,142.9011,-0.158326,-0.045664,0.98633,-3.464702,0.000026,169.787,Road,0,0,0.5,0.5,0.5,0.5,1,1,Valid,#NAME?
06:33.9,2784,33.327,0.869459,1.236017,143.072,346.8903,358.7412,0.466643,0,0,0,0.868166,1.244233,143.0838,-0.184688,-0.045223,0.981756,-4.213147,0.000026,170.0948,Road,0,0,0.5,0.5,0.5,0.5,1,1,Valid,#NAME?
06:34.0,2785,33.351,0.8874,1.235786,143.2545,347.0614,357.6802,0.452467,0,0,0,0.885889,1.243968,143.2663,-0.20272,-0.046648,0.978125,-4.519886,0.000026,169.3493,Road,0,0,0.5,0.5,0.5,0.5,1,1,Valid,#NAME?
06:34.0,2786,33.3755,0.905365,1.235432,143.437,347.2374,356.5568,0.379263,0,0,0,0.903629,1.243578,143.4487,-0.21954,-0.044518,0.974587,-5.228867,0.000027,170.6723,Road,0,0,0.5,0.5,0.5,0.5,1,1,Valid,#NAME?
06:34.0,2787,33.4055,0.933327,1.23519,143.7105,347.4138,355.6184,0.340088,0,0,0,0.9314,1.2433,143.7222,-0.229718,-0.041658,0.972365,-6.10361,-0.032464,173.5005,Arch,0,0,0.5,0.5,0.5,0.5,1,1,Valid,#NAME?
06:34.0,2788,33.4233,0.952313,1.235054,143.8933,347.4671,355.2196,0.297824,0,0,0,0.950308,1.243154,143.9051,-0.23302,-0.038989,0.97169,-6.076891,0.067347,173.2084,Arch,0,0,0.5,0.5,0.5,0.5,1,1,Valid,#NAME?
06:34.1,2789,33.4479,0.971458,1.234832,144.0778,347.575,354.739,0.344795,0,0,0,0.969349,1.242908,144.0895,-0.235488,-0.035019,0.971246,-6.04128,0.200376,173.0042,Arch,0,0,0.5,0.5,0.5,0.5,1,1,Valid,#NAME?
06:34.1,2790,33.4712,0.990725,1.234667,144.2622,347.6979,354.3147,0.298875,0,0,0,0.988531,1.24272,144.274,-0.237116,-0.03153,0.97097,-6.011422,0.311916,172.9382,Arch,0,0,0.5,0.5,0.5,0.5,1,1,Valid,#NAME?
06:34.1,2791,33.5222,1.030062,1.234761,144.6309,347.6691,354.22,0.250146,0,0,0,1.027853,1.24282,144.6427,-0.23065,-0.024112,0.972738,-5.957715,0.512546,174.1035,Arch,0,0,0.5,0.5,0.5,0.5,1,1,Valid,#NAME?
06:34.2,2792,33.5447,1.059538,1.234897,144.9074,347.5898,354.3047,0.222512,0,0,0,1.05735,1.242973,144.9192,-0.219222,-0.015678,0.975549,-5.895289,0.745745,175.8587,Arch,0,0,0.5,0.5,0.5,0.5,1,1,Valid,#NAME?
06:34.2,2793,33.5739,1.079226,1.23499,145.0917,347.5192,354.5148,0.23364,0,0,0,1.07708,1.243081,145.1035,-0.208469,-0.010125,0.977977,-5.852245,0.906543,177.6105,Arch,0,0,0.5,0.5,0.5,0.5,1,1,Valid,#NAME?
06:34.2,2794,33.5917,1.0989,1.235199,145.276,347.3763,354.7309,0.263198,0,0,0,1.096798,1.243319,145.2878,-0.193043,0.008831,0.981151,-5.679114,1.553298,179.7267,Arch,0,0,0.5,0.5,0.5,0.5,1,1,Valid,#NAME?
06:34.3,2795,33.6808,1.175323,1.236024,146.0128,346.8895,355.1408,0.158187,0,0,0,1.173323,1.244246,146.0245,-0.291239,0.049407,0.955374,-5.460585,2.369646,167.7862,Arch,0,0,0.5,0.5,0.5,0.5,1,1,Valid,#NAME?
06:34.3,2796,33.7125,1.203394,1.236239,146.2891,346.7549,355.1575,0.369012,0,0,0,1.201378,1.244485,146.3008,-0.294379,0.03219,0.955147,-5.563755,1.984237,168.251,Arch,0,0,0.5,0.5,0.5,0.5,1,1,Valid,#NAME?
06:34.4,2797,33.7438,1.222332,1.236428,146.4733,346.6116,355.2045,0.455337,0,0,0,1.220318,1.244701,146.4849,-0.289803,0.026752,0.956712,-5.593351,1.873678,168.9785,Arch,0,0,0.5,0.5,0.5,0.5,1,1,Valid,#NAME?
06:34.4,2798,33.7609,1.241379,1.236578,146.6575,346.56,355.2053,0.493031,0,0,0,1.239365,1.244862,146.6692,-0.289727,0.027686,0.956709,-5.587055,1.897196,169.2107,Arch,0,0,0.5,0.5,0.5,0.5,1,1,Valid,#NAME?
06:34.4,2799,33.7861,1.260811,1.236633,146.8419,346.5233,355.2282,0.474219,0,0,0,1.258802,1.244925,146.8535,-0.289896,0.028353,0.956638,-5.582546,1.91404,169.4295,Arch,0,0,0.5,0.5,0.5,0.5,1,1,Valid,#NAME?
06:34.4,2800,33.8093,1.280748,1.236604,147.0263,346.5098,355.3055,0.487555,0,0,0,1.278755,1.244898,147.038,-0.28897,0.02797,0.956929,-5.583858,1.909138,169.7636,Arch,0,0,0.5,0.5,0.5,0.5,1,1,Valid,#NAME?
06:34.5,2801,33.8329,1.301193,1.236559,147.2108,346.5272,355.405,0.51378,0,0,0,1.299217,1.244849,147.2224,-0.287713,0.027307,0.957327,-5.586736,1.89839,170.1346,Arch,0,0,0.5,0.5,0.5,0.5,1,1,Valid,#NAME?
06:34.5,2802,33.8557,1.332695,1.236576,147.4875,346.5287,355.5068,0.528958,0,0,0,1.330736,1.244865,147.4992,-0.286892,0.026722,0.95759,-5.589143,1.889396,170.5964,Arch,0,0,0.5,0.5,0.5,0.5,1,1,Valid,#NAME?
06:34.5,2803,33.8812,1.354387,1.23655,147.6721,346.5565,355.5846,0.543713,0,0,0,1.352444,1.244833,147.6837,-0.286132,0.026472,0.957824,-5.58976,1.887092,170.9227,Arch,0,0,0.5,0.5,0.5,0.5,1,1,Valid,#NAME?
06:34.5,2804,33.9115,1.388002,1.236483,147.9489,346.5981,355.7559,0.524486,0,0,0,1.386095,1.244758,147.9606,-0.283233,0.02554,0.958711,-5.593235,1.874112,171.5848,Arch,0,0,0.5,0.5,0.5,0.5,1,1,Valid,#NAME?
06:34.6,2805,33.9286,1.399549,1.236424,148.0412,346.6268,355.864,0.501389,0,0,0,1.397665,1.244695,148.0528,-0.281447,0.025075,0.959249,-5.594952,1.867697,171.8856,Arch,0,0,0.5,0.5,0.5,0.5,1,1,Valid,#NAME?
06:34.6,2806,33.9549,1.422876,1.236363,148.2256,346.6532,356.0529,0.504903,0,0,0,1.421032,1.244628,148.2373,-0.278242,0.024613,0.960196,-5.595591,1.86531,172.4512,Arch,0,0,0.5,0.5,0.5,0.5,1,1,Valid,#NAME?
06:34.6,2807,33.9807,1.458708,1.236319,148.5024,346.691,356.3161,0.490673,0,0,0,1.456917,1.244576,148.5141,-0.274843,0.024812,0.961169,-5.591422,1.880885,173.1632,Arch,0,0,0.5,0.5,0.5,0.5,1,1,Valid,#NAME?
06:34.6,2808,34.0053,1.483145,1.236283,148.6869,346.7069,356.5461,0.474964,0,0,0,1.481401,1.244537,148.6986,-0.271701,0.025104,0.962054,-5.586942,1.89762,173.7266,Arch,0,0,0.5,0.5,0.5,0.5,1,1,Valid,#NAME?
06:34.7,2809,34.0316,1.507885,1.236285,148.8713,346.6908,356.7699,0.490838,0,0,0,1.506187,1.244542,148.883,-0.268621,0.025553,0.962907,-5.581286,1.918749,174.2889,Arch,0,0,0.5,0.5,0.5,0.5,1,1,Valid,#NAME?
06:34.7,2810,34.0654,1.545502,1.236349,149.1478,346.6251,357.0728,0.49852,0,0,0,1.543865,1.244619,149.1595,-0.263945,0.02696,0.964161,-5.567307,1.970969,175.1358,Arch,0,0,0.5,0.5,0.5,0.5,1,1,Valid,#NAME?
06:34.7,2811,34.0843,1.571043,1.23639,149.3321,346.5993,357.3233,0.529621,0,0,0,1.569454,1.244665,149.3438,-0.260088,0.027205,0.965202,-5.562047,1.990619,175.8091,Arch,0,0,0.5,0.5,0.5,0.5,1,1,Valid,#NAME?
06:34.7,2812,34.1112,1.609856,1.236402,149.6083,346.5591,357.6991,0.546178,0,0,0,1.608343,1.244685,149.62,-0.253924,0.027737,0.966827,-5.552345,2.026861,176.8846,Arch,0,0,0.5,0.5,0.5,0.5,1,1,Valid,#NAME?
06:34.8,2813,34.1397,1.636154,1.236447,149.7923,346.5659,358.0463,0.564016,0,0,0,1.63471,1.244728,149.8041,-0.248043,0.027042,0.968372,-5.55198,2.028227,177.8612,Arch,0,0,0.5,0.5,0.5,0.5,1,1,Valid,#NAME?
06:34.8,2814,34.1653,1.66267,1.236479,149.9763,346.5505,358.379,0.592479,0,0,0,1.661291,1.244763,149.9881,-0.08092,0.023957,0.996433,-2.384701,2.442611,199.8097,None,0,0,0.5,0.5,0.5,0.5,1,1,Valid,#NAME?
06:34.8,2815,34.1909,1.702995,1.23655,150.2522,346.5049,358.8399,0.633938,0,0,0,1.701708,1.244843,150.2639,-0.007746,0.025795,0.999637,1.314424,2.53458,200.2458,None,0,0,0.5,0.5,0.5,0.5,1,1,Valid,#NAME?
06:34.8,2816,34.2247,1.744225,1.236599,150.5278,346.4592,359.3477,0.678445,0,0,0,1.743036,1.2449,150.5395,0.031988,0.016928,0.999345,3.342415,2.091294,200.5068,None,0,0,0.5,0.5,0.5,0.5,1,1,Valid,#NAME?
06:34.9,2817,34.2452,1.772261,1.23666,150.7113,346.39,359.7436,0.733801,0,0,0,1.771151,1.244975,150.7231,0.023388,0.011565,0.999659,2.940562,1.823244,200.706,None,0,0,0.5,0.5,0.5,0.5,1,1,Valid,#NAME?
06:34.9,2818,34.2828,1.814955,1.236681,150.9864,346.3622,0.241188,0.769076,0,0,0,1.813942,1.245,150.9981,0.012908,0.010552,0.999861,2.459346,1.772588,200.9912,None,0,0,0.5,0.5,0.5,0.5,1,1,Valid,#NAME?
06:34.9,2819,34.3106,1.843998,1.236763,151.1697,346.3085,0.571323,0.773945,0,0,0,1.843052,1.245093,151.1814,0.010642,0.011484,0.999877,2.375133,1.819298,201.1753,None,0,0,0.5,0.5,0.5,0.5,1,1,Valid,#NAME?
06:35.0,2820,34.3364,1.888313,1.236959,151.4444,346.1693,1.064624,0.775414,0,0,0,1.887466,1.245318,151.4561,0.014244,0.01487,0.999788,2.599664,1.98883,201.4455,None,0,0,0.5,0.5,0.5,0.5,1,1,Valid,#NAME?
06:35.0,2821,34.3605,1.918484,1.237191,151.6273,345.982,1.488371,0.769981,0,0,0,1.917725,1.245587,151.6391,0.016395,0.019207,0.999681,2.737478,2.205938,201.6231,None,0,0,0.5,0.5,0.5,0.5,1,1,Valid,#NAME?
06:35.0,2822,34.3964,1.964298,1.237512,151.9016,345.7881,2.030112,0.805802,0,0,0,1.963646,1.245948,151.9133,0.023236,0.022805,0.99947,3.125469,2.386207,201.8868,None,0,0,0.5,0.5,0.5,0.5,1,1,Valid,#NAME?
06:35.0,2823,34.4146,1.995275,1.237661,152.0843,345.6675,2.301411,0.828724,0,0,0,1.994675,1.246121,152.0959,0.023886,0.024007,0.999426,3.188994,2.446464,202.0672,None,0,0,0.5,0.5,0.5,0.5,1,1,Valid,#NAME?
06:35.1,2824,34.4403,2.026642,1.23788,152.2668,345.4793,2.665718,0.839942,0,0,0,2.026114,1.246377,152.2784,0.027516,0.027658,0.999239,3.401911,2.629262,202.2404,None,0,0,0.5,0.5,0.5,0.5,1,1,Valid,#NAME?
06:35.1,2825,34.4642,2.058352,1.238135,152.4492,345.3003,3.025389,0.821544,0,0,0,2.057896,1.246669,152.4608,0.028948,0.030769,0.999107,3.50531,2.785121,202.4162,None,0,0,0.5,0.5,0.5,0.5,1,1,Valid,#NAME?
06:35.1,2826,34.4916,2.106237,1.238391,152.7226,345.1356,3.467056,0.847258,0,0,0,2.105867,1.246958,152.7342,0.032679,0.032359,0.998942,3.739815,2.864901,202.6813,None,0,0,0.5,0.5,0.5,0.5,1,1,Valid,#NAME?
06:35.1,2827,34.5171,2.138554,1.238505,152.9047,345.0154,3.769428,0.870686,0,0,0,2.138243,1.247096,152.9162,0.036752,0.034564,0.998727,3.975861,2.975287,202.8526,None,0,0,0.5,0.5,0.5,0.5,1,1,Valid,#NAME?
06:35.2,2828,34.5489,2.18729,1.238633,153.1776,344.9175,4.142959,0.869907,0,0,0,2.187054,1.247243,153.1892,0.040313,0.036261,0.998529,4.202711,3.060287,203.1156,None,0,0,0.5,0.5,0.5,0.5,1,1,Valid,#NAME?
06:35.2,2829,34.5662,2.203775,1.238804,153.2684,344.8475,4.412673,0.868146,0,0,0,2.203592,1.247429,153.2799,0.051463,0.031645,0.998174,4.77672,2.829668,203.1886,None,0,0,0.5,0.5,0.5,0.5,1,1,Valid,#NAME?
06:35.2,2830,34.5932,2.252872,1.238851,153.541,344.8086,4.701688,0.818435,0,0,0,2.252752,1.247484,153.5525,0.052449,0.029296,0.998194,3.462321,1.923094,176.5725,可移动汽车模型 (2),0,0,0.5,0.5,0.5,0.5,1,1,Valid,#NAME?
06:35.2,2831,34.6178,2.285748,1.238943,153.7225,344.758,4.924623,0.809174,0,0,0,2.285673,1.247587,153.734,0.05289,0.025283,0.99828,3.458039,1.808024,175.8621,可移动汽车模型 (2),0,0,0.5,0.5,0.5,0.5,1,1,Valid,#NAME?
06:35.3,2832,34.6417,2.318684,1.239005,153.9039,344.7248,5.069768,0.821257,0,0,0,2.318636,1.247655,153.9154,0.052302,0.023544,0.998354,3.467159,1.764675,175.8386,可移动汽车模型 (2),0,0,0.5,0.5,0.5,0.5,1,1,Valid,#NAME?
06:35.3,2833,34.6666,2.351662,1.239098,154.0853,344.726,5.201053,0.811264,0,0,0,2.351643,1.247748,154.0968,0.049303,0.022907,0.998521,3.462454,1.76386,176.594,可移动汽车模型 (2),0,0,0.5,0.5,0.5,0.5,1,1,Valid,#NAME?
06:35.3,2834,34.6911,2.401138,1.239141,154.3572,344.6696,5.288208,0.819801,0,0,0,2.401133,1.247802,154.3688,0.048428,0.023957,0.998539,3.466064,1.774625,176.3268,可移动汽车模型 (2),0,0,0.5,0.5,0.5,0.5,1,1,Valid,#NAME?
06:35.3,2835,34.7226,2.450693,1.239245,154.6289,344.6046,5.32853,0.855261,0,0,0,2.450693,1.247919,154.6404,0.046665,0.02504,0.998597,3.475584,1.79787,176.5723,可移动汽车模型 (2),0,0,0.5,0.5,0.5,0.5,1,1,Valid,#NAME?
06:35.4,2836,34.7413,2.467176,1.239306,154.7194,344.5898,5.28491,0.915911,0,0,0,2.467161,1.247982,154.7309,0.043428,0.025783,0.998724,3.46964,1.84315,177.7851,可移动汽车模型 (2),0,0,0.5,0.5,0.5,0.5,1,1,Valid,#NAME?
06:35.4,2837,34.7682,2.516861,1.239303,154.9908,344.5309,5.233891,0.894505,0,0,0,2.516836,1.247991,155.0023,0.040417,0.027293,0.99881,3.47505,1.895065,178.6823,可移动汽车模型 (2),0,0,0.5,0.5,0.5,0.5,1,1,Valid,#NAME?
06:35.4,2838,34.7933,2.549965,1.239368,155.1717,344.5101,5.21241,0.901683,0,0,0,2.549934,1.24806,155.1832,0.037978,0.027428,0.998902,3.481025,1.920516,179.6731,可移动汽车模型 (2),0,0,0.5,0.5,0.5,0.5,1,1,Valid,#NAME?
06:35.4,2839,34.8189,2.58313,1.239371,155.3524,344.5087,5.17519,0.910358,0,0,0,2.583092,1.248063,155.3639,0.03472,0.026309,0.999051,3.492177,1.936921,181.5223,可移动汽车模型 (2),0,0,0.5,0.5,0.5,0.5,1,1,Valid,#NAME?
06:35.5,2840,34.8449,2.632841,1.239376,155.6233,344.4961,5.139068,0.917296,0,0,0,2.632795,1.24807,155.6348,0.033168,0.025893,0.999114,3.492173,1.918961,181.5216,可移动汽车模型 (2),0,0,0.5,0.5,0.5,0.5,1,1,Valid,#NAME?
06:35.5,2841,34.8778,2.665924,1.239315,155.8038,344.4594,5.121277,0.921855,0,0,0,2.665874,1.248016,155.8153,0.032108,0.025275,0.999165,3.49223,1.898532,181.5308,可移动汽车模型 (2),0,0,0.5,0.5,0.5,0.5,1,1,Valid,#NAME?
06:35.5,2842,34.8966,2.698874,1.239394,155.9842,344.4226,5.080503,0.952618,0,0,0,2.698811,1.248102,155.9957,0.030509,0.024849,0.999226,3.495619,1.897088,182.0926,可移动汽车模型 (2),0,0,0.5,0.5,0.5,0.5,1,1,Valid,#NAME?
06:35.5,2843,34.9238,2.747993,1.239441,156.2548,344.4246,4.990015,0.956986,0,0,0,2.747913,1.248149,156.2663,0.027649,0.023674,0.999337,3.504864,1.896279,183.6257,可移动汽车模型 (2),0,0,0.5,0.5,0.5,0.5,1,1,Valid,#NAME?
06:35.6,2844,34.9498,2.780426,1.239401,156.4349,344.4086,4.907619,0.947124,0,0,0,2.780329,1.248113,156.4464,0.025195,0.023866,0.999398,4.03165,2.433474,206.0829,Cube,0,0,0.5,0.5,0.5,0.5,1,1,Valid,#NAME?
06:35.6,2845,34.9737,2.812599,1.239448,156.615,344.3994,4.802005,0.935652,0,0,0,2.812483,1.248161,156.6265,0.022506,0.023954,0.99946,3.926149,2.433462,206.0829,Cube,0,0,0.5,0.5,0.5,0.5,1,1,Valid,#NAME?
06:35.6,2846,34.9985,2.844404,1.23949,156.7951,344.3787,4.650021,0.926705,0,0,0,2.844259,1.248208,156.8065,0.017876,0.024446,0.999541,3.725505,2.453353,206.0829,Cube,0,0,0.5,0.5,0.5,0.5,1,1,Valid,#NAME?
06:35.7,2847,35.0297,2.891447,1.239582,157.0651,344.3288,4.420783,0.92829,0,0,0,2.891254,1.24831,157.0766,0.012544,0.025454,0.999597,3.506217,2.496212,206.0829,Cube,0,0,0.5,0.5,0.5,0.5,1,1,Valid,#NAME?
06:35.7,2848,35.0487,2.922319,1.239636,157.2455,344.2547,4.149252,0.916427,0,0,0,2.922071,1.248379,157.257,0.006959,0.026645,0.999621,3.261961,2.549842,206.0829,Cube,0,0,0.5,0.5,0.5,0.5,1,1,Valid,#NAME?
06:35.7,2849,35.0746,2.95293,1.2397,157.4273,344.2155,3.853058,0.911668,0,0,0,2.952625,1.24845,157.4388,0.000619,0.027401,0.999624,2.982733,2.581867,206.0829,Cube,0,0,0.5,0.5,0.5,0.5,1,1,Valid,#NAME?
06:35.7,2850,35.1,2.998039,1.239716,157.7,344.167,3.438721,0.890515,0,0,0,2.997652,1.248477,157.7114,-0.007463,0.028648,0.999562,2.636513,2.634808,206.0829,Cube,0,0,0.5,0.5,0.5,0.5,1,1,Valid,#NAME?
06:35.7,2851,35.1253,3.027445,1.239777,157.8817,344.1433,3.142759,0.852359,0,0,0,3.027002,1.248543,157.8932,-0.013775,0.029663,0.999465,2.362826,2.678774,206.0829,Cube,0,0,0.5,0.5,0.5,0.5,1,1,Valid,#NAME?
06:35.8,2852,35.1508,3.056278,1.239822,158.0633,344.1276,2.840825,0.707196,0,0,0,3.055788,1.248593,158.0747,-0.019972,0.030213,0.999344,2.096351,2.70004,206.0829,Cube,0,0,0.5,0.5,0.5,0.5,1,1,Valid,#NAME?
06:35.8,2853,35.1811,3.0986,1.239871,158.3358,344.0459,2.425472,0.660876,0,0,0,3.098031,1.248659,158.3472,-0.027444,0.031663,0.999122,1.78682,2.761421,206.0829,Cube,0,0,0.5,0.5,0.5,0.5,1,1,Valid,#NAME?
06:35.8,2854,35.1982,3.112175,1.239952,158.4264,343.9756,2.055751,0.718133,0,0,0,3.111526,1.248753,158.4378,-0.034036,0.033185,0.99887,1.48803,2.831648,206.0829,Cube,0,0,0.5,0.5,0.5,0.5,1,1,Valid,#NAME?
06:35.8,2855,35.2247,3.152524,1.240018,158.6986,343.9359,1.503078,0.713709,0,0,0,3.151766,1.248827,158.71,-0.064854,0.043224,0.996958,0.070078,3.302708,206.0829,Cube,0,0,0.5,0.5,0.5,0.5,1,1,Valid,#NAME?
06:35.9,2856,35.2494,3.178479,1.240118,158.8804,343.9007,1.050985,0.670498,0,0,0,3.177635,1.248935,158.8918,-0.10956,0.061355,0.992085,-2.0339,4.167469,206.0829,Cube,0,0,0.5,0.5,0.5,0.5,1,1,Valid,#NAME?
06:35.9,2857,35.2747,3.203844,1.240137,159.0634,343.8865,0.620306,0.657667,0,0,0,3.202915,1.248957,159.0748,-0.128007,0.064897,0.989648,-2.877424,4.331542,206.0829,Cube,0,0,0.5,0.5,0.5,0.5,1,1,Valid,#NAME?
06:35.9,2858,35.3004,3.240795,1.240105,159.3381,343.8941,0.070993,0.631861,0,0,0,3.239759,1.248924,159.3494,-0.137856,0.064858,0.988327,-3.278824,4.315766,206.0829,Cube,0,0,0.5,0.5,0.5,0.5,1,1,Valid,#NAME?
06:35.9,2859,35.3262,3.264294,1.240089,159.521,343.9094,359.5787,0.652149,0,0,0,3.263159,1.248905,159.5323,-0.140578,0.062446,0.988098,-3.359656,4.19083,206.0829,Cube,0,0,0.5,0.5,0.5,0.5,1,1,Valid,#NAME?
06:36.0,2860,35.3588,3.298162,1.240066,159.7954,343.9255,358.9164,0.673466,0,0,0,3.296894,1.248878,159.8068,-0.1467,0.060913,0.987304,-3.579099,4.103935,206.0829,Cube,0,0,0.5,0.5,0.5,0.5,1,1,Valid,#NAME?
06:36.0,2861,35.3788,3.319457,1.240024,159.9782,343.943,358.3082,0.711982,0,0,0,3.318065,1.248832,159.9896,-0.153974,0.05992,0.986256,-3.878009,4.049251,206.0829,Cube,0,0,0.5,0.5,0.5,0.5,1,1,Valid,#NAME?
06:36.0,2862,35.3911,3.329872,1.240016,160.0697,343.9472,358.0576,0.672412,0,0,0,3.328435,1.248825,160.081,-0.16386,0.058838,0.984728,-4.326329,3.997466,206.0829,Cube,0,0,0.5,0.5,0.5,0.5,1,1,Valid,#NAME?
06:36.0,2863,35.411,3.339956,1.240037,160.161,343.9705,357.7853,0.674165,0,0,0,3.338464,1.24884,160.1723,-0.186352,0.05283,0.981062,-5.118792,3.646464,204.6962,Arch,0,0,0.5,0.5,0.5,0.5,1,1,Valid,#NAME?
06:36.1,2864,35.4314,3.359825,1.240061,160.3447,343.9702,357.3394,0.679754,0,0,0,3.358244,1.248864,160.356,-0.197153,0.048824,0.979156,-5.193681,3.366703,202.829,Arch,0,0,0.5,0.5,0.5,0.5,1,1,Valid,#NAME?
06:36.1,2865,35.4528,3.378592,1.240098,160.5282,343.933,356.8158,0.706151,0,0,0,3.376906,1.248909,160.5395,-0.208406,0.047504,0.976888,-5.23511,3.211939,200.9078,Arch,0,0,0.5,0.5,0.5,0.5,1,1,Valid,#NAME?
06:36.1,2866,35.4784,3.405377,1.240128,160.8036,343.9406,356.242,0.724349,0,0,0,3.403577,1.248936,160.8149,-0.219272,0.042984,0.974717,-5.303668,2.95583,199.5208,Arch,0,0,0.5,0.5,0.5,0.5,1,1,Valid,#NAME?
06:36.1,2867,35.5066,3.422138,1.240041,160.9875,343.9657,355.9325,0.733677,0,0,0,3.420275,1.248845,160.9988,-0.223947,0.040493,0.97376,-5.336756,2.832229,199.0758,Arch,0,0,0.5,0.5,0.5,0.5,1,1,Valid,#NAME?
06:36.1,2868,35.5203,3.430143,1.240013,161.0799,343.9533,355.7586,0.754862,0,0,0,3.428245,1.248818,161.0912,-0.226358,0.041466,0.973161,-5.331086,2.853407,198.7494,Arch,0,0,0.5,0.5,0.5,0.5,1,1,Valid,#NAME?
06:36.2,2869,35.5303,3.437984,1.240047,161.1725,343.9723,355.5907,0.780117,0,0,0,3.43605,1.248847,161.1837,-0.229109,0.041073,0.972534,-5.339473,2.822079,198.4345,Arch,0,0,0.5,0.5,0.5,0.5,1,1,Valid,#NAME?
06:36.2,2870,35.5532,3.4529,1.240051,161.3574,343.9215,355.2594,0.814077,0,0,0,3.450898,1.248862,161.3687,-0.233571,0.043988,0.971344,-5.318512,2.900378,197.8378,Arch,0,0,0.5,0.5,0.5,0.5,1,1,Valid,#NAME?
06:36.2,2871,35.5718,3.466818,1.240054,161.5424,343.8893,354.9665,0.823461,0,0,0,3.464758,1.24887,161.5536,-0.238337,0.045033,0.970138,-5.316461,2.908042,197.2971,Arch,0,0,0.5,0.5,0.5,0.5,1,1,Valid,#NAME?
06:36.2,2872,35.5819,3.473468,1.240089,161.6349,343.9029,354.8401,0.834995,0,0,0,3.471382,1.248903,161.6461,-0.239606,0.045361,0.96981,-5.31531,2.91234,197.2105,Arch,0,0,0.5,0.5,0.5,0.5,1,1,Valid,#NAME?
06:36.2,2873,35.6023,3.486046,1.240123,161.8197,343.8813,354.6586,0.821708,0,0,0,3.483926,1.248941,161.8309,-0.242058,0.046493,0.969147,-5.30851,2.937745,197.034,Arch,0,0,0.5,0.5,0.5,0.5,1,1,Valid,#NAME?
06:36.2,2874,35.6235,3.497703,1.240207,162.0045,343.8429,354.4886,0.793489,0,0,0,3.495552,1.249033,162.0157,-0.244273,0.047904,0.968523,-5.298889,2.973684,196.8848,Arch,0,0,0.5,0.5,0.5,0.5,1,1,Valid,#NAME?
06:36.3,2875,35.6441,3.503317,1.240298,162.0967,343.7661,354.5383,0.76795,0,0,0,3.50118,1.249141,162.1079,-0.242974,0.050037,0.968741,-5.276637,3.05681,197.1052,Arch,0,0,0.5,0.5,0.5,0.5,1,1,Valid,#NAME?
06:36.3,2876,35.6703,3.517976,1.240368,162.374,343.6807,354.2574,0.735641,0,0,0,3.515788,1.249228,162.3852,-0.247083,0.053319,0.967526,-5.253916,3.141686,196.7256,Arch,0,0,0.5,0.5,0.5,0.5,1,1,Valid,#NAME?
06:36.3,2877,35.6797,3.522391,1.240454,162.4664,343.6582,354.2067,0.770181,0,0,0,3.520192,1.249317,162.4776,-0.20709,0.0566,0.976683,-5.127775,3.612906,203.2633,Arch,0,0,0.5,0.5,0.5,0.5,1,1,Valid,#NAME?
06:36.3,2878,35.6906,3.526719,1.240553,162.5587,343.6224,354.2425,0.714438,0,0,0,3.524532,1.249425,162.5699,-0.124696,0.05425,0.990711,-1.952222,3.632137,206.0829,Cube,0,0,0.5,0.5,0.5,0.5,1,1,Valid,#NAME?
06:36.3,2879,35.7114,3.534707,1.240659,162.7435,343.5585,354.3216,0.623689,0,0,0,3.532545,1.249544,162.7546,-0.103568,0.04444,0.993629,-0.983671,3.18742,206.0829,Cube,0,0,0.5,0.5,0.5,0.5,1,1,Valid,#NAME?
06:36.4,2880,35.7312,3.538761,1.240767,162.8358,343.4986,354.5732,0.593379,0,0,0,3.536652,1.249665,162.8469,-0.094194,0.038419,0.994812,-0.557174,2.919398,206.0829,Cube,0,0,0.5,0.5,0.5,0.5,1,1,Valid,#NAME?
06:36.4,2881,35.7532,3.545622,1.240864,163.0206,343.4341,354.6267,0.576789,0,0,0,3.543525,1.249775,163.0317,-0.101866,0.03348,0.994235,-0.867366,2.699491,206.0829,Cube,0,0,0.5,0.5,0.5,0.5,1,1,Valid,#NAME?
06:36.4,2882,35.7738,3.551794,1.240974,163.2055,343.3819,354.663,0.547337,0,0,0,3.549707,1.249897,163.2166,-0.084461,0.029553,0.995989,-0.085404,2.521846,206.0829,Cube,0,0,0.5,0.5,0.5,0.5,1,1,Valid,#NAME?
06:36.4,2883,35.7843,3.554655,1.241033,163.2979,343.3347,354.7004,0.587834,0,0,0,3.552572,1.249963,163.3091,-0.079968,0.02797,0.996405,0.119678,2.450686,206.0829,Cube,0,0,0.5,0.5,0.5,0.5,1,1,Valid,#NAME?
06:36.4,2884,35.8047,3.55993,1.241119,163.4829,343.2647,354.7425,0.517269,0,0,0,3.557863,1.250064,163.494,-0.086553,0.029242,0.995818,-0.143792,2.500665,206.0829,Cube,0,0,0.5,0.5,0.5,0.5,1,1,Valid,#NAME?
06:36.5,2885,35.8318,3.564527,1.241236,163.668,343.213,354.7756,0.469007,0,0,0,3.562471,1.250192,163.6791,-0.103789,0.033133,0.994047,-0.864943,2.663575,206.0829,Cube,0,0,0.5,0.5,0.5,0.5,1,1,Valid,#NAME?
06:36.5,2886,35.8468,3.568652,1.241192,163.8531,343.1405,354.872,0.418794,0,0,0,3.566622,1.250164,163.8643,-0.106139,0.034676,0.993747,-0.942633,2.723349,206.0829,Cube,0,0,0.5,0.5,0.5,0.5,1,1,Valid,#NAME?
06:36.5,2887,35.8589,3.570451,1.241269,163.9458,343.1312,354.8884,0.447287,0,0,0,3.568421,1.250242,163.9569,-0.105727,0.03483,0.993785,-0.913287,2.726663,206.0829,Cube,0,0,0.5,0.5,0.5,0.5,1,1,Valid,#NAME?
06:36.5,2888,35.8803,3.574034,1.241365,164.1311,343.0673,355.139,0.336629,0,0,0,3.572063,1.250352,164.1422,-0.104552,0.036848,0.993837,-0.840112,2.80535,206.0829,Cube,0,0,0.5,0.5,0.5,0.5,1,1,Valid,#NAME?
06:36.5,2889,35.908,3.57703,1.241385,164.3166,343.0239,355.3273,0.256461,0,0,0,3.575105,1.250382,164.3277,-0.103246,0.037414,0.993952,-0.762206,2.822135,206.0829,Cube,0,0,0.5,0.5,0.5,0.5,1,1,Valid,#NAME?
06:36.6,2890,35.9291,3.579337,1.241344,164.5022,343.0299,355.3541,0.222314,0,0,0,3.57742,1.250341,164.5133,-0.105431,0.037133,0.993733,-0.832956,2.803678,206.0829,Cube,0,0,0.5,0.5,0.5,0.5,1,1,Valid,#NAME?
06:36.6,2891,35.9516,3.581274,1.241345,164.6878,343.046,355.4603,0.116437,0,0,0,3.579387,1.25034,164.6989,-0.104808,0.036761,0.993813,-0.784998,2.781126,206.0829,Cube,0,0,0.5,0.5,0.5,0.5,1,1,Valid,#NAME?
06:36.6,2892,35.9633,3.582113,1.241285,164.7807,343.0552,355.511,0.124347,0,0,0,3.580235,1.250278,164.7918,-0.104622,0.036519,0.993841,-0.766498,2.76754,206.0829,Cube,0,0,0.5,0.5,0.5,0.5,1,1,Valid,#NAME?
06:36.6,2893,35.9788,3.583529,1.241294,164.9666,343.0738,355.4456,0.094279,0,0,0,3.581641,1.250284,164.9777,-0.107471,0.035591,0.993571,-0.864586,2.722743,206.0829,Cube,0,0,0.5,0.5,0.5,0.5,1,1,Valid,#NAME?
06:36.6,2894,35.9876,3.583683,1.24127,164.9665,343.0816,355.5478,0.077085,0,0,0,3.581816,1.250259,164.9776,-0.105919,0.034346,0.993781,-0.799277,2.670902,206.0829,Cube,0,0,0.5,0.5,0.5,0.5,1,1,Valid,#NAME?
06:36.6,2895,35.9984,3.584591,1.241205,165.0595,343.1141,355.5505,0.051225,0,0,0,3.582727,1.250188,165.0707,-0.105991,0.033791,0.993793,-0.791343,2.644687,206.0829,Cube,0,0,0.5,0.5,0.5,0.5,1,1,Valid,#NAME?
06:36.6,2896,36.0174,3.586664,1.241164,165.2457,343.1392,355.5429,0.029574,0,0,0,3.584801,1.250143,165.2568,-0.112123,0.024964,0.993381,-1.023263,2.276108,206.0829,Cube,0,0,0.5,0.5,0.5,0.5,1,1,Valid,#NAME?
06:36.7,2897,36.0372,3.589379,1.241107,165.432,343.177,355.5948,359.9792,0,0,0,3.587529,1.250079,165.4432,-0.110671,0.026958,0.993491,-0.93958,2.352843,206.0829,Cube,0,0,0.5,0.5,0.5,0.5,1,0.932892,Valid,#NAME?
06:36.7,2898,36.0596,3.592629,1.241059,165.6186,343.2097,355.6664,359.9272,0,0,0,3.590797,1.250026,165.6297,-0.097712,0.026691,0.994857,-0.382413,2.335365,206.0829,Cube,0,0,0.5,0.5,0.5,0.5,1,0.957051,Valid,#NAME?
06:36.7,2899,36.0814,3.59641,1.241095,165.8052,343.2022,355.7452,359.915,0,0,0,3.594595,1.250062,165.8164,-0.091919,0.014313,0.995664,-0.122802,1.828899,206.0829,Cube,0,0,0.5,0.5,0.5,0.5,1,0.957051,Valid,#NAME?
06:36.7,2900,36.1038,3.600847,1.241068,165.992,343.2132,355.8439,359.9085,0,0,0,3.599051,1.250034,166.0032,-0.094154,0.01324,0.99547,-0.191809,1.783116,206.0829,Cube,0,0,0.5,0.5,0.5,0.5,1,0.957051,Valid,#NAME?
06:36.7,2901,36.115,3.603301,1.241036,166.0854,343.2129,355.9065,359.899,0,0,0,3.601519,1.250002,166.0966,-0.092022,0.01256,0.995678,-0.094088,1.754424,206.0829,Cube,0,0,0.5,0.5,0.5,0.5,1,0.965641,Valid,#NAME?
06:36.8,2902,36.1326,3.605967,1.241023,166.1789,343.224,355.9896,359.8849,0,0,0,3.604202,1.249987,166.1901,-0.095741,0.01291,0.995323,-0.233109,1.767413,206.0829,Cube,0,0,0.5,0.5,0.5,0.5,1,0.965641,Valid,#NAME?
06:36.8,2903,36.1625,3.615116,1.240942,166.4595,343.258,356.29,359.8647,0,0,0,3.613412,1.2499,166.4707,-0.094307,0.014985,0.99543,-0.139437,1.84622,206.0829,Cube,0,0,0.5,0.5,0.5,0.5,1,0.985926,Valid,#NAME?
06:36.8,2904,36.1758,3.618526,1.240918,166.5531,343.2685,356.3733,359.8899,0,0,0,3.616836,1.249873,166.5643,-0.095218,0.016473,0.99532,-0.163747,1.903916,206.0829,Cube,0,0,0.5,0.5,0.5,0.5,1,0.994236,Valid,#NAME?
06:36.8,2905,36.1947,3.625887,1.240892,166.7403,343.2833,356.5752,359.8769,0,0,0,3.624236,1.249846,166.7515,-0.092805,0.016807,0.995542,-0.042279,1.91383,206.0829,Cube,0,0,0.5,0.5,0.5,0.5,1,0.995388,Valid,#NAME?
06:36.8,2906,36.2056,3.62991,1.240842,166.8339,343.3157,356.6845,359.8869,0,0,0,3.628279,1.249788,166.8451,-0.092522,0.017299,0.99556,-0.018283,1.931591,206.0829,Cube,0,0,0.5,0.5,0.5,0.5,1,0.995388,Valid,#NAME?
06:36.8,2907,36.2265,3.638491,1.240825,167.0212,343.3208,356.9135,359.873,0,0,0,3.636907,1.249771,167.0324,-0.089574,0.017513,0.995826,0.124332,1.936542,206.0829,Cube,0,0,0.5,0.5,0.5,0.5,1,0.997639,Valid,#NAME?
06:36.9,2908,36.248,3.647937,1.240825,167.2085,343.3418,357.1854,359.8734,0,0,0,3.646405,1.249766,167.2197,-0.085634,0.017732,0.996169,0.3056,1.941521,206.0829,Cube,0,0,0.5,0.5,0.5,0.5,1,0.999033,Valid,#NAME?
06:36.9,2909,36.2696,3.658198,1.240798,167.3959,343.3639,357.4637,359.8806,0,0,0,3.656721,1.249735,167.4071,-0.08149,0.017521,0.99652,0.49402,1.929749,206.0829,Cube,0,0,0.5,0.5,0.5,0.5,1,0.999381,Valid,#NAME?
06:36.9,2910,36.2985,3.669105,1.240798,167.5832,343.3786,357.7595,359.9168,0,0,0,3.667682,1.249731,167.5945,-0.075873,0.017575,0.996963,0.73853,1.928224,206.0829,Cube,0,0,0.5,0.5,0.5,0.5,1,0.999746,Valid,#NAME?
06:36.9,2911,36.3134,3.680166,1.240748,167.7621,343.3789,358.0454,359.9489,0,0,0,3.678796,1.249681,167.7733,-0.070765,0.017746,0.997335,0.960554,1.931333,206.0829,Cube,0,0,0.5,0.5,0.5,0.5,1,0.999746,Valid,#NAME?
06:36.9,2912,36.3256,3.685884,1.240779,167.8515,343.3869,358.1963,359.96,0,0,0,3.684544,1.249711,167.8627,-0.06812,0.017748,0.997519,1.074501,1.929735,206.0829,Cube,0,0,0.5,0.5,0.5,0.5,1,0.999896,Valid,#NAME?
06:37.0,2913,36.3473,3.697737,1.240764,168.0302,343.3583,358.5158,359.9847,0,0,0,3.696456,1.2497,168.0414,-0.063124,0.019788,0.99781,1.289858,2.004132,206.0829,Cube,0,0,0.5,0.5,0.5,0.5,1,0.999896,Valid,#NAME?
06:37.0,2914,36.3681,3.710043,1.240766,168.2089,343.357,358.8194,0.006406,0,0,0,3.708819,1.249702,168.2201,-0.058837,0.021807,0.998029,1.476685,2.077004,206.0829,Cube,0,0,0.5,0.5,0.5,0.5,1,0.999957,Valid,#NAME?
06:37.0,2915,36.3895,3.722751,1.240764,168.3874,343.3342,359.1277,0.010623,0,0,0,3.721588,1.249704,168.3987,-0.053638,0.021037,0.998339,1.696924,2.043773,206.0829,Cube,0,0,0.5,0.5,0.5,0.5,1,0.999978,Valid,#NAME?
06:37.0,2916,36.4104,3.729009,1.240806,168.4726,343.3227,359.2607,0.014369,0,0,0,3.727871,1.249748,168.4838,-0.052552,0.022652,0.998361,1.748732,2.102839,206.0829,Cube,0,0,0.5,0.5,0.5,0.5,1,0.999986,Valid,#NAME?
06:37.0,2917,36.4223,3.74178,1.240851,168.643,343.316,359.5506,0.012884,0,0,0,3.7407,1.249795,168.6543,-0.048342,0.023501,0.998554,1.928693,2.130692,206.0829,Cube,0,0,0.5,0.5,0.5,0.5,1,0.999986,Valid,#NAME?
06:37.1,2918,36.4575,3.761742,1.240905,168.8983,343.2828,359.9419,0.008896,0,0,0,3.760739,1.249856,168.9096,-0.044261,0.02637,0.998672,2.113221,2.231409,206.0829,Cube,0,0,0.5,0.5,0.5,0.5,1,0.999993,Valid,#NAME?
06:37.1,2919,36.4737,3.768645,1.240938,168.9833,343.2487,0.054447,0.007734,0,0,0,3.767665,1.249895,168.9946,-0.044092,0.028514,0.998621,2.130102,2.308902,206.0829,Cube,0,0,0.5,0.5,0.5,0.5,1,0.999996,Valid,#NAME?
06:37.1,2920,36.4857,3.775616,1.240971,169.0683,343.2023,0.172251,-0.005153,0,0,0,3.774659,1.249938,169.0796,-0.043569,0.030883,0.998573,2.160171,2.394337,206.0829,Cube,0,0,0.5,0.5,0.5,0.5,1,0.999996,Valid,#NAME?
06:37.1,2921,36.5076,3.789505,1.241047,169.2344,343.1849,0.414946,0.006816,0,0,0,3.788595,1.250017,169.2457,-0.040089,0.031732,0.998692,2.309909,2.420474,206.0829,Cube,0,0,0.5,0.5,0.5,0.5,1,0.999999,Valid,#NAME?
06:37.2,2922,36.5288,3.803451,1.241112,169.3965,343.1588,0.649125,0.000774,0,0,0,3.802588,1.250087,169.4078,-0.039414,0.03464,0.998622,2.355079,2.52226,206.0829,Cube,0,0,0.5,0.5,0.5,0.5,1,0.999999,Valid,#NAME?
06:37.2,2923,36.5504,3.817733,1.241094,169.5585,343.1401,0.87133,0.011716,0,0,0,3.816912,1.250072,169.5697,-0.038041,0.036148,0.998622,2.42598,2.571786,206.0829,Cube,0,0,0.5,0.5,0.5,0.5,1,1,Valid,#NAME?
06:37.2,2924,36.5719,3.832307,1.241119,169.7202,343.1545,1.074686,0.013741,0,0,0,3.831526,1.250094,169.7315,-0.035425,0.036415,0.998709,2.542121,2.575526,206.0829,Cube,0,0,0.5,0.5,0.5,0.5,1,1,Valid,#NAME?
06:37.2,2925,36.5927,3.847185,1.241136,169.8819,343.1449,1.276678,-0.002533,0,0,0,3.846445,1.250113,169.8932,-0.035514,0.038188,0.998639,2.559433,2.634016,206.0829,Cube,0,0,0.5,0.5,0.5,0.5,1,1,Valid,#NAME?
06:37.2,2926,36.6085,3.853199,1.240866,169.9586,343.1477,1.351227,0.039454,0,0,0,3.85247,1.249842,169.9698,-0.035412,0.03882,0.998619,2.571874,2.653699,206.0829,Cube,0,0,0.5,0.5,0.5,0.5,1,1,Valid,#NAME?
06:37.2,2927,36.616,3.855538,1.238539,170.0338,343.124,1.328378,0.13029,0,0,0,3.854796,1.247519,170.0451,-0.03541,0.039144,0.998606,2.576909,2.660149,206.0829,Cube,0,0,0.5,0.5,0.5,0.5,1,1,Valid,#NAME?
06:37.3,2928,36.6277,3.857182,1.23575,170.1087,343.186,1.29275,0.223754,0,0,0,3.856424,1.244716,170.1199,-0.036515,0.038408,0.998595,2.541402,2.627912,206.0829,Cube,0,0,0.5,0.5,0.5,0.5,1,1,Valid,#NAME?
06:37.3,2929,36.6483,3.86086,1.230403,170.257,343.28,1.2013,0.403453,0,0,0,3.860067,1.239347,170.2683,-0.038839,0.037075,0.998557,2.467043,2.569083,206.0829,Cube,0,0,0.5,0.5,0.5,0.5,1,1,Valid,#NAME?
06:37.3,2930,36.6748,3.865222,1.22615,170.4036,343.3483,1.08916,0.511317,0,0,0,3.864398,1.235079,170.4149,-0.025657,0.038446,0.998931,2.948271,2.60785,206.0829,Cube,0,0,0.5,0.5,0.5,0.5,1,1,Valid,#NAME?
06:37.3,2931,36.6945,3.870052,1.223057,170.549,343.4128,0.982547,0.609709,0,0,0,3.869199,1.231972,170.5603,-0.012023,0.035632,0.999293,3.441821,2.498608,206.0829,Cube,0,0,0.5,0.5,0.5,0.5,1,1,Valid,#NAME?
06:37.3,2932,36.7134,3.875403,1.221191,170.6938,343.4632,0.852639,0.674447,0,0,0,3.874518,1.230095,170.7052,-0.010027,0.031157,0.999464,3.519587,2.332959,206.0829,Cube,0,0,0.5,0.5,0.5,0.5,1,1,Valid,#NAME?
06:37.4,2933,36.7329,3.878249,1.220765,170.7661,343.4623,0.78055,0.684008,0,0,0,3.877349,1.229669,170.7774,-0.012638,0.030343,0.99946,3.430928,2.301514,206.0829,Cube,0,0,0.5,0.5,0.5,0.5,1,1,Valid,#NAME?
06:37.4,2934,36.7427,3.88118,1.220587,170.8384,343.4613,0.706193,0.691087,0,0,0,3.880264,1.22949,170.8497,-0.013903,0.030357,0.999442,3.390138,2.299662,206.0829,Cube,0,0,0.5,0.5,0.5,0.5,1,1,Valid,#NAME?
06:37.4,2935,36.7592,3.887219,1.221173,170.9831,343.4838,0.568766,0.682274,0,0,0,3.886278,1.230072,170.9944,-0.015513,0.029479,0.999445,3.341664,2.265024,206.0829,Cube,0,0,0.5,0.5,0.5,0.5,1,1,Valid,#NAME?
06:37.4,2936,36.7715,3.890363,1.221789,171.0554,343.5,0.491701,0.66562,0,0,0,3.889407,1.230686,171.0667,-0.017367,0.02938,0.999418,3.280927,2.260064,206.0829,Cube,0,0,0.5,0.5,0.5,0.5,1,1,Valid,#NAME?
06:37.4,2937,36.7828,3.893461,1.222655,171.1278,343.5027,0.420828,0.646063,0,0,0,3.892493,1.231551,171.1391,-0.016374,0.028739,0.999453,3.320006,2.23634,206.0829,Cube,0,0,0.5,0.5,0.5,0.5,1,1,Valid,#NAME?
06:37.4,2938,36.8022,3.899503,1.22482,171.2731,343.5058,0.246714,0.61057,0,0,0,3.898503,1.233716,171.2844,-0.022336,0.028884,0.999333,3.120722,2.239508,206.0829,Cube,0,0,0.5,0.5,0.5,0.5,1,1,Valid,#NAME?
06:37.4,2939,36.8222,3.902334,1.225932,171.3458,343.4787,0.169157,0.595297,0,0,0,3.901322,1.234834,171.3571,-0.024467,0.028949,0.999281,3.051075,2.240823,206.0829,Cube,0,0,0.5,0.5,0.5,0.5,1,1,Valid,#NAME?
06:37.5,2940,36.8326,3.90506,1.227091,171.4188,343.4505,0.067435,0.573847,0,0,0,3.904029,1.235999,171.4301,-0.028516,0.027815,0.999206,2.915079,2.20062,206.0829,Cube,0,0,0.5,0.5,0.5,0.5,1,1,Valid,#NAME?
06:37.5,2941,36.8578,3.912274,1.230586,171.6386,343.3891,359.7553,0.499764,0,0,0,3.911189,1.239508,171.6499,-0.033627,0.026268,0.999089,2.752253,2.144836,206.0829,Cube,0,0,0.5,0.5,0.5,0.5,1,1,Valid,#NAME?
06:37.5,2942,36.881,3.916205,1.232741,171.7861,343.3321,359.5067,0.45588,0,0,0,3.915075,1.241674,171.7974,-0.038025,0.026328,0.99893,2.609981,2.14532,206.0829,Cube,0,0,0.5,0.5,0.5,0.5,1,1,Valid,#NAME?
06:37.5,2943,36.899,3.917895,1.233728,171.8601,343.3116,359.3666,0.443182,0,0,0,3.916739,1.242665,171.8713,-0.040883,0.026201,0.99882,2.516427,2.140117,206.0829,Cube,0,0,0.5,0.5,0.5,0.5,1,1,Valid,#NAME?
06:37.5,2944,36.924,3.921674,1.236203,172.0834,343.2486,358.938,0.359453,0,0,0,3.920442,1.245154,172.0946,-0.049412,0.026999,0.998414,2.238357,2.164247,206.0829,Cube,0,0,0.5,0.5,0.5,0.5,1,1,Valid,#NAME?
06:37.6,2945,36.9371,3.922549,1.236882,172.1547,343.2329,358.7806,0.329587,0,0,0,3.921288,1.245837,172.1659,-0.051987,0.026953,0.998284,2.155016,2.161586,206.0829,Cube,0,0,0.5,0.5,0.5,0.5,1,1,Valid,#NAME?
06:37.6,2946,36.9482,3.923312,1.237503,172.2259,343.205,358.6313,0.295202,0,0,0,3.922026,1.246464,172.2371,-0.05496,0.02685,0.998128,2.058383,2.156944,206.0829,Cube,0,0,0.5,0.5,0.5,0.5,1,1,Valid,#NAME?
06:37.6,2947,36.9677,3.924535,1.238578,172.3685,343.1384,358.3504,0.22642,0,0,0,3.923201,1.247553,172.3797,-0.058764,0.028115,0.997876,1.938443,2.197141,206.0829,Cube,0,0,0.5,0.5,0.5,0.5,1,1,Valid,#NAME?
06:37.6,2948,36.9868,3.925098,1.239058,172.4397,343.0727,358.2158,0.189052,0,0,0,3.923741,1.248047,172.4509,-0.061389,0.028813,0.997698,1.854348,2.219335,206.0829,Cube,0,0,0.5,0.5,0.5,0.5,1,1,Valid,#NAME?
06:37.6,2949,37.0064,3.925842,1.239806,172.5826,342.9923,357.9611,0.124391,0,0,0,3.924441,1.248811,172.5938,-0.066168,0.029519,0.997372,1.702706,2.239998,206.0829,Cube,0,0,0.5,0.5,0.5,0.5,1,1,Valid,#NAME?
06:37.6,2950,37.0251,3.926373,1.240423,172.7256,342.9586,357.7208,0.068581,0,0,0,3.924932,1.249436,172.7368,-0.071114,0.030481,0.997002,1.546407,2.26893,206.0829,Cube,0,0,0.5,0.5,0.5,0.5,1,1,Valid,#NAME?
06:37.7,2951,37.0362,3.926509,1.240632,172.7939,342.9409,357.6194,0.042113,0,0,0,3.92505,1.249649,172.805,-0.073001,0.030804,0.996856,1.488066,2.27798,206.0829,Cube,0,0,0.5,0.5,0.5,0.5,1,1,Valid,#NAME?
06:37.7,2952,37.0567,3.926697,1.241026,172.9304,342.9113,357.4033,0.006148,0,0,0,3.925199,1.250049,172.9416,-0.086262,0.033964,0.995693,1.053991,2.380541,206.0829,Cube,0,0,0.5,0.5,0.5,0.5,1,1,Valid,#NAME?
06:37.7,2953,37.0831,3.926615,1.241301,173.0672,342.8827,357.2151,359.9789,0,0,0,3.925083,1.25033,173.0784,-0.093756,0.035748,0.994953,0.815019,2.436173,206.0829,Cube,0,0,0.5,0.5,0.5,0.5,1,1,Valid,#NAME?
06:37.7,2954,37.0963,3.926603,1.24148,173.1355,342.7834,357.1382,359.9697,0,0,0,3.925058,1.250529,173.1467,-0.132443,0.046766,0.990087,-0.480804,2.806237,206.0829,Cube,0,0,0.5,0.5,0.5,0.5,1,1,Valid,#NAME?
06:37.7,2955,37.1083,3.926468,1.24158,173.204,342.721,357.0616,359.9648,0,0,0,3.924909,1.250641,173.2151,-0.155715,0.053269,0.986365,-1.263844,3.025692,206.0829,Cube,0,0,0.5,0.5,0.5,0.5,1,1,Valid,#NAME?
06:37.8,2956,37.1292,3.926184,1.241808,173.3411,342.6608,356.9056,359.9555,0,0,0,3.924596,1.250881,173.3522,-0.167825,0.056283,0.984209,-1.656559,3.122629,206.0829,Cube,0,0,0.5,0.5,0.5,0.5,1,1,Valid,#NAME?
06:37.8,2957,37.1493,3.925674,1.2419,173.4721,342.6202,356.7826,359.95,0,0,0,3.924064,1.250981,173.4832,-0.183942,0.059042,0.981162,-2.187505,3.212696,206.0829,Cube,0,0,0.5,0.5,0.5,0.5,1,1,Valid,#NAME?
06:37.8,2958,37.1695,3.925098,1.241951,173.6032,342.5788,356.6505,359.9364,0,0,0,3.923464,1.25104,173.6143,-0.189365,0.059341,0.980112,-2.349725,3.216844,206.0829,Cube,0,0,0.5,0.5,0.5,0.5,1,1,Valid,#NAME?
06:37.8,2959,37.1886,3.924739,1.241983,173.6687,342.5661,356.6141,359.952,0,0,0,3.923096,1.251075,173.6798,-0.181052,0.054368,0.98197,-2.051273,3.045113,206.0829,Cube,0,0,0.5,0.5,0.5,0.5,1,1,Valid,#NAME?
06:37.8,2960,37.2093,3.923935,1.242037,173.8,342.542,356.4951,359.9653,0,0,0,3.922268,1.251133,173.811,-0.178892,0.050418,0.982576,-1.953309,2.907084,206.0829,Cube,0,0,0.5,0.5,0.5,0.5,1,1,Valid,#NAME?
06:37.8,2961,37.2241,3.922991,1.242032,173.9314,342.5188,356.3802,359.9756,0,0,0,3.921301,1.251132,173.9424,-0.179652,0.048697,0.982524,-1.955496,2.844114,206.0829,Cube,0,0,0.5,0.5,0.5,0.5,1,1,Valid,#NAME?
06:37.9,2962,37.2313,3.923038,1.242061,173.9313,342.492,356.3719,359.9726,0,0,0,3.921347,1.251166,173.9423,-0.178412,0.047491,0.982809,-1.913235,2.804258,206.0829,Cube,0,0,0.5,0.5,0.5,0.5,1,1,Valid,#NAME?
06:37.9,2963,37.2427,3.922489,1.242041,173.994,342.4676,356.3297,359.9786,0,0,0,3.92079,1.251152,174.0051,-0.179109,0.047902,0.982662,-1.926007,2.814864,206.0829,Cube,0,0,0.5,0.5,0.5,0.5,1,1,Valid,#NAME?
06:37.9,2964,37.2626,3.921309,1.242034,174.1195,342.4059,356.2061,359.9872,0,0,0,3.919586,1.251156,174.1305,-0.179112,0.047095,0.982701,-1.9042,2.782428,206.0829,Cube,0,0,0.5,0.5,0.5,0.5,1,1,Valid,#NAME?
06:37.9,2965,37.2818,3.919945,1.242093,174.245,342.3619,356.0845,0.021667,0,0,0,3.918196,1.251223,174.256,-0.181165,0.048343,0.982264,-1.951842,2.817616,206.0829,Cube,0,0,0.5,0.5,0.5,0.5,1,1,Valid,#NAME?
06:37.9,2966,37.3015,3.918369,1.242014,174.3707,342.3097,355.92,0.050348,0,0,0,3.916586,1.251154,174.3817,-0.184644,0.049969,0.981534,-2.046991,2.865029,206.0829,Cube,0,0,0.5,0.5,0.5,0.5,1,1,Valid,#NAME?
06:37.9,2967,37.3214,3.917406,1.242105,174.4334,342.3214,355.7911,0.090816,0,0,0,3.915594,1.251243,174.4444,-0.186976,0.05076,0.981052,-2.114311,2.888235,206.0829,Cube,0,0,0.5,0.5,0.5,0.5,1,1,Valid,#NAME?
06:38.0,2968,37.332,3.916377,1.242076,174.4962,342.3276,355.6323,0.091792,0,0,0,3.914534,1.251212,174.5072,-0.18969,0.050649,0.980537,-2.193939,2.882239,206.0829,Cube,0,0,0.5,0.5,0.5,0.5,1,1,Valid,#NAME?
06:38.0,2969,37.3427,3.915341,1.242117,174.5563,342.348,355.4272,0.098066,0,0,0,3.913459,1.251249,174.5673,-0.223679,0.047509,0.973504,-3.327781,2.789288,206.0829,Cube,0,0,0.5,0.5,0.5,0.5,1,1,Valid,#NAME?
06:38.0,2970,37.3623,3.913105,1.242005,174.6761,342.3775,354.9341,0.134342,0,0,0,3.911123,1.251131,174.6871,-0.257772,0.046105,0.965105,-4.474444,2.750977,206.0829,Cube,0,0,0.5,0.5,0.5,0.5,1,1,Valid,#NAME?
06:38.0,2971,37.3888,3.910516,1.241795,174.7961,342.5059,354.3257,0.14438,0,0,0,3.908415,1.250895,174.8071,-0.358752,0.023009,0.933149,-5.596873,1.860525,199.5313,Arch,0,0,0.5,0.5,0.5,0.5,1,1,Valid,#NAME?
06:38.0,2972,37.4046,3.907818,1.241602,174.916,342.6151,353.8012,0.114355,0,0,0,3.905618,1.250682,174.927,-0.398304,0.020745,0.917019,-5.627213,1.747183,196.8746,Arch,0,0,0.5,0.5,0.5,0.5,1,1,Valid,#NAME?
06:38.0,2973,37.4152,3.906333,1.241494,174.976,342.666,353.4196,0.094358,0,0,0,3.904061,1.250564,174.987,-0.417663,0.012965,0.90851,-5.68051,1.548088,195.8356,Arch,0,0,0.5,0.5,0.5,0.5,1,1,Valid,#NAME?
06:38.0,2974,37.4259,3.904836,1.241366,175.0361,342.7154,353.0647,0.066862,0,0,0,3.902497,1.250426,175.047,-0.423409,0.012288,0.905856,-5.6857,1.528697,195.5604,Arch,0,0,0.5,0.5,0.5,0.5,1,1,Valid,#NAME?
06:38.1,2975,37.447,3.901657,1.241079,175.1505,342.8598,352.2137,0.259532,0,0,0,3.899135,1.250109,175.1615,-0.428936,-0.002842,0.903331,-5.77744,1.185991,195.5402,Arch,0,0,0.5,0.5,0.5,0.5,1,1,Valid,#NAME?
06:38.1,2976,37.4678,3.898387,1.240755,175.265,343.0784,351.4525,0.389814,0,0,0,3.895701,1.249739,175.276,-0.431344,-0.016608,0.902035,-5.860934,0.874087,195.6792,Arch,0,0,0.5,0.5,0.5,0.5,1,1,Valid,#NAME?
06:38.1,2977,37.4888,3.896237,1.240371,175.3223,343.3018,350.7331,0.315359,0,0,0,3.893416,1.249313,175.3332,-0.442464,-0.027177,0.896374,-5.921874,0.646439,195.2177,Arch,0,0,0.5,0.5,0.5,0.5,1,1,Valid,#NAME?
06:38.1,2978,37.5104,3.892889,1.240015,175.4367,343.5658,350.05,0.453015,0,0,0,3.889917,1.248902,175.4477,-0.445199,-0.034798,0.894755,-5.966836,0.478476,195.2577,Arch,0,0,0.5,0.5,0.5,0.5,1,1,Valid,#NAME?
06:38.1,2979,37.5208,3.891213,1.23986,175.494,343.7033,349.7133,0.377691,0,0,0,3.888182,1.248721,175.5049,-0.450808,-0.036739,0.891865,-5.975836,0.444854,195.0196,Arch,0,0,0.5,0.5,0.5,0.5,1,1,Valid,#NAME?
06:38.2,2980,37.5455,3.886701,1.239344,175.6604,343.8863,349.093,0.548472,0,0,0,3.883528,1.248167,175.6713,-0.458413,-0.040872,0.887799,-5.996608,0.367256,194.806,Arch,0,0,0.5,0.5,0.5,0.5,1,1,Valid,#NAME?
06:38.2,2981,37.5607,3.884702,1.239008,175.715,344.0731,348.5181,0.671316,0,0,0,3.881403,1.247791,175.726,-0.461027,-0.045584,0.886215,-6.023048,0.268487,194.7649,Arch,0,0,0.5,0.5,0.5,0.5,1,1,Valid,#NAME?
06:38.2,2982,37.5818,3.881605,1.2387,175.8243,344.2159,348.0964,0.622466,0,0,0,3.878225,1.247456,175.8353,-0.460031,-0.047083,0.886654,-6.032518,0.233111,194.937,Arch,0,0,0.5,0.5,0.5,0.5,1,1,Valid,#NAME?
06:38.2,2983,37.6042,3.878694,1.23852,175.9336,344.3017,347.8557,0.557364,0,0,0,3.875271,1.247259,175.9445,-0.407332,-0.040852,0.912366,-6.026882,0.254164,198.124,Arch,0,0,0.5,0.5,0.5,0.5,1,1,Valid,#NAME?
06:38.2,2984,37.6262,3.875902,1.238408,176.0429,344.3249,347.7388,0.495085,0,0,0,3.872462,1.247144,176.0538,-0.404432,-0.041671,0.913618,-6.03432,0.226381,198.4334,Arch,0,0,0.5,0.5,0.5,0.5,1,1,Valid,#NAME?
06:38.3,2985,37.6469,3.873419,1.238385,176.1471,344.3807,347.7823,0.453126,0,0,0,3.869989,1.24711,176.1581,-0.384788,-0.041963,0.922051,-6.050694,0.165214,199.9306,Arch,0,0,0.5,0.5,0.5,0.5,1,1,Valid,#NAME?
06:38.3,2986,37.6583,3.872173,1.238369,176.1993,344.4131,347.819,0.43382,0,0,0,3.868752,1.247089,176.2103,-0.384289,-0.042461,0.922236,-6.054594,0.150644,200.0248,Arch,0,0,0.5,0.5,0.5,0.5,1,1,Valid,#NAME?
06:38.3,2987,37.68,3.869973,1.238376,176.3036,344.4464,348.1192,0.272023,0,0,0,3.866623,1.247091,176.3146,-0.353344,-0.044551,0.934432,-6.097387,-0.009218,202.6648,Arch,0,0,0.5,0.5,0.5,0.5,1,1,Valid,#NAME?
06:38.3,2988,37.7086,3.86793,1.238399,176.4079,344.4394,348.5539,0.107816,0,0,0,3.864679,1.247119,176.4189,-0.34053,-0.044007,0.939203,-6.106008,-0.041418,203.9187,Arch,0,0,0.5,0.5,0.5,0.5,1,1,Valid,#NAME?
06:38.3,2989,37.7247,3.865964,1.238537,176.5122,344.3881,349.0902,359.9471,0,0,0,3.862832,1.24727,176.5232,-0.333643,-0.042782,0.941728,-6.10312,-0.030633,204.6527,Arch,0,0,0.5,0.5,0.5,0.5,1,1,Valid,#NAME?
06:38.4,2990,37.7371,3.865178,1.238607,176.562,344.3368,349.4734,359.9285,0,0,0,3.862123,1.24735,176.573,-0.32744,-0.041851,0.943945,-6.101925,-0.026167,205.2974,Arch,0,0,0.5,0.5,0.5,0.5,1,1,Valid,#NAME?
06:38.4,2991,37.7595,3.863488,1.238779,176.6615,344.2609,350.1831,359.7072,0,0,0,3.860593,1.24754,176.6726,-0.320071,-0.037745,0.946641,-6.074597,0.07592,206.0569,Arch,0,0,0.5,0.5,0.5,0.5,1,1,Valid,#NAME?
06:38.4,2992,37.7854,3.862159,1.239021,176.7612,344.1429,351.2108,359.4375,0,0,0,3.859491,1.247811,176.7723,-0.306021,-0.033556,0.951433,-5.568064,0.214069,206.0829,Cube,0,0,0.5,0.5,0.5,0.5,1,1,Valid,#NAME?
06:38.4,2993,37.8067,3.860622,1.239169,176.8607,344.0323,352.1805,359.3634,0,0,0,3.858151,1.247982,176.8719,-0.233073,-0.024995,0.972138,-3.145291,0.496934,206.0829,Cube,0,0,0.5,0.5,0.5,0.5,1,1,Valid,#NAME?
06:38.5,2994,37.8285,3.859251,1.239393,176.9602,343.9792,353.286,359.2103,0,0,0,3.857012,1.248219,176.9714,-0.122447,-0.024641,0.992169,0.26427,0.525225,206.0829,Cube,0,0,0.5,0.5,0.5,0.5,1,1,Valid,#NAME?
06:38.5,2995,37.8386,3.858637,1.239406,177.0077,343.9253,353.8493,359.2559,0,0,0,3.856503,1.248241,177.0189,-0.083018,-0.02056,0.996336,1.434791,0.648502,206.0829,Cube,0,0,0.5,0.5,0.5,0.5,1,1,Valid,#NAME?
06:38.5,2996,37.8576,3.856536,1.239482,177.1026,343.8755,354.4341,359.2306,0,0,0,3.85452,1.248328,177.1138,-0.020481,-0.018496,0.999619,3.260979,0.712322,206.0829,Cube,0,0,0.5,0.5,0.5,0.5,1,1,Valid,#NAME?
06:38.5,2997,37.8724,3.857122,1.239646,177.1503,343.8152,355.8422,358.8161,0,0,0,3.855422,1.24851,177.1615,0.023582,-0.017736,0.999565,4.537743,0.735346,206.0829,Cube,0,0,0.5,0.5,0.5,0.5,1,1,Valid,#NAME?
06:38.5,2998,37.8952,3.856338,1.239751,177.2453,343.7033,357.4008,358.6782,0,0,0,3.854958,1.24864,177.2566,0.079324,-0.014747,0.99674,5.884584,0.871316,202.7597,Arch,0,0,0.5,0.5,0.5,0.5,1,1,Valid,#NAME?
06:38.5,2999,37.9179,3.855696,1.2397,177.3402,343.7276,359.1121,358.4269,0,0,0,3.854676,1.248588,177.3515,0.102803,-0.014513,0.994596,5.859353,0.965573,196.7464,Arch,0,0,0.5,0.5,0.5,0.5,1,1,Valid,#NAME?
06:38.6,3000,37.9407,3.854915,1.239663,177.433,343.804,0.664186,358.5049,0,0,0,3.854195,1.248534,177.4444,0.136687,-0.015453,0.990494,5.84382,1.023596,191.8621,Arch,0,0,0.5,0.5,0.5,0.5,1,1,Valid,#NAME?
06:38.6,3001,37.9741,3.853626,1.239445,177.5688,343.904,2.982891,358.0133,0,0,0,3.853413,1.248303,177.5802,0.146534,-0.003746,0.989199,5.796967,1.198622,190.7004,Arch,0,0,0.5,0.5,0.5,0.5,1,1,Valid,#NAME?
06:38.6,3002,37.9946,3.85266,1.239369,177.6593,343.9228,4.510051,358.0531,0,0,0,3.852747,1.248223,177.6707,0.16886,-0.002537,0.985637,5.791485,1.2191,188.9871,Arch,0,0,0.5,0.5,0.5,0.5,1,1,Valid,#NAME?
06:38.6,3003,38.0112,3.850453,1.239325,177.7497,343.9235,5.238105,358.2379,0,0,0,3.850667,1.248175,177.7611,0.172036,0.001202,0.98509,5.780094,1.261661,188.8091,Arch,0,0,0.5,0.5,0.5,0.5,1,1,Valid,#NAME?
06:38.6,3004,38.0199,3.851584,1.239298,177.7498,343.9357,5.970366,358.199,0,0,0,3.851948,1.248147,177.7612,0.173565,0.003232,0.984817,5.774129,1.28394,188.6677,Arch,0,0,0.5,0.5,0.5,0.5,1,1,Valid,#NAME?
06:38.7,3005,38.0403,3.850779,1.239078,177.8382,344.0656,7.638787,357.8211,0,0,0,3.85151,1.247906,177.8496,0.189913,0.002945,0.981797,5.775786,1.27775,187.7976,Arch,0,0,0.5,0.5,0.5,0.5,1,1,Valid,#NAME?
06:38.7,3006,38.0512,3.850165,1.238978,177.8813,344.1292,8.310978,357.9665,0,0,0,3.851018,1.247792,177.8927,0.179109,0.007599,0.9838,5.762099,1.328878,188.3897,Arch,0,0,0.5,0.5,0.5,0.5,1,1,Valid,#NAME?
06:38.7,3007,38.0719,3.848778,1.238741,177.9674,344.2399,9.663712,357.7779,0,0,0,3.849919,1.247536,177.9788,0.181598,0.010741,0.983314,5.753729,1.360143,188.2875,Arch,0,0,0.5,0.5,0.5,0.5,1,1,Valid,#NAME?
06:38.7,3008,38.0949,3.847496,1.23869,178.0535,344.3318,11.08204,357.7174,0,0,0,3.848927,1.247468,178.0649,0.195255,0.016272,0.980618,5.741668,1.405201,187.5707,Arch,0,0,0.5,0.5,0.5,0.5,1,1,Valid,#NAME?
06:38.7,3009,38.1184,3.845959,1.238463,178.1396,344.4536,12.37492,357.7484,0,0,0,3.847647,1.247215,178.151,0.254091,0.018214,0.967009,5.747503,1.383402,185.3813,Arch,0,0,0.5,0.5,0.5,0.5,1,1,Valid,#NAME?
06:38.8,3010,38.1415,3.844308,1.2381,178.2238,344.5657,13.55077,357.8145,0,0,0,3.846226,1.246829,178.2351,0.268309,0.005912,0.963315,5.7727,1.289275,185.1517,Arch,0,0,0.5,0.5,0.5,0.5,1,1,Valid,#NAME?
06:38.8,3011,38.1653,3.842641,1.238018,178.3058,344.6676,14.71958,357.8452,0,0,0,3.84479,1.246726,178.3171,0.269614,-0.003197,0.962963,5.790264,1.223659,185.2657,Arch,0,0,0.5,0.5,0.5,0.5,1,1,Valid,#NAME?
06:38.8,3012,38.1967,3.839121,1.238089,178.4291,344.636,15.82787,357.8947,0,0,0,3.841483,1.246802,178.4403,0.285132,-0.002092,0.958486,5.787892,1.232522,184.9833,Arch,0,0,0.5,0.5,0.5,0.5,1,1,Valid,#NAME?
06:38.8,3013,38.2044,3.838091,1.238054,178.4702,344.5631,16.23645,358.1451,0,0,0,3.840508,1.246779,178.4814,0.273729,0.001838,0.961805,5.780587,1.25981,185.2983,Arch,0,0,0.5,0.5,0.5,0.5,1,1,Valid,#NAME?
06:38.8,3014,38.2167,3.837111,1.238083,178.5112,344.5834,16.76283,358.1133,0,0,0,3.839634,1.246804,178.5224,0.282412,0.001486,0.959292,5.781332,1.257024,185.1179,Arch,0,0,0.5,0.5,0.5,0.5,1,1,Valid,#NAME?
06:38.9,3015,38.2395,3.834615,1.238,178.5915,344.64,17.4578,358.0614,0,0,0,3.837281,1.246711,178.6026,0.287548,-0.00234,0.957763,5.788345,1.230833,185.1012,Arch,0,0,0.5,0.5,0.5,0.5,1,1,Valid,#NAME?
06:38.9,3016,38.2605,3.832321,1.238037,178.6697,344.6538,18.19747,358.1881,0,0,0,3.835121,1.246744,178.6809,0.292417,-0.001017,0.95629,5.785901,1.239961,185.0605,Arch,0,0,0.5,0.5,0.5,0.5,1,1,Valid,#NAME?
06:38.9,3017,38.2759,3.831317,1.238011,178.709,344.6521,18.62694,358.3578,0,0,0,3.834186,1.246715,178.7202,0.292238,-0.00025,0.956346,5.78454,1.245048,185.1027,Arch,0,0,0.5,0.5,0.5,0.5,1,1,Valid,#NAME?
06:38.9,3018,38.2999,3.828489,1.237856,178.7874,344.7382,19.02504,358.3869,0,0,0,3.831437,1.246542,178.7985,0.289234,0.001326,0.957257,5.781745,1.255485,185.2533,Arch,0,0,0.5,0.5,0.5,0.5,1,1,Valid,#NAME?
06:38.9,3019,38.3226,3.823939,1.237672,178.9049,344.8266,19.39384,358.6029,0,0,0,3.826944,1.246338,178.916,0.286147,0.002639,0.958182,5.779376,1.264341,185.4539,Arch,0,0,0.5,0.5,0.5,0.5,1,1,Valid,#NAME?
06:39.0,3020,38.3527,3.820931,1.2374,178.9798,345.0098,19.67028,358.584,0,0,0,3.824,1.246029,178.9909,0.280584,0.002457,0.959826,5.779692,1.263155,185.681,Arch,0,0,0.5,0.5,0.5,0.5,1,1,Valid,#NAME?
06:39.0,3021,38.376,3.817795,1.237188,179.0548,345.1721,19.83236,358.6817,0,0,0,3.820896,1.245784,179.0659,0.271825,0.000935,0.962346,5.782537,1.252528,186.0108,Arch,0,0,0.5,0.5,0.5,0.5,1,1,Valid,#NAME?
06:39.0,3022,38.3886,3.816169,1.23709,179.0923,345.2106,19.84914,358.8018,0,0,0,3.819264,1.245676,179.1034,0.272622,0.000121,0.962121,5.784138,1.246547,186.0378,Arch,0,0,0.5,0.5,0.5,0.5,1,1,Valid,#NAME?
06:39.0,3023,38.4118,3.811067,1.236908,179.2045,345.3051,19.77362,358.8219,0,0,0,3.81415,1.245475,179.2157,0.258375,0.001511,0.966043,5.781346,1.256977,186.5709,Arch,0,0,0.5,0.5,0.5,0.5,1,1,Valid,#NAME?
06:39.1,3024,38.4342,3.807581,1.236749,179.2777,345.3821,19.65786,358.8629,0,0,0,3.810643,1.245299,179.2889,0.250803,0.001986,0.968036,5.780297,1.260894,186.8912,Arch,0,0,0.5,0.5,0.5,0.5,1,1,Valid,#NAME?
06:39.1,3025,38.4587,3.804081,1.236625,179.3492,345.4421,19.51428,358.8618,0,0,0,3.807117,1.245162,179.3604,0.214994,0.005246,0.976601,5.771677,1.293101,188.2843,Arch,0,0,0.5,0.5,0.5,0.5,1,1,Valid,#NAME?
06:39.1,3026,38.4811,3.800515,1.236553,179.4207,345.4989,19.36708,358.8795,0,0,0,3.803524,1.245079,179.4319,0.182843,0.010753,0.983083,5.753827,1.35978,189.918,Arch,0,0,0.5,0.5,0.5,0.5,1,1,Valid,#NAME?
06:39.1,3027,38.499,3.798683,1.236556,179.4564,345.5042,19.2616,358.8893,0,0,0,3.801671,1.245081,179.4676,0.131572,0.030783,0.990829,5.667664,1.681652,193.5199,Arch,0,0,0.5,0.5,0.5,0.5,1,1,Valid,#NAME?
06:39.1,3028,38.5151,3.794867,1.236458,179.5278,345.5428,18.97914,358.957,0,0,0,3.797795,1.244974,179.5391,0.114093,0.037358,0.992768,5.624449,1.843087,195.4335,Arch,0,0,0.5,0.5,0.5,0.5,1,1,Valid,#NAME?
06:39.2,3029,38.5271,3.792948,1.236436,179.5635,345.532,18.83487,358.9627,0,0,0,3.795846,1.244955,179.5748,0.111612,0.037521,0.993043,5.620372,1.858317,195.8081,Arch,0,0,0.5,0.5,0.5,0.5,1,1,Valid,#NAME?
06:39.2,3030,38.5506,3.789298,1.236451,179.6316,345.5462,18.6021,359.0421,0,0,0,3.792145,1.244966,179.6429,0.103712,0.036921,0.993922,5.611211,1.892542,197.0759,Arch,0,0,0.5,0.5,0.5,0.5,1,1,Valid,#NAME?
06:39.2,3031,38.5731,3.785646,1.236448,179.6996,345.5589,18.37727,359.0731,0,0,0,3.788446,1.244959,179.7109,0.103333,0.031724,0.994141,5.632977,1.811234,197.4566,Arch,0,0,0.5,0.5,0.5,0.5,1,1,Valid,#NAME?
06:39.2,3032,38.5956,3.782018,1.236367,179.7676,345.5757,18.15679,359.0721,0,0,0,3.784776,1.244875,179.7789,0.101754,0.03284,0.994267,5.625552,1.83897,197.7657,Arch,0,0,0.5,0.5,0.5,0.5,1,1,Valid,#NAME?
06:39.2,3033,38.6184,3.778338,1.236248,179.8355,345.6516,17.95591,359.0566,0,0,0,3.781061,1.24474,179.8469,0.098489,0.033815,0.994563,5.615978,1.874731,198.3763,Arch,0,0,0.5,0.5,0.5,0.5,1,1,Valid,#NAME?
06:39.3,3034,38.6406,3.77473,1.23613,179.9019,345.7167,17.80356,359.0242,0,0,0,3.777429,1.24461,179.9133,0.096934,0.035065,0.994673,5.607447,1.9066,198.6917,Arch,0,0,0.5,0.5,0.5,0.5,1,1,Valid,#NAME?
06:39.3,3035,38.6694,3.769647,1.236064,179.9989,345.7491,17.69613,358.9536,0,0,0,3.772331,1.244539,180.0103,0.095974,0.036304,0.994722,5.599642,1.935759,198.9494,Arch,0,0,0.5,0.5,0.5,0.5,1,1,Valid,#NAME?
06:39.3,3036,38.6844,3.767792,1.236092,180.0313,345.7771,17.64407,358.9363,0,0,0,3.770469,1.244561,180.0426,0.09587,0.036449,0.994726,5.598611,1.939609,199.011,Arch,0,0,0.5,0.5,0.5,0.5,1,1,Valid,#NAME?
06:39.3,3037,38.696,3.765976,1.236152,180.0636,345.7571,17.60875,358.9258,0,0,0,3.768646,1.244626,180.075,0.095545,0.037232,0.994729,5.594223,1.956006,199.0811,Arch,0,0,0.5,0.5,0.5,0.5,1,1,Valid,#NAME?
06:39.3,3038,38.7175,3.762465,1.236224,180.1281,345.7667,17.56329,358.8994,0,0,0,3.76513,1.244696,180.1395,0.096513,0.037092,0.99464,5.596252,1.948424,199.0105,Arch,0,0,0.5,0.5,0.5,0.5,1,1,Valid,#NAME?
06:39.4,3039,38.7391,3.758912,1.236211,180.191,345.8964,17.52717,358.8689,0,0,0,3.761578,1.244657,180.2024,0.096927,0.034766,0.994684,5.607413,1.906729,199.1448,Arch,0,0,0.5,0.5,0.5,0.5,1,1,Valid,#NAME?
06:39.4,3040,38.7606,3.755429,1.236133,180.2522,346.0525,17.50139,358.8802,0,0,0,3.758096,1.244547,180.2636,0.098067,0.031833,0.994671,5.622654,1.849795,199.1753,Arch,0,0,0.5,0.5,0.5,0.5,1,1,Valid,#NAME?
06:39.4,3041,38.7808,3.751793,1.236036,180.3134,346.1607,17.48244,358.8882,0,0,0,3.754459,1.244428,180.3248,0.099053,0.030053,0.994628,5.632199,1.814137,199.1798,Arch,0,0,0.5,0.5,0.5,0.5,1,1,Valid,#NAME?
06:39.4,3042,38.801,3.748258,1.236047,180.3744,346.1685,17.46283,358.9143,0,0,0,3.750918,1.244437,180.3858,0.100917,0.029983,0.994443,5.634867,1.804171,198.9504,Arch,0,0,0.5,0.5,0.5,0.5,1,1,Valid,#NAME?
06:39.4,3043,38.8181,3.74638,1.236114,180.4049,346.1144,17.47657,358.9146,0,0,0,3.749041,1.244514,180.4163,0.102539,0.031012,0.994245,5.632217,1.814067,198.6761,Arch,0,0,0.5,0.5,0.5,0.5,1,1,Valid,#NAME?
06:39.4,3044,38.8255,3.744588,1.236195,180.4354,346.0359,17.47785,358.8918,0,0,0,3.747248,1.244612,180.4468,0.102465,0.032431,0.994208,5.625516,1.839102,198.6715,Arch,0,0,0.5,0.5,0.5,0.5,1,1,Valid,#NAME?
06:39.5,3045,38.8364,3.742713,1.236383,180.4645,345.9147,17.47199,358.8902,0,0,0,3.745366,1.244825,180.4759,0.102654,0.034735,0.994111,5.615229,1.87753,198.5838,Arch,0,0,0.5,0.5,0.5,0.5,1,1,Valid,#NAME?
06:39.5,3046,38.8575,3.739259,1.23675,180.5227,345.7108,17.46314,358.8519,0,0,0,3.741904,1.245234,180.5341,0.103147,0.038583,0.993918,5.598578,1.939732,198.4248,Arch,0,0,0.5,0.5,0.5,0.5,1,1,Valid,#NAME?
06:39.5,3047,38.882,3.73558,1.237041,180.581,345.4383,17.4456,358.7582,0,0,0,3.738218,1.245581,180.5923,0.103735,0.043944,0.993634,5.575994,2.024102,198.1956,Arch,0,0,0.5,0.5,0.5,0.5,1,1,Valid,#NAME?
06:39.5,3048,38.9012,3.73195,1.237191,180.6394,345.2998,17.41281,358.6151,0,0,0,3.734589,1.245762,180.6507,0.103514,0.046746,0.993529,5.563281,2.071589,198.2025,Arch,0,0,0.5,0.5,0.5,0.5,1,1,Valid,#NAME?
06:39.5,3049,38.9122,3.730179,1.237304,180.6686,345.2274,17.38351,358.5605,0,0,0,3.732813,1.24589,180.6798,0.104052,0.048229,0.993402,5.557868,2.091808,198.1039,Arch,0,0,0.5,0.5,0.5,0.5,1,1,Valid,#NAME?
06:39.6,3050,38.9328,3.728228,1.237504,180.6976,345.0486,17.3334,358.5134,0,0,0,3.730848,1.246126,180.7088,0.106618,0.048048,0.993139,5.5632,2.07189,197.7771,Arch,0,0,0.5,0.5,0.5,0.5,1,1,Valid,#NAME?
06:39.6,3051,38.9535,3.724696,1.237577,180.7535,344.9015,17.27179,358.4188,0,0,0,3.727306,1.24623,180.7647,0.108317,0.050203,0.992848,5.55719,2.094344,197.5377,Arch,0,0,0.5,0.5,0.5,0.5,1,1,Valid,#NAME?
06:39.6,3052,38.9825,3.719614,1.237497,180.8374,344.8354,17.16017,358.303,0,0,0,3.72221,1.246166,180.8486,0.112141,0.051876,0.992337,5.557029,2.094944,197.0851,Arch,0,0,0.5,0.5,0.5,0.5,1,1,Valid,#NAME?
06:39.6,3053,38.9974,3.717476,1.237477,180.8654,344.8672,17.02047,358.2464,0,0,0,3.720051,1.24614,180.8766,0.114445,0.059235,0.991662,5.533048,2.184528,196.5862,Arch,0,0,0.5,0.5,0.5,0.5,1,1,Valid,#NAME?
06:39.6,3054,39.0079,3.715675,1.237447,180.8933,344.8578,16.93332,358.2531,0,0,0,3.718231,1.246111,180.9046,0.106145,0.059224,0.992585,5.515774,2.249058,197.7137,Arch,0,0,0.5,0.5,0.5,0.5,1,1,Valid,#NAME?
06:39.7,3055,39.0287,3.712087,1.237495,180.9494,344.8696,16.74718,358.337,0,0,0,3.7146,1.246157,180.9606,0.083936,0.055071,0.994948,5.475048,2.4012,201.8284,Arch,0,0,0.5,0.5,0.5,0.5,1,1,Valid,#NAME?
06:39.7,3056,39.1168,3.697978,1.23688,181.1631,345.2518,16.03457,358.437,0,0,0,3.700357,1.245463,181.1744,0.074451,0.019013,0.997043,5.56033,1.720459,206.0829,Cube,0,0,0.5,0.5,0.5,0.5,1,1,Valid,#NAME?
06:39.8,3057,39.1436,3.694427,1.236603,181.2154,345.4131,15.8328,358.4339,0,0,0,3.696774,1.245152,181.2268,0.073838,0.013411,0.99718,5.537297,1.579433,206.0829,Cube,0,0,0.5,0.5,0.5,0.5,1,1,Valid,#NAME?
06:39.8,3058,39.1852,3.688439,1.236465,181.3174,345.5284,15.67648,358.4978,0,0,0,3.690755,1.244991,181.3288,0.070991,0.012792,0.997395,5.452659,1.562462,206.0829,Cube,0,0,0.5,0.5,0.5,0.5,1,1,Valid,#NAME?
06:39.8,3059,39.1978,3.686006,1.235829,181.3431,345.9056,15.28772,358.5848,0,0,0,3.688251,1.244277,181.3546,0.064598,0.006048,0.997893,5.289035,1.394139,206.0829,Cube,0,0,0.5,0.5,0.5,0.5,1,1,Valid,#NAME?
06:39.8,3060,39.2184,3.682675,1.235307,181.3942,346.1916,15.09654,358.5775,0,0,0,3.684893,1.243697,181.4057,0.110142,0.115023,0.987238,5.326093,2.957638,196.1164,Arch,0,0,0.5,0.5,0.5,0.5,1,1,Valid,#NAME?
06:39.9,3061,39.2384,3.679379,1.234663,181.4442,346.5518,14.91793,358.5661,0,0,0,3.681576,1.242979,181.4558,0.069478,0.12957,0.989133,5.084651,3.859581,201.4308,Arch,0,0,0.5,0.5,0.5,0.5,0.970618,0.8,Valid,#NAME?
06:39.9,3062,39.2587,3.676218,1.234036,181.493,346.9662,14.72791,358.5451,0,0,0,3.678393,1.242268,181.5046,0.020421,0.259217,0.965603,3.980147,5.072642,195.7731,Arch,0,0,0.5,0.5,0.5,0.5,0.896938,0.512,Valid,#NAME?
06:39.9,3063,39.315,3.66851,1.232629,181.615,347.7132,14.42589,358.2747,0,0,0,3.670674,1.24071,181.6268,-0.017819,0.148607,0.988736,3.229922,4.916478,206.0829,Cube,0,0,0.5,0.5,0.5,0.5,0.83137,0.491703,Valid,#NAME?
06:40.0,3064,39.3423,3.665439,1.232047,181.6628,348.142,14.37074,358.3792,0,0,0,3.667598,1.240036,181.6746,0.022996,0.070507,0.997246,4.230434,2.965735,206.0829,Cube,0,0,0.5,0.5,0.5,0.5,0.864812,0.619355,Valid,#NAME?
06:40.0,3065,39.3554,3.663918,1.231523,181.6862,348.4331,14.27647,358.351,0,0,0,3.666069,1.239452,181.6981,0.021372,0.065677,0.997612,4.188479,2.844802,206.0829,Cube,0,0,0.5,0.5,0.5,0.5,0.873163,0.6408,Valid,#NAME?
06:40.0,3066,39.3657,3.662453,1.231242,181.7096,348.6049,14.24239,358.3965,0,0,0,3.664598,1.239134,181.7215,0.060098,0.068498,0.99584,5.134791,2.914826,206.0829,Cube,0,0,0.5,0.5,0.5,0.5,0.873163,0.6408,Valid,#NAME?
06:40.0,3067,39.3974,3.658104,1.230519,181.7795,349.0365,14.17152,358.3615,0,0,0,3.660254,1.238321,181.7914,0.103668,0.04646,0.993526,5.5586,2.08908,199.9846,Arch,0,0,0.5,0.5,0.5,0.5,0.883297,0.68165,Valid,#NAME?
06:40.0,3068,39.4188,3.655149,1.230027,181.8261,349.3349,14.13863,358.4248,0,0,0,3.657296,1.237765,181.8381,0.168075,-0.033107,0.985218,5.905012,0.795012,195.0137,Arch,0,0,0.5,0.5,0.5,0.5,0.903953,0.748651,Valid,#NAME?
06:40.1,3069,39.4371,3.652218,1.229648,181.8717,349.5881,14.10356,358.4864,0,0,0,3.654361,1.237331,181.8837,0.179928,-0.061078,0.981782,5.99973,0.441173,194.6813,Arch,0,0,0.5,0.5,0.5,0.5,0.93853,0.863208,Valid,#NAME?
06:40.1,3070,39.4565,3.649406,1.229277,181.9162,349.7945,14.06645,358.562,0,0,0,3.651541,1.236916,181.9283,0.175865,-0.082974,0.980911,6.095369,0.083902,195.5591,Arch,0,0,0.5,0.5,0.5,0.5,0.93853,0.863208,Valid,#NAME?
06:40.1,3071,39.4785,3.646469,1.228818,181.961,350.0587,14.02059,358.7001,0,0,0,3.64859,1.236398,181.9731,0.165525,-0.104686,0.980634,5.603477,0.000031,193.5546,Road,0,0,0.5,0.5,0.5,0.5,0.968527,0.912453,Valid,#NAME?
06:40.1,3072,39.5043,3.643615,1.228475,182.0055,350.2218,13.98856,358.7736,0,0,0,3.645727,1.236019,182.0176,0.153578,-0.109064,0.982099,5.386175,0.000031,193.1474,Road,0,0,0.5,0.5,0.5,0.5,0.979857,0.94397,Valid,#NAME?
06:40.1,3073,39.5181,3.642175,1.228051,182.0279,350.4461,13.94486,358.8423,0,0,0,3.644279,1.235546,182.04,0.154438,-0.119465,0.980753,5.241479,0.00003,192.183,Road,0,0,0.5,0.5,0.5,0.5,0.979857,0.94397,Valid,#NAME?
06:40.2,3074,39.5293,3.640721,1.227798,182.0502,350.5891,13.92224,358.9235,0,0,0,3.642818,1.235261,182.0623,0.150704,-0.12097,0.98115,5.181672,0.00003,192.0809,Road,0,0,0.5,0.5,0.5,0.5,0.989687,0.971313,Valid,#NAME?
06:40.2,3075,39.5494,3.638116,1.227284,182.0926,350.8815,13.90507,358.9403,0,0,0,3.640217,1.234684,182.1048,0.148268,-0.125065,0.981007,5.103937,0.00003,191.7894,Road,0,0,0.5,0.5,0.5,0.5,0.989687,0.971313,Valid,#NAME?
06:40.2,3076,39.57,3.635524,1.226824,182.1349,351.1539,13.90942,358.9631,0,0,0,3.637631,1.234165,182.1472,0.147406,-0.131644,0.980276,5.019537,0.00003,191.3371,Road,0,0,0.5,0.5,0.5,0.5,0.996621,0.9906,Valid,#NAME?
06:40.2,3077,39.6009,3.631664,1.226041,182.1984,351.6211,13.94185,358.9161,0,0,0,3.633797,1.233282,182.2107,0.142921,-0.142261,0.979457,4.872777,0.00003,190.7015,Road,0,0,0.5,0.5,0.5,0.5,0.998616,0.99248,Valid,#NAME?
06:40.2,3078,39.611,3.631698,1.225751,182.1985,351.7905,13.96982,358.999,0,0,0,3.633835,1.232953,182.2108,0.123991,-0.117171,0.985341,4.938522,0.00003,192.579,Road,0,0,0.5,0.5,0.5,0.5,0.998616,0.99248,Valid,#NAME?
06:40.3,3079,39.633,3.629159,1.22512,182.2408,352.1075,14.00281,358.9396,0,0,0,3.631318,1.232254,182.2531,0.05334,0.0566,0.996971,4.90626,2.585111,206.0829,Cube,0,0,0.5,0.5,0.5,0.5,0.998616,0.635187,Valid,#NAME?
06:40.3,3080,39.6594,3.625554,1.224639,182.3012,352.3969,14.05007,358.9223,0,0,0,3.627734,1.23171,182.3136,-0.081734,0.311175,0.946831,2.208486,6.635008,198.7545,Arch,0,0,0.5,0.5,0.5,0.5,0.940669,0.40652,Valid,#NAME?
06:40.3,3081,39.673,3.624395,1.224175,182.3215,352.6911,14.11777,358.9323,0,0,0,3.626597,1.231182,182.3339,-0.096107,0.343458,0.934238,2.083687,6.745064,197.3321,Arch,0,0,0.5,0.5,0.5,0.5,0.864559,0.260173,Valid,#NAME?
06:40.3,3082,39.6851,3.623224,1.223844,182.3417,352.9003,14.16136,358.981,0,0,0,3.625438,1.230804,182.3541,-0.076525,0.329213,0.94115,2.410697,6.456686,197.2938,Arch,0,0,0.5,0.5,0.5,0.5,0.864559,0.260173,Valid,#NAME?
06:40.3,3083,39.7059,3.620775,1.223152,182.3821,353.2565,14.212,358.9036,0,0,0,3.623017,1.230035,182.3945,-0.07152,0.326555,0.942468,2.494501,6.382782,197.2658,Arch,0,0,0.5,0.5,0.5,0.5,0.834447,0.133208,Valid,#NAME?
06:40.4,3084,39.7268,3.618378,1.2225,182.4224,353.685,14.26145,358.9218,0,0,0,3.620642,1.229288,182.4349,0.00583,0.177355,0.98413,3.753556,5.272467,204.8702,Arch,0,0,0.5,0.5,0.5,0.5,0.836133,0,Valid,#NAME?
06:40.4,3085,39.7475,3.616051,1.221721,182.461,354.1568,14.31377,358.963,0,0,0,3.618336,1.228404,182.4736,0.007315,0.164703,0.986316,3.793437,5.17089,206.0829,Cube,0,0,0.5,0.5,0.5,0.5,0.34248,0,Valid,#NAME?
06:40.4,3086,39.7688,3.613695,1.22078,182.4995,354.6987,14.35475,359.0042,0,0,0,3.616001,1.227341,182.5122,0.008369,0.153136,0.98817,3.815634,4.880078,206.0829,Cube,0,0,0.5,0.5,0.5,0.5,0.219187,0,Valid,#NAME?
06:40.4,3087,39.7916,3.61134,1.219748,182.5381,355.3581,14.3861,359.0067,0,0,0,3.61367,1.226162,182.5508,0.00934,0.139399,0.990192,3.835637,4.539,206.0829,Cube,0,0,0.5,0.5,0.5,0.5,0,0,Valid,#NAME?
06:40.4,3088,39.8088,3.610097,1.219243,182.5575,355.6911,14.39224,359.1312,0,0,0,3.610097,1.219243,182.5575,0.247856,0.075133,0.965879,5.627724,1.830852,190.4201,Arch,0,0,0.5,0.5,0.5,0.5,0,0,Invalid,#NAME?
06:40.4,3089,39.8182,3.608954,1.218595,182.577,356.0658,14.38775,359.1838,0,0,0,3.608954,1.218595,182.577,0.247897,0.068611,0.966354,5.641064,1.781022,190.4985,Arch,0,0,0.5,0.5,0.5,0.5,0,0,Invalid,#NAME?
06:40.5,3090,39.8409,3.606634,1.217715,182.615,356.5883,14.36346,359.2967,0,0,0,3.606634,1.217715,182.615,0.247632,0.05951,0.967025,5.659776,1.711121,190.6327,Arch,0,0,0.5,0.5,0.5,0.5,0,0,Invalid,#NAME?
06:40.5,3091,39.8623,3.604371,1.216897,182.6521,357.0395,14.29938,359.3876,0,0,0,3.604371,1.216897,182.6521,0.246659,0.051648,0.967725,5.675959,1.650668,190.7796,Arch,0,0,0.5,0.5,0.5,0.5,0,0,Invalid,#NAME?
06:40.5,3092,39.8841,3.60203,1.216461,182.689,357.2771,14.22505,359.426,0,0,0,3.60203,1.216461,182.689,0.245454,0.047506,0.968244,5.68431,1.619471,190.903,Arch,0,0,0.5,0.5,0.5,0.5,0.127231,0,Invalid,#NAME?
06:40.5,3093,39.9065,3.599685,1.215688,182.7262,357.695,14.11793,359.6058,0,0,0,3.601963,1.22156,182.7392,0.005331,0.092516,0.995697,3.726954,3.390563,206.0829,Cube,0,0,0.5,0.5,0.5,0.5,0.127231,0,Valid,#NAME?
06:40.6,3094,39.9563,3.59384,1.214355,182.8162,358.4464,13.66953,359.5474,0,0,0,3.596041,1.220055,182.8293,-0.032418,0.072165,0.996866,2.839836,2.903432,206.0829,Cube,0,0,0.5,0.5,0.5,0.5,0.676657,0.340971,Valid,#NAME?
06:40.6,3095,39.9727,3.592686,1.214078,182.8339,358.6066,13.57414,359.7814,0,0,0,3.594847,1.219738,182.847,0.000184,0.046886,0.9989,3.599121,2.310373,206.0829,Cube,0,0,0.5,0.5,0.5,0.5,0.676657,0.563951,Valid,#NAME?
06:40.6,3096,39.9811,3.591531,1.213952,182.8515,358.67,13.47938,359.7539,0,0,0,3.593674,1.219598,182.8646,-0.001224,0.034049,0.99942,3.565247,2.010621,206.0829,Cube,0,0,0.5,0.5,0.5,0.5,0.676657,0.563951,Valid,#NAME?
06:40.6,3097,40.0047,3.589262,1.213639,182.8869,358.8602,13.23962,359.667,0,0,0,3.591363,1.219242,182.9001,-0.005365,0.03118,0.999499,3.466913,1.942443,206.0829,Cube,0,0,0.5,0.5,0.5,0.5,0.676657,0.563951,Valid,#NAME?
06:40.6,3098,40.0155,3.588165,1.213596,182.9046,358.9071,13.11282,359.699,0,0,0,3.590236,1.219188,182.9178,0.030976,-0.004638,0.99951,4.308149,1.111696,206.0829,Cube,0,0,0.5,0.5,0.5,0.5,0.676657,0.563951,Valid,#NAME?
06:40.7,3099,40.0535,3.584917,1.21351,182.9561,358.9944,12.69777,359.6457,0,0,0,3.586899,1.219082,182.9693,0.058531,-0.010389,0.998232,4.942159,0.978535,206.0829,Cube,0,0,0.5,0.5,0.5,0.5,0.965281,0.908554,Valid,#NAME?
06:40.7,3100,40.0752,3.582792,1.213586,182.9899,358.9561,12.47082,359.6052,0,0,0,3.584724,1.219169,183.003,0.059467,-0.014213,0.998129,4.959783,0.890517,206.0829,Cube,0,0,0.5,0.5,0.5,0.5,0.965281,0.908554,Valid,#NAME?
06:40.7,3101,40.0945,3.580685,1.213686,183.0236,358.8791,12.29118,359.525,0,0,0,3.582582,1.219287,183.0367,0.057265,-0.01544,0.99824,4.904649,0.862816,206.0829,Cube,0,0,0.5,0.5,0.5,0.5,0.982224,0.95318,Valid,#NAME?
06:40.7,3102,40.1156,3.578596,1.213769,183.0573,358.7957,12.09513,359.4563,0,0,0,3.580452,1.219391,183.0705,0.054048,-0.016924,0.998395,4.826231,0.829294,206.0829,Cube,0,0,0.5,0.5,0.5,0.5,0.988623,0.970035,Valid,#NAME?
06:40.8,3103,40.143,3.576558,1.213749,183.0903,358.7618,11.88113,359.432,0,0,0,3.578367,1.219379,183.1035,0.051,-0.023614,0.99842,4.75217,0.675882,206.0829,Cube,0,0,0.5,0.5,0.5,0.5,0.99534,0.987726,Valid,#NAME?
06:40.8,3104,40.1588,3.574547,1.213621,183.1225,358.801,11.66454,359.4076,0,0,0,3.576309,1.219243,183.1357,0.050068,-0.026347,0.998398,4.727068,0.613688,206.0829,Cube,0,0,0.5,0.5,0.5,0.5,0.997018,0.992145,Valid,#NAME?
06:40.8,3105,40.1693,3.573523,1.213488,183.1386,358.8734,11.54952,359.3851,0,0,0,3.575262,1.219093,183.1518,0.048038,-0.027536,0.998466,4.678527,0.586697,206.0829,Cube,0,0,0.5,0.5,0.5,0.5,0.997018,0.992145,Valid,#NAME?
06:40.8,3106,40.1901,3.571461,1.213131,183.1708,359.0302,11.33003,359.3672,0,0,0,3.573153,1.218699,183.184,0.043082,-0.037162,0.99838,4.561292,0.366344,206.0829,Cube,0,0,0.5,0.5,0.5,0.5,0.998473,0.995978,Valid,#NAME?
06:40.8,3107,40.2115,3.569342,1.212729,183.2029,359.1959,11.10782,359.377,0,0,0,3.570986,1.218259,183.2161,0.038865,-0.04816,0.998083,4.461406,0.114873,206.0829,Cube,0,0,0.5,0.5,0.5,0.5,0.999218,0.997941,Valid,#NAME?
06:40.9,3108,40.2322,3.568228,1.212362,183.2192,359.3683,10.89609,359.3759,0,0,0,3.569826,1.217853,183.2324,0.036378,-0.057253,0.997697,4.343611,0.000033,204.4543,Road,0,0,0.5,0.5,0.5,0.5,0.999375,0.998353,Valid,#NAME?
06:40.9,3109,40.2427,3.567192,1.212182,183.2345,359.4675,10.78851,359.3992,0,0,0,3.568766,1.217649,183.2477,0.034513,-0.059022,0.99766,4.280755,0.000032,203.8292,Road,0,0,0.5,0.5,0.5,0.5,0.9996,0.998946,Valid,#NAME?
06:40.9,3110,40.2653,3.565135,1.211873,183.265,359.6649,10.56968,359.3841,0,0,0,3.566662,1.217295,183.2783,0.03197,-0.072625,0.996847,4.102502,0.000032,199.9864,Road,0,0,0.5,0.5,0.5,0.5,0.99968,0.999157,Valid,#NAME?
06:40.9,3111,40.2921,3.562028,1.211603,183.3107,359.8525,10.29196,359.3825,0,0,0,3.563494,1.21698,183.324,0.027188,-0.087471,0.995796,3.941753,0.000031,197.1781,Road,0,0,0.5,0.5,0.5,0.5,0.999869,0.999655,Valid,#NAME?
06:40.9,3112,40.3181,3.559902,1.211633,183.3413,359.8656,10.07629,359.3892,0,0,0,3.561318,1.217007,183.3546,0.025349,-0.09196,0.99544,3.896776,0.000031,196.528,Road,0,0,0.5,0.5,0.5,0.5,0.999895,0.999724,Valid,#NAME?
06:41.0,3113,40.3323,3.558789,1.211852,183.3568,359.8342,9.839839,359.3937,0,0,0,3.560149,1.217234,183.3701,0.025118,-0.105228,0.994131,3.850695,0.000031,194.8696,Road,0,0,0.5,0.5,0.5,0.5,0.999895,0.999724,Valid,#NAME?
06:41.0,3114,40.3433,3.557771,1.212013,183.3715,359.8082,9.703394,359.3871,0,0,0,3.559099,1.217401,183.3848,0.035661,-0.11448,0.992785,3.938315,0.000031,193.942,Road,0,0,0.5,0.5,0.5,0.5,0.999957,0.999887,Valid,#NAME?
06:41.0,3115,40.3647,3.555679,1.212245,183.4006,359.7734,9.468384,359.3399,0,0,0,3.556957,1.217642,183.4139,0.010704,-0.116485,0.993135,3.668842,0.000031,193.7951,Road,0,0,0.5,0.5,0.5,0.5,0.999966,0.999887,Valid,#NAME?
06:41.0,3116,40.3857,3.553552,1.212442,183.4297,359.7677,9.229859,359.2705,0,0,0,3.55478,1.217841,183.443,-0.184315,-0.09555,0.978212,1.205631,0.000031,195.9106,Road,0,0,0.5,0.5,0.5,0.5,0.999966,0.999887,Valid,#NAME?
06:41.0,3117,40.4083,3.551336,1.212791,183.4588,359.7081,8.963162,359.1628,0,0,0,3.552512,1.218206,183.4722,-0.194197,-0.062685,0.978958,-0.221364,0.000032,202.4965,Road,0,0,0.5,0.5,0.5,0.5,0.943285,0.511942,Valid,#NAME?
06:41.1,3118,40.4311,3.549136,1.213313,183.4883,359.4857,8.696027,359.0892,0,0,0,3.550254,1.218781,183.5016,-0.142467,-0.049451,0.988564,0.295956,0.089204,206.0829,Cube,0,0,0.5,0.5,0.5,0.5,0.961391,0.540203,Valid,#NAME?
06:41.1,3119,40.4518,3.547053,1.213969,183.5166,359.2295,8.420265,359.0508,0,0,0,3.548106,1.219497,183.5299,-0.118649,-0.053754,0.99148,0.856405,0.000033,206.0228,Road,0,0,0.5,0.5,0.5,0.5,0.961391,0.682226,Valid,#NAME?
06:41.1,3120,40.4685,3.54508,1.214306,183.5445,359.0875,8.270994,358.9881,0,0,0,3.546103,1.219868,183.5578,-0.060508,-0.083876,0.994637,2.666121,0.000031,198.0231,Road,0,0,0.5,0.5,0.5,0.5,0.961391,0.682226,Valid,#NAME?
06:41.1,3121,40.5126,3.540743,1.21568,183.6016,358.6498,7.679663,358.8423,0,0,0,3.541636,1.221345,183.6148,-0.0673,-0.109571,0.991698,2.791485,0.000031,194.6685,Road,0,0,0.5,0.5,0.5,0.5,0.987349,0.8373,Valid,#NAME?
06:41.1,3122,40.5242,3.539653,1.216046,183.616,358.5809,7.509327,358.7224,0,0,0,3.540517,1.221729,183.6292,-0.070507,-0.107983,0.991649,2.742812,0.000031,194.8485,Road,0,0,0.5,0.5,0.5,0.5,0.991903,0.895872,Valid,#NAME?
06:41.2,3123,40.5441,3.538613,1.216396,183.6299,358.3955,7.347335,358.6811,0,0,0,3.539442,1.222122,183.6431,-0.074036,-0.148516,0.986135,2.930225,0.00003,191.7577,Road,0,0,0.5,0.5,0.5,0.5,0.991903,0.895872,Valid,#NAME?
06:41.2,3124,40.5658,3.536689,1.216968,183.657,358.1671,7.171453,358.5987,0,0,0,3.537481,1.222748,183.6702,-0.061575,-0.146697,0.987263,3.024254,0.00003,191.899,Road,0,0,0.5,0.5,0.5,0.5,0.994818,0.933358,Valid,#NAME?
06:41.2,3125,40.5876,3.53484,1.217462,183.6842,357.9813,7.007722,358.5442,0,0,0,3.535597,1.223286,183.6974,-0.076816,-0.140634,0.987077,2.867443,0.00003,192.2831,Road,0,0,0.5,0.5,0.5,0.5,0.997347,0.965879,Valid,#NAME?
06:41.2,3126,40.6087,3.533023,1.217853,183.7113,357.8242,6.856301,358.5037,0,0,0,3.533747,1.223713,183.7244,-0.073845,-0.152183,0.98559,2.939967,0.00003,191.6494,Road,0,0,0.5,0.5,0.5,0.5,0.998302,0.978163,Valid,#NAME?
06:41.3,3127,40.6373,3.530414,1.21822,183.7508,357.6831,6.743619,358.4336,0,0,0,3.531116,1.224113,183.7639,-0.078223,-0.135414,0.987696,2.82402,0.00003,192.6922,Road,0,0,0.5,0.5,0.5,0.5,0.998913,0.986024,Valid,#NAME?
06:41.3,3128,40.6525,3.529685,1.218499,183.7642,357.5671,6.669512,358.3961,0,0,0,3.530374,1.224421,183.7773,-0.078915,-0.140178,0.986976,2.841094,0.00003,192.3981,Road,0,0,0.5,0.5,0.5,0.5,0.999444,0.992844,Valid,#NAME?
06:41.3,3129,40.6636,3.528914,1.218673,183.7771,357.5077,6.648286,358.3585,0,0,0,3.529601,1.224608,183.7902,-0.079382,-0.139045,0.987099,2.830476,0.00003,192.4836,Road,0,0,0.5,0.5,0.5,0.5,0.999444,0.992844,Valid,#NAME?
06:41.3,3130,40.6861,3.527448,1.218946,183.8029,357.3831,6.622279,358.3275,0,0,0,3.52813,1.22491,183.816,-0.068039,-0.145007,0.987089,2.953401,0.00003,192.154,Road,0,0,0.5,0.5,0.5,0.5,0.999772,0.997069,Valid,#NAME?
06:41.3,3131,40.7073,3.526008,1.21943,183.8287,357.271,6.630374,358.3055,0,0,0,3.526692,1.22542,183.8418,-0.061663,-0.149459,0.986843,3.021125,0.00003,191.9327,Road,0,0,0.5,0.5,0.5,0.5,0.999854,0.998124,Valid,#NAME?
06:41.4,3132,40.7287,3.524588,1.219946,183.8543,357.1288,6.640525,358.2889,0,0,0,3.525274,1.225969,183.8674,-0.050626,-0.160989,0.985657,3.139756,0.00003,191.3732,Road,0,0,0.5,0.5,0.5,0.5,0.99994,0.999232,Valid,#NAME?
06:41.4,3133,40.7498,3.52331,1.220439,183.8789,356.9103,6.640807,358.3026,0,0,0,3.523993,1.226511,183.892,-0.049163,-0.157995,0.986215,3.142353,0.00003,191.5477,Road,0,0,0.5,0.5,0.5,0.5,0.99994,0.999232,Valid,#NAME?
06:41.4,3134,40.771,3.522087,1.221095,183.9034,356.6341,6.622278,358.321,0,0,0,3.52276,1.22723,183.9165,-0.041778,-0.162977,0.985745,3.208178,0.00003,191.339,Road,0,0,0.5,0.5,0.5,0.5,0.999976,0.999685,Valid,#NAME?
06:41.4,3135,40.8003,3.520122,1.221637,183.9398,356.3226,6.61084,358.3606,0,0,0,3.520785,1.227842,183.9528,-0.041061,-0.159027,0.98642,3.203763,0.00003,191.5688,Road,0,0,0.5,0.5,0.5,0.5,0.999992,0.999897,Valid,#NAME?
06:41.4,3136,40.8156,3.519871,1.222065,183.9523,356.0605,6.626173,358.365,0,0,0,3.520534,1.22833,183.9653,-0.04488,-0.145949,0.988274,3.142828,0.00003,192.2825,Road,0,0,0.5,0.5,0.5,0.5,0.999994,0.999918,Valid,#NAME?
06:41.5,3137,40.8276,3.519356,1.222278,183.9645,355.9133,6.62742,358.3453,0,0,0,3.520019,1.228576,183.9775,-0.044788,-0.140757,0.989031,3.129102,0.00003,192.6098,Road,0,0,0.5,0.5,0.5,0.5,0.999994,0.999918,Valid,#NAME?
06:41.5,3138,40.8485,3.518476,1.222824,183.9877,355.6518,6.706838,358.3854,0,0,0,3.519151,1.229181,184.0007,-0.049492,-0.102817,0.993468,2.927484,0.000031,195.8773,Road,0,0,0.5,0.5,0.5,0.5,0.999997,0.999966,Valid,#NAME?
06:41.5,3139,40.8591,3.518049,1.223073,183.9993,355.528,6.738401,358.3604,0,0,0,3.518731,1.229457,184.0122,-0.048997,-0.100624,0.993717,2.92009,0.000031,196.1534,Road,0,0,0.5,0.5,0.5,0.5,0.999997,0.999966,Valid,#NAME?
06:41.5,3140,40.8811,3.517197,1.223396,184.0224,355.3152,6.839453,358.346,0,0,0,3.5179,1.229828,184.0353,-0.051491,-0.072374,0.996048,2.642939,0.000032,200.9604,Road,0,0,0.5,0.5,0.5,0.5,0.999999,0.999983,Valid,#NAME?
06:41.5,3141,40.9029,3.516338,1.223602,184.0453,355.1311,6.932568,358.2965,0,0,0,3.517065,1.230077,184.0582,-0.05125,-0.063208,0.996684,2.519723,0.000032,203.4538,Road,0,0,0.5,0.5,0.5,0.5,0.999999,0.999986,Valid,#NAME?
06:41.5,3142,40.9248,3.515446,1.223814,184.0683,354.9147,7.031758,358.2375,0,0,0,3.516196,1.230338,184.0812,-0.051162,-0.054746,0.997189,2.387363,0.022435,206.0829,Cube,0,0,0.5,0.5,0.5,0.5,0.999999,0.999991,Valid,#NAME?
06:41.6,3143,40.952,3.514637,1.224142,184.0902,354.677,7.133611,358.1756,0,0,0,3.515413,1.230721,184.103,-0.050729,-0.045262,0.997686,2.397803,0.233559,206.0829,Cube,0,0,0.5,0.5,0.5,0.5,1,0.999996,Valid,#NAME?
06:41.6,3144,40.9665,3.51458,1.224407,184.1013,354.4591,7.25176,358.0985,0,0,0,3.515386,1.231035,184.114,-0.049184,-0.039588,0.998005,2.432703,0.359598,206.0829,Cube,0,0,0.5,0.5,0.5,0.5,1,0.999996,Valid,#NAME?
06:41.6,3145,40.9776,3.514144,1.224543,184.1122,354.365,7.315067,358.02,0,0,0,3.514971,1.231193,184.125,-0.0487,-0.037839,0.998097,2.443572,0.398745,206.0829,Cube,0,0,0.5,0.5,0.5,0.5,1,0.999998,Valid,#NAME?
06:41.6,3146,40.9992,3.513214,1.224853,184.1342,354.179,7.435315,357.9156,0,0,0,3.514074,1.231546,184.147,-0.047343,-0.03258,0.998347,2.47384,0.515699,206.0829,Cube,0,0,0.5,0.5,0.5,0.5,1,0.999999,Valid,#NAME?
06:41.6,3147,41.0207,3.512188,1.2251,184.1562,354.0338,7.55218,357.8042,0,0,0,3.513083,1.231826,184.1689,-0.046709,-0.027875,0.99852,2.487985,0.620075,206.0829,Cube,0,0,0.5,0.5,0.5,0.5,1,0.999999,Valid,#NAME?
06:41.7,3148,41.0434,3.511086,1.225265,184.1776,353.982,7.622133,357.7187,0,0,0,3.512002,1.232004,184.1903,-0.046627,-0.025124,0.998596,2.489785,0.681196,206.0829,Cube,0,0,0.5,0.5,0.5,0.5,1,0.999999,Valid,#NAME?
06:41.7,3149,41.0653,3.509927,1.225456,184.1984,353.9711,7.656545,357.6734,0,0,0,3.510856,1.232199,184.2112,-0.046981,-0.023623,0.998616,2.481872,0.714796,206.0829,Cube,0,0,0.5,0.5,0.5,0.5,1,1,Valid,#NAME?
06:41.7,3150,41.0766,3.509277,1.225538,184.2089,353.999,7.644536,357.6678,0,0,0,3.510203,1.232274,184.2216,-0.047276,-0.023481,0.998606,2.475243,0.718235,206.0829,Cube,0,0,0.5,0.5,0.5,0.5,1,1,Valid,#NAME?
06:41.7,3151,41.1048,3.50727,1.22566,184.2401,353.9631,7.642977,357.6724,0,0,0,3.508195,1.232405,184.2529,-0.047479,-0.022,0.99863,2.470306,0.751488,206.0829,Cube,0,0,0.5,0.5,0.5,0.5,1,1,Valid,#NAME?
06:41.7,3152,41.1211,3.506604,1.225717,184.251,353.8793,7.622311,357.7077,0,0,0,3.507521,1.232479,184.2637,-0.047881,-0.020578,0.998641,2.461379,0.782876,206.0829,Cube,0,0,0.5,0.5,0.5,0.5,1,1,Valid,#NAME?
06:41.8,3153,41.1332,3.505981,1.225863,184.2615,353.8112,7.613971,357.7198,0,0,0,3.506893,1.23264,184.2742,-0.048108,-0.020414,0.998633,2.456288,0.786818,206.0829,Cube,0,0,0.5,0.5,0.5,0.5,1,1,Valid,#NAME?
06:41.8,3154,41.1553,3.504635,1.225927,184.2816,353.7071,7.638662,357.7741,0,0,0,3.505546,1.232727,184.2943,-0.048458,-0.03365,0.998258,2.447866,0.498265,206.0829,Cube,0,0,0.5,0.5,0.5,0.5,1,1,Valid,#NAME?
06:41.8,3155,41.1758,3.503254,1.225995,184.3016,353.6741,7.648297,357.7706,0,0,0,3.504167,1.232801,184.3142,0.004739,0.027457,0.999612,3.60737,1.830746,206.0829,Cube,0,0,0.5,0.5,0.5,0.5,1,1,Valid,#NAME?
06:41.8,3156,41.1977,3.501842,1.225861,184.3215,353.646,7.717705,357.78,0,0,0,3.502769,1.232674,184.3342,-0.03505,0.081218,0.99608,2.737468,3.006017,206.0829,Cube,0,0,0.5,0.5,0.5,0.5,0.931915,0.512,Valid,#NAME?
06:41.8,3157,41.2193,3.500334,1.225737,184.3416,353.5933,7.767104,357.7658,0,0,0,3.501272,1.232562,184.3542,-0.044564,0.056051,0.997433,2.530456,2.453615,206.0829,Cube,0,0,0.5,0.5,0.5,0.5,0.931897,0.531271,Valid,#NAME?
06:41.9,3158,41.2412,3.498881,1.225906,184.3613,353.4579,7.821068,357.7366,0,0,0,3.499832,1.232761,184.3739,0.016244,-0.016407,0.999733,3.852575,0.876491,206.0829,Cube,0,0,0.5,0.5,0.5,0.5,0.945518,0.660726,Valid,#NAME?
06:41.9,3159,41.2703,3.496745,1.225969,184.3899,353.3607,7.859156,357.6973,0,0,0,3.497706,1.232847,184.4025,0.042391,-0.027194,0.998731,4.417932,0.642524,206.0829,Cube,0,0,0.5,0.5,0.5,0.5,0.945518,0.728581,Valid,#NAME?
06:41.9,3160,41.2778,3.496623,1.225901,184.3902,353.3479,7.872719,357.6512,0,0,0,3.497591,1.232781,184.4028,0.042514,-0.026896,0.998734,4.420473,0.648927,206.0829,Cube,0,0,0.5,0.5,0.5,0.5,0.945518,0.728581,Valid,#NAME?
06:41.9,3161,41.2887,3.495773,1.225911,184.3999,353.3591,7.862115,357.6151,0,0,0,3.496742,1.232789,184.4126,0.03966,-0.02922,0.998786,4.357235,0.598812,206.0829,Cube,0,0,0.5,0.5,0.5,0.5,0.965131,0.728581,Valid,#NAME?
06:41.9,3162,41.31,3.494277,1.225908,184.4191,353.4247,7.847308,357.6564,0,0,0,3.49524,1.232771,184.4317,0.041915,-0.034691,0.998519,4.404096,0.480544,206.0829,Cube,0,0,0.5,0.5,0.5,0.5,0.972105,0.782865,Valid,#NAME?
06:42.0,3163,41.3316,3.492698,1.225661,184.4381,353.5723,7.805552,357.6331,0,0,0,3.493657,1.232492,184.4508,0.036751,-0.036624,0.998653,4.289738,0.439163,206.0829,Cube,0,0,0.5,0.5,0.5,0.5,0.985718,0.888827,Valid,#NAME?
06:42.0,3164,41.3598,3.490305,1.225426,184.4655,353.8225,7.716817,357.6311,0,0,0,3.491249,1.232202,184.4782,0.035923,-0.044447,0.998366,4.268638,0.270368,206.0829,Cube,0,0,0.5,0.5,0.5,0.5,0.99415,0.954464,Valid,#NAME?
06:42.0,3165,41.3819,3.48875,1.22544,184.4838,353.8912,7.673779,357.6888,0,0,0,3.48968,1.2322,184.4965,0.035249,-0.046119,0.998314,4.25186,0.234972,206.0829,Cube,0,0,0.5,0.5,0.5,0.5,0.996256,0.970857,Valid,#NAME?
06:42.0,3166,41.4029,3.487229,1.225595,184.5021,353.9118,7.646321,357.7421,0,0,0,3.488149,1.23235,184.5148,0.035238,-0.048149,0.998219,4.249532,0.19202,206.0829,Cube,0,0,0.5,0.5,0.5,0.5,0.997604,0.981348,Valid,#NAME?
06:42.1,3167,41.4309,3.485649,1.225724,184.5206,353.8618,7.633856,357.794,0,0,0,3.48656,1.232489,184.5333,0.035687,-0.052088,0.998005,4.257149,0.107771,206.0829,Cube,0,0,0.5,0.5,0.5,0.5,0.998083,0.985079,Valid,#NAME?
06:42.1,3168,41.4387,3.484971,1.22588,184.5294,353.8354,7.630603,357.786,0,0,0,3.485882,1.232651,184.5421,0.035612,-0.051618,0.998032,4.254507,0.118568,206.0829,Cube,0,0,0.5,0.5,0.5,0.5,0.999215,0.993888,Valid,#NAME?
06:42.1,3169,41.4499,3.484134,1.22586,184.5383,353.7896,7.648048,357.7899,0,0,0,3.485046,1.232641,184.551,0.038544,-0.080128,0.996039,4.077965,0.000032,199.8731,Road,0,0,0.5,0.5,0.5,0.5,0.999215,0.993888,Valid,#NAME?
06:42.1,3170,41.4731,3.4827,1.225914,184.5558,353.791,7.67826,357.7884,0,0,0,3.483621,1.232695,184.5685,0.059386,-0.157383,0.985751,3.948745,0.00003,192.2892,Road,0,0,0.5,0.5,0.5,0.5,0.999678,0.997497,Valid,#NAME?
06:42.1,3171,41.5033,3.480417,1.225716,184.5823,353.8638,7.756576,357.7724,0,0,0,3.481357,1.232481,184.595,0.061114,-0.169273,0.983673,3.926322,0.00003,191.757,Road,0,0,0.5,0.5,0.5,0.5,0.999794,0.998398,Valid,#NAME?
06:42.1,3172,41.5144,3.479603,1.225672,184.5913,353.8318,7.791684,357.7891,0,0,0,3.480549,1.232444,184.604,0.061809,-0.168744,0.98372,3.931968,0.00003,191.7885,Road,0,0,0.5,0.5,0.5,0.5,0.999794,0.998398,Valid,#NAME?
06:42.1,3173,41.5243,3.478834,1.225696,184.6002,353.7963,7.804927,357.7892,0,0,0,3.479782,1.232476,184.6129,0.060641,-0.160084,0.985239,3.946639,0.00003,192.198,Road,0,0,0.5,0.5,0.5,0.5,0.999916,0.999344,Valid,#NAME?
06:42.2,3174,41.5444,3.477964,1.225907,184.6092,353.695,7.837031,357.8628,0,0,0,3.47891,1.232708,184.6219,0.062324,-0.158228,0.985434,3.964445,0.00003,192.2989,Road,0,0,0.5,0.5,0.5,0.5,0.999916,0.999344,Valid,#NAME?
06:42.2,3175,41.5649,3.476405,1.226014,184.6264,353.5885,7.828392,357.8947,0,0,0,3.477345,1.232838,184.639,0.063458,-0.15635,0.985661,3.977709,0.00003,192.4109,Road,0,0,0.5,0.5,0.5,0.5,0.999957,0.999664,Valid,#NAME?
06:42.2,3176,41.5918,3.474184,1.225982,184.6517,353.5442,7.791394,357.9419,0,0,0,3.47511,1.232815,184.6643,0.063953,-0.158108,0.985349,3.973759,0.00003,192.3472,Road,0,0,0.5,0.5,0.5,0.5,0.999966,0.999731,Valid,#NAME?
06:42.2,3177,41.6081,3.473043,1.225853,184.6607,353.5123,7.699839,357.9865,0,0,0,3.473946,1.232693,184.6734,0.06264,-0.157328,0.985558,3.96473,0.00003,192.3952,Road,0,0,0.5,0.5,0.5,0.5,0.999986,0.99989,Valid,#NAME?
06:42.2,3178,41.6191,3.472162,1.225801,184.6693,353.508,7.654186,357.9897,0,0,0,3.473054,1.232642,184.682,0.061548,-0.156725,0.985723,3.957119,0.00003,192.4345,Road,0,0,0.5,0.5,0.5,0.5,0.999991,0.99993,Valid,#NAME?
06:42.3,3179,41.641,3.470464,1.225767,184.6861,353.5237,7.563549,358.0068,0,0,0,3.471334,1.232604,184.6988,0.060398,-0.156889,0.985768,3.945838,0.00003,192.4433,Road,0,0,0.5,0.5,0.5,0.5,0.999994,0.999955,Valid,#NAME?
06:42.3,3180,41.6622,3.46874,1.22569,184.7026,353.5785,7.441816,358.0364,0,0,0,3.469582,1.232515,184.7153,0.05573,-0.159592,0.985609,3.899966,0.00003,192.3269,Road,0,0,0.5,0.5,0.5,0.5,0.999996,0.999971,Valid,#NAME?
06:42.3,3181,41.684,3.46705,1.225559,184.719,353.644,7.285853,358.0818,0,0,0,3.467853,1.232368,184.7317,0.05382,-0.160484,0.98557,3.881126,0.00003,192.2998,Road,0,0,0.5,0.5,0.5,0.5,0.999999,0.999988,Valid,#NAME?
06:42.3,3182,41.7043,3.465311,1.22523,184.7354,353.7495,7.090142,358.0787,0,0,0,3.466074,1.232016,184.748,0.050958,-0.164542,0.985053,3.847617,0.00003,192.1235,Road,0,0,0.5,0.5,0.5,0.5,0.999999,0.999988,Valid,#NAME?
06:42.3,3183,41.7148,3.464418,1.225086,184.7435,353.82,6.98737,358.0772,0,0,0,3.465158,1.231856,184.7563,0.052149,-0.163812,0.985112,3.857302,0.00003,192.164,Road,0,0,0.5,0.5,0.5,0.5,0.999999,0.999988,Valid,#NAME?
06:42.4,3184,41.7362,3.462718,1.224921,184.7595,353.9337,6.788882,358.0598,0,0,0,3.463418,1.231666,184.7722,0.082674,-0.067198,0.994309,4.978706,0.000032,202.9963,Road,0,0,0.5,0.5,0.5,0.5,0.999999,0.799991,Valid,#NAME?
06:42.4,3185,41.763,3.46103,1.224729,184.775,354.0824,6.595155,358.0438,0,0,0,3.461691,1.231441,184.7878,-0.008895,0.14918,0.98877,3.270119,4.444339,206.0829,Cube,0,0,0.5,0.5,0.5,0.5,0.64,0.327676,Valid,#NAME?
06:42.4,3186,41.7785,3.45931,1.224443,184.7904,354.274,6.357935,358.0175,0,0,0,3.459922,1.231114,184.8032,-0.012913,0.145955,0.989207,3.182136,4.370881,206.0829,Cube,0,0,0.5,0.5,0.5,0.5,0.58073,0.16777,Valid,#NAME?
06:42.4,3187,41.7897,3.458447,1.224294,184.7981,354.3724,6.244538,358.0078,0,0,0,3.459036,1.230942,184.8108,-0.014836,0.144289,0.989424,3.14007,4.333068,206.0829,Cube,0,0,0.5,0.5,0.5,0.5,0.58073,0.16777,Valid,#NAME?
06:42.4,3188,41.811,3.457295,1.224048,184.806,354.4794,6.017734,357.9804,0,0,0,3.457838,1.230672,184.8188,-0.018702,0.142513,0.989616,3.055972,4.292884,206.0829,Cube,0,0,0.5,0.5,0.5,0.5,0.58073,0.16777,Valid,#NAME?
06:42.5,3189,41.8314,3.455678,1.223956,184.8212,354.5388,5.821359,357.944,0,0,0,3.456181,1.230568,184.834,-0.02205,0.141572,0.989682,2.982755,4.270193,206.0829,Cube,0,0,0.5,0.5,0.5,0.5,0.619163,0,Valid,#NAME?
06:42.5,3190,41.8529,3.454123,1.223916,184.8357,354.5712,5.646548,357.8897,0,0,0,3.454592,1.230521,184.8485,-0.025018,0.141131,0.989675,2.917808,4.258624,206.0829,Cube,0,0,0.5,0.5,0.5,0.5,0.608774,0,Valid,#NAME?
06:42.5,3191,41.8751,3.452629,1.223924,184.8501,354.6195,5.501355,357.8331,0,0,0,3.453071,1.23052,184.8629,-0.027469,0.140424,0.989711,2.864124,4.241293,206.0829,Cube,0,0,0.5,0.5,0.5,0.5,0.480718,0,Valid,#NAME?
06:42.5,3192,41.8986,3.451189,1.223798,184.8643,354.6708,5.383667,357.7619,0,0,0,3.451612,1.230383,184.8772,-0.029432,0.139695,0.989757,2.821025,4.22338,206.0829,Cube,0,0,0.5,0.5,0.5,0.5,0.196902,0,Valid,#NAME?
06:42.5,3193,41.9251,3.449257,1.223687,184.8857,354.6986,5.307516,357.7074,0,0,0,3.449668,1.230267,184.8985,-0.030697,0.139334,0.98977,2.792652,4.212492,206.0829,Cube,0,0,0.5,0.5,0.5,0.5,0.100814,0,Valid,#NAME?
06:42.6,3194,41.9335,3.448619,1.223662,184.8925,354.6975,5.281732,357.6806,0,0,0,3.449027,1.230243,184.9053,-0.031121,0.13941,0.989746,2.783139,4.213189,206.0829,Cube,0,0,0.5,0.5,0.5,0.5,0.100814,0,Valid,#NAME?
06:42.6,3195,41.9442,3.448494,1.223803,184.8927,354.6619,5.261724,357.6785,0,0,0,3.448494,1.223803,184.8927,0.091308,0.093032,0.991468,5.288398,3.098459,204.8713,Arch,0,0,0.5,0.5,0.5,0.5,0.100814,0,Invalid,#NAME?
06:42.6,3196,41.9653,3.447406,1.223887,184.9063,354.6288,5.238471,357.7085,0,0,0,3.447406,1.223887,184.9063,0.0909,0.093607,0.991451,5.283939,3.115111,204.9374,Arch,0,0,0.5,0.5,0.5,0.5,0,0,Invalid,#NAME?
06:42.6,3197,41.9852,3.446362,1.223978,184.92,354.5773,5.216518,357.728,0,0,0,3.446362,1.223978,184.92,0.090513,0.094502,0.991401,5.278198,3.136561,204.9844,Arch,0,0,0.5,0.5,0.5,0.5,0.135873,0,Invalid,#NAME?
06:42.6,3198,42.0068,3.44539,1.224097,184.9336,354.5258,5.210159,357.728,0,0,0,3.445776,1.230715,184.9464,-0.032434,0.142254,0.989299,2.75282,4.269995,206.0829,Cube,0,0,0.5,0.5,0.5,0.5,0.307292,0.120517,Valid,#NAME?
06:42.7,3199,42.0283,3.444502,1.224113,184.9472,354.4856,5.23429,357.7067,0,0,0,3.444895,1.23074,184.96,-0.032009,0.142988,0.989207,2.761394,4.284021,206.0829,Cube,0,0,0.5,0.5,0.5,0.5,0.307292,0.120517,Valid,#NAME?
06:42.7,3200,42.0499,3.443785,1.224215,184.9602,354.4377,5.285088,357.6992,0,0,0,3.444189,1.230853,184.973,-0.030905,0.143746,0.989132,2.784626,4.298655,206.0829,Cube,0,0,0.5,0.5,0.5,0.5,0.731682,0.619228,Valid,#NAME?
06:42.7,3201,42.0667,3.44343,1.224258,184.9667,354.4172,5.308743,357.6958,0,0,0,3.44384,1.230901,184.9795,0.046622,0.130819,0.99031,4.43735,4.018639,206.0829,Cube,0,0,0.5,0.5,0.5,0.5,0.731682,0.619228,Valid,#NAME?
06:42.7,3202,42.0744,3.443075,1.224449,184.9731,354.4347,5.337482,357.7005,0,0,0,3.443491,1.231088,184.9859,0.04712,0.130512,0.990326,4.447282,4.011395,206.0829,Cube,0,0,0.5,0.5,0.5,0.5,0.731682,0.619228,Valid,#NAME?
06:42.7,3203,42.085,3.442845,1.224394,184.9796,354.427,5.38391,357.697,0,0,0,3.443273,1.231034,184.9924,0.061156,0.13041,0.989572,4.746665,4.010423,206.0829,Cube,0,0,0.5,0.5,0.5,0.5,0.861747,0.756306,Valid,#NAME?
06:42.7,3204,42.0961,3.442557,1.224417,184.9861,354.4124,5.42614,357.6816,0,0,0,3.442995,1.231061,184.9989,0.081055,0.130663,0.988108,5.081311,3.872061,204.9708,Arch,0,0,0.5,0.5,0.5,0.5,0.861747,0.756306,Valid,#NAME?
06:42.7,3205,42.1189,3.44207,1.224473,184.9991,354.3713,5.527608,357.6418,0,0,0,3.442533,1.231127,185.0118,0.100528,0.131752,0.986172,5.179039,3.506982,202.0468,Arch,0,0,0.5,0.5,0.5,0.5,0.861747,0.756306,Valid,#NAME?
06:42.8,3206,42.1291,3.441804,1.224493,185.0056,354.3401,5.590306,357.6409,0,0,0,3.442281,1.231154,185.0183,0.112762,0.133317,0.984638,5.224277,3.337991,200.5788,Arch,0,0,0.5,0.5,0.5,0.5,0.911518,0.875229,Valid,#NAME?
06:42.8,3207,42.1498,3.441368,1.224561,185.0178,354.2936,5.688132,357.6293,0,0,0,3.441867,1.231233,185.0306,0.117596,0.135866,0.983723,5.233974,3.301764,200.0221,Arch,0,0,0.5,0.5,0.5,0.5,0.911518,0.875229,Valid,#NAME?
06:42.8,3208,42.1724,3.440958,1.224596,185.0301,354.2583,5.789836,357.5912,0,0,0,3.441483,1.231275,185.0429,0.122469,0.138599,0.982747,5.242585,3.269598,199.4957,Arch,0,0,0.5,0.5,0.5,0.5,0.963758,0.948894,Valid,#NAME?
06:42.8,3209,42.1928,3.440515,1.224713,185.0424,354.1987,5.882085,357.563,0,0,0,3.441062,1.231406,185.0552,0.131062,0.143458,0.98094,5.256306,3.218338,198.6415,Arch,0,0,0.5,0.5,0.5,0.5,0.985155,0.979067,Valid,#NAME?
06:42.8,3210,42.2148,3.440269,1.225037,185.0549,354.0464,5.979421,357.582,0,0,0,3.440835,1.231764,185.0677,0.133589,0.149344,0.97972,5.247443,3.251449,198.3171,Arch,0,0,0.5,0.5,0.5,0.5,0.988124,0.983254,Valid,#NAME?
06:42.9,3211,42.2475,3.439542,1.225354,185.073,353.811,6.066364,357.6324,0,0,0,3.440119,1.232132,185.0857,0.137297,0.161234,0.97732,5.226444,3.329894,197.8013,Arch,0,0,0.5,0.5,0.5,0.5,0.996887,0.99561,Valid,#NAME?
06:42.9,3212,42.2593,3.439762,1.225596,185.079,353.6387,6.119482,357.6322,0,0,0,3.440349,1.232413,185.0917,0.138464,0.166467,0.976277,5.216352,3.367595,197.6139,Arch,0,0,0.5,0.5,0.5,0.5,0.996887,0.99561,Valid,#NAME?
06:42.9,3213,42.2708,3.439658,1.22576,185.085,353.5956,6.13791,357.6327,0,0,0,3.440248,1.232587,185.0977,0.139063,0.169613,0.97565,5.210039,3.391177,197.5143,Arch,0,0,0.5,0.5,0.5,0.5,0.99751,0.996488,Valid,#NAME?
06:42.9,3214,42.2925,3.439429,1.225791,185.0967,353.5574,6.169838,357.6096,0,0,0,3.440028,1.232626,185.1094,0.139901,0.172787,0.974973,5.204502,3.411862,197.4061,Arch,0,0,0.5,0.5,0.5,0.5,0.99751,0.996488,Valid,#NAME?
06:42.9,3215,42.3147,3.439176,1.225816,185.1085,353.5145,6.182692,357.5534,0,0,0,3.439782,1.232661,185.1212,0.139587,0.185246,0.972728,5.172353,3.531959,197.1948,Arch,0,0,0.5,0.5,0.5,0.5,0.999184,0.998849,Valid,#NAME?
06:43.0,3216,42.3359,3.438996,1.226024,185.1202,353.4203,6.163196,357.5087,0,0,0,3.439602,1.232891,185.1328,0.138858,0.193727,0.971179,5.149283,3.61814,197.0904,Arch,0,0,0.5,0.5,0.5,0.5,0.999184,0.998849,Valid,#NAME?
06:43.0,3217,42.3466,3.438909,1.226095,185.1258,353.3399,6.146411,357.4621,0,0,0,3.439513,1.23298,185.1385,0.13861,0.195076,0.970944,5.145174,3.633489,197.0864,Arch,0,0,0.5,0.5,0.5,0.5,0.999478,0.999264,Valid,#NAME?
06:43.0,3218,42.3686,3.438713,1.226448,185.1373,353.1872,6.103949,357.4345,0,0,0,3.439309,1.233367,185.15,0.132616,0.209558,0.968761,5.089593,3.841123,197.2053,Arch,0,0,0.5,0.5,0.5,0.5,0.999733,0.999529,Valid,#NAME?
06:43.0,3219,42.3967,3.438522,1.226675,185.1488,353.0547,6.004786,357.3931,0,0,0,3.439099,1.233624,185.1614,0.077974,0.224295,0.971397,4.587504,4.537035,199.4681,Arch,0,0,0.5,0.5,0.5,0.5,0.999733,0.999529,Valid,#NAME?
06:43.0,3220,42.4129,3.438319,1.22679,185.1602,352.9217,5.871018,357.3291,0,0,0,3.43887,1.233768,185.1728,0.076035,0.236685,0.968607,4.519357,4.597133,198.937,Arch,0,0,0.5,0.5,0.5,0.5,0.89775,0.511759,Valid,#NAME?
06:43.0,3221,42.4247,3.438232,1.226868,185.1659,352.8659,5.784641,357.2729,0,0,0,3.438769,1.23386,185.1785,0.073663,0.202591,0.976489,4.627111,4.502109,200.9315,Arch,0,0,0.5,0.5,0.5,0.5,0.867866,0.409407,Valid,#NAME?
06:43.1,3222,42.4468,3.438031,1.227181,185.1769,352.7217,5.634646,357.2101,0,0,0,3.43854,1.234205,185.1895,0.069026,0.141679,0.987503,4.89899,4.231832,206.0829,Cube,0,0,0.5,0.5,0.5,0.5,0.863084,0.262021,Valid,#NAME?
06:43.1,3223,42.4684,3.43783,1.227322,185.188,352.6334,5.491332,357.0908,0,0,0,3.438316,1.234367,185.2005,0.066999,0.033367,0.997195,4.841342,1.933103,206.0829,Cube,0,0,0.5,0.5,0.5,0.5,0.878384,0.556031,Valid,#NAME?
06:43.1,3224,42.4915,3.437619,1.227327,185.1991,352.5768,5.334903,356.9624,0,0,0,3.438083,1.234386,185.2117,0.062929,-0.00607,0.998,4.754118,1.107448,206.0829,Cube,0,0,0.5,0.5,0.5,0.5,0.878384,0.644824,Valid,#NAME?
06:43.1,3225,42.5145,3.437384,1.22742,185.2103,352.542,5.180663,356.8279,0,0,0,3.437826,1.234488,185.2229,0.065966,-0.056071,0.996245,4.819072,0.060446,206.0829,Cube,0,0,0.5,0.5,0.5,0.5,0.950186,0.71586,Valid,#NAME?
06:43.2,3226,42.5493,3.436893,1.227415,185.2266,352.6258,4.977103,356.6538,0,0,0,3.437306,1.234467,185.2392,0.070088,-0.115844,0.990792,4.184164,0.000031,195.797,Road,0,0,0.5,0.5,0.5,0.5,0.979596,0.883616,Valid,#NAME?
06:43.2,3227,42.5774,3.436457,1.227261,185.2373,352.7851,4.810331,356.6184,0,0,0,3.436839,1.234279,185.2499,0.069282,-0.146966,0.986712,4.018681,0.000031,193.5365,Road,0,0,0.5,0.5,0.5,0.5,0.991643,0.952329,Valid,#NAME?
06:43.2,3228,42.5842,3.436229,1.22718,185.2426,352.8249,4.726617,356.6203,0,0,0,3.436594,1.234189,185.2552,0.06784,-0.147654,0.98671,4.003636,0.000031,193.5026,Road,0,0,0.5,0.5,0.5,0.5,0.991643,0.952329,Valid,#NAME?
06:43.2,3229,42.5953,3.436017,1.2272,185.2481,352.8536,4.609026,356.6512,0,0,0,3.436353,1.234201,185.2607,0.065832,-0.173538,0.982624,3.90454,0.00003,192.2489,Road,0,0,0.5,0.5,0.5,0.5,0.993314,0.961863,Valid,#NAME?
06:43.2,3230,42.6166,3.435465,1.227174,185.2588,352.8244,4.472046,356.6884,0,0,0,3.435767,1.234182,185.2714,0.065693,-0.175808,0.98223,3.896927,0.00003,192.1666,Road,0,0,0.5,0.5,0.5,0.5,0.995721,0.975593,Valid,#NAME?
06:43.3,3231,42.6382,3.434994,1.227295,185.2694,352.8439,4.317787,356.7607,0,0,0,3.435256,1.234298,185.282,0.064548,-0.173221,0.982766,3.895185,0.00003,192.2846,Road,0,0,0.5,0.5,0.5,0.5,0.997809,0.987503,Valid,#NAME?
06:43.3,3232,42.6608,3.43457,1.227323,185.2796,352.8831,4.172463,356.8444,0,0,0,3.434793,1.234316,185.2923,0.064302,-0.175503,0.982377,3.887018,0.00003,192.2011,Road,0,0,0.5,0.5,0.5,0.5,0.998598,0.992002,Valid,#NAME?
06:43.3,3233,42.6841,3.434139,1.227067,185.2899,352.9598,4.051143,356.9011,0,0,0,3.43433,1.234043,185.3025,0.066562,-0.177539,0.98186,3.896982,0.00003,192.127,Road,0,0,0.5,0.5,0.5,0.5,0.999282,0.995905,Valid,#NAME?
06:43.3,3234,42.708,3.433756,1.226874,185.3,353.05,4.000235,356.9479,0,0,0,3.433932,1.233829,185.3127,0.054128,-0.16966,0.984015,3.827559,0.00003,192.4686,Road,0,0,0.5,0.5,0.5,0.5,0.999282,0.995905,Valid,#NAME?
06:43.4,3235,42.7393,3.433113,1.226713,185.3148,353.1293,3.978568,357.0145,0,0,0,3.433278,1.23365,185.3274,-0.013853,-0.147315,0.988993,3.317269,0.000031,193.6093,Road,0,0,0.5,0.5,0.5,0.5,0.999706,0.997903,Valid,#NAME?
06:43.4,3236,42.7572,3.432899,1.226426,185.3244,353.2193,3.987895,357.0597,0,0,0,3.433063,1.233342,185.3371,-0.113654,-0.028534,0.993111,1.058849,0.637281,206.0829,Cube,0,0,0.5,0.5,0.5,0.5,0.999706,0.798323,Valid,#NAME?
06:43.4,3237,42.7687,3.432836,1.226292,185.3292,353.3056,4.013043,357.0533,0,0,0,3.433007,1.23319,185.3418,-0.19169,0.076311,0.978484,-0.630269,2.850766,206.0829,Cube,0,0,0.5,0.5,0.5,0.5,0.999706,0.798323,Valid,#NAME?
06:43.4,3238,42.7807,3.432771,1.226112,185.3339,353.3796,4.051228,357.0319,0,0,0,3.432953,1.232994,185.3466,-0.206786,0.063047,0.976353,-0.958874,2.572031,206.0829,Cube,0,0,0.5,0.5,0.5,0.5,0.972006,0.471058,Valid,#NAME?
06:43.4,3239,42.8044,3.432691,1.225935,185.3434,353.4944,4.167035,356.9527,0,0,0,3.432907,1.232792,185.3561,-0.179089,0.005634,0.983817,-0.340116,1.351483,206.0829,Cube,0,0,0.5,0.5,0.5,0.5,0.977605,0.520911,Valid,#NAME?
06:43.5,3240,42.8285,3.432611,1.225893,185.3528,353.5744,4.27423,356.9046,0,0,0,3.432857,1.232733,185.3654,-0.036764,-0.153833,0.987413,3.138255,0.000031,193.2778,Road,0,0,0.5,0.5,0.5,0.5,0.982084,0.780573,Valid,#NAME?
06:43.5,3241,42.8532,3.432579,1.225837,185.3617,353.6149,4.385941,356.8957,0,0,0,3.43285,1.232668,185.3744,0.042835,-0.208274,0.977132,3.686359,0.00003,191.1574,Road,0,0,0.5,0.5,0.5,0.5,0.982084,0.780573,Valid,#NAME?
06:43.5,3242,42.8792,3.43217,1.225931,185.375,353.5939,4.46188,356.8653,0,0,0,3.432461,1.232767,185.3876,0.066274,-0.216181,0.974101,3.810377,0.00003,190.9423,Road,0,0,0.5,0.5,0.5,0.5,0.982084,0.859567,Valid,#NAME?
06:43.5,3243,42.9088,3.431956,1.226013,185.3838,353.5354,4.501895,356.8345,0,0,0,3.432259,1.232862,185.3965,0.066292,-0.214415,0.97449,3.81342,0.00003,190.9996,Road,0,0,0.5,0.5,0.5,0.5,0.990827,0.942479,Valid,#NAME?
06:43.5,3244,42.926,3.431664,1.22615,185.3927,353.4576,4.514898,356.843,0,0,0,3.431967,1.233017,185.4054,0.063073,-0.214859,0.974606,3.793914,0.00003,190.9983,Road,0,0,0.5,0.5,0.5,0.5,0.994129,0.963186,Valid,#NAME?
06:43.6,3245,42.9384,3.431541,1.226212,185.397,353.4027,4.497912,356.8482,0,0,0,3.43184,1.23309,185.4096,0.058883,-0.214889,0.974862,3.769717,0.00003,191.0035,Road,0,0,0.5,0.5,0.5,0.5,0.996243,0.976439,Valid,#NAME?
06:43.6,3246,42.9628,3.431243,1.22638,185.4055,353.2906,4.439076,356.8771,0,0,0,3.431524,1.233284,185.4182,0.057715,-0.215195,0.974864,3.762278,0.00003,191.005,Road,0,0,0.5,0.5,0.5,0.5,0.996243,0.976439,Valid,#NAME?
06:43.6,3247,42.9879,3.43084,1.226488,185.4142,353.1604,4.350953,356.898,0,0,0,3.4311,1.233419,185.4268,0.051569,-0.214222,0.975423,3.728009,0.00003,191.0428,Road,0,0,0.5,0.5,0.5,0.5,0.997595,0.984921,Valid,#NAME?
06:43.6,3248,43.0136,3.430093,1.226749,185.4272,353.0244,4.177576,356.942,0,0,0,3.430308,1.233711,185.4398,0.049851,-0.215026,0.975335,3.716324,0.00003,191.0356,Road,0,0,0.5,0.5,0.5,0.5,0.999212,0.995059,Valid,#NAME?
06:43.6,3249,43.0247,3.429853,1.226859,185.4316,352.9744,4.091577,356.9296,0,0,0,3.430051,1.23383,185.4442,0.048329,-0.214168,0.9756,3.70847,0.00003,191.0645,Road,0,0,0.5,0.5,0.5,0.5,0.999212,0.995059,Valid,#NAME?
06:43.7,3250,43.0482,3.42937,1.226998,185.44,352.8681,3.917599,356.9523,0,0,0,3.429526,1.233994,185.4526,0.044882,-0.214256,0.975746,3.688014,0.00003,191.0722,Road,0,0,0.5,0.5,0.5,0.5,0.999597,0.99747,Valid,#NAME?
06:43.7,3251,43.0777,3.428854,1.227026,185.4483,352.8279,3.754947,356.9491,0,0,0,3.428974,1.23403,185.4609,0.040708,-0.215868,0.975574,3.661682,0.00003,191.0378,Road,0,0,0.5,0.5,0.5,0.5,0.999835,0.998964,Valid,#NAME?
06:43.7,3252,43.0947,3.428337,1.227048,185.4568,352.7582,3.531031,356.9262,0,0,0,3.42841,1.234068,185.4694,0.036778,-0.214671,0.975994,3.639825,0.00003,191.0799,Road,0,0,0.5,0.5,0.5,0.5,0.999868,0.999171,Valid,#NAME?
06:43.7,3253,43.1067,3.428074,1.227083,185.4611,352.7387,3.408384,356.8946,0,0,0,3.428123,1.234107,185.4737,0.035012,-0.215296,0.975921,3.62881,0.00003,191.0677,Road,0,0,0.5,0.5,0.5,0.5,0.999932,0.999576,Valid,#NAME?
06:43.8,3254,43.1304,3.427505,1.227196,185.4697,352.6998,3.138681,356.8581,0,0,0,3.427497,1.234229,185.4822,0.031304,-0.215469,0.976009,3.606805,0.00003,191.0728,Road,0,0,0.5,0.5,0.5,0.5,0.999932,0.999576,Valid,#NAME?
06:43.8,3255,43.1543,3.42688,1.227256,185.4778,352.6331,2.891275,356.7836,0,0,0,3.426825,1.234305,185.4904,0.027457,-0.215593,0.976097,3.584016,0.00003,191.0786,Road,0,0,0.5,0.5,0.5,0.5,0.999978,0.999861,Valid,#NAME?
06:43.8,3256,43.1786,3.425997,1.227412,185.4898,352.5298,2.643058,356.7896,0,0,0,3.425886,1.234483,185.5024,0.023237,-0.214605,0.976424,3.559548,0.00003,191.119,Road,0,0,0.5,0.5,0.5,0.5,0.999986,0.999911,Valid,#NAME?
06:43.8,3257,43.2021,3.425478,1.227577,185.4979,352.4598,2.417632,356.7823,0,0,0,3.425318,1.234664,185.5105,0.020064,-0.212912,0.976865,3.541664,0.00003,191.1751,Road,0,0,0.5,0.5,0.5,0.5,0.999993,0.999954,Valid,#NAME?
06:43.9,3258,43.2312,3.424886,1.227677,185.5061,352.4005,2.205293,356.757,0,0,0,3.424681,1.234777,185.5186,-0.074302,-0.09274,0.992914,2.435419,0.000032,198.7383,Road,0,0,0.5,0.5,0.5,0.5,0.999996,0.999971,Valid,#NAME?
06:43.9,3259,43.2399,3.424664,1.227755,185.51,352.3707,2.117592,356.7231,0,0,0,3.424442,1.234861,185.5225,-0.075952,-0.092159,0.992843,2.406774,0.000032,198.8255,Road,0,0,0.5,0.5,0.5,0.5,0.999996,0.999971,Valid,#NAME?
06:43.9,3260,43.2512,3.424468,1.227839,185.5141,352.2553,1.98623,356.7178,0,0,0,3.424218,1.234972,185.5267,-0.096203,-0.026738,0.995003,1.436714,0.682586,206.0829,Cube,0,0,0.5,0.5,0.5,0.5,0.999996,0.999971,Valid,#NAME?
06:43.9,3261,43.2737,3.424101,1.227986,185.522,352.1128,1.863909,356.7074,0,0,0,3.423825,1.23515,185.5345,-0.131468,-0.02259,0.991063,0.698019,0.76678,206.0829,Cube,0,0,0.5,0.5,0.5,0.5,0.999996,0.799977,Valid,#NAME?
06:43.9,3262,43.2963,3.423732,1.22808,185.5299,352.095,1.794524,356.6675,0,0,0,3.423445,1.235248,185.5424,-0.160331,0.007227,0.987037,0.086904,1.38565,206.0829,Cube,0,0,0.5,0.5,0.5,0.5,0.96778,0.511985,Valid,#NAME?
06:43.9,3263,43.3245,3.422989,1.228066,185.5413,352.2303,1.730523,356.5363,0,0,0,3.422701,1.235207,185.5539,-0.154762,-0.014296,0.987849,0.20651,0.938111,206.0829,Cube,0,0,0.5,0.5,0.5,0.5,0.975877,0.645572,Valid,#NAME?
06:44.0,3264,43.3471,3.422525,1.227973,185.5487,352.3271,1.709605,356.5191,0,0,0,3.422234,1.235093,185.5612,-0.122264,-0.039923,0.991695,0.892166,0.408941,206.0829,Cube,0,0,0.5,0.5,0.5,0.5,0.975877,0.645572,Valid,#NAME?
06:44.0,3265,43.3707,3.422102,1.227841,185.5561,352.3419,1.663593,356.6542,0,0,0,3.421788,1.234956,185.5686,-0.049954,-0.10317,0.993409,2.823843,0.000031,197.4596,Road,0,0,0.5,0.5,0.5,0.5,0.980702,0.645572,Valid,#NAME?
06:44.0,3266,43.4004,3.421488,1.227751,185.5669,352.3855,1.585605,356.8407,0,0,0,3.42114,1.234854,185.5795,-0.023624,-0.125542,0.991807,3.188778,0.000031,195.3348,Road,0,0,0.5,0.5,0.5,0.5,0.994941,0.907089,Valid,#NAME?
06:44.0,3267,43.418,3.421394,1.227487,185.5708,352.5002,1.525397,357.027,0,0,0,3.421016,1.234562,185.5833,-0.002924,-0.1342,0.99095,3.39412,0.000031,194.6992,Road,0,0,0.5,0.5,0.5,0.5,0.994941,0.907089,Valid,#NAME?
06:44.1,3268,43.4293,3.421224,1.227315,185.5744,352.5491,1.477078,357.0745,0,0,0,3.420831,1.234379,185.5869,-0.003544,-0.135069,0.99083,3.388439,0.000031,194.6418,Road,0,0,0.5,0.5,0.5,0.5,0.994941,0.907089,Valid,#NAME?
06:44.1,3269,43.4405,3.420963,1.227085,185.5778,352.5664,1.482434,357.1101,0,0,0,3.420568,1.234145,185.5903,0.004036,-0.12148,0.992586,3.46157,0.000031,195.674,Road,0,0,0.5,0.5,0.5,0.5,0.997928,0.952429,Valid,#NAME?
06:44.1,3270,43.464,3.420523,1.226861,185.5847,352.7116,1.352846,357.1962,0,0,0,3.420092,1.233887,185.5972,-0.061921,-0.035986,0.997432,2.148325,0.494785,206.0829,Cube,0,0,0.5,0.5,0.5,0.5,0.998674,0.952429,Valid,#NAME?
06:44.1,3271,43.4878,3.419936,1.226409,185.5915,352.8495,1.2218,357.3047,0,0,0,3.419466,1.233404,185.6041,-0.081049,-0.022065,0.996466,1.75378,0.779944,206.0829,Cube,0,0,0.5,0.5,0.5,0.5,0.798939,0.390115,Valid,#NAME?
06:44.1,3272,43.5121,3.418838,1.225936,185.6014,353.0552,1.00675,357.3751,0,0,0,3.418314,1.232885,185.614,-0.098024,-0.017876,0.995024,1.401827,0.865153,206.0829,Cube,0,0,0.5,0.5,0.5,0.5,0.798939,0.390115,Valid,#NAME?
06:44.2,3273,43.5377,3.417621,1.225758,185.6079,353.2985,0.686054,357.3945,0,0,0,3.417025,1.232653,185.6206,-0.103547,-0.022133,0.994378,1.286238,0.777196,206.0829,Cube,0,0,0.5,0.5,0.5,0.5,0.58327,0.127833,Valid,#NAME?
06:44.2,3274,43.5697,3.416061,1.225414,185.6172,353.5442,0.321292,357.5112,0,0,0,3.415375,1.232253,185.6299,-0.109594,-0.026624,0.99362,1.159443,0.684206,206.0829,Cube,0,0,0.5,0.5,0.5,0.5,0.790403,0.19463,Valid,#NAME?
06:44.2,3275,43.5891,3.414591,1.224928,185.623,353.8363,359.8494,357.7324,0,0,0,3.413778,1.231699,185.6357,-0.186264,-0.030437,0.982028,-0.464497,0.597954,206.0829,Cube,0,0,0.5,0.5,0.5,0.5,0.790403,0.431406,Valid,#NAME?
06:44.2,3276,43.6011,3.413898,1.224706,185.6258,354.0179,359.5855,357.8263,0,0,0,3.413018,1.231436,185.6385,-0.19056,-0.03385,0.981092,-0.557963,0.526064,206.0829,Cube,0,0,0.5,0.5,0.5,0.5,0.790403,0.431406,Valid,#NAME?
06:44.2,3277,43.6132,3.413262,1.224585,185.6285,354.1564,359.3973,357.8619,0,0,0,3.412337,1.231284,185.6413,-0.253763,-0.035712,0.966607,-1.954201,0.476053,206.0829,Cube,0,0,0.5,0.5,0.5,0.5,0.790403,0.431406,Valid,#NAME?
06:44.3,3278,43.6506,3.410749,1.224222,185.6357,354.5935,358.5129,358.0837,0,0,0,3.409606,1.23082,185.6485,-0.292806,-0.048936,0.954919,-2.856185,0.183622,206.0829,Cube,0,0,0.5,0.5,0.5,0.5,0.931319,0.704417,Valid,#NAME?
06:44.3,3279,43.6621,3.409977,1.224235,185.6381,354.691,358.2554,358.1105,0,0,0,3.408773,1.23081,185.6509,-0.297028,-0.050698,0.953522,-2.955938,0.144462,206.0829,Cube,0,0,0.5,0.5,0.5,0.5,0.931319,0.704417,Valid,#NAME?
06:44.3,3280,43.687,3.408388,1.224539,185.6428,354.5901,357.7679,358.2654,0,0,0,3.407062,1.231135,185.6556,-0.292796,-0.06159,0.954189,-2.445538,0.000033,204.7285,Road,0,0,0.5,0.5,0.5,0.5,0.964836,0.848662,Valid,#NAME?
06:44.3,3281,43.7104,3.406947,1.224968,185.6475,354.4823,357.3864,358.3318,0,0,0,3.40553,1.231588,185.6602,-0.287372,-0.063786,0.955693,-2.142911,0.000033,204.1123,Road,0,0,0.5,0.5,0.5,0.5,0.981996,0.922515,Valid,#NAME?
06:44.4,3282,43.7398,3.405367,1.225307,185.6549,354.3788,357.0752,358.4314,0,0,0,3.403872,1.231949,185.6676,-0.27854,-0.079537,0.957126,-0.910319,0.000032,200.4921,Road,0,0,0.5,0.5,0.5,0.5,0.990782,0.960328,Valid,#NAME?
06:44.4,3283,43.7577,3.404058,1.22559,185.6592,354.2868,356.8122,358.5363,0,0,0,3.402495,1.232249,185.6719,-0.278026,-0.087731,0.956559,-0.502482,0.000032,199.1071,Road,0,0,0.5,0.5,0.5,0.5,0.99528,0.979688,Valid,#NAME?
06:44.4,3284,43.7698,3.403419,1.225746,185.6613,354.2343,356.6835,358.5528,0,0,0,3.401827,1.232417,185.674,-0.277093,-0.096312,0.956004,-0.143781,0.000031,197.9068,Road,0,0,0.5,0.5,0.5,0.5,0.99528,0.979688,Valid,#NAME?
06:44.4,3285,43.7935,3.402111,1.226002,185.6658,354.1092,356.5423,358.6198,0,0,0,3.400482,1.2327,185.6784,-0.27623,-0.108657,0.95493,0.266761,0.000031,196.5117,Road,0,0,0.5,0.5,0.5,0.5,0.998067,0.99168,Valid,#NAME?
06:44.4,3286,43.8174,3.400823,1.226269,185.6704,353.94,356.477,358.6801,0,0,0,3.399175,1.233004,185.6831,-0.274068,-0.115208,0.954785,0.466068,0.000031,195.9013,Road,0,0,0.5,0.5,0.5,0.5,0.998763,0.994675,Valid,#NAME?
06:44.5,3287,43.8673,3.398358,1.227199,185.6721,353.4312,356.4402,358.92,0,0,0,3.396685,1.234043,185.6847,-0.266777,-0.133093,0.954524,0.923175,0.000031,194.5349,Road,0,0,0.5,0.5,0.5,0.5,0.999676,0.998604,Valid,#NAME?
06:44.5,3288,43.8968,3.397259,1.22757,185.6721,353.1779,356.4622,359.0161,0,0,0,3.395582,1.234468,185.6846,-0.262545,-0.14384,0.954139,1.142421,0.000031,193.873,Road,0,0,0.5,0.5,0.5,0.5,0.999834,0.999285,Valid,#NAME?
06:44.5,3289,43.9047,3.39676,1.227707,185.6721,353.054,356.4845,359.0701,0,0,0,3.395083,1.234632,185.6847,-0.260316,-0.145244,0.954536,1.182347,0.000031,193.7984,Road,0,0,0.5,0.5,0.5,0.5,0.999894,0.999543,Valid,#NAME?
06:44.5,3290,43.9162,3.395977,1.227781,185.6721,352.9482,356.536,359.175,0,0,0,3.394303,1.234727,185.6846,-0.257027,-0.149942,0.954701,1.277815,0.000031,193.5461,Road,0,0,0.5,0.5,0.5,0.5,0.999932,0.999707,Valid,#NAME?
06:44.6,3291,43.9377,3.394846,1.227825,185.6723,352.8625,356.5953,359.3626,0,0,0,3.393168,1.234787,185.6848,-0.252969,-0.160647,0.954044,1.448807,0.000031,193.0177,Road,0,0,0.5,0.5,0.5,0.5,0.999957,0.999813,Valid,#NAME?
06:44.6,3292,43.9591,3.39365,1.2279,185.6725,352.7235,356.6463,359.617,0,0,0,3.391961,1.234889,185.685,-0.248783,-0.167587,0.953951,1.558815,0.00003,192.7141,Road,0,0,0.5,0.5,0.5,0.5,0.999978,0.999904,Valid,#NAME?
06:44.6,3293,43.9822,3.392461,1.228138,185.6729,352.5769,356.7378,359.9857,0,0,0,3.390759,1.235153,185.6854,-0.25734,-0.176337,0.950096,1.588267,0.00003,192.3401,Road,0,0,0.5,0.5,0.5,0.5,0.999978,0.999904,Valid,#NAME?
06:44.6,3294,44.0055,3.39106,1.228314,185.6734,352.392,356.831,0.204259,0,0,0,3.389359,1.235366,185.6858,-0.276907,-0.166161,0.946421,1.330677,0.00003,192.7221,Road,0,0,0.5,0.5,0.5,0.5,0.999991,0.999951,Valid,#NAME?
06:44.7,3295,44.0306,3.389427,1.228495,185.6739,352.2261,356.9467,0.319329,0,0,0,3.387741,1.23558,185.6864,-0.327291,-0.074844,0.941955,-2.015276,0.000032,201.2364,Road,0,0,0.5,0.5,0.5,0.5,0.999991,0.810036,Valid,#NAME?
06:44.7,3296,44.0609,3.387691,1.228543,185.6744,352.1697,357.0511,0.40114,0,0,0,3.386021,1.23564,185.6868,-0.423356,-0.001274,0.905963,-5.771528,1.208078,205.2836,Arch,0,0,0.5,0.5,0.5,0.5,0.968345,0.650211,Valid,#NAME?
06:44.7,3297,44.0766,3.386184,1.228489,185.6745,352.293,357.0753,0.677367,0,0,0,3.384493,1.235554,185.687,-0.299891,0.020549,0.953752,-3.028659,1.674995,206.0829,Cube,0,0,0.5,0.5,0.5,0.5,0.972458,0.774908,Valid,#NAME?
06:44.7,3298,44.0886,3.385391,1.228361,185.6746,352.3569,357.0403,0.839645,0,0,0,3.383677,1.235409,185.6871,-0.302496,0.006214,0.95313,-3.089378,1.368377,206.0829,Cube,0,0,0.5,0.5,0.5,0.5,0.972458,0.819162,Valid,#NAME?
06:44.7,3299,44.1124,3.383858,1.228166,185.6748,352.5064,356.9852,1.131904,0,0,0,3.382103,1.235175,185.6872,-0.259966,-0.036512,0.964927,-2.112815,0.463425,206.0829,Cube,0,0,0.5,0.5,0.5,0.5,0.972458,0.819162,Valid,#NAME?
06:44.8,3300,44.1354,3.382539,1.227951,185.6747,352.6447,356.9341,1.411964,0,0,0,3.380746,1.234925,185.6872,-0.158379,-0.074177,0.984588,0.744062,0.000032,202.0786,Road,0,0,0.5,0.5,0.5,0.5,0.985898,0.819162,Valid,#NAME?
06:44.8,3301,44.1576,3.381181,1.227618,185.6746,352.7717,356.8216,1.648727,0,0,0,3.379341,1.234559,185.6871,-0.133342,-0.100036,0.986009,1.733779,0.000031,197.8554,Road,0,0,0.5,0.5,0.5,0.5,0.994224,0.925929,Valid,#NAME?
06:44.8,3302,44.1805,3.379904,1.227421,185.6745,352.8743,356.6234,1.816853,0,0,0,3.378004,1.234336,185.687,-0.126061,-0.133138,0.983048,2.209309,0.000031,194.8007,Road,0,0,0.5,0.5,0.5,0.5,0.997043,0.962076,Valid,#NAME?
06:44.8,3303,44.2034,3.378469,1.227177,185.6745,352.9361,356.4163,1.887844,0,0,0,3.376518,1.234076,185.687,-0.125311,-0.145601,0.981375,2.31444,0.000031,194.0046,Road,0,0,0.5,0.5,0.5,0.5,0.998486,0.980583,Valid,#NAME?
06:44.9,3304,44.2335,3.376843,1.226988,185.6745,352.9685,356.1849,1.922853,0,0,0,3.374838,1.233881,185.687,-0.134943,-0.154368,0.978755,2.296246,0.000031,193.5101,Road,0,0,0.5,0.5,0.5,0.5,0.999031,0.987573,Valid,#NAME?
06:44.9,3305,44.2508,3.375297,1.227088,185.6744,352.9545,355.9591,1.980247,0,0,0,3.373237,1.233982,185.6869,-0.13964,-0.158919,0.977367,2.288981,0.000031,193.2758,Road,0,0,0.5,0.5,0.5,0.5,0.999031,0.987573,Valid,#NAME?
06:44.9,3306,44.2617,3.374524,1.227062,185.6744,352.9467,355.8384,2.018101,0,0,0,3.372434,1.233957,185.6869,-0.142494,-0.161299,0.976564,2.282363,0.000031,193.1575,Road,0,0,0.5,0.5,0.5,0.5,0.999683,0.995928,Valid,#NAME?
06:44.9,3307,44.2838,3.373061,1.227233,185.6744,352.9024,355.5795,2.132972,0,0,0,3.370905,1.234136,185.6869,-0.14443,-0.164625,0.975725,2.288196,0.000031,193.0014,Road,0,0,0.5,0.5,0.5,0.5,0.999797,0.997394,Valid,#NAME?
06:44.9,3308,44.3059,3.3727,1.227262,185.6746,352.8947,355.5202,2.162087,0,0,0,3.370527,1.234166,185.6871,-0.145139,-0.167796,0.975079,2.303035,0.00003,192.8587,Road,0,0,0.5,0.5,0.5,0.5,0.999797,0.997394,Valid,#NAME?
06:45.0,3309,44.3312,3.371002,1.227404,185.6746,352.8575,355.2303,2.304259,0,0,0,3.368753,1.234313,185.687,-0.149369,-0.167327,0.974521,2.266937,0.000031,192.8755,Road,0,0,0.5,0.5,0.5,0.5,0.999797,0.997394,Valid,#NAME?
06:45.0,3310,44.3538,3.369658,1.227057,185.6744,353.0475,355.0997,2.579589,0,0,0,3.367355,1.233919,185.6868,-0.353551,0.059798,0.933502,-4.357376,2.540453,206.0829,Cube,0,0,0.5,0.5,0.5,0.5,0.999797,0.997394,Valid,#NAME?
06:45.0,3311,44.3697,3.36897,1.227047,185.6745,353.037,354.9235,2.583395,0,0,0,3.366628,1.233911,185.6869,-0.471948,0.130524,0.871911,-5.13519,3.585207,201.3938,Arch,0,0,0.5,0.5,0.5,0.5,0.999797,0.997394,Valid,#NAME?
06:45.0,3312,44.3771,3.368309,1.226993,185.6743,353.0641,354.8368,2.638942,0,0,0,3.365943,1.23385,185.6868,-0.473295,0.129716,0.871302,-5.140541,3.565217,201.3466,Arch,0,0,0.5,0.5,0.5,0.5,0.999797,0.997394,Valid,#NAME?
06:45.0,3313,44.3889,3.367594,1.227076,185.6743,353.0874,354.7344,2.696343,0,0,0,3.365199,1.233926,185.6868,-0.515795,0.069788,0.853865,-5.445491,2.426034,200.2723,Arch,0,0,0.5,0.5,0.5,0.5,0.999797,0.997394,Valid,#NAME?
06:45.0,3314,44.3994,3.366343,1.227101,185.674,353.0892,354.5382,2.844728,0,0,0,3.363893,1.233947,185.6865,-0.488131,0.030626,0.872233,-5.613821,1.797213,201.7286,Arch,0,0,0.5,0.5,0.5,0.5,0.908687,0.55637,Valid,#NAME?
06:45.0,3315,44.4212,3.365276,1.227353,185.6741,352.9998,354.3658,2.919352,0,0,0,3.362782,1.234218,185.6865,-0.536237,0.078894,0.840372,-5.418678,2.526195,199.4485,Arch,0,0,0.5,0.5,0.5,0.5,0.908687,0.55637,Valid,#NAME?
06:45.1,3316,44.4429,3.364326,1.227627,185.6741,352.8333,354.2097,2.926212,0,0,0,3.3618,1.234528,185.6865,-0.431696,-0.049727,0.900647,-6.054811,0.149836,205.3324,Arch,0,0,0.5,0.5,0.5,0.5,0.962598,0.768249,Valid,#NAME?
06:45.1,3317,44.4641,3.363342,1.227852,185.6743,352.6663,354.0788,2.949811,0,0,0,3.360787,1.23479,185.6866,-0.371414,-0.092103,0.923888,-1.61849,0.000031,198.0725,Road,0,0,0.5,0.5,0.5,0.5,0.962598,0.768249,Valid,#NAME?
06:45.1,3318,44.485,3.362543,1.227948,185.6743,352.5487,353.9682,2.947157,0,0,0,3.359966,1.234911,185.6867,-0.327906,-0.116229,0.937533,-0.123868,0.000031,195.6475,Road,0,0,0.5,0.5,0.5,0.5,0.98468,0.881343,Valid,#NAME?
06:45.1,3319,44.5131,3.361447,1.228116,185.6745,352.463,353.8334,2.937442,0,0,0,3.358844,1.235098,185.6868,-0.297819,-0.139576,0.944363,0.723537,0.000031,194.0432,Road,0,0,0.5,0.5,0.5,0.5,0.992156,0.939248,Valid,#NAME?
06:45.2,3320,44.5651,3.359601,1.228401,185.6749,352.2429,353.6183,2.953412,0,0,0,3.356953,1.235431,185.6872,-0.290481,-0.153035,0.944564,1.011992,0.000031,193.3124,Road,0,0,0.5,0.5,0.5,0.5,0.998355,0.987259,Valid,#NAME?
06:45.2,3321,44.583,3.358675,1.228605,185.6753,352.1362,353.5657,2.931601,0,0,0,3.356018,1.235659,185.6875,-0.289038,-0.155312,0.944635,1.05649,0.000031,193.2029,Road,0,0,0.5,0.5,0.5,0.5,0.998947,0.991846,Valid,#NAME?
06:45.2,3322,44.594,3.358248,1.228521,185.6754,352.0379,353.5337,2.89983,0,0,0,3.355589,1.235597,185.6877,-0.289752,-0.153546,0.944705,1.023984,0.000031,193.2896,Road,0,0,0.5,0.5,0.5,0.5,0.998947,0.991846,Valid,#NAME?
06:45.2,3323,44.6176,3.357298,1.228665,185.6759,351.9796,353.4795,2.91641,0,0,0,3.354627,1.235754,185.6882,-0.282561,-0.161286,0.945593,1.189739,0.000031,192.933,Road,0,0,0.5,0.5,0.5,0.5,0.999569,0.99666,Valid,#NAME?
06:45.3,3324,44.6401,3.356432,1.228868,185.6764,351.8735,353.4225,2.919112,0,0,0,3.353749,1.235979,185.6886,-0.280378,-0.161737,0.946166,1.21118,0.000031,192.919,Road,0,0,0.5,0.5,0.5,0.5,0.999724,0.997863,Valid,#NAME?
06:45.3,3325,44.6631,3.35548,1.228936,185.6771,351.7825,353.3853,2.981234,0,0,0,3.352785,1.236066,185.6893,-0.277441,-0.163757,0.946684,1.258657,0.00003,192.8349,Road,0,0,0.5,0.5,0.5,0.5,0.999823,0.998632,Valid,#NAME?
06:45.3,3326,44.6945,3.35457,1.228966,185.6778,351.7358,353.341,3.020905,0,0,0,3.351863,1.236105,185.6901,-0.271763,-0.168583,0.947483,1.359256,0.00003,192.6371,Road,0,0,0.5,0.5,0.5,0.5,0.999928,0.99944,Valid,#NAME?
06:45.3,3327,44.7168,3.353521,1.228938,185.6787,351.764,353.2887,3.08943,0,0,0,3.350796,1.236069,185.6909,-0.269389,-0.170938,0.947739,1.402864,0.00003,192.5439,Road,0,0,0.5,0.5,0.5,0.5,0.999954,0.999641,Valid,#NAME?
06:45.4,3328,44.7289,3.353101,1.228871,185.6791,351.776,353.2545,3.120276,0,0,0,3.350366,1.235999,185.6913,-0.2674,-0.173399,0.947855,1.444368,0.00003,192.4475,Road,0,0,0.5,0.5,0.5,0.5,0.999954,0.999641,Valid,#NAME?
06:45.4,3329,44.7404,3.352698,1.228809,185.6795,351.7859,353.2146,3.147023,0,0,0,3.349952,1.235935,185.6917,-0.266043,-0.175402,0.947869,1.475387,0.00003,192.3705,Road,0,0,0.5,0.5,0.5,0.5,0.999981,0.999853,Valid,#NAME?
06:45.4,3330,44.7626,3.351973,1.228735,185.6803,351.803,353.1698,3.150113,0,0,0,3.349216,1.235857,185.6926,-0.26513,-0.176716,0.947881,1.495085,0.00003,192.3214,Road,0,0,0.5,0.5,0.5,0.5,0.999988,0.999906,Valid,#NAME?
06:45.4,3331,44.7872,3.351201,1.228803,185.6813,351.8287,353.1613,3.124547,0,0,0,3.348445,1.23592,185.6936,-0.260274,-0.180521,0.948509,1.566545,0.00003,192.1873,Road,0,0,0.5,0.5,0.5,0.5,0.999994,0.999952,Valid,#NAME?
06:45.4,3332,44.8124,3.350498,1.228726,185.6824,351.8987,353.1627,3.137837,0,0,0,3.34774,1.235827,185.6947,-0.258135,-0.183322,0.948557,1.607624,0.00003,192.089,Road,0,0,0.5,0.5,0.5,0.5,0.999996,0.999969,Valid,#NAME?
06:45.5,3333,44.8374,3.349854,1.228474,185.6833,351.987,353.1704,3.11485,0,0,0,3.347097,1.235556,185.6956,-0.25144,-0.189301,0.94918,1.706009,0.00003,191.8906,Road,0,0,0.5,0.5,0.5,0.5,0.999998,0.999987,Valid,#NAME?
06:45.5,3334,44.869,3.349272,1.228367,185.6842,352.0138,353.198,3.123351,0,0,0,3.34652,1.235443,185.6965,-0.268892,-0.194659,0.943295,1.639989,0.00003,191.6831,Road,0,0,0.5,0.5,0.5,0.5,0.999999,0.99999,Valid,#NAME?
06:45.5,3335,44.8877,3.348801,1.228215,185.6852,352.028,353.249,3.153274,0,0,0,3.346058,1.235288,185.6974,-0.332337,-0.081988,0.939591,-1.661029,0.000032,199.8536,Road,0,0,0.5,0.5,0.5,0.5,0.999999,0.99999,Valid,#NAME?
06:45.5,3336,44.9,3.348657,1.228145,185.6855,352.0754,353.2823,3.149422,0,0,0,3.345921,1.235207,185.6978,-0.353022,0.063593,0.933452,-4.363524,2.623972,206.0829,Cube,0,0,0.5,0.5,0.5,0.5,0.879993,0.511995,Valid,#NAME?
06:45.5,3337,44.9247,3.348321,1.227914,185.6863,352.2206,353.3893,3.107509,0,0,0,3.34561,1.234946,185.6986,-0.378219,0.092743,0.921059,-5.02491,3.287475,206.0829,Cube,0,0,0.5,0.5,0.5,0.5,0.849574,0.262141,Valid,#NAME?
06:45.6,3338,44.9538,3.347986,1.227608,185.6872,352.3518,353.5126,3.113625,0,0,0,3.345299,1.234611,185.6995,-0.368887,0.123175,0.921277,-4.816401,3.959875,206.0829,Cube,0,0,0.5,0.5,0.5,0.5,0.890684,0.438431,Valid,#NAME?
06:45.6,3339,44.9782,3.347882,1.227391,185.6879,352.3965,353.603,3.214607,0,0,0,3.345204,1.234382,185.7002,-0.299228,0.012788,0.954096,-3.04733,1.507571,206.0829,Cube,0,0,0.5,0.5,0.5,0.5,0.912547,0.690416,Valid,#NAME?
06:45.6,3340,45.0031,3.347843,1.227365,185.6885,352.4084,353.7364,3.273263,0,0,0,3.345188,1.234351,185.7009,-0.23687,-0.073581,0.968751,-0.628308,0.000032,201.9517,Road,0,0,0.5,0.5,0.5,0.5,0.912547,0.752333,Valid,#NAME?
06:45.7,3341,45.0346,3.347846,1.227269,185.6891,352.4885,353.9137,3.205571,0,0,0,3.345234,1.23424,185.7014,-0.188583,-0.123358,0.974279,1.458445,0.000031,195.4492,Road,0,0,0.5,0.5,0.5,0.5,0.964179,0.801866,Valid,#NAME?
06:45.7,3342,45.0845,3.347948,1.226814,185.6898,352.6689,354.2556,3.261031,0,0,0,3.345404,1.233744,185.7022,-0.149218,-0.168005,0.974427,2.249645,0.00003,192.8577,Road,0,0,0.5,0.5,0.5,0.5,0.992488,0.958448,Valid,#NAME?
06:45.7,3343,45.0964,3.348008,1.226769,185.69,352.7072,354.2957,3.314884,0,0,0,3.345467,1.233689,185.7023,-0.147903,-0.170085,0.974267,2.272695,0.00003,192.7689,Road,0,0,0.5,0.5,0.5,0.5,0.995192,0.973407,Valid,#NAME?
06:45.7,3344,45.12,3.348164,1.226659,185.6901,352.7441,354.4209,3.300864,0,0,0,3.34565,1.233572,185.7025,-0.142464,-0.17575,0.974072,2.345733,0.00003,192.5393,Road,0,0,0.5,0.5,0.5,0.5,0.998031,0.989108,Valid,#NAME?
06:45.8,3345,45.1431,3.348332,1.226619,185.6903,352.7401,354.5188,3.262197,0,0,0,3.345843,1.233533,185.7027,-0.137039,-0.179194,0.974223,2.402516,0.00003,192.4088,Road,0,0,0.5,0.5,0.5,0.5,0.998425,0.991286,Valid,#NAME?
06:45.8,3346,45.1681,3.34847,1.226638,185.6904,352.7417,354.6109,3.242181,0,0,0,3.346003,1.233552,185.7028,-0.130981,-0.181953,0.974545,2.458039,0.00003,192.3095,Road,0,0,0.5,0.5,0.5,0.5,0.999355,0.996431,Valid,#NAME?
06:45.8,3347,45.1991,3.348627,1.226557,185.6904,352.7484,354.6839,3.229346,0,0,0,3.346176,1.23347,185.7029,-0.127136,-0.183668,0.974732,2.492382,0.00003,192.2487,Road,0,0,0.5,0.5,0.5,0.5,0.99967,0.998173,Valid,#NAME?
06:45.8,3348,45.2194,3.348777,1.226561,185.6905,352.8051,354.7294,3.165272,0,0,0,3.346341,1.233462,185.7029,-0.124906,-0.188002,0.974194,2.526861,0.00003,192.0943,Road,0,0,0.5,0.5,0.5,0.5,0.999831,0.99883,Valid,#NAME?
06:45.9,3349,45.2465,3.348907,1.226567,185.6905,352.8283,354.7646,3.063964,0,0,0,3.346489,1.233466,185.7029,-0.149868,-0.172434,0.973553,2.27447,0.00003,192.6668,Road,0,0,0.5,0.5,0.5,0.5,0.999892,0.99883,Valid,#NAME?
06:45.9,3350,45.2726,3.348972,1.22669,185.6906,352.7905,354.7774,2.920884,0,0,0,3.34657,1.233601,185.703,-0.216827,-0.102565,0.970807,0.738749,0.000031,197.3791,Road,0,0,0.5,0.5,0.5,0.5,0.999892,0.99883,Valid,#NAME?
06:45.9,3351,45.2995,3.349054,1.226739,185.6907,352.7097,354.7863,2.809847,0,0,0,3.346665,1.23367,185.7031,-0.27122,-0.040308,0.961673,-2.401045,0.379461,206.0829,Cube,0,0,0.5,0.5,0.5,0.5,0.929498,0.409121,Valid,#NAME?
06:45.9,3352,45.325,3.349168,1.226719,185.6907,352.7405,354.8174,2.708402,0,0,0,3.346794,1.233645,185.7031,-0.263071,-0.048069,0.963578,-2.217192,0.216987,206.0829,Cube,0,0,0.5,0.5,0.5,0.5,0.905506,0.523991,Valid,#NAME?
06:46.0,3353,45.3567,3.349298,1.226656,185.6907,352.789,354.8546,2.621371,0,0,0,3.34694,1.233574,185.7031,-0.240098,-0.063615,0.968662,-1.308705,0.000033,204.4861,Road,0,0,0.5,0.5,0.5,0.5,0.905506,0.600914,Valid,#NAME?
06:46.0,3354,45.376,3.349438,1.226705,185.6908,352.7457,354.8844,2.595626,0,0,0,3.347089,1.233632,185.7032,-0.176441,-0.111231,0.978006,1.390282,0.000031,196.5497,Road,0,0,0.5,0.5,0.5,0.5,0.905506,0.600914,Valid,#NAME?
06:46.0,3355,45.388,3.349483,1.226798,185.6908,352.6667,354.9075,2.571696,0,0,0,3.347143,1.233744,185.7032,-0.178593,-0.105277,0.978275,1.254256,0.000031,197.1674,Road,0,0,0.5,0.5,0.5,0.5,0.905506,0.600914,Valid,#NAME?
06:46.0,3356,45.4126,3.349661,1.226905,185.6909,352.5733,354.9679,2.499125,0,0,0,3.347341,1.233872,185.7033,-0.164297,-0.11331,0.979881,1.558287,0.000031,196.3734,Road,0,0,0.5,0.5,0.5,0.5,0.951619,0.744585,Valid,#NAME?
06:46.1,3357,45.4371,3.349806,1.226915,185.691,352.5519,355.0365,2.424642,0,0,0,3.347507,1.233889,185.7034,-0.127813,-0.139852,0.981889,2.219859,0.000031,194.3662,Road,0,0,0.5,0.5,0.5,0.5,0.975229,0.869228,Valid,#NAME?
06:46.1,3358,45.4618,3.349946,1.226923,185.6909,352.5898,355.0947,2.361636,0,0,0,3.347666,1.23389,185.7033,-0.127603,-0.141796,0.981637,2.237306,0.000031,194.2452,Road,0,0,0.5,0.5,0.5,0.5,0.989854,0.946436,Valid,#NAME?
06:46.1,3359,45.4866,3.350072,1.226877,185.6909,352.6349,355.1494,2.263547,0,0,0,3.347813,1.233836,185.7033,-0.123387,-0.149689,0.981004,2.330798,0.000031,193.7892,Road,0,0,0.5,0.5,0.5,0.5,0.989854,0.946436,Valid,#NAME?
06:46.1,3360,45.5175,3.350156,1.226892,185.6909,352.6091,355.1742,2.177014,0,0,0,3.34791,1.233858,185.7033,-0.124035,-0.149922,0.980887,2.327125,0.000031,193.7758,Road,0,0,0.5,0.5,0.5,0.5,0.99734,0.985959,Valid,#NAME?
06:46.2,3361,45.5375,3.350136,1.227018,185.691,352.4875,355.1288,2.178067,0,0,0,3.347881,1.234011,185.7034,-0.12233,-0.149477,0.981169,2.338014,0.000031,193.8032,Road,0,0,0.5,0.5,0.5,0.5,0.998638,0.992811,Valid,#NAME?
06:46.2,3362,45.5501,3.350124,1.22713,185.691,352.4369,355.111,2.196499,0,0,0,3.347865,1.234134,185.7034,-0.121665,-0.148898,0.981339,2.339479,0.000031,193.837,Road,0,0,0.5,0.5,0.5,0.5,0.998638,0.992811,Valid,#NAME?
06:46.2,3363,45.5743,3.350178,1.227262,185.6911,352.377,355.073,2.180928,0,0,0,3.347912,1.234279,185.7035,-0.119033,-0.148226,0.981764,2.356744,0.000031,193.8784,Road,0,0,0.5,0.5,0.5,0.5,0.999442,0.997055,Valid,#NAME?
06:46.2,3364,45.599,3.350262,1.227179,185.6911,352.395,355.0936,2.106307,0,0,0,3.348007,1.234194,185.7034,-0.118028,-0.14876,0.981804,2.368806,0.000031,193.8488,Road,0,0,0.5,0.5,0.5,0.5,0.999643,0.998115,Valid,#NAME?
06:46.2,3365,45.6233,3.350362,1.227181,185.6911,352.4533,355.1165,2.05749,0,0,0,3.348116,1.234184,185.7035,-0.115938,-0.150485,0.981791,2.39729,0.000031,193.7553,Road,0,0,0.5,0.5,0.5,0.5,0.999854,0.999228,Valid,#NAME?
06:46.3,3366,45.6469,3.350456,1.227204,185.6911,352.4706,355.1313,1.982851,0,0,0,3.348221,1.234205,185.7035,-0.11514,-0.151829,0.981678,2.412283,0.000031,193.6833,Road,0,0,0.5,0.5,0.5,0.5,0.999883,0.999383,Valid,#NAME?
06:46.3,3367,45.6778,3.35056,1.227283,185.6912,352.4682,355.1557,1.936987,0,0,0,3.348333,1.234285,185.7036,-0.113252,-0.152742,0.981756,2.433185,0.000031,193.6368,Road,0,0,0.5,0.5,0.5,0.5,0.99994,0.999684,Valid,#NAME?
06:46.3,3368,45.6963,3.350687,1.227301,185.6913,352.4198,355.1952,1.882345,0,0,0,3.348475,1.234314,185.7037,-0.112098,-0.152979,0.981851,2.444029,0.000031,193.6256,Road,0,0,0.5,0.5,0.5,0.5,0.999969,0.999838,Valid,#NAME?
06:46.3,3369,45.7085,3.35078,1.227287,185.6914,352.4304,355.2591,1.862817,0,0,0,3.348582,1.234299,185.7038,-0.111097,-0.153152,0.981938,2.453241,0.000031,193.6173,Road,0,0,0.5,0.5,0.5,0.5,0.99998,0.999896,Valid,#NAME?
06:46.4,3370,45.7315,3.350958,1.227257,185.6914,352.4554,355.3453,1.84361,0,0,0,3.348782,1.234263,185.7038,-0.107093,-0.155336,0.98204,2.497868,0.000031,193.5067,Road,0,0,0.5,0.5,0.5,0.5,0.999988,0.999934,Valid,#NAME?
06:46.4,3371,45.7547,3.351251,1.22707,185.6914,352.534,355.493,1.855143,0,0,0,3.349105,1.234059,185.7039,-0.103681,-0.156863,0.982163,2.533456,0.000031,193.4305,Road,0,0,0.5,0.5,0.5,0.5,0.999992,0.999958,Valid,#NAME?
06:46.4,3372,45.7788,3.351545,1.226947,185.6914,352.6807,355.658,1.831955,0,0,0,3.349436,1.233904,185.7039,-0.099828,-0.160223,0.98202,2.580667,0.000031,193.2664,Road,0,0,0.5,0.5,0.5,0.5,0.999992,0.999958,Valid,#NAME?
06:46.4,3373,45.8029,3.351855,1.226826,185.6913,352.814,355.8481,1.812742,0,0,0,3.349788,1.233754,185.7038,-0.09527,-0.164809,0.981714,2.636613,0.000031,193.0527,Road,0,0,0.5,0.5,0.5,0.5,0.999997,0.999986,Valid,#NAME?
06:46.5,3374,45.8321,3.352133,1.226728,185.6913,352.8662,356.0291,1.781304,0,0,0,3.350107,1.233646,185.7038,-0.091817,-0.167279,0.981625,2.672996,0.000031,192.9429,Road,0,0,0.5,0.5,0.5,0.5,0.999999,0.999994,Valid,#NAME?
06:46.5,3375,45.8482,3.352535,1.226816,185.6913,352.9128,356.2306,1.852042,0,0,0,3.350547,1.233722,185.7038,-0.087661,-0.170616,0.98143,2.716686,0.00003,192.8003,Road,0,0,0.5,0.5,0.5,0.5,0.999999,0.999994,Valid,#NAME?
06:46.5,3376,45.8596,3.352774,1.226793,185.6912,352.9701,356.34,1.859612,0,0,0,3.350807,1.233686,185.7037,-0.086397,-0.173544,0.981029,2.736643,0.00003,192.6775,Road,0,0,0.5,0.5,0.5,0.5,0.999999,0.999994,Valid,#NAME?
06:46.5,3377,45.8716,3.352991,1.226664,185.6911,353.0173,356.4786,1.801179,0,0,0,3.351061,1.233547,185.7037,-0.085055,-0.178644,0.980231,2.763768,0.00003,192.472,Road,0,0,0.5,0.5,0.5,0.5,1,0.999998,Valid,#NAME?
06:46.5,3378,45.8931,3.353407,1.226423,185.6911,353.1495,356.8003,1.611958,0,0,0,3.351563,1.233282,185.7036,-0.080944,-0.18175,0.980008,2.802322,0.00003,192.3534,Road,0,0,0.5,0.5,0.5,0.5,1,0.999999,Valid,#NAME?
06:46.5,3379,45.9153,3.35389,1.226318,185.6911,353.253,357.1533,1.561778,0,0,0,3.352128,1.233155,185.7037,-0.075837,-0.187175,0.979395,2.852508,0.00003,192.156,Road,0,0,0.5,0.5,0.5,0.5,1,0.999999,Valid,#NAME?
06:46.6,3380,45.938,3.354404,1.226187,185.6914,353.3344,357.5406,1.524267,0,0,0,3.352731,1.233006,185.7039,-0.070487,-0.191086,0.979039,2.897913,0.00003,192.0212,Road,0,0,0.5,0.5,0.5,0.5,1,1,Valid,#NAME?
06:46.6,3381,45.9641,3.355064,1.225939,185.6918,353.4538,358.106,1.341205,0,0,0,3.353531,1.232736,185.7044,-0.061936,-0.195921,0.978662,2.963841,0.00003,191.862,Road,0,0,0.5,0.5,0.5,0.5,1,1,Valid,#NAME?
06:46.6,3382,45.994,3.355832,1.22551,185.6922,353.7021,358.7384,1.238218,0,0,0,3.354447,1.232254,185.7048,-0.049885,-0.203104,0.977886,3.051795,0.00003,191.6376,Road,0,0,0.5,0.5,0.5,0.5,1,1,Valid,#NAME?
06:46.6,3383,46.0009,3.356144,1.225338,185.6923,353.8742,359.0409,1.208866,0,0,0,3.354829,1.232044,185.705,-0.044869,-0.206028,0.977517,3.086518,0.00003,191.5504,Road,0,0,0.5,0.5,0.5,0.5,1,1,Valid,#NAME?
06:46.6,3384,46.013,3.35666,1.224997,185.6925,354.0539,359.4113,1.108985,0,0,0,3.355435,1.231665,185.7052,-0.049627,-0.208793,0.9767,3.062691,0.00003,191.4666,Road,0,0,0.5,0.5,0.5,0.5,1,1,Valid,#NAME?
06:46.7,3385,46.0362,3.357353,1.224362,185.6928,354.4166,0.160319,0.839277,0,0,0,3.35632,1.230954,185.7056,-0.115095,-0.025751,0.993021,0.994521,0.70253,206.0829,Cube,0,0,0.5,0.5,0.5,0.5,1,1,Valid,#NAME?
06:46.7,3386,46.0593,3.358174,1.223675,185.6933,354.6966,0.924628,0.734834,0,0,0,3.357323,1.230206,185.7061,-0.119028,-0.07457,0.990087,1.393723,0.000032,202.0395,Road,0,0,0.5,0.5,0.5,0.5,1,0.8,Valid,#NAME?
06:46.7,3387,46.0845,3.359411,1.223104,185.6939,354.8585,1.743977,0.816029,0,0,0,3.358735,1.229598,185.7068,-0.077237,-0.160414,0.984024,2.766718,0.000031,193.2493,Road,0,0,0.5,0.5,0.5,0.5,0.906895,0.500436,Valid,#NAME?
06:46.7,3388,46.1102,3.361039,1.222785,185.6946,355.015,2.691114,0.905757,0,0,0,3.360569,1.229242,185.7075,-0.040923,-0.186398,0.981622,3.0907,0.00003,192.1808,Road,0,0,0.5,0.5,0.5,0.5,0.938826,0.553909,Valid,#NAME?
06:46.8,3389,46.1361,3.362916,1.221964,185.6951,355.4009,3.741077,0.751431,0,0,0,3.3627,1.228338,185.708,0.051296,-0.247615,0.9675,3.617156,0.00003,190.5073,Road,0,0,0.5,0.5,0.5,0.5,0.951061,0.571158,Valid,#NAME?
06:46.8,3390,46.1685,3.365203,1.221328,185.6956,355.7629,4.789893,0.862848,0,0,0,3.365215,1.227618,185.7086,0.062206,-0.223546,0.972706,3.706816,0.00003,191.0501,Road,0,0,0.5,0.5,0.5,0.5,0.884976,0.431155,Valid,#NAME?
06:46.8,3391,46.1889,3.367845,1.22103,185.6962,355.9495,5.811403,1.005928,0,0,0,3.368077,1.227275,185.7092,0.073327,-0.191574,0.978735,3.837816,0.00003,191.9791,Road,0,0,0.5,0.5,0.5,0.5,0.551236,0.176601,Valid,#NAME?
06:46.8,3392,46.2019,3.369282,1.220886,185.6966,356.0797,6.359947,1.088354,0,0,0,3.369634,1.2271,185.7096,0.061494,-0.149576,0.986836,3.874111,0.000031,193.8053,Road,0,0,0.5,0.5,0.5,0.5,0.551236,0.176601,Valid,#NAME?
06:46.9,3393,46.2409,3.373708,1.219831,185.6969,356.6326,8.101433,0.656584,0,0,0,3.374502,1.225928,185.7099,0.089627,-0.158731,0.983245,4.0667,0.000031,193.3036,Road,0,0,0.5,0.5,0.5,0.5,0.220492,0,Valid,#NAME?
06:46.9,3394,46.2673,3.376935,1.219272,185.6969,357.0933,9.314756,0.551122,0,0,0,3.378023,1.225266,185.71,0.109822,-0.166562,0.979896,4.185872,0.000031,192.9182,Road,0,0,0.5,0.5,0.5,0.5,0.41102,0.155555,Valid,#NAME?
06:46.9,3395,46.2918,3.379992,1.218694,185.6969,357.3729,10.38944,0.44373,0,0,0,3.381339,1.224626,185.71,0.127633,-0.171271,0.976922,4.29392,0.00003,192.695,Road,0,0,0.5,0.5,0.5,0.5,0.466957,0.23782,Valid,#NAME?
06:46.9,3396,46.3239,3.383277,1.218354,185.6969,357.578,11.4644,0.303651,0,0,0,3.384887,1.224241,185.71,0.147354,-0.17812,0.972913,4.397638,0.00003,192.3968,Road,0,0,0.5,0.5,0.5,0.5,0.614803,0.386629,Valid,#NAME?
06:47.0,3397,46.3448,3.386736,1.218232,185.6971,357.7677,12.49644,0.22965,0,0,0,3.388592,1.224077,185.7101,0.196984,-0.190998,0.961622,4.650996,0.00003,191.8729,Road,0,0,0.5,0.5,0.5,0.5,0.727921,0.683084,Valid,#NAME?
06:47.0,3398,46.3577,3.388502,1.218177,185.6971,357.8683,12.98079,0.24463,0,0,0,3.390469,1.223999,185.7102,0.205088,-0.192724,0.959581,4.692958,0.00003,191.8044,Road,0,0,0.5,0.5,0.5,0.5,0.782337,0.746467,Valid,#NAME?
06:47.0,3399,46.383,3.391783,1.217954,185.6972,357.9992,13.86413,0.131482,0,0,0,3.393965,1.223748,185.7102,0.231366,-0.203309,0.951386,4.786558,0.00003,191.4366,Road,0,0,0.5,0.5,0.5,0.5,0.860696,0.746467,Valid,#NAME?
06:47.0,3400,46.4083,3.395018,1.217772,185.6973,358.1345,14.6266,0.04348,0,0,0,3.397383,1.223536,185.7103,0.271997,-0.224091,0.935842,4.882452,0.00003,190.8199,Road,0,0,0.5,0.5,0.5,0.5,0.928676,0.870191,Valid,#NAME?
06:47.1,3401,46.4342,3.39828,1.217756,185.6976,358.1996,15.29263,359.9563,0,0,0,3.400806,1.223507,185.7105,0.290666,-0.230067,0.928753,4.946541,0.00003,190.6496,Road,0,0,0.5,0.5,0.5,0.5,0.954353,0.916923,Valid,#NAME?
06:47.1,3402,46.4639,3.40193,1.217628,185.6979,358.2124,15.94255,359.8143,0,0,0,3.404616,1.223378,185.7108,0.314405,-0.247921,0.916343,4.95602,0.00003,190.2324,Road,0,0,0.5,0.5,0.5,0.5,0.976629,0.957464,Valid,#NAME?
06:47.1,3403,46.4959,3.405065,1.217514,185.6982,358.2916,16.41631,359.611,0,0,0,3.407878,1.223249,185.7111,0.328859,-0.260614,0.907707,4.951411,0.00003,189.9715,Road,0,0,0.5,0.5,0.5,0.5,0.988034,0.978222,Valid,#NAME?
06:47.1,3404,46.5134,3.407938,1.217532,185.6987,358.2782,16.80567,359.3841,0,0,0,3.410859,1.223274,185.7115,0.34034,-0.27232,0.900006,4.939644,0.00003,189.7543,Road,0,0,0.5,0.5,0.5,0.5,0.995099,0.99108,Valid,#NAME?
06:47.1,3405,46.5267,3.409425,1.217543,185.6989,358.2656,16.98439,359.2634,0,0,0,3.412396,1.22329,185.7118,0.342558,-0.272246,0.899186,4.951583,0.00003,189.752,Road,0,0,0.5,0.5,0.5,0.5,0.995099,0.99108,Valid,#NAME?
06:47.2,3406,46.5512,3.412153,1.217714,185.6995,358.147,17.25474,359.0568,0,0,0,3.4152,1.223492,185.7124,0.347392,-0.275042,0.896477,4.960496,0.00003,189.7002,Road,0,0,0.5,0.5,0.5,0.5,0.997491,0.995433,Valid,#NAME?
06:47.2,3407,46.5751,3.414738,1.217741,185.7002,358.0789,17.4678,358.7787,0,0,0,3.417855,1.223538,185.713,0.349719,-0.279631,0.89415,4.948028,0.00003,189.6253,Road,0,0,0.5,0.5,0.5,0.5,0.998972,0.998129,Valid,#NAME?
06:47.2,3408,46.6002,3.417334,1.217706,185.7008,358.063,17.64001,358.4356,0,0,0,3.420521,1.223512,185.7136,0.350233,-0.285398,0.892124,4.921945,0.00003,189.538,Road,0,0,0.5,0.5,0.5,0.5,0.999474,0.999042,Valid,#NAME?
06:47.2,3409,46.6243,3.419795,1.217593,185.7013,358.0546,17.75914,358.1234,0,0,0,3.423036,1.223406,185.7141,0.344023,-0.289123,0.89334,4.878712,0.00003,189.4941,Road,0,0,0.5,0.5,0.5,0.5,0.999731,0.99951,Valid,#NAME?
06:47.3,3410,46.6551,3.422212,1.217682,185.7021,358.0223,17.85694,357.869,0,0,0,3.425496,1.223506,185.7148,0.337499,-0.291028,0.895208,4.844336,0.00003,189.4783,Road,0,0,0.5,0.5,0.5,0.5,0.99989,0.999799,Valid,#NAME?
06:47.3,3411,46.6728,3.424425,1.217759,185.7028,357.958,17.94306,357.5927,0,0,0,3.427752,1.223602,185.7155,0.33746,-0.290177,0.895499,4.850703,0.00003,189.4915,Road,0,0,0.5,0.5,0.5,0.5,0.999912,0.999799,Valid,#NAME?
06:47.3,3412,46.685,3.425561,1.217759,185.7031,357.951,17.96695,357.3957,0,0,0,3.428909,1.223605,185.7159,0.334677,-0.288763,0.896999,4.847035,0.00003,189.5167,Road,0,0,0.5,0.5,0.5,0.5,0.999912,0.999799,Valid,#NAME?
06:47.3,3413,46.7102,3.427526,1.217703,185.7039,357.848,17.97579,357.0464,0,0,0,3.430904,1.223577,185.7166,0.238359,-0.235913,0.942088,4.667134,0.00003,190.6026,Road,0,0,0.5,0.5,0.5,0.5,0.999912,0.999799,Valid,#NAME?
06:47.4,3414,46.7352,3.429342,1.217729,185.7047,357.7594,17.96252,356.6959,0,0,0,3.432746,1.223629,185.7175,-0.009553,-0.081848,0.996599,3.289936,0.000032,200.6162,Road,0,0,0.5,0.5,0.5,0.5,0.853683,0.409518,Valid,#NAME?
06:47.4,3415,46.7601,3.431186,1.217826,185.7057,357.5607,17.95184,356.4431,0,0,0,3.434604,1.223774,185.7184,-0.038387,-0.04992,0.998015,2.651323,0.20515,206.0829,Cube,0,0,0.5,0.5,0.5,0.5,0.832206,0.327614,Valid,#NAME?
06:47.4,3416,46.8058,3.434118,1.217827,185.7078,357.3217,17.91072,355.9016,0,0,0,3.437567,1.223835,185.7204,0.144224,-0.053391,0.988104,6.049004,0.257101,203.6118,Arch,0,0,0.5,0.5,0.5,0.5,0.924992,0.772621,Valid,#NAME?
06:47.5,3417,46.8372,3.435741,1.217625,185.7088,357.6127,17.92721,355.4492,0,0,0,3.439244,1.223572,185.7215,0.211331,-0.087693,0.973473,6.084076,0.126087,197.9046,Arch,0,0,0.5,0.5,0.5,0.5,0.939993,0.772621,Valid,#NAME?
06:47.5,3418,46.8526,3.437084,1.217296,185.7098,357.9009,17.98745,355.2185,0,0,0,3.44063,1.223178,185.7225,0.220124,-0.100443,0.970287,6.11735,0.001786,197.5212,Arch,0,0,0.5,0.5,0.5,0.5,0.939993,0.772621,Valid,#NAME?
06:47.5,3419,46.868,3.438083,1.216904,185.7108,358.1336,18.05115,355.1985,0,0,0,3.441652,1.222733,185.7235,0.24799,-0.137795,0.958913,5.642152,0.000031,194.2322,Road,0,0,0.5,0.5,0.5,0.5,0.951995,0.818097,Valid,#NAME?
06:47.5,3420,46.8913,3.440132,1.216326,185.7125,358.2606,18.11666,355.2131,0,0,0,3.443719,1.222126,185.7252,0.258557,-0.177454,0.949557,5.224356,0.00003,192.2646,Road,0,0,0.5,0.5,0.5,0.5,0.980337,0.925492,Valid,#NAME?
06:47.5,3421,46.9144,3.442315,1.215374,185.7144,358.3381,18.21423,355.3133,0,0,0,3.445916,1.221156,185.7272,0.19776,-0.092594,0.975868,6.12697,-0.034151,198.9571,Arch,0,0,0.5,0.5,0.5,0.5,0.980337,0.940394,Valid,#NAME?
06:47.6,3422,46.939,3.444602,1.213426,185.7162,358.5572,18.32518,355.0953,0,0,0,3.448255,1.219159,185.7289,0.089896,0.054644,0.994451,5.288211,2.337592,206.0829,Cube,0,0,0.5,0.5,0.5,0.5,0.627416,0.752315,Valid,#NAME?
06:47.6,3423,46.9616,3.447147,1.211307,185.7181,358.9875,18.40861,354.9655,0,0,0,3.450844,1.216941,185.7308,0.084775,0.0575,0.99474,5.185317,2.393374,206.0829,Cube,0,0,0.5,0.5,0.5,0.5,0.401546,0.481482,Valid,#NAME?
06:47.6,3424,46.9898,3.450046,1.209167,185.7206,359.209,18.51604,355.0683,0,0,0,3.453763,1.214748,185.7334,0.086642,0.053327,0.994811,5.226082,2.305584,206.0829,Cube,0,0,0.5,0.5,0.5,0.5,0.337733,0.197215,Valid,#NAME?
06:47.6,3425,47.0051,3.453372,1.207422,185.7237,359.189,18.59429,355.2195,0,0,0,3.457093,1.213007,185.7365,0.087898,0.053049,0.994716,5.255009,2.298093,206.0829,Cube,0,0,0.5,0.5,0.5,0.5,0.473629,0.259689,Valid,#NAME?
06:47.6,3426,47.0168,3.455446,1.206532,185.7256,359.1363,18.62678,355.2546,0,0,0,3.459169,1.212129,185.7383,0.088424,0.053799,0.994629,5.267846,2.312562,206.0829,Cube,0,0,0.5,0.5,0.5,0.5,0.553096,0.341223,Valid,#NAME?
06:47.7,3427,47.027,3.457537,1.2057,185.7275,359.1027,18.6601,355.2458,0,0,0,3.461267,1.211305,185.7403,0.088998,0.054404,0.994545,5.281661,2.324091,206.0829,Cube,0,0,0.5,0.5,0.5,0.5,0.616669,0.559802,Valid,#NAME?
06:47.7,3428,47.0479,3.461626,1.204164,185.7318,359.0352,18.69237,355.1497,0,0,0,3.46537,1.209785,185.7446,0.112724,0.038217,0.992891,5.600229,1.933569,204.5488,Arch,0,0,0.5,0.5,0.5,0.5,0.616669,0.559802,Valid,#NAME?
06:47.7,3429,47.069,3.466577,1.202531,185.7373,358.9282,18.67734,355.0292,0,0,0,3.470325,1.208179,185.75,0.15719,0.012382,0.987491,5.746414,1.387471,200.0487,Arch,0,0,0.5,0.5,0.5,0.5,0.616669,0.559802,Valid,#NAME?
06:47.7,3430,47.0905,3.471169,1.201006,185.7424,358.8698,18.62772,354.8695,0,0,0,3.474919,1.206669,185.7551,0.199168,-0.01067,0.979907,5.828565,1.080583,197.335,Arch,0,0,0.5,0.5,0.5,0.5,0.803734,0.718274,Valid,#NAME?
06:47.7,3431,47.1129,3.475888,1.199396,185.7478,359.0681,18.46255,354.7922,0,0,0,3.479614,1.205013,185.7605,0.235351,-0.023058,0.971637,5.857623,0.972033,195.5781,Arch,0,0,0.5,0.5,0.5,0.5,0.899512,0.855756,Valid,#NAME?
06:47.8,3432,47.141,3.48351,1.196239,185.7563,359.4412,18.14994,355.0229,0,0,0,3.487158,1.201767,185.7691,0.241862,-0.034551,0.969695,5.887932,0.858811,195.3945,Arch,0,0,0.5,0.5,0.5,0.5,0.935688,0.907684,Valid,#NAME?
06:47.8,3433,47.1555,3.488473,1.193631,185.7623,359.5664,17.87354,355.2681,0,0,0,3.49204,1.199128,185.7751,0.243742,-0.041768,0.96894,5.907641,0.785189,195.3778,Arch,0,0,0.5,0.5,0.5,0.5,0.95884,0.940918,Valid,#NAME?
06:47.8,3434,47.1669,3.491615,1.192114,185.7661,359.6449,17.71059,355.386,0,0,0,3.495137,1.197592,185.7789,0.241065,-0.043268,0.969544,5.913435,0.76354,195.5051,Arch,0,0,0.5,0.5,0.5,0.5,0.973658,0.962187,Valid,#NAME?
06:47.8,3435,47.1892,3.497293,1.18986,185.7734,359.9821,17.28553,355.5615,0,0,0,3.500713,1.195258,185.7863,0.239489,-0.059929,0.969048,5.962793,0.579158,195.7486,Arch,0,0,0.5,0.5,0.5,0.5,0.973658,0.962187,Valid,#NAME?
06:47.8,3436,47.2119,3.502387,1.188891,185.7798,0.313456,16.80279,355.9486,0,0,0,3.505672,1.194208,185.7928,0.234366,-0.07234,0.969453,6.004628,0.422875,196.1297,Arch,0,0,0.5,0.5,0.5,0.5,0.991368,0.98761,Valid,#NAME?
06:47.9,3437,47.2346,3.509093,1.188231,185.788,0.524026,16.1994,356.4577,0,0,0,3.512201,1.193492,185.8011,0.230706,-0.090994,0.96876,6.068206,0.185368,196.534,Arch,0,0,0.5,0.5,0.5,0.5,0.995581,0.993656,Valid,#NAME?
06:47.9,3438,47.2568,3.514705,1.188356,185.7952,0.574226,15.66985,356.8159,0,0,0,3.51766,1.193602,185.8083,0.222214,-0.092168,0.970632,6.083162,0.129503,197.0145,Arch,0,0,0.5,0.5,0.5,0.5,0.996464,0.994925,Valid,#NAME?
06:47.9,3439,47.2786,3.517845,1.188502,185.7995,0.552434,15.37281,356.7526,0,0,0,3.520739,1.193753,185.8126,0.22443,-0.10902,0.968373,6.138695,-0.07795,197.1086,Arch,0,0,0.5,0.5,0.5,0.5,0.998552,0.997921,Valid,#NAME?
06:47.9,3440,47.3056,3.524736,1.189216,185.8089,0.699157,14.65746,356.686,0,0,0,3.527475,1.194434,185.822,0.216696,-0.126358,0.968027,5.575795,0.000031,194.9723,Road,0,0,0.5,0.5,0.5,0.5,0.999259,0.998936,Valid,#NAME?
06:48.0,3441,47.3772,3.53685,1.191438,185.825,0.983588,12.17905,356.7265,0,0,0,3.539019,1.196589,185.8383,0.00119,-0.151331,0.988483,3.548425,0.000031,193.6541,Road,0,0,0.5,0.5,0.5,0.5,0.999844,0.999777,Valid,#NAME?
06:48.0,3442,47.3884,3.537683,1.191467,185.8259,1.085785,11.87075,356.9248,0,0,0,3.539763,1.196591,185.8392,-0.016114,-0.157573,0.987376,3.417401,0.000031,193.337,Road,0,0,0.5,0.5,0.5,0.5,0.999876,0.999821,Valid,#NAME?
06:48.0,3443,47.4106,3.539699,1.191302,185.8281,1.142008,11.16846,356.9826,0,0,0,3.541611,1.196413,185.8415,-0.024932,-0.161275,0.986595,3.356658,0.000031,193.1603,Road,0,0,0.5,0.5,0.5,0.5,0.999936,0.999909,Valid,#NAME?
06:48.1,3444,47.4335,3.541463,1.19058,185.8294,1.28596,10.49119,357.0516,0,0,0,3.543214,1.195656,185.8427,-0.017515,-0.172843,0.984794,3.422055,0.00003,192.655,Road,0,0,0.5,0.5,0.5,0.5,0.999949,0.999927,Valid,#NAME?
06:48.1,3445,47.4683,3.54293,1.190327,185.8297,1.486436,9.798529,357.1654,0,0,0,3.544511,1.195354,185.8432,-0.163287,-0.179407,0.970129,2.456593,0.00003,192.3068,Road,0,0,0.5,0.5,0.5,0.5,0.999959,0.999953,Valid,#NAME?
06:48.1,3446,47.4996,3.544846,1.191405,185.8294,1.467854,8.632321,357.7698,0,0,0,3.546097,1.196428,185.8429,-0.114484,-0.208204,0.971362,2.888239,0.00003,191.4246,Road,0,0,0.5,0.5,0.5,0.5,0.999959,0.999981,Valid,#NAME?
06:48.1,3447,47.5246,3.546016,1.192838,185.8286,1.129434,7.645526,358.2682,0,0,0,3.546986,1.197933,185.8421,-0.110021,-0.21632,0.970104,2.937729,0.00003,191.2141,Road,0,0,0.5,0.5,0.5,0.5,0.999983,0.999994,Valid,#NAME?
06:48.2,3448,47.5907,3.549162,1.197399,185.825,0.611782,4.991525,359.5023,0,0,0,3.549389,1.202597,185.8385,-0.133617,-0.216703,0.96705,2.807895,0.00003,191.205,Road,0,0,0.5,0.5,0.5,0.5,0.999995,0.999998,Valid,#NAME?
06:48.2,3449,47.6217,3.55065,1.199163,185.8232,0.29448,3.965477,359.869,0,0,0,3.550599,1.20443,185.8367,-0.141312,-0.213122,0.966752,2.752013,0.00003,191.3,Road,0,0,0.5,0.5,0.5,0.5,0.999998,0.999999,Valid,#NAME?
06:48.3,3450,47.6414,3.552324,1.199939,185.8208,0.173958,2.904264,0.493618,0,0,0,3.551967,1.205222,185.8342,-0.151683,-0.214949,0.964774,2.701502,0.00003,191.2435,Road,0,0,0.5,0.5,0.5,0.5,0.999998,0.999999,Valid,#NAME?
06:48.3,3451,47.6539,3.553543,1.200401,185.8188,0.137663,2.153958,0.917328,0,0,0,3.552971,1.205686,185.8323,-0.159645,-0.212964,0.963929,2.649171,0.00003,191.2894,Road,0,0,0.5,0.5,0.5,0.5,0.999999,1,Valid,#NAME?
06:48.3,3452,47.6818,3.555812,1.201113,185.8157,0.340348,0.998303,1.434628,0,0,0,3.554921,1.20634,185.8291,-0.170328,-0.21482,0.961686,2.598457,0.00003,191.2294,Road,0,0,0.5,0.5,0.5,0.5,1,1,Valid,#NAME?
06:48.3,3453,47.71,3.558784,1.200894,185.8118,0.538068,359.9692,1.942138,0,0,0,3.557607,1.206065,185.8252,-0.171077,-0.226756,0.958809,2.647708,0.00003,190.9248,Road,0,0,0.5,0.5,0.5,0.5,1,1,Valid,#NAME?
06:48.4,3454,47.7383,3.562775,1.200589,185.8071,0.818364,358.7738,2.615895,0,0,0,3.561255,1.20568,185.8205,-0.18367,-0.192225,0.96401,2.40926,0.00003,191.8668,Road,0,0,0.5,0.5,0.5,0.5,1,1,Valid,#NAME?
06:48.4,3455,47.7674,3.566651,1.201103,185.8029,1.13257,357.8043,3.088207,0,0,0,3.564859,1.20611,185.8164,-0.310932,-0.122049,0.942563,0.492253,0.000031,195.1307,Road,0,0,0.5,0.5,0.5,0.5,1,1,Valid,#NAME?
06:48.4,3456,47.8019,3.571695,1.201072,185.7981,1.456334,356.9666,3.339097,0,0,0,3.569684,1.205997,185.8115,-0.329254,-0.19967,0.922889,1.581062,0.00003,191.3856,Road,0,0,0.5,0.5,0.5,0.5,0.961152,0.900672,Valid,#NAME?
06:48.5,3457,47.8269,3.577744,1.200255,185.792,1.974917,356.052,3.626181,0,0,0,3.575489,1.205051,185.8055,-0.343291,-0.220825,0.912901,1.702177,0.00003,190.7871,Road,0,0,0.5,0.5,0.5,0.5,0.930073,0.925303,Valid,#NAME?
06:48.5,3458,47.8399,3.581233,1.199987,185.7889,2.22742,355.6204,3.855469,0,0,0,3.578855,1.204719,185.8023,-0.244409,-0.278112,0.928934,2.520154,0.00003,189.8261,Road,0,0,0.5,0.5,0.5,0.5,0.930073,0.925303,Valid,#NAME?
06:48.5,3459,47.8746,3.589252,1.199507,185.782,2.682623,355.0783,4.337729,0,0,0,3.586699,1.204119,185.7955,-0.238997,-0.29585,0.924853,2.613999,0.00003,189.5595,Road,0,0,0.5,0.5,0.5,0.5,0.930073,0.961755,Valid,#NAME?
06:48.5,3460,47.9187,3.600392,1.198925,185.7735,2.977565,354.8102,4.431119,0,0,0,3.597767,1.203464,185.7869,-0.10893,-0.28751,0.951563,3.141816,0.00003,189.7699,Road,0,0,0.5,0.5,0.5,0.5,0.981669,0.987468,Valid,#NAME?
06:48.6,3461,47.952,3.607879,1.198431,185.7683,2.988802,354.7469,4.401117,0,0,0,3.605241,1.202968,185.7818,-0.138612,-0.259324,0.955792,2.962255,0.00003,190.2154,Road,0,0,0.5,0.5,0.5,0.5,0.992492,0.989974,Valid,#NAME?
06:48.6,3462,47.9702,3.616937,1.197519,185.7623,3.084999,354.8252,4.351045,0,0,0,3.614321,1.202035,185.7758,-0.211832,-0.194963,0.957662,2.308311,0.00003,191.68,Road,0,0,0.5,0.5,0.5,0.5,0.992492,0.79198,Valid,#NAME?
06:48.6,3463,47.9824,3.616555,1.197718,185.7628,3.091124,354.8783,4.322605,0,0,0,3.613955,1.202233,185.7762,-0.211013,-0.195005,0.957834,2.313061,0.00003,191.6812,Road,0,0,0.5,0.5,0.5,0.5,0.992492,0.79198,Valid,#NAME?
06:48.6,3464,48.008,3.627382,1.196663,185.7563,3.205028,355.3412,4.162257,0,0,0,3.624905,1.201155,185.7698,-0.343268,0.009478,0.93919,-3.7994,1.406146,206.0829,Cube,0,0,0.5,0.5,0.5,0.5,0.838686,0.259516,Valid,#NAME?
06:48.7,3465,48.035,3.636084,1.195538,185.7514,3.32062,355.7906,4.178349,0,0,0,3.633709,1.200001,185.7649,-0.418943,0.08622,0.90391,-5.282478,3.03499,205.0025,Arch,0,0,0.5,0.5,0.5,0.5,0.838686,0.259516,Valid,#NAME?
06:48.7,3466,48.061,3.644079,1.194633,185.7472,3.40811,356.2136,4.201149,0,0,0,3.641802,1.199076,185.7607,-0.333296,-0.055168,0.941207,-3.554607,0.00791,206.0829,Cube,0,0,0.5,0.5,0.5,0.5,0.797628,0.206274,Valid,#NAME?
06:48.7,3467,48.0908,3.649446,1.193825,185.7442,3.442264,356.5482,4.095964,0,0,0,3.647259,1.198262,185.7577,-0.198932,-0.264917,0.943528,2.747479,0.00003,190.0253,Road,0,0,0.5,0.5,0.5,0.5,0.802291,0.545116,Valid,#NAME?
06:48.7,3468,48.123,3.660088,1.192957,185.7386,3.602205,357.2501,4.034724,0,0,0,3.658071,1.197357,185.7522,-0.091295,-0.366921,0.925761,3.360157,0.00003,188.7731,Road,0,0,0.5,0.5,0.5,0.5,0.802291,0.754538,Valid,#NAME?
06:48.8,3469,48.1426,3.669744,1.192368,185.7338,3.61011,357.7926,4.027029,0,0,0,3.667855,1.196767,185.7474,-0.060778,-0.390479,0.918603,3.481582,0.00003,188.5627,Road,0,0,0.5,0.5,0.5,0.5,0.802291,0.842904,Valid,#NAME?
06:48.8,3470,48.1548,3.673836,1.192069,185.7318,3.593137,357.9815,4.041475,0,0,0,3.671991,1.196471,185.7454,-0.045079,-0.378813,0.924375,3.529614,0.00003,188.665,Road,0,0,0.5,0.5,0.5,0.5,0.802291,0.874323,Valid,#NAME?
06:48.8,3471,48.1799,3.680472,1.191749,185.7288,3.575024,358.3726,3.978572,0,0,0,3.678726,1.196157,185.7425,-0.039953,-0.354915,0.934044,3.544078,0.00003,188.8904,Road,0,0,0.5,0.5,0.5,0.5,0.798022,0.890447,Valid,#NAME?
06:48.8,3472,48.2038,3.687964,1.191113,185.7254,3.563145,358.931,3.680372,0,0,0,3.686378,1.195531,185.739,-0.022254,-0.329705,0.943822,3.605687,0.00003,189.1613,Road,0,0,0.5,0.5,0.5,0.5,0.792643,0.884395,Valid,#NAME?
06:48.9,3473,48.2286,3.695222,1.190402,185.7218,3.727843,359.4573,3.45997,0,0,0,3.693782,1.194785,185.7354,-0.020484,-0.316463,0.948384,3.616447,0.00003,189.3159,Road,0,0,0.5,0.5,0.5,0.5,0.791072,0.884564,Valid,#NAME?
06:48.9,3474,48.2524,3.701324,1.190204,185.7188,3.953108,359.82,3.456973,0,0,0,3.699971,1.194533,185.7325,-0.024006,-0.330894,0.943363,3.613311,0.00003,189.1379,Road,0,0,0.5,0.5,0.5,0.5,0.791072,0.902897,Valid,#NAME?
06:48.9,3475,48.2832,3.707608,1.18995,185.7157,4.030945,0.18356,3.391589,0,0,0,3.706347,1.194263,185.7294,-0.038687,-0.332431,0.942334,3.567369,0.00003,189.1147,Road,0,0,0.5,0.5,0.5,0.5,0.791072,0.950283,Valid,#NAME?
06:48.9,3476,48.2999,3.713587,1.18984,185.713,3.998343,0.555136,3.312639,0,0,0,3.712422,1.194162,185.7267,-0.017807,-0.32682,0.944919,3.647359,0.00003,189.1792,Road,0,0,0.5,0.5,0.5,0.5,0.832857,0.974545,Valid,#NAME?
06:48.9,3477,48.3107,3.715262,1.190063,185.7123,4.039224,0.661973,3.263727,0,0,0,3.714128,1.194376,185.726,-0.013534,-0.331729,0.943278,3.6654,0.00003,189.1221,Road,0,0,0.5,0.5,0.5,0.5,0.832857,0.974545,Valid,#NAME?
06:49.0,3478,48.3335,3.722569,1.190371,185.709,4.152978,1.075274,3.195314,0,0,0,3.721539,1.194659,185.7227,0.004023,-0.326563,0.945167,3.736255,0.00003,189.1803,Road,0,0,0.5,0.5,0.5,0.5,0.931538,0.974545,Valid,#NAME?
06:49.0,3479,48.3546,3.729302,1.190794,185.7059,4.214646,1.320291,3.107002,0,0,0,3.728341,1.195069,185.7196,0.032179,-0.295854,0.954691,3.858323,0.00003,189.5759,Road,0,0,0.5,0.5,0.5,0.5,0.956185,0.983709,Valid,#NAME?
06:49.0,3480,48.3763,3.733269,1.191228,185.7043,4.165637,1.375367,3.072765,0,0,0,3.732324,1.195516,185.718,0.05869,-0.30724,0.949821,3.960691,0.00003,189.4138,Road,0,0,0.5,0.5,0.5,0.5,0.977566,0.983709,Valid,#NAME?
06:49.0,3481,48.3975,3.7399,1.191786,185.7015,4.063208,1.448944,3.082235,0,0,0,3.738971,1.196097,185.7152,0.058342,-0.368043,0.927977,3.928569,0.00003,188.731,Road,0,0,0.5,0.5,0.5,0.5,0.977566,0.983709,Valid,#NAME?
06:49.0,3482,48.425,3.747112,1.192409,185.6982,4.129344,1.517026,3.023235,0,0,0,3.746205,1.196707,185.7119,0.05285,-0.372554,0.926504,3.915963,0.00003,188.6879,Road,0,0,0.5,0.5,0.5,0.5,0.962698,0.989574,Valid,#NAME?
06:49.1,3483,48.4524,3.75323,1.193162,185.6953,4.363725,1.520413,3.046343,0,0,0,3.752321,1.197403,185.709,0.049216,-0.381289,0.923145,3.906877,0.00003,188.608,Road,0,0,0.5,0.5,0.5,0.5,0.959888,0.993327,Valid,#NAME?
06:49.1,3484,48.4668,3.75836,1.193786,185.693,4.434937,1.443788,3.097688,0,0,0,3.757429,1.198009,185.7068,0.052215,-0.397528,0.916103,3.914783,0.00003,188.4675,Road,0,0,0.5,0.5,0.5,0.5,0.959888,0.993327,Valid,#NAME?
06:49.1,3485,48.477,3.760449,1.194225,185.6922,4.332611,1.3509,3.104069,0,0,0,3.759495,1.198472,185.706,0.042549,-0.405576,0.91307,3.885223,0.00003,188.404,Road,0,0,0.5,0.5,0.5,0.5,0.974328,0.996584,Valid,#NAME?
06:49.1,3486,48.4983,3.765345,1.194901,185.6903,4.155546,1.189425,3.101442,0,0,0,3.764352,1.19919,185.7041,0.039319,-0.405395,0.913296,3.880659,0.00003,188.4056,Road,0,0,0.5,0.5,0.5,0.5,0.974328,0.997813,Valid,#NAME?
06:49.1,3487,48.5176,3.770213,1.195508,185.6884,4.081117,0.947052,3.114742,0,0,0,3.769161,1.199814,185.7021,0.032606,-0.407377,0.912678,3.865189,0.00003,188.39,Road,0,0,0.5,0.5,0.5,0.5,0.986856,0.999104,Valid,#NAME?
06:49.2,3488,48.5374,3.774161,1.195704,185.6865,4.166075,0.735954,3.133239,0,0,0,3.773057,1.199991,185.7003,0.024083,-0.412286,0.910736,3.84315,0.00003,188.351,Road,0,0,0.5,0.5,0.5,0.5,0.989485,0.999284,Valid,#NAME?
06:49.2,3489,48.5571,3.776325,1.195987,185.6853,4.319412,0.441623,3.035572,0,0,0,3.77516,1.200239,185.699,0.017218,-0.414682,0.909804,3.824992,0.00003,188.3322,Road,0,0,0.5,0.5,0.5,0.5,0.991588,0.999427,Valid,#NAME?
06:49.2,3490,48.577,3.782051,1.196761,185.6822,4.495358,359.7566,2.98126,0,0,0,3.780725,1.200972,185.696,0.003546,-0.416662,0.909054,3.790945,0.00003,188.3161,Road,0,0,0.5,0.5,0.5,0.5,0.991588,0.999427,Valid,#NAME?
06:49.2,3491,48.6037,3.785223,1.19713,185.6806,4.496784,359.2788,3.05111,0,0,0,3.783777,1.201339,185.6944,-0.001689,-0.418098,0.908401,3.778924,0.00003,188.3044,Road,0,0,0.5,0.5,0.5,0.5,0.996554,0.999765,Valid,#NAME?
06:49.2,3492,48.6167,3.787974,1.197359,185.6792,4.496886,358.8487,3.133835,0,0,0,3.786418,1.201566,185.6929,-0.008537,-0.41966,0.907642,3.761974,0.00003,188.2915,Road,0,0,0.5,0.5,0.5,0.5,0.998589,0.999904,Valid,#NAME?
06:49.3,3493,48.6387,3.791503,1.197231,185.6771,4.638523,358.342,3.041667,0,0,0,3.789834,1.201406,185.6908,-0.017766,-0.422894,0.906005,3.739363,0.00003,188.2646,Road,0,0,0.5,0.5,0.5,0.5,0.998589,0.999904,Valid,#NAME?
06:49.3,3494,48.6587,3.795733,1.196579,185.6742,4.926311,357.752,2.726893,0,0,0,3.793951,1.200692,185.6879,-0.030874,-0.429661,0.902463,3.707675,0.00003,188.2098,Road,0,0,0.5,0.5,0.5,0.5,0.999422,0.999961,Valid,#NAME?
06:49.3,3495,48.6787,3.799214,1.196129,185.6718,5.174952,357.2756,2.356268,0,0,0,3.797351,1.20019,185.6856,-0.039549,-0.434775,0.89967,3.688178,0.00003,188.169,Road,0,0,0.5,0.5,0.5,0.5,0.999704,0.99998,Valid,#NAME?
06:49.3,3496,48.699,3.802802,1.195771,185.6694,5.299259,356.8081,1.900464,0,0,0,3.800869,1.199811,185.6832,-0.048712,-0.437541,0.897878,3.667296,0.00003,188.1452,Road,0,0,0.5,0.5,0.5,0.5,0.999811,0.999987,Valid,#NAME?
06:49.3,3497,48.7199,3.80589,1.195479,185.6674,5.462493,356.3887,1.511022,0,0,0,3.803891,1.199488,185.6811,-0.060369,-0.436346,0.897751,3.637944,0.00003,188.1489,Road,0,0,0.5,0.5,0.5,0.5,0.999879,0.999992,Valid,#NAME?
06:49.4,3498,48.7413,3.807849,1.195332,185.666,5.619455,356.1569,1.21805,0,0,0,3.805821,1.199309,185.6797,-0.090582,-0.405257,0.909704,3.537762,0.00003,188.3718,Road,0,0,0.5,0.5,0.5,0.5,0.999938,0.999996,Valid,#NAME?
06:49.4,3499,48.7671,3.810172,1.194998,185.6642,5.818969,355.8638,0.841555,0,0,0,3.808108,1.198934,185.6779,-0.134566,-0.337438,0.93168,3.330003,0.00003,188.9882,Road,0,0,0.5,0.5,0.5,0.5,0.99995,0.999997,Valid,#NAME?
06:49.4,3500,48.7793,3.811642,1.19504,185.6629,5.912087,355.7087,0.569303,0,0,0,3.809566,1.198958,185.6766,-0.138187,-0.338645,0.930712,3.320331,0.00003,188.9717,Road,0,0,0.5,0.5,0.5,0.5,0.99995,0.999997,Valid,#NAME?
06:49.4,3501,48.8003,3.813861,1.19515,185.6611,6.002448,355.5535,0.114192,0,0,0,3.81179,1.199055,185.6749,-0.153454,-0.307697,0.939029,3.213816,0.00003,189.334,Road,0,0,0.5,0.5,0.5,0.5,0.999987,0.999999,Valid,#NAME?
06:49.4,3502,48.8197,3.81551,1.195367,185.6598,5.937066,355.6128,359.6965,0,0,0,3.813491,1.199294,185.6735,-0.153137,-0.301082,0.941222,3.203517,0.00003,189.4226,Road,0,0,0.5,0.5,0.5,0.5,0.999992,1,Valid,#NAME?
06:49.5,3503,48.8392,3.817275,1.195623,185.6586,5.843431,355.7416,359.3087,0,0,0,3.815324,1.19958,185.6723,-0.151801,-0.292729,0.944069,3.193273,0.00003,189.5409,Road,0,0,0.5,0.5,0.5,0.5,0.999995,1,Valid,#NAME?
06:49.5,3504,48.8584,3.818348,1.195902,185.6579,5.810357,355.9842,359.0681,0,0,0,3.816478,1.199871,185.6717,-0.146179,-0.289439,0.945969,3.210508,0.00003,189.5931,Road,0,0,0.5,0.5,0.5,0.5,0.999997,1,Valid,#NAME?
06:49.5,3505,48.8775,3.81946,1.196256,185.6573,5.84172,356.2682,358.8182,0,0,0,3.817681,1.20022,185.671,-0.138284,-0.289579,0.947112,3.244548,0.00003,189.5964,Road,0,0,0.5,0.5,0.5,0.5,0.999999,1,Valid,#NAME?
06:49.5,3506,48.8967,3.820362,1.196688,185.6568,5.939312,356.6166,358.6136,0,0,0,3.818686,1.200632,185.6706,-0.132037,-0.288596,0.948303,3.269393,0.00003,189.6156,Road,0,0,0.5,0.5,0.5,0.5,0.999999,1,Valid,#NAME?
06:49.5,3507,48.922,3.821061,1.19714,185.6567,6.000078,356.9303,358.4669,0,0,0,3.819473,1.201072,185.6705,-0.126454,-0.285421,0.950023,3.287358,0.00003,189.6682,Road,0,0,0.5,0.5,0.5,0.5,1,1,Valid,#NAME?
06:49.6,3508,48.9343,3.8217,1.197309,185.6568,5.915042,357.2558,358.4241,0,0,0,3.820195,1.201262,185.6706,-0.121213,-0.283947,0.951147,3.307404,0.00003,189.6944,Road,0,0,0.5,0.5,0.5,0.5,1,1,Valid,#NAME?
06:49.6,3509,48.9542,3.822123,1.197252,185.6574,5.68406,357.6151,358.3583,0,0,0,3.82071,1.201262,185.6712,-0.116769,-0.276986,0.953753,3.314308,0.00003,189.8074,Road,0,0,0.5,0.5,0.5,0.5,1,1,Valid,#NAME?
06:49.6,3510,48.9726,3.822445,1.197343,185.6581,5.393736,357.9676,358.2889,0,0,0,3.821125,1.201424,185.6719,-0.114045,-0.268621,0.956471,3.311066,0.00003,189.9496,Road,0,0,0.5,0.5,0.5,0.5,1,1,Valid,#NAME?
06:49.6,3511,48.9897,3.82257,1.197439,185.6588,5.195972,358.2137,358.2581,0,0,0,3.821312,1.201568,185.6726,-0.110038,-0.266415,0.957557,3.325037,0.00003,189.9912,Road,0,0,0.5,0.5,0.5,0.5,1,1,Valid,#NAME?
06:49.6,3512,49.0076,3.822702,1.197793,185.6596,4.927596,358.4182,358.2579,0,0,0,3.821494,1.201986,185.6734,-0.107316,-0.262154,0.95904,3.329457,0.00003,190.0705,Road,0,0,0.5,0.5,0.5,0.5,1,1,Valid,#NAME?
06:49.6,3513,49.0257,3.822842,1.198685,185.6615,4.384784,358.696,358.3855,0,0,0,3.821689,1.203007,185.6752,-0.104099,-0.25101,0.962371,3.322789,0.00003,190.2874,Road,0,0,0.5,0.5,0.5,0.5,1,1,Valid,#NAME?
06:49.7,3514,49.0437,3.823076,1.19944,185.6633,3.847487,358.9504,358.526,0,0,0,3.821972,1.203889,185.6769,-0.101659,-0.240338,0.965351,3.312758,0.00003,190.5124,Road,0,0,0.5,0.5,0.5,0.5,1,1,Valid,#NAME?
06:49.7,3515,49.0643,3.823057,1.200379,185.6652,3.215872,359.1889,358.5864,0,0,0,3.822005,1.204977,185.6788,-0.100658,-0.227797,0.968492,3.289568,0.00003,190.8017,Road,0,0,0.5,0.5,0.5,0.5,1,1,Valid,#NAME?
06:49.7,3516,49.0892,3.823071,1.201203,185.667,2.592906,359.3981,358.7222,0,0,0,3.822057,1.205947,185.6805,-0.099387,-0.217399,0.97101,3.270755,0.00003,191.0667,Road,0,0,0.5,0.5,0.5,0.5,1,1,Valid,#NAME?
06:49.7,3517,49.1007,3.823096,1.201673,185.6685,2.019912,359.5808,358.8033,0,0,0,3.822118,1.206551,185.682,-0.097393,-0.206716,0.973542,3.253673,0.00003,191.3642,Road,0,0,0.5,0.5,0.5,0.5,1,1,Valid,#NAME?
06:49.7,3518,49.11,3.823037,1.20184,185.6694,1.689644,359.6653,358.8283,0,0,0,3.822076,1.206797,185.6829,-0.095888,-0.201136,0.974859,3.246773,0.00003,191.5318,Road,0,0,0.5,0.5,0.5,0.5,1,1,Valid,#NAME?
06:49.8,3519,49.1281,3.82303,1.202343,185.6709,1.239194,359.8112,358.9944,0,0,0,3.822089,1.207403,185.6844,-0.095797,-0.194274,0.976259,3.226727,0.00003,191.7516,Road,0,0,0.5,0.5,0.5,0.5,1,1,Valid,#NAME?
06:49.8,3520,49.1451,3.823256,1.20339,185.6725,0.784474,359.9412,359.2094,0,0,0,3.822325,1.208553,185.686,-0.095499,-0.187941,0.977527,3.208235,0.00003,191.9718,Road,0,0,0.5,0.5,0.5,0.5,1,1,Valid,#NAME?
06:49.8,3521,49.1653,3.823582,1.204613,185.6746,0.435238,0.080828,359.5334,0,0,0,3.822653,1.209852,185.688,-0.094327,-0.17842,0.979423,3.183042,0.00003,192.3293,Road,0,0,0.5,0.5,0.5,0.5,1,1,Valid,#NAME?
06:49.8,3522,49.1829,3.823842,1.205212,185.6763,0.190797,0.199217,359.7443,0,0,0,3.822922,1.210505,185.6897,-0.080264,-0.1391,0.98702,3.124452,0.000031,194.2788,Road,0,0,0.5,0.5,0.5,0.5,1,1,Valid,#NAME?
06:49.8,3523,49.2002,3.824111,1.20571,185.6778,359.9353,0.32711,359.7654,0,0,0,3.823218,1.211062,185.6911,-0.077041,-0.115625,0.990301,3.016311,0.000031,196.0633,Road,0,0,0.5,0.5,0.5,0.5,1,1,Valid,#NAME?
06:49.8,3524,49.2173,3.824305,1.206323,185.6796,359.6422,0.500342,359.7264,0,0,0,3.823456,1.211743,185.693,-0.073581,-0.100402,0.992222,2.935437,0.000031,197.6677,Road,0,0,0.5,0.5,0.5,0.5,1,1,Valid,#NAME?
06:49.9,3525,49.2404,3.824686,1.207103,185.6814,359.346,0.704253,359.7369,0,0,0,3.823883,1.212593,185.6947,-0.071544,-0.081307,0.994118,2.756927,0.000032,200.5203,Road,0,0,0.5,0.5,0.5,0.5,1,1,Valid,#NAME?
06:49.9,3526,49.2527,3.824873,1.207775,185.6833,359.0457,0.914229,359.7608,0,0,0,3.824117,1.213334,185.6966,-0.069789,-0.08122,0.99425,2.781577,0.000032,200.5491,Road,0,0,0.5,0.5,0.5,0.5,1,1,Valid,#NAME?
06:49.9,3527,49.2636,3.824999,1.208196,185.6845,358.8619,1.043931,359.788,0,0,0,3.82427,1.213797,185.6977,-0.067487,-0.078076,0.994661,2.775119,0.000032,201.1606,Road,0,0,0.5,0.5,0.5,0.5,1,1,Valid,#NAME?
06:49.9,3528,49.2841,3.825167,1.208708,185.6862,358.6189,1.146388,359.6221,0,0,0,3.824476,1.214368,185.6995,-0.069176,-0.080239,0.994372,2.777573,0.000032,200.7483,Road,0,0,0.5,0.5,0.5,0.5,1,1,Valid,#NAME?
06:49.9,3529,49.3023,3.825118,1.208961,185.688,358.3876,1.193897,359.4768,0,0,0,3.824451,1.214677,185.7012,-0.070843,-0.082815,0.994044,2.785396,0.000032,200.2807,Road,0,0,0.5,0.5,0.5,0.5,1,1,Valid,#NAME?
06:49.9,3530,49.3192,3.824899,1.209199,185.6897,358.1643,1.192819,359.3648,0,0,0,3.824242,1.214968,185.7029,-0.07247,-0.081981,0.993996,2.75026,0.000032,200.4336,Road,0,0,0.5,0.5,0.5,0.5,1,1,Valid,#NAME?
06:50.0,3531,49.3366,3.824686,1.209655,185.6913,357.8831,1.147711,359.2569,0,0,0,3.824028,1.21549,185.7045,-0.07537,-0.079809,0.993957,2.676173,0.000032,200.8421,Road,0,0,0.5,0.5,0.5,0.5,1,1,Valid,#NAME?
06:50.0,3532,49.3537,3.82447,1.210114,185.693,357.5876,1.103217,359.1702,0,0,0,3.823809,1.216018,185.7061,-0.078308,-0.076934,0.993956,2.58611,0.000032,201.4162,Road,0,0,0.5,0.5,0.5,0.5,1,1,Valid,#NAME?
06:50.0,3533,49.3712,3.824094,1.210545,185.6945,357.3197,1.078421,358.9988,0,0,0,3.823443,1.216513,185.7077,-0.082397,-0.074281,0.993828,2.474046,0.000032,201.9833,Road,0,0,0.5,0.5,0.5,0.5,1,1,Valid,#NAME?
06:50.0,3534,49.3944,3.823802,1.210998,185.6962,357.0562,1.034571,358.8276,0,0,0,3.823156,1.217029,185.7093,-0.085983,-0.071351,0.993738,2.356587,0.000032,202.6589,Road,0,0,0.5,0.5,0.5,0.5,1,1,Valid,#NAME?
06:50.0,3535,49.4007,3.823725,1.211154,185.6968,356.9425,1.031293,358.7817,0,0,0,3.823083,1.217212,185.7098,-0.086136,-0.069298,0.99387,2.310168,0.000032,203.1665,Road,0,0,0.5,0.5,0.5,0.5,1,1,Valid,#NAME?
06:50.0,3536,49.41,3.823654,1.211674,185.6982,356.5932,1.037902,358.6924,0,0,0,3.823021,1.217812,185.7112,-0.086778,-0.063701,0.994189,2.164072,0.000033,204.7173,Road,0,0,0.5,0.5,0.5,0.5,1,1,Valid,#NAME?
06:50.1,3537,49.4272,3.823511,1.21225,185.6998,356.225,1.049972,358.6593,0,0,0,3.822884,1.218472,185.7128,-0.088105,-0.058893,0.994369,2.01801,0.012013,206.0829,Cube,0,0,0.5,0.5,0.5,0.5,1,1,Valid,#NAME?
06:50.1,3538,49.4433,3.823552,1.212828,185.7012,355.738,1.031813,358.6432,0,0,0,3.822921,1.219162,185.7141,-0.089227,-0.05168,0.99467,1.995736,0.160857,206.0829,Cube,0,0,0.5,0.5,0.5,0.5,1,1,Valid,#NAME?
06:50.1,3539,49.4594,3.823405,1.213305,185.7021,355.2907,0.977286,358.6419,0,0,0,3.822762,1.219739,185.715,-0.090437,-0.044803,0.994894,1.971286,0.302518,206.0829,Cube,0,0,0.5,0.5,0.5,0.5,1,1,Valid,#NAME?
06:50.1,3540,49.4761,3.823262,1.214011,185.7034,354.6907,0.902234,358.5738,0,0,0,3.822607,1.22058,185.7163,-0.091884,-0.034272,0.99518,1.942171,0.519183,206.0829,Cube,0,0,0.5,0.5,0.5,0.5,1,1,Valid,#NAME?
06:50.1,3541,49.4963,3.822922,1.215394,185.7054,353.844,0.817353,358.5355,0,0,0,3.822249,1.222152,185.7181,-0.094594,-0.022063,0.995271,1.886716,0.770702,206.0829,Cube,0,0,0.5,0.5,0.5,0.5,1,1,Valid,#NAME?
06:50.1,3542,49.5137,3.822707,1.215991,185.7061,353.5789,0.693187,358.4828,0,0,0,3.822011,1.222809,185.7188,-0.098632,-0.021935,0.994882,1.803127,0.773819,206.0829,Cube,0,0,0.5,0.5,0.5,0.5,1,1,Valid,#NAME?
06:50.2,3543,49.5302,3.822388,1.216406,185.7069,353.3757,0.536073,358.4215,0,0,0,3.821663,1.223269,185.7195,-0.101914,-0.02081,0.994576,1.735028,0.797196,206.0829,Cube,0,0,0.5,0.5,0.5,0.5,1,1,Valid,#NAME?
06:50.2,3544,49.5533,3.822133,1.21675,185.7073,353.2687,0.308896,358.407,0,0,0,3.821359,1.223638,185.7199,-0.105977,-0.019947,0.994169,1.650684,0.815065,206.0829,Cube,0,0,0.5,0.5,0.5,0.5,1,1,Valid,#NAME?
06:50.2,3545,49.5636,3.821836,1.217109,185.7078,353.1635,0.092171,358.3924,0,0,0,3.821016,1.22402,185.7204,-0.110229,-0.018922,0.993726,1.562308,0.836293,206.0829,Cube,0,0,0.5,0.5,0.5,0.5,1,1,Valid,#NAME?
06:50.2,3546,49.5723,3.821761,1.217383,185.708,353.1103,359.9693,358.3866,0,0,0,3.820914,1.224306,185.7206,-0.112373,-0.017987,0.993503,1.517766,0.855655,206.0829,Cube,0,0,0.5,0.5,0.5,0.5,1,1,Valid,#NAME?
06:50.2,3547,49.5898,3.821506,1.217794,185.7084,352.9884,359.713,358.4178,0,0,0,3.820599,1.224743,185.721,-0.117127,-0.016922,0.992973,1.418794,0.877733,206.0829,Cube,0,0,0.5,0.5,0.5,0.5,1,1,Valid,#NAME?
06:50.2,3548,49.6061,3.821259,1.218261,185.7086,352.8636,359.4574,358.3954,0,0,0,3.8203,1.225238,185.7212,-0.121671,-0.015263,0.992453,1.324041,0.912101,206.0829,Cube,0,0,0.5,0.5,0.5,0.5,1,1,Valid,#NAME?
06:50.2,3549,49.6233,3.820889,1.218719,185.7092,352.7027,359.156,358.3305,0,0,0,3.819869,1.225732,185.7217,-0.126976,-0.013686,0.991811,1.213136,0.944762,206.0829,Cube,0,0,0.5,0.5,0.5,0.5,1,1,Valid,#NAME?
06:50.3,3550,49.6402,3.820609,1.219249,185.7096,352.5162,358.8675,358.2268,0,0,0,3.819535,1.226304,185.7221,-0.131947,-0.01082,0.991198,1.10912,1.004039,206.0829,Cube,0,0,0.5,0.5,0.5,0.5,1,1,Valid,#NAME?
06:50.3,3551,49.6571,3.820271,1.219528,185.7101,352.3476,358.6542,358.1401,0,0,0,3.81916,1.226622,185.7225,-0.13553,-0.009022,0.990732,1.033902,1.041215,206.0829,Cube,0,0,0.5,0.5,0.5,0.5,1,1,Valid,#NAME?
06:50.3,3552,49.6742,3.819849,1.219951,185.7106,352.0991,358.3783,357.9843,0,0,0,3.818693,1.2271,185.7231,-0.140785,-0.005586,0.990024,0.92344,1.112227,206.0829,Cube,0,0,0.5,0.5,0.5,0.5,1,1,Valid,#NAME?
06:50.3,3553,49.6919,3.819301,1.220305,185.7113,351.7845,358.0807,357.8484,0,0,0,3.818094,1.227525,185.7237,-0.146186,-0.000333,0.989257,0.809537,1.220673,206.0829,Cube,0,0,0.5,0.5,0.5,0.5,1,1,Valid,#NAME?
06:50.3,3554,49.7173,3.818634,1.220783,185.7121,351.5063,357.7211,357.7317,0,0,0,3.817362,1.228066,185.7245,-0.151608,0.002511,0.988438,0.694756,1.279778,206.0829,Cube,0,0,0.5,0.5,0.5,0.5,1,1,Valid,#NAME?
06:50.3,3555,49.7264,3.818291,1.220943,185.7125,351.3744,357.553,357.6594,0,0,0,3.81699,1.228255,185.7249,-0.154688,0.004938,0.987951,0.629439,1.330009,206.0829,Cube,0,0,0.5,0.5,0.5,0.5,1,1,Valid,#NAME?
06:50.4,3556,49.7364,3.81767,1.221289,185.7133,351.2134,357.1903,357.6538,0,0,0,3.816293,1.228635,185.7256,-0.159616,0.005586,0.987163,0.524683,1.34384,206.0829,Cube,0,0,0.5,0.5,0.5,0.5,1,1,Valid,#NAME?
06:50.4,3557,49.7536,3.816503,1.221807,185.7148,351.034,356.5079,357.6075,0,0,0,3.814983,1.229194,185.7271,-0.1708,0.007986,0.985274,0.286239,1.394178,206.0829,Cube,0,0,0.5,0.5,0.5,0.5,1,1,Valid,#NAME?
06:50.4,3558,49.7706,3.815825,1.221904,185.7155,351.0778,356.1174,357.6377,0,0,0,3.81422,1.22928,185.7278,-0.175949,0.004981,0.984387,0.17596,1.332273,206.0829,Cube,0,0,0.5,0.5,0.5,0.5,1,1,Valid,#NAME?
06:50.4,3559,49.7883,3.815145,1.22144,185.7163,351.2413,355.7114,357.5468,0,0,0,3.813459,1.228782,185.7286,-0.178889,-0.001647,0.983868,0.11259,1.194709,206.0829,Cube,0,0,0.5,0.5,0.5,0.5,1,1,Valid,#NAME?
06:50.4,3560,49.8066,3.814472,1.221239,185.7172,351.4259,355.3623,357.3952,0,0,0,3.812723,1.228543,185.7295,-0.253943,0.028447,0.966801,-1.533372,1.827418,206.0829,Cube,0,0,0.5,0.5,0.5,0.5,1,1,Valid,#NAME?
06:50.4,3561,49.825,3.813842,1.220955,185.718,351.6093,355.0961,357.2768,0,0,0,3.812046,1.228221,185.7303,-0.293258,0.073268,0.953222,-2.449408,2.792597,206.0829,Cube,0,0,0.5,0.5,0.5,0.5,1,0.64,Valid,#NAME?
06:50.5,3562,49.9034,3.811904,1.22015,185.7215,352.2709,354.0833,357.2208,0,0,0,3.809887,1.227273,185.7339,-0.381881,0.087342,0.920075,-4.636051,3.158979,206.0829,Cube,0,0,0.5,0.5,0.5,0.5,0.978674,0.523029,Valid,#NAME?
06:50.6,3563,49.9643,3.811872,1.220037,185.7243,352.397,354.1379,357.2684,0,0,0,3.80986,1.227132,185.7367,-0.296027,0.021415,0.954939,-2.497378,1.683411,206.0829,Cube,0,0,0.5,0.5,0.5,0.5,0.99771,0.7689,Valid,#NAME?
06:50.6,3564,49.9765,3.812277,1.219891,185.725,352.5976,354.3213,357.2686,0,0,0,3.810303,1.226942,185.7374,-0.285806,0.009886,0.958236,-2.258009,1.436851,206.0829,Cube,0,0,0.5,0.5,0.5,0.5,0.99771,0.802901,Valid,#NAME?
06:50.6,3565,49.9916,3.812671,1.219566,185.7255,352.7523,354.5349,357.2303,0,0,0,3.810744,1.226583,185.7379,-0.282311,0.007362,0.959295,-2.1766,1.382722,206.0829,Cube,0,0,0.5,0.5,0.5,0.5,0.998168,0.873857,Valid,#NAME?
06:50.6,3566,50.0017,3.812935,1.219475,185.7258,352.8521,354.6954,357.2015,0,0,0,3.811045,1.226471,185.7383,-0.260855,-0.015778,0.965249,-1.68702,0.89391,206.0829,Cube,0,0,0.5,0.5,0.5,0.5,0.998168,0.873857,Valid,#NAME?
06:50.6,3567,50.0177,3.813609,1.219151,185.7262,353.0277,355.0762,357.0892,0,0,0,3.81181,1.226109,185.7387,-0.243527,-0.029986,0.96943,-1.298791,0.596824,206.0829,Cube,0,0,0.5,0.5,0.5,0.5,0.998168,0.873857,Valid,#NAME?
06:50.6,3568,50.0266,3.813993,1.219044,185.7265,353.1179,355.3126,357.0695,0,0,0,3.812246,1.225983,185.739,-0.235823,-0.036242,0.97112,-1.127995,0.466757,206.0829,Cube,0,0,0.5,0.5,0.5,0.5,0.99925,0.873857,Valid,#NAME?
06:50.7,3569,50.047,3.814882,1.219011,185.7269,353.2931,355.8487,356.9497,0,0,0,3.813264,1.225913,185.7395,-0.217988,-0.048861,0.974728,-0.736346,0.206147,206.0829,Cube,0,0,0.5,0.5,0.5,0.5,0.99952,0.919268,Valid,#NAME?
06:50.7,3570,50.0645,3.815887,1.218907,185.7274,353.4205,356.4365,356.8485,0,0,0,3.814405,1.225782,185.74,-0.201628,-0.057532,0.977771,-0.380548,0.028801,206.0829,Cube,0,0,0.5,0.5,0.5,0.5,0.999693,0.948332,Valid,#NAME?
06:50.7,3571,50.1152,3.819157,1.218977,185.7284,353.486,358.4102,356.4297,0,0,0,3.81815,1.225842,185.7411,-0.151612,-0.071368,0.98586,1.214061,0.000032,202.6742,Road,0,0,0.5,0.5,0.5,0.5,0.999899,0.983069,Valid,#NAME?
06:50.8,3572,50.1287,3.821184,1.219105,185.7287,353.4599,359.7553,356.3802,0,0,0,3.820477,1.225976,185.7413,-0.128587,-0.07081,0.989167,1.594248,0.000032,202.8668,Road,0,0,0.5,0.5,0.5,0.5,0.999899,0.983069,Valid,#NAME?
06:50.8,3573,50.1814,3.826143,1.219037,185.7288,353.6861,3.186232,355.8013,0,0,0,3.826251,1.225865,185.7415,-0.059285,-0.085124,0.994605,2.97251,0.000032,200.0645,Road,0,0,0.5,0.5,0.5,0.5,0.999987,0.997728,Valid,#NAME?
06:50.8,3574,50.1982,3.827806,1.219018,185.7287,353.4462,4.459071,355.9544,0,0,0,3.82818,1.225897,185.7413,0.007865,-0.090497,0.995866,3.934714,0.000032,199.2312,Road,0,0,0.5,0.5,0.5,0.5,0.999987,0.997728,Valid,#NAME?
06:50.8,3575,50.2144,3.82958,1.21911,185.7285,353.3533,5.656307,355.9828,0,0,0,3.830215,1.226008,185.7412,0.109192,-0.093535,0.98961,5.26141,0.000032,198.7122,Road,0,0,0.5,0.5,0.5,0.5,0.999995,0.999069,Valid,#NAME?
06:50.9,3576,50.2313,3.830787,1.21921,185.7284,353.3638,6.56204,355.9657,0,0,0,3.831623,1.226108,185.7411,0.214953,-0.100202,0.971471,6.068777,0.183242,195.8518,Arch,0,0,0.5,0.5,0.5,0.5,0.999997,0.999404,Valid,#NAME?
06:50.9,3577,50.2559,3.832697,1.219269,185.7282,353.3094,7.886578,356.0126,0,0,0,3.833819,1.226178,185.7408,0.331269,-0.102198,0.937985,5.965644,0.568503,191.7771,Arch,0,0,0.5,0.5,0.5,0.5,0.999997,0.999404,Valid,#NAME?
06:50.9,3578,50.3159,3.839369,1.219574,185.7276,353.4753,12.71854,355.3809,0,0,0,3.841612,1.226453,185.7401,0.545915,-0.122788,0.828794,5.914313,0.760258,188.8868,Arch,0,0,0.5,0.5,0.5,0.5,0.999998,0.999695,Valid,#NAME?
06:51.0,3579,50.3327,3.841047,1.21957,185.7275,353.2589,13.92023,355.801,0,0,0,3.843507,1.226492,185.7399,0.524568,-0.115282,0.843527,5.911144,0.772098,189.0648,Arch,0,0,0.5,0.5,0.5,0.5,1,0.999959,Valid,#NAME?
06:51.0,3580,50.3904,3.846296,1.219251,185.7262,353.6496,17.84317,355.4581,0,0,0,3.849644,1.22609,185.7384,0.530151,-0.116303,0.839889,5.910647,0.773952,189.0036,Arch,0,0,0.5,0.5,0.5,0.5,1,0.999987,Valid,#NAME?
06:51.1,3581,50.4977,3.85535,1.219314,185.7234,353.9495,24.75306,355.5995,0,0,0,3.860149,1.226086,185.7352,0.912242,-0.130578,0.388283,5.866494,0.938899,186.5891,Arch,0,0,0.5,0.5,0.5,0.5,1,0.999999,Valid,#NAME?
06:51.1,3582,50.5068,3.856501,1.219192,185.7231,353.3093,25.55603,356.2863,0,0,0,3.861374,1.226097,185.7348,0.92,-0.114421,0.374843,5.85602,0.978022,186.5475,Arch,0,0,0.5,0.5,0.5,0.5,1,0.999999,Valid,#NAME?
06:51.1,3583,50.52,3.857927,1.21923,185.7226,353.304,26.55406,356.3733,0,0,0,3.862996,1.226136,185.7342,0.945061,-0.125476,0.301854,5.860599,0.960913,186.3723,Arch,0,0,0.5,0.5,0.5,0.5,1,1,Valid,#NAME?
06:51.2,3584,50.5336,3.859052,1.219257,185.7222,353.2319,27.28635,356.4765,0,0,0,3.864255,1.226178,185.7337,0.955734,-0.129172,0.26436,5.861864,0.956191,186.2863,Arch,0,0,0.5,0.5,0.5,0.5,1,1,Valid,#NAME?
06:51.2,3585,50.547,3.859898,1.219314,185.7221,353.2266,27.91831,356.5567,0,0,0,3.865222,1.226234,185.7335,0.957542,-0.131452,0.25658,5.862991,0.951979,186.2689,Arch,0,0,0.5,0.5,0.5,0.5,1,1,Valid,#NAME?
06:51.2,3586,50.5654,3.860987,1.219263,185.7217,353.177,28.63066,356.6618,0,0,0,3.866441,1.226193,185.7331,0.960998,-0.132512,0.242743,5.863295,0.950847,186.2375,Arch,0,0,0.5,0.5,0.5,0.5,1,1,Valid,#NAME?
06:51.2,3587,50.5916,3.863578,1.219195,185.7208,353.2145,30.36307,356.7245,0,0,0,3.869372,1.226117,185.732,0.962363,-0.134058,0.236402,5.863986,0.948267,186.222,Arch,0,0,0.5,0.5,0.5,0.5,1,1,Valid,#NAME?
06:51.2,3588,50.6162,3.86534,1.219278,185.7203,353.1794,31.51573,356.9511,0,0,0,3.87134,1.226205,185.7314,0.964225,-0.130334,0.230832,5.861598,0.957183,186.2079,Arch,0,0,0.5,0.5,0.5,0.5,1,1,Valid,#NAME?
06:51.2,3589,50.6265,3.866091,1.219267,185.72,353.1163,31.93781,357.0951,0,0,0,3.872156,1.226205,185.731,0.962802,-0.12676,0.238632,5.859628,0.96454,186.2236,Arch,0,0,0.5,0.5,0.5,0.5,1,1,Valid,#NAME?
06:51.3,3590,50.648,3.867298,1.219218,185.7196,353.1607,32.60578,357.2012,0,0,0,3.873487,1.226145,185.7307,0.963632,-0.124914,0.236241,5.858481,0.968834,186.2173,Arch,0,0,0.5,0.5,0.5,0.5,1,1,Valid,#NAME?
06:51.3,3591,50.6848,3.869354,1.218998,185.7191,353.1451,33.56154,357.3492,0,0,0,3.875714,1.225927,185.73,0.956902,-0.122931,0.263108,5.857822,0.971291,186.275,Arch,0,0,0.5,0.5,0.5,0.5,1,1,Valid,#NAME?
06:51.4,3592,50.7409,3.871687,1.21925,185.7193,352.9715,33.96677,357.3522,0,0,0,3.878112,1.226217,185.7302,0.947974,-0.120486,0.294667,5.856905,0.974716,186.3452,Arch,0,0,0.5,0.5,0.5,0.5,1,1,Valid,#NAME?
06:51.4,3593,50.7593,3.87202,1.219252,185.7195,352.9552,33.89082,357.3543,0,0,0,3.878429,1.226223,185.7303,0.943122,-0.120232,0.309945,5.857103,0.973976,186.3806,Arch,0,0,0.5,0.5,0.5,0.5,1,1,Valid,#NAME?
06:51.4,3594,50.7698,3.872341,1.219187,185.7199,352.9001,33.66375,357.3231,0,0,0,3.878706,1.226171,185.7308,0.940328,-0.119947,0.318428,5.857149,0.973803,186.4007,Arch,0,0,0.5,0.5,0.5,0.5,1,1,Valid,#NAME?
06:51.4,3595,50.783,3.872509,1.219128,185.7202,352.899,33.4233,357.2513,0,0,0,3.878833,1.226112,185.7311,0.934768,-0.119939,0.3344,5.857572,0.972222,186.4389,Arch,0,0,0.5,0.5,0.5,0.5,1,1,Valid,#NAME?
06:51.4,3596,50.7998,3.872617,1.219078,185.7206,352.9073,33.06261,357.1738,0,0,0,3.878879,1.226062,185.7315,0.928505,-0.120591,0.351192,5.858445,0.968963,186.4803,Arch,0,0,0.5,0.5,0.5,0.5,1,1,Valid,#NAME?
06:51.4,3597,50.8119,3.872605,1.219116,185.721,352.9576,32.74137,357.11,0,0,0,3.878815,1.22609,185.732,0.922971,-0.121845,0.365074,5.859613,0.964598,186.5155,Arch,0,0,0.5,0.5,0.5,0.5,1,1,Valid,#NAME?
06:51.4,3598,50.8252,3.87255,1.219112,185.7214,353.0149,32.37478,357.0651,0,0,0,3.878695,1.226074,185.7324,0.918651,-0.122996,0.375438,5.860653,0.960713,186.5424,Arch,0,0,0.5,0.5,0.5,0.5,1,1,Valid,#NAME?
06:51.6,3599,50.9277,3.87255,1.219112,185.7214,353.0149,32.37478,357.0651,0,0,0,3.878695,1.226074,185.7324,0.80426,-0.091639,0.58717,5.849738,1.00149,187.1714,Arch,0,0,0.5,0.5,0.5,0.5,1,1,Valid,#NAME?
06:51.6,3600,50.9657,3.869395,1.21911,185.7261,353.4281,27.26463,357.0178,0,0,0,3.87456,1.225982,185.7377,0.271473,0.008048,0.962412,5.774565,1.282307,192.4735,Arch,0,0,0.5,0.5,0.5,0.5,1,1,Valid,#NAME?
06:51.6,3601,50.9733,3.869063,1.219171,185.7265,353.3896,26.84922,357.0494,0,0,0,3.87414,1.22605,185.7381,0.264543,0.008596,0.964336,5.773107,1.287756,192.6604,Arch,0,0,0.5,0.5,0.5,0.5,1,1,Valid,#NAME?
06:51.6,3602,51.0257,3.867063,1.218676,185.7282,353.4011,24.98454,357.1169,0,0,0,3.871754,1.225552,185.7399,0.198767,0.012398,0.979968,5.758258,1.343222,195.0408,Arch,0,0,0.5,0.5,0.5,0.5,1,1,Valid,#NAME?
06:51.7,3603,51.0398,3.866496,1.218518,185.7286,353.5669,24.3998,356.9112,0,0,0,3.871092,1.22536,185.7405,0.191237,0.011017,0.981482,5.760669,1.334217,195.4383,Arch,0,0,0.5,0.5,0.5,0.5,1,1,Valid,#NAME?
06:51.7,3604,51.0677,3.86517,1.218164,185.7298,353.6707,23.16,357.0266,0,0,0,3.869505,1.224982,185.7417,0.144743,0.012239,0.989394,5.747405,1.38377,198.5782,Arch,0,0,0.5,0.5,0.5,0.5,1,1,Valid,#NAME?
06:51.7,3605,51.083,3.864458,1.218055,185.7304,353.7364,22.50547,357.0216,0,0,0,3.868659,1.224858,185.7424,0.133428,0.011153,0.990996,5.747895,1.381941,199.6998,Arch,0,0,0.5,0.5,0.5,0.5,1,1,Valid,#NAME?
06:51.7,3606,51.1044,3.863519,1.218141,185.731,353.6891,21.69949,357.1568,0,0,0,3.867537,1.224953,185.743,0.15134,0.000397,0.988482,5.788572,1.229988,198.2903,Arch,0,0,0.5,0.5,0.5,0.5,1,1,Valid,#NAME?
06:51.7,3607,51.1122,3.862467,1.218076,185.7314,353.8204,20.97002,357.214,0,0,0,3.866331,1.224858,185.7435,0.138851,-0.002061,0.990311,5.797616,1.196198,199.5178,Arch,0,0,0.5,0.5,0.5,0.5,1,1,Valid,#NAME?
06:51.8,3608,51.1652,3.857548,1.21718,185.7319,354.4526,17.88941,357.3448,0,0,0,3.860766,1.22382,185.7443,0.034448,-0.030654,0.998936,4.562132,0.599694,206.0829,Cube,0,0,0.5,0.5,0.5,0.5,1,0.981615,Valid,#NAME?
06:51.8,3609,51.1825,3.85539,1.217198,185.7319,354.684,16.73187,357.5409,0,0,0,3.858347,1.223783,185.7444,-0.000758,-0.06597,0.997821,3.844293,0.000033,204.254,Road,0,0,0.5,0.5,0.5,0.5,1,0.981615,Valid,#NAME?
06:51.8,3610,51.1987,3.853459,1.217426,185.7319,354.7238,15.53814,357.6409,0,0,0,3.856149,1.224001,185.7445,-0.024641,-0.069607,0.99727,3.422856,0.000032,203.2806,Road,0,0,0.5,0.5,0.5,0.5,1,0.985292,Valid,#NAME?
06:51.8,3611,51.2156,3.851034,1.217413,185.7319,354.7468,14.15016,357.6692,0,0,0,3.853416,1.223983,185.7445,-0.086523,-0.114216,0.989681,2.926224,0.000031,196.35,Road,0,0,0.5,0.5,0.5,0.5,1,0.985292,Valid,#NAME?
06:51.9,3612,51.2345,3.848457,1.21748,185.7318,354.847,12.58076,357.6773,0,0,0,3.850495,1.224027,185.7445,-0.136853,-0.117648,0.98358,2.426699,0.000031,195.9775,Road,0,0,0.5,0.5,0.5,0.5,1,0.990587,Valid,#NAME?
06:51.9,3613,51.2596,3.845947,1.217585,185.7317,354.8806,11.13258,357.7991,0,0,0,3.847653,1.224123,185.7444,-0.181309,-0.131751,0.974561,2.163128,0.000031,194.799,Road,0,0,0.5,0.5,0.5,0.5,1,0.995181,Valid,#NAME?
06:51.9,3614,51.2684,3.843841,1.217801,185.7315,354.8136,9.827363,357.9426,0,0,0,3.845243,1.224351,185.7443,-0.202893,-0.131586,0.970319,1.957466,0.000031,194.7724,Road,0,0,0.5,0.5,0.5,0.5,1,0.995181,Valid,#NAME?
06:51.9,3615,51.2785,3.842923,1.217727,185.7314,354.7906,9.332198,357.8923,0,0,0,3.844218,1.224284,185.7442,-0.213541,-0.136636,0.967332,1.930898,0.000031,194.4115,Road,0,0,0.5,0.5,0.5,0.5,1,0.996916,Valid,#NAME?
06:51.9,3616,51.2955,3.840556,1.217653,185.7311,354.804,7.944599,357.8702,0,0,0,3.841543,1.224207,185.7439,-0.212701,-0.129953,0.968437,1.837868,0.000031,194.8667,Road,0,0,0.5,0.5,0.5,0.5,1,0.998026,Valid,#NAME?
06:51.9,3617,51.312,3.838214,1.217421,185.7307,354.9401,6.58742,357.7816,0,0,0,3.838908,1.223946,185.7435,-0.228519,-0.126687,0.965261,1.631201,0.000031,195.0688,Road,0,0,0.5,0.5,0.5,0.5,1,0.998026,Valid,#NAME?
06:52.0,3618,51.3274,3.836121,1.217143,185.7302,355.1477,5.383938,357.6969,0,0,0,3.836555,1.223622,185.743,-0.228126,-0.123252,0.965799,1.57181,0.000031,195.3311,Road,0,0,0.5,0.5,0.5,0.5,1,0.998989,Valid,#NAME?
06:52.0,3619,51.358,3.832459,1.216915,185.7292,355.3314,3.209927,357.9842,0,0,0,3.832379,1.223349,185.7421,-0.240076,-0.126153,0.962522,1.504326,0.000031,195.0759,Road,0,0,0.5,0.5,0.5,0.5,1,0.999586,Valid,#NAME?
06:52.0,3620,51.3748,3.83037,1.21686,185.7287,355.4708,1.91639,358.0469,0,0,0,3.829993,1.223262,185.7417,-0.248557,-0.122531,0.960836,1.348637,0.000031,195.3337,Road,0,0,0.5,0.5,0.5,0.5,1,0.999735,Valid,#NAME?
06:52.0,3621,51.3906,3.828349,1.216731,185.7281,355.6458,0.648197,358.1428,0,0,0,3.827678,1.223092,185.7411,-0.256353,-0.117652,0.959396,1.162737,0.000031,195.7146,Road,0,0,0.5,0.5,0.5,0.5,1,0.999891,Valid,#NAME?
06:52.0,3622,51.413,3.82616,1.216296,185.7274,355.9318,359.3582,358.0987,0,0,0,3.825202,1.222593,185.7403,-0.255579,-0.112292,0.960245,1.042627,0.000031,196.1948,Road,0,0,0.5,0.5,0.5,0.5,1,0.999891,Valid,#NAME?
06:52.0,3623,51.4252,3.823625,1.215875,185.7265,356.2421,357.9612,358.0292,0,0,0,3.822356,1.222103,185.7394,-0.269829,-0.123501,0.954955,1.15232,0.000031,195.189,Road,0,0,0.5,0.5,0.5,0.5,1,0.999956,Valid,#NAME?
06:52.1,3624,51.4354,3.822206,1.215715,185.726,356.3933,357.2194,357.9901,0,0,0,3.820773,1.221909,185.7389,-0.282281,-0.125884,0.951037,1.080851,0.000031,194.9701,Road,0,0,0.5,0.5,0.5,0.5,1,0.999956,Valid,#NAME?
06:52.1,3625,51.4602,3.818401,1.215541,185.7247,356.4915,355.2061,358.1335,0,0,0,3.816501,1.221711,185.7375,-0.305387,-0.125458,0.943927,0.842711,0.000031,194.9293,Road,0,0,0.5,0.5,0.5,0.5,1,0.999977,Valid,#NAME?
06:52.1,3626,51.4777,3.8162,1.215389,185.7239,356.6324,354.0176,358.1139,0,0,0,3.814033,1.221528,185.7368,-0.319209,-0.141317,0.937089,1.054901,0.000031,193.8366,Road,0,0,0.5,0.5,0.5,0.5,1,0.999977,Valid,#NAME?
06:52.1,3627,51.4957,3.81391,1.215095,185.7229,356.882,352.8221,358.1045,0,0,0,3.811472,1.221176,185.7357,-0.344679,-0.169801,0.923236,1.332675,0.00003,192.3753,Road,0,0,0.5,0.5,0.5,0.5,1,0.999991,Valid,#NAME?
06:52.1,3628,51.5254,3.810029,1.214514,185.7211,357.3192,350.898,358.0946,0,0,0,3.807155,1.220496,185.7339,-0.408999,-0.200726,0.890185,1.320341,0.00003,191.1465,Road,0,0,0.5,0.5,0.5,0.5,1,0.999994,Valid,#NAME?
06:52.2,3629,51.5423,3.808043,1.214377,185.7202,357.3935,349.9702,358.0854,0,0,0,3.80496,1.220342,185.733,-0.442263,-0.206385,0.872817,1.189946,0.00003,190.8938,Road,0,0,0.5,0.5,0.5,0.5,1,0.999994,Valid,#NAME?
06:52.2,3630,51.5693,3.805859,1.214362,185.7191,357.3289,348.9958,358.2447,0,0,0,3.802547,1.22034,185.7318,-0.463626,-0.219592,0.858388,1.226097,0.00003,190.502,Road,0,0,0.5,0.5,0.5,0.5,1,0.999997,Valid,#NAME?
06:52.2,3631,51.5801,3.804126,1.214469,185.7184,357.375,348.1939,358.3814,0,0,0,3.800623,1.220434,185.731,-0.469755,-0.230457,0.852185,1.313003,0.00003,190.2438,Road,0,0,0.5,0.5,0.5,0.5,1,0.999999,Valid,#NAME?
06:52.2,3632,51.5898,3.803115,1.214453,185.7178,357.4484,347.7497,358.4693,0,0,0,3.799505,1.2204,185.7304,-0.475879,-0.232086,0.848337,1.297203,0.00003,190.1912,Road,0,0,0.5,0.5,0.5,0.5,1,0.999999,Valid,#NAME?
06:52.2,3633,51.6079,3.801373,1.214343,185.7167,357.6345,347.0011,358.5985,0,0,0,3.797583,1.220245,185.7293,-0.460213,-0.257532,0.849636,1.617041,0.00003,189.755,Road,0,0,0.5,0.5,0.5,0.5,1,0.999999,Valid,#NAME?
06:52.2,3634,51.6254,3.799876,1.214023,185.7155,357.8684,346.4029,358.6604,0,0,0,3.795943,1.219871,185.7281,-0.459547,-0.263669,0.848113,1.66989,0.00003,189.6519,Road,0,0,0.5,0.5,0.5,0.5,1,1,Valid,#NAME?
06:52.3,3635,51.643,3.798557,1.213861,185.7147,358.0573,345.883,358.677,0,0,0,3.794503,1.219666,185.7272,-0.460271,-0.270924,0.845429,1.72247,0.00003,189.5332,Road,0,0,0.5,0.5,0.5,0.5,1,1,Valid,#NAME?
06:52.3,3636,51.7044,3.79556,1.213673,185.712,358.2238,345.1581,358.9616,0,0,0,3.791317,1.219435,185.7245,-0.460929,-0.265052,0.846931,1.670756,0.00003,189.6209,Road,0,0,0.5,0.5,0.5,0.5,1,1,Valid,#NAME?
06:52.4,3637,51.7287,3.794789,1.213478,185.7112,358.3936,345.0461,358.9441,0,0,0,3.79052,1.2192,185.7237,-0.46677,-0.221603,0.856165,1.222542,0.00003,190.434,Road,0,0,0.5,0.5,0.5,0.5,1,1,Valid,#NAME?
06:52.4,3638,51.7385,3.794375,1.213434,185.7107,358.4466,345.1269,358.8969,0,0,0,3.790127,1.219146,185.7232,-0.465705,-0.222291,0.856566,1.236046,0.00003,190.4209,Road,0,0,0.5,0.5,0.5,0.5,1,1,Valid,#NAME?
06:52.4,3639,51.7487,3.794107,1.213372,185.7103,358.466,345.1733,358.8706,0,0,0,3.78987,1.219079,185.7229,-0.465101,-0.222506,0.856839,1.24171,0.00003,190.4172,Road,0,0,0.5,0.5,0.5,0.5,0.88012,0.512,Valid,#NAME?
06:52.4,3640,51.7667,3.793909,1.213373,185.71,358.3857,345.3995,358.8576,0,0,0,3.789724,1.219099,185.7226,-0.45646,-0.130886,0.880064,-0.461728,0.000031,193.9195,Road,0,0,0.5,0.5,0.5,0.5,0.837276,0.474041,Valid,#NAME?
06:52.4,3641,51.7833,3.793803,1.213349,185.7098,358.2948,345.641,358.869,0,0,0,3.789673,1.219096,185.7224,-0.452745,-0.126217,0.882662,-0.583168,0.000031,194.2476,Road,0,0,0.5,0.5,0.5,0.5,0.837276,0.474041,Valid,#NAME?
06:52.4,3642,51.8004,3.793823,1.213264,185.7096,358.2308,345.9447,358.8741,0,0,0,3.789761,1.219025,185.7222,-0.448189,-0.126295,0.884973,-0.536129,0.000031,194.2639,Road,0,0,0.5,0.5,0.5,0.5,0.869821,0.536762,Valid,#NAME?
06:52.4,3643,51.8184,3.794209,1.213378,185.7098,358.2348,346.3504,358.8736,0,0,0,3.790236,1.219138,185.7224,-0.309411,-0.18808,0.932143,1.784681,0.00003,191.7645,Road,0,0,0.5,0.5,0.5,0.5,0.869821,0.536762,Valid,#NAME?
06:52.5,3644,51.8354,3.794691,1.213395,185.7101,358.2407,346.7645,358.863,0,0,0,3.790811,1.219154,185.7228,-0.27968,-0.191763,0.940748,2.012765,0.00003,191.7035,Road,0,0,0.5,0.5,0.5,0.5,0.933348,0.700312,Valid,#NAME?
06:52.5,3645,51.8522,3.795341,1.21326,185.7106,358.2068,347.2136,358.8614,0,0,0,3.79156,1.219027,185.7233,-0.203278,-0.216963,0.95478,2.649451,0.00003,191.0877,Road,0,0,0.5,0.5,0.5,0.5,0.933348,0.700312,Valid,#NAME?
06:52.5,3646,51.8698,3.796124,1.213018,185.7112,358.1444,347.7049,358.8855,0,0,0,3.79245,1.218799,185.7239,-0.170075,-0.223769,0.959689,2.866125,0.00003,190.9509,Road,0,0,0.5,0.5,0.5,0.5,0.933348,0.76025,Valid,#NAME?
06:52.5,3647,51.8978,3.79762,1.212348,185.7126,358.0002,348.4278,358.8902,0,0,0,3.79411,1.218162,185.7253,-0.116078,-0.237733,0.96437,3.199331,0.00003,190.6667,Road,0,0,0.5,0.5,0.5,0.5,0.957343,0.84656,Valid,#NAME?
06:52.5,3648,51.9086,3.798937,1.211848,185.7138,357.9181,349.0046,358.9421,0,0,0,3.795551,1.217681,185.7265,-0.106159,-0.239432,0.965092,3.255671,0.00003,190.6346,Road,0,0,0.5,0.5,0.5,0.5,0.982528,0.937151,Valid,#NAME?
06:52.5,3649,51.9185,3.799864,1.21139,185.7146,357.9169,349.3549,358.9333,0,0,0,3.796557,1.217223,185.7274,-0.100299,-0.239424,0.965721,3.286651,0.00003,190.6369,Road,0,0,0.5,0.5,0.5,0.5,0.986022,0.949721,Valid,#NAME?
06:52.6,3650,51.9373,3.801826,1.210599,185.7163,358.0038,350.0709,358.9689,0,0,0,3.798675,1.216411,185.7291,-0.090437,-0.246085,0.96502,3.351651,0.00003,190.4992,Road,0,0,0.5,0.5,0.5,0.5,0.991054,0.967821,Valid,#NAME?
06:52.6,3651,51.9538,3.803486,1.210331,185.718,358.06,350.5648,358.981,0,0,0,3.800443,1.21613,185.7308,-0.084364,-0.249583,0.964672,3.389376,0.00003,190.4312,Road,0,0,0.5,0.5,0.5,0.5,0.99542,0.983524,Valid,#NAME?
06:52.6,3652,51.9711,3.805582,1.210002,185.7203,358.0822,351.179,358.9381,0,0,0,3.802681,1.215797,185.7332,-0.078055,-0.252005,0.964573,3.426113,0.00003,190.3866,Road,0,0,0.5,0.5,0.5,0.5,0.996336,0.98682,Valid,#NAME?
06:52.6,3653,51.9923,3.808337,1.209508,185.7235,358.0451,351.9369,358.8178,0,0,0,3.805617,1.215313,185.7365,-0.0678,-0.25371,0.964901,3.48085,0.00003,190.3584,Road,0,0,0.5,0.5,0.5,0.5,0.996336,0.98682,Valid,#NAME?
06:52.6,3654,52.0105,3.810958,1.20939,185.7271,357.9661,352.5727,358.6613,0,0,0,3.808398,1.215216,185.74,-0.058897,-0.253782,0.965467,3.52638,0.00003,190.3629,Road,0,0,0.5,0.5,0.5,0.5,0.998499,0.994601,Valid,#NAME?
06:52.7,3655,52.0284,3.813611,1.209166,185.7309,357.8428,353.1754,358.5273,0,0,0,3.811201,1.215021,185.7439,-0.049992,-0.251893,0.966463,3.570065,0.00003,190.4055,Road,0,0,0.5,0.5,0.5,0.5,0.999385,0.997789,Valid,#NAME?
06:52.7,3656,52.0524,3.816479,1.208845,185.7355,357.6648,353.7314,358.4412,0,0,0,3.814205,1.214743,185.7484,-0.045502,-0.251796,0.96671,3.594692,0.00003,190.412,Road,0,0,0.5,0.5,0.5,0.5,0.999385,0.997789,Valid,#NAME?
06:52.7,3657,52.0635,3.819368,1.208278,185.7403,357.4223,354.2481,358.3706,0,0,0,3.817221,1.214232,185.7532,-0.04112,-0.24769,0.967966,3.615643,0.00003,190.4983,Road,0,0,0.5,0.5,0.5,0.5,0.999685,0.998868,Valid,#NAME?
06:52.7,3658,52.0747,3.821226,1.207968,185.7435,357.2606,354.5305,358.3109,0,0,0,3.81915,1.21396,185.7565,-0.036718,-0.245018,0.968823,3.637231,0.00003,190.5565,Road,0,0,0.5,0.5,0.5,0.5,0.999799,0.999275,Valid,#NAME?
06:52.7,3659,52.0933,3.825284,1.207464,185.751,357.0133,355.1032,358.1523,0,0,0,3.823354,1.213515,185.7639,-0.034349,-0.242272,0.9696,3.651306,0.00003,190.6204,Road,0,0,0.5,0.5,0.5,0.5,0.999799,0.999275,Valid,#NAME?
06:52.8,3660,52.1515,3.836582,1.204452,185.7728,356.9085,356.4977,357.8537,0,0,0,3.834996,1.210531,185.7858,-0.023198,-0.244631,0.969339,3.720203,0.00003,190.5824,Road,0,0,0.5,0.5,0.5,0.5,0.999958,0.999848,Valid,#NAME?
06:52.8,3661,52.1677,3.839836,1.203876,185.7794,356.8862,356.8649,357.8925,0,0,0,3.838329,1.20996,185.7924,-0.019443,-0.244543,0.969443,3.742133,0.00003,190.5889,Road,0,0,0.5,0.5,0.5,0.5,0.999978,0.999922,Valid,#NAME?
06:52.8,3662,52.1872,3.843882,1.204061,185.7875,357.0978,357.2592,357.9913,0,0,0,3.842454,1.210094,185.8005,-0.020992,-0.249114,0.968247,3.740484,0.00003,190.5038,Road,0,0,0.5,0.5,0.5,0.5,0.999986,0.99995,Valid,#NAME?
06:52.8,3663,52.2133,3.848089,1.203549,185.7956,357.5242,357.7086,358.0524,0,0,0,3.846756,1.209485,185.8087,-0.017577,-0.256416,0.966407,3.763851,0.00003,190.367,Road,0,0,0.5,0.5,0.5,0.5,0.999991,0.999968,Valid,#NAME?
06:52.9,3664,52.2283,3.852064,1.202945,185.8037,357.9871,358.0346,358.0868,0,0,0,3.850801,1.208774,185.8168,-0.015845,-0.265125,0.964084,3.77856,0.00003,190.2122,Road,0,0,0.5,0.5,0.5,0.5,0.999996,0.999987,Valid,#NAME?
06:52.9,3665,52.2392,3.854063,1.20291,185.8076,358.2204,358.1722,358.1639,0,0,0,3.852823,1.208684,185.8208,-0.006497,-0.276823,0.960899,3.824457,0.00003,190.0162,Road,0,0,0.5,0.5,0.5,0.5,0.999996,0.999987,Valid,#NAME?
06:52.9,3666,52.2604,3.857946,1.202809,185.8154,358.6954,358.4129,358.3809,0,0,0,3.856741,1.208471,185.8286,0.013008,-0.293096,0.955995,3.910375,0.00003,189.7702,Road,0,0,0.5,0.5,0.5,0.5,0.999998,0.999993,Valid,#NAME?
06:52.9,3667,52.2811,3.861598,1.202609,185.822,359.1754,358.6424,358.6594,0,0,0,3.860418,1.208155,185.8353,0.037924,-0.297078,0.9541,4.014645,0.00003,189.7153,Road,0,0,0.5,0.5,0.5,0.5,0.999999,0.999996,Valid,#NAME?
06:52.9,3668,52.3012,3.864983,1.202346,185.828,359.5841,358.7969,358.8116,0,0,0,3.863823,1.207796,185.8412,0.043725,-0.301561,0.952444,4.038943,0.00003,189.6558,Road,0,0,0.5,0.5,0.5,0.5,0.999999,0.999996,Valid,#NAME?
06:52.9,3669,52.3234,3.868505,1.20194,185.834,359.9392,358.9649,359.0369,0,0,0,3.867363,1.207302,185.8473,0.052246,-0.304797,0.950983,4.074304,0.00003,189.614,Road,0,0,0.5,0.5,0.5,0.5,1,0.999999,Valid,#NAME?
06:53.0,3670,52.3456,3.87197,1.201218,185.8391,0.170053,359.099,359.2975,0,0,0,3.870835,1.206523,185.8525,0.057195,-0.303865,0.950997,4.097928,0.00003,189.6284,Road,0,0,0.5,0.5,0.5,0.5,1,0.999999,Valid,#NAME?
06:53.0,3671,52.3739,3.875202,1.200238,185.8434,0.404049,359.1578,359.5884,0,0,0,3.874053,1.205483,185.8568,0.059887,-0.30341,0.950976,4.111984,0.00003,189.635,Road,0,0,0.5,0.5,0.5,0.5,1,1,Valid,#NAME?
06:53.0,3672,52.3897,3.878276,1.199154,185.8471,0.632873,359.1673,359.8421,0,0,0,3.877105,1.204342,185.8605,0.065818,-0.305584,0.949888,4.136494,0.00003,189.6041,Road,0,0,0.5,0.5,0.5,0.5,1,1,Valid,#NAME?
06:53.0,3673,52.4025,3.879999,1.198499,185.8492,0.75356,359.1712,359.9716,0,0,0,3.878817,1.203656,185.8626,0.06421,-0.303795,0.950571,4.133215,0.00003,189.6288,Road,0,0,0.5,0.5,0.5,0.5,1,1,Valid,#NAME?
06:53.0,3674,52.4132,3.881688,1.197763,185.8506,0.813947,359.1646,0.07272,0,0,0,3.880495,1.202905,185.864,0.064618,-0.304658,0.950267,4.135626,0.00003,189.6159,Road,0,0,0.5,0.5,0.5,0.5,1,1,Valid,#NAME?
06:53.1,3675,52.4361,3.884819,1.196859,185.8533,0.900203,359.1506,0.32532,0,0,0,3.883598,1.201976,185.8668,0.064196,-0.302751,0.950905,4.13846,0.00003,189.6419,Road,0,0,0.5,0.5,0.5,0.5,1,1,Valid,#NAME?
06:53.1,3676,52.4583,3.887727,1.196365,185.8557,0.955524,359.1222,0.624431,0,0,0,3.886473,1.201463,185.8691,0.063069,-0.299447,0.952026,4.139515,0.00003,189.6888,Road,0,0,0.5,0.5,0.5,0.5,1,1,Valid,#NAME?
06:53.1,3677,52.4812,3.89082,1.196076,185.8573,0.990181,359.0794,0.903591,0,0,0,3.889529,1.201161,185.8708,0.061283,-0.296843,0.952958,4.1375,0.00003,189.7268,Road,0,0,0.5,0.5,0.5,0.5,1,1,Valid,#NAME?
06:53.1,3678,52.5066,3.894176,1.19596,185.8588,1.000919,358.9985,1.2127,0,0,0,3.892838,1.201036,185.8722,0.060075,-0.29479,0.953672,4.137587,0.00003,189.7576,Road,0,0,0.5,0.5,0.5,0.5,1,1,Valid,#NAME?
06:53.2,3679,52.5454,3.898676,1.196465,185.8603,0.974905,358.7865,1.802034,0,0,0,3.897234,1.201536,185.8737,0.057461,-0.291276,0.954912,4.134261,0.00003,189.8127,Road,0,0,0.5,0.5,0.5,0.5,1,1,Valid,#NAME?
06:53.2,3680,52.553,3.900205,1.19659,185.8606,0.917846,358.7238,2.040121,0,0,0,3.898726,1.201669,185.874,0.057551,-0.290001,0.955295,4.137191,0.00003,189.8324,Road,0,0,0.5,0.5,0.5,0.5,1,1,Valid,#NAME?
06:53.2,3681,52.5648,3.90236,1.196744,185.8609,0.910291,358.6316,2.343119,0,0,0,3.900831,1.201819,185.8743,0.055325,-0.287705,0.95612,4.131931,0.00003,189.8682,Road,0,0,0.5,0.5,0.5,0.5,1,1,Valid,#NAME?
06:53.2,3682,52.588,3.906011,1.196991,185.8608,1.000665,358.5491,2.789906,0,0,0,3.904421,1.202035,185.8742,0.054357,-0.287004,0.956386,4.132075,0.00003,189.8797,Road,0,0,0.5,0.5,0.5,0.5,1,1,Valid,#NAME?
06:53.2,3683,52.6101,3.909984,1.196981,185.8605,1.032506,358.5193,3.18381,0,0,0,3.908351,1.20201,185.8739,0.054656,-0.285935,0.956689,4.138107,0.00003,189.8955,Road,0,0,0.5,0.5,0.5,0.5,1,1,Valid,#NAME?
06:53.3,3684,52.6354,3.91478,1.196976,185.8597,0.998705,358.4468,3.524733,0,0,0,3.913099,1.202004,185.8732,0.053535,-0.283999,0.957329,4.139676,0.00003,189.9249,Road,0,0,0.5,0.5,0.5,0.5,1,1,Valid,#NAME?
06:53.3,3685,52.6631,3.919917,1.197134,185.8586,0.906446,358.3068,3.760078,0,0,0,3.918182,1.202179,185.872,0.048773,-0.281975,0.958181,4.126118,0.00003,189.9571,Road,0,0,0.5,0.5,0.5,0.5,1,1,Valid,#NAME?
06:53.3,3686,52.6956,3.925526,1.197392,185.8568,0.834778,358.1555,3.899925,0,0,0,3.923743,1.20245,185.8701,0.043922,-0.280249,0.958922,4.112194,0.00003,189.9845,Road,0,0,0.5,0.5,0.5,0.5,1,1,Valid,#NAME?
06:53.3,3687,52.7155,3.93144,1.196825,185.8542,0.748157,357.948,4.125216,0,0,0,3.929588,1.201898,185.8676,0.038008,-0.278241,0.959759,4.093763,0.00003,190.0133,Road,0,0,0.5,0.5,0.5,0.5,1,1,Valid,#NAME?
06:53.4,3688,52.7294,3.9344,1.196508,185.8526,0.689132,357.8102,4.151737,0,0,0,3.932513,1.201594,185.866,0.033927,-0.276924,0.960293,4.079721,0.00003,190.0327,Road,0,0,0.5,0.5,0.5,0.5,1,1,Valid,#NAME?
06:53.4,3689,52.7549,3.9407,1.196833,185.8498,0.584128,357.4769,4.26882,0,0,0,3.938725,1.20194,185.8632,0.026918,-0.274868,0.961105,4.056428,0.00003,190.0658,Road,0,0,0.5,0.5,0.5,0.5,1,1,Valid,#NAME?
06:53.4,3690,52.7732,3.943552,1.196975,185.8486,0.469919,357.3463,4.349115,0,0,0,3.941541,1.202107,185.8619,0.022884,-0.272664,0.961837,4.042428,0.00003,190.1023,Road,0,0,0.5,0.5,0.5,0.5,1,1,Valid,#NAME?
06:53.4,3691,52.7821,3.946568,1.197081,185.8471,0.316779,357.2,4.411322,0,0,0,3.944517,1.202248,185.8604,0.019554,-0.269984,0.962666,4.031591,0.00003,190.1471,Road,0,0,0.5,0.5,0.5,0.5,1,1,Valid,#NAME?
06:53.4,3692,52.792,3.950672,1.197326,185.8451,0.163102,356.9764,4.510962,0,0,0,3.948561,1.202527,185.8584,0.013007,-0.266781,0.96367,4.007189,0.00003,190.2021,Road,0,0,0.5,0.5,0.5,0.5,1,1,Valid,#NAME?
06:53.4,3693,52.8039,3.952548,1.197575,185.8443,0.119474,356.8681,4.566294,0,0,0,3.950408,1.202784,185.8575,0.011429,-0.265987,0.963909,4.002087,0.00003,190.2162,Road,0,0,0.5,0.5,0.5,0.5,1,1,Valid,#NAME?
06:53.4,3694,52.8134,3.955238,1.197824,185.8429,0.023998,356.6965,4.617584,0,0,0,3.953054,1.203054,185.8562,0.007818,-0.264213,0.964433,3.988653,0.00003,190.2474,Road,0,0,0.5,0.5,0.5,0.5,1,1,Valid,#NAME?
06:53.5,3695,52.8293,3.958134,1.198157,185.8414,359.9393,356.5076,4.642153,0,0,0,3.955904,1.203406,185.8547,0.002626,-0.262562,0.964912,3.96794,0.00003,190.2771,Road,0,0,0.5,0.5,0.5,0.5,1,1,Valid,#NAME?
06:53.5,3696,52.8455,3.964301,1.198926,185.8385,359.8122,356.1171,4.622433,0,0,0,3.961984,1.204206,185.8517,-0.005535,-0.260676,0.96541,3.936416,0.00003,190.3113,Road,0,0,0.5,0.5,0.5,0.5,1,1,Valid,#NAME?
06:53.5,3697,52.8565,3.967416,1.199171,185.8369,359.697,355.938,4.610342,0,0,0,3.965058,1.204478,185.8501,-0.010593,-0.259138,0.965782,3.915823,0.00003,190.339,Road,0,0,0.5,0.5,0.5,0.5,1,1,Valid,#NAME?
06:53.5,3698,52.8797,3.974169,1.199467,185.8333,359.6721,355.5064,4.502427,0,0,0,3.971723,1.204782,185.8465,-0.019955,-0.261494,0.964999,3.879785,0.00003,190.2924,Road,0,0,0.5,0.5,0.5,0.5,1,1,Valid,#NAME?
06:53.5,3699,52.9031,3.9809,1.199614,185.8296,359.6664,355.0721,4.34109,0,0,0,3.978368,1.204935,185.8427,-0.105827,-0.203003,0.973443,3.350238,0.00003,191.6205,Road,0,0,0.5,0.5,0.5,0.5,1,1,Valid,#NAME?
06:53.6,3700,52.9268,3.98799,1.199472,185.8255,359.8019,354.595,4.104167,0,0,0,3.98537,1.204766,185.8386,-0.200357,-0.145285,0.968891,2.323966,0.000031,193.8728,Road,0,0,0.5,0.5,0.5,0.5,1,0.8,Valid,#NAME?
06:53.6,3701,52.9502,3.99505,1.199303,185.8215,359.8251,354.0657,3.879975,0,0,0,3.992329,1.204597,185.8346,-0.237902,-0.135107,0.961847,1.87128,0.000031,194.4101,Road,0,0,0.5,0.5,0.5,0.5,0.997079,0.512,Valid,#NAME?
06:53.6,3702,52.9733,4.002101,1.199081,185.8174,359.8073,353.5981,3.591556,0,0,0,3.999298,1.204387,185.8306,-0.228925,-0.16574,0.959231,2.335807,0.00003,192.8008,Road,0,0,0.5,0.5,0.5,0.5,0.994743,0.639069,Valid,#NAME?
06:53.6,3703,52.9902,4.005418,1.198927,185.8155,359.8028,353.3971,3.437202,0,0,0,4.002584,1.204237,185.8286,-0.193049,-0.218365,0.956582,2.937982,0.00003,191.1038,Road,0,0,0.5,0.5,0.5,0.5,0.996636,0.80805,Valid,#NAME?
06:53.6,3704,52.9979,4.008732,1.198742,185.8135,359.8453,353.2333,3.264657,0,0,0,4.005876,1.204046,185.8266,-0.167157,-0.239418,0.956419,3.165253,0.00003,190.6364,Road,0,0,0.5,0.5,0.5,0.5,0.996636,0.80805,Valid,#NAME?
06:53.6,3705,53.0094,4.012282,1.198638,185.8116,359.8926,353.0686,3.094926,0,0,0,4.009404,1.203935,185.8247,-0.149284,-0.264731,0.952697,3.330511,0.00003,190.1572,Road,0,0,0.5,0.5,0.5,0.5,0.997847,0.84644,Valid,#NAME?
06:53.7,3706,53.0337,4.019659,1.19844,185.8076,359.9186,352.6967,2.758606,0,0,0,4.016726,1.203738,185.8207,-0.143082,-0.273997,0.951028,3.388145,0.00003,189.9987,Road,0,0,0.5,0.5,0.5,0.5,0.997847,0.84644,Valid,#NAME?
06:53.7,3707,53.0579,4.027128,1.198527,185.804,359.8338,352.304,2.456831,0,0,0,4.024134,1.203852,185.8171,-0.146056,-0.276243,0.949925,3.387646,0.00003,189.9567,Road,0,0,0.5,0.5,0.5,0.5,0.999294,0.901722,Valid,#NAME?
06:53.7,3708,53.1125,4.043715,1.198453,185.7965,359.8078,351.5829,1.921356,0,0,0,4.040606,1.203794,185.8095,-0.153038,-0.285374,0.946119,3.395061,0.00003,189.8004,Road,0,0,0.5,0.5,0.5,0.5,0.999815,0.974237,Valid,#NAME?
06:53.8,3709,53.1408,4.051903,1.199347,185.7935,359.6473,351.1037,1.603722,0,0,0,4.048716,1.204732,185.8065,-0.156576,-0.283798,0.946014,3.384062,0.00003,189.8223,Road,0,0,0.5,0.5,0.5,0.5,0.999905,0.986809,Valid,#NAME?
06:53.8,3710,53.1675,4.057936,1.199672,185.7918,359.3491,350.7434,1.50214,0,0,0,4.054681,1.205128,185.8047,-0.158886,-0.279928,0.946782,3.370671,0.00003,189.8806,Road,0,0,0.5,0.5,0.5,0.5,0.999961,0.994597,Valid,#NAME?
06:53.8,3711,53.1813,4.063652,1.199672,185.7902,359.0674,350.3654,1.318374,0,0,0,4.060333,1.205197,185.8031,-0.164963,-0.275737,0.946972,3.339325,0.00003,189.9421,Road,0,0,0.5,0.5,0.5,0.5,0.99998,0.997234,Valid,#NAME?
06:53.8,3712,53.2048,4.069958,1.199825,185.7888,358.9788,349.9348,1.093589,0,0,0,4.066565,1.205376,185.8017,-0.171587,-0.274466,0.946164,3.31302,0.00003,189.9569,Road,0,0,0.5,0.5,0.5,0.5,0.999987,0.99823,Valid,#NAME?
06:53.8,3713,53.2155,4.072879,1.199819,185.7882,358.9419,349.7397,0.985187,0,0,0,4.069452,1.20538,185.801,-0.174929,-0.273774,0.945752,3.299289,0.00003,189.9649,Road,0,0,0.5,0.5,0.5,0.5,0.99999,0.998584,Valid,#NAME?
06:53.8,3714,53.2265,4.077167,1.199782,185.7873,358.9748,349.4313,0.764612,0,0,0,4.073689,1.20534,185.8002,-0.180518,-0.274459,0.944503,3.28093,0.00003,189.948,Road,0,0,0.5,0.5,0.5,0.5,0.99999,0.998584,Valid,#NAME?
06:53.9,3715,53.2457,4.081726,1.199939,185.7866,358.9695,349.0681,0.430912,0,0,0,4.078199,1.205504,185.7995,-0.187179,-0.275093,0.943021,3.25797,0.00003,189.9318,Road,0,0,0.5,0.5,0.5,0.5,0.999996,0.99942,Valid,#NAME?
06:53.9,3716,53.2666,4.086237,1.19997,185.786,358.9513,348.7129,0.031683,0,0,0,4.082667,1.205546,185.7988,-0.19499,-0.274788,0.941526,3.227228,0.00003,189.9294,Road,0,0,0.5,0.5,0.5,0.5,0.999996,0.99942,Valid,#NAME?
06:53.9,3717,53.2879,4.09078,1.200525,185.7857,358.9675,348.3152,359.4744,0,0,0,4.087172,1.206107,185.7985,-0.282855,-0.247188,0.926764,2.707067,0.00003,190.3204,Road,0,0,0.5,0.5,0.5,0.5,0.999999,0.99981,Valid,#NAME?
06:53.9,3718,53.3094,4.094846,1.201313,185.7858,358.8948,347.9413,359.0237,0,0,0,4.091196,1.206919,185.7986,-0.279853,-0.25217,0.926333,2.751815,0.00003,190.232,Road,0,0,0.5,0.5,0.5,0.5,0.999999,0.999848,Valid,#NAME?
06:54.0,3719,53.337,4.098152,1.201869,185.786,358.8081,347.5564,358.5117,0,0,0,4.094466,1.207502,185.7987,-0.324132,-0.237618,0.915683,2.447367,0.00003,190.4518,Road,0,0,0.5,0.5,0.5,0.5,1,0.999938,Valid,#NAME?
06:54.0,3720,53.3521,4.101301,1.202653,185.7862,358.7633,347.1624,357.9294,0,0,0,4.097582,1.208306,185.799,-0.331868,-0.239263,0.912479,2.421652,0.00003,190.407,Road,0,0,0.5,0.5,0.5,0.5,1,0.999938,Valid,#NAME?
06:54.0,3721,53.3624,4.102647,1.203201,185.7865,358.7343,346.9859,357.5905,0,0,0,4.098919,1.208865,185.7992,-0.336197,-0.238056,0.911209,2.391725,0.00003,190.4263,Road,0,0,0.5,0.5,0.5,0.5,1,0.999938,Valid,#NAME?
06:54.0,3722,53.3845,4.105425,1.204646,185.7871,358.7156,346.6429,356.7723,0,0,0,4.101697,1.210324,185.7999,-0.347602,-0.228066,0.909483,2.25705,0.00003,190.6263,Road,0,0,0.5,0.5,0.5,0.5,1,0.999984,Valid,#NAME?
06:54.0,3723,53.4061,4.10764,1.205832,185.7879,358.4871,346.4117,355.9942,0,0,0,4.103937,1.211573,185.8006,-0.354149,-0.218698,0.909258,2.142024,0.00003,190.8377,Road,0,0,0.5,0.5,0.5,0.5,1,0.999987,Valid,#NAME?
06:54.1,3724,53.428,4.109092,1.20694,185.789,358.1429,346.2867,355.0863,0,0,0,4.105452,1.212768,185.8017,-0.359601,-0.20601,0.910081,1.988557,0.00003,191.1591,Road,0,0,0.5,0.5,0.5,0.5,1,0.999995,Valid,#NAME?
06:54.1,3725,53.4497,4.110306,1.208054,185.7902,357.7695,346.2127,354.2466,0,0,0,4.106736,1.213975,185.8029,-0.363363,-0.195929,0.910812,1.855394,0.00003,191.4461,Road,0,0,0.5,0.5,0.5,0.5,1,0.999997,Valid,#NAME?
06:54.1,3726,53.4717,4.110981,1.208638,185.7915,357.4291,346.183,353.4787,0,0,0,4.107483,1.214643,185.8041,-0.365357,-0.187589,0.91177,1.741854,0.00003,191.7077,Road,0,0,0.5,0.5,0.5,0.5,1,0.999998,Valid,#NAME?
06:54.1,3727,53.4991,4.11097,1.20887,185.7929,357.069,346.1917,352.7633,0,0,0,4.107549,1.214961,185.8055,-0.365607,-0.179966,0.913205,1.639369,0.00003,191.9705,Road,0,0,0.5,0.5,0.5,0.5,1,0.999999,Valid,#NAME?
06:54.1,3728,53.5144,4.110825,1.209188,185.7942,356.7836,346.2333,352.1313,0,0,0,4.107478,1.215347,185.8068,-0.364983,-0.168826,0.915579,1.4801,0.00003,192.3978,Road,0,0,0.5,0.5,0.5,0.5,1,0.999999,Valid,#NAME?
06:54.1,3729,53.5256,4.110559,1.209326,185.795,356.5818,346.2594,351.9796,0,0,0,4.107239,1.215532,185.8076,-0.426233,-0.104948,0.898505,-0.829388,0.000031,196.2141,Road,0,0,0.5,0.5,0.5,0.5,1,0.999999,Valid,#NAME?
06:54.2,3730,53.5356,4.110395,1.209434,185.7957,356.4574,346.284,351.848,0,0,0,4.107095,1.215669,185.8083,-0.44695,-0.029271,0.89408,-5.945733,0.557308,205.918,Arch,0,0,0.5,0.5,0.5,0.5,1,0.999999,Valid,#NAME?
06:54.2,3731,53.5555,4.109617,1.209517,185.7972,356.1847,346.3016,351.7301,0,0,0,4.106339,1.215815,185.8098,-0.495882,0.114331,0.86083,-5.195361,3.36043,201.9572,Arch,0,0,0.5,0.5,0.5,0.5,1,0.799999,Valid,#NAME?
06:54.2,3732,53.5764,4.108777,1.210167,185.7989,355.8808,346.3439,351.7142,0,0,0,4.105517,1.216533,185.8114,-0.5262,0.188316,0.829247,-4.740166,4.382206,199.7515,Arch,0,0,0.5,0.5,0.5,0.5,1,0.799999,Valid,#NAME?
06:54.2,3733,53.5977,4.107811,1.210586,185.8006,355.8142,346.3884,351.8424,0,0,0,4.10455,1.216966,185.8131,-0.517827,0.164259,0.839568,-4.996355,4.103844,200.5686,Arch,0,0,0.5,0.5,0.5,0.5,0.912795,0.516883,Valid,#NAME?
06:54.2,3734,53.6187,4.106662,1.210415,185.8019,355.9531,346.4265,351.8679,0,0,0,4.103403,1.216764,185.8144,-0.414447,0.004161,0.910064,-5.126977,1.309442,206.0829,Cube,0,0,0.5,0.5,0.5,0.5,0.963904,0.647302,Valid,#NAME?
06:54.3,3735,53.6395,4.105504,1.210021,185.803,356.2213,346.4551,351.811,0,0,0,4.102251,1.216309,185.8156,-0.349837,-0.054945,0.935198,-3.479341,0.025551,206.0829,Cube,0,0,0.5,0.5,0.5,0.5,0.963904,0.647302,Valid,#NAME?
06:54.3,3736,53.6655,4.104273,1.21015,185.8044,356.4228,346.5804,351.8106,0,0,0,4.101042,1.216392,185.817,-0.321248,-0.108421,0.940768,0.497017,0.000031,196.3713,Road,0,0,0.5,0.5,0.5,0.5,0.971123,0.798363,Valid,#NAME?
06:54.3,3737,53.6788,4.103325,1.210652,185.8057,356.5984,346.8315,351.8492,0,0,0,4.100141,1.216855,185.8184,-0.304111,-0.133368,0.943255,1.325497,0.000031,194.4244,Road,0,0,0.5,0.5,0.5,0.5,0.971123,0.798363,Valid,#NAME?
06:54.3,3738,53.6896,4.10274,1.210808,185.8065,356.6913,347.0066,351.8737,0,0,0,4.099591,1.21699,185.8192,-0.301099,-0.135005,0.943988,1.385427,0.000031,194.3284,Road,0,0,0.5,0.5,0.5,0.5,0.971123,0.798363,Valid,#NAME?
06:54.3,3739,53.7085,4.101875,1.210804,185.8075,357.0156,347.3374,351.8363,0,0,0,4.098794,1.216912,185.8202,-0.25284,-0.188198,0.949028,2.463941,0.00003,191.9566,Road,0,0,0.5,0.5,0.5,0.5,0.990538,0.896762,Valid,#NAME?
06:54.4,3740,53.7343,4.10046,1.210272,185.8086,357.5812,347.85,351.7327,0,0,0,4.097489,1.216251,185.8214,-0.24372,-0.197772,0.949467,2.598704,0.00003,191.6602,Road,0,0,0.5,0.5,0.5,0.5,0.995155,0.947142,Valid,#NAME?
06:54.4,3741,53.7527,4.099396,1.209759,185.8094,357.9539,348.3626,351.7486,0,0,0,4.09653,1.215652,185.8222,-0.238786,-0.198394,0.95059,2.633417,0.00003,191.6468,Road,0,0,0.5,0.5,0.5,0.5,0.99752,0.966171,Valid,#NAME?
06:54.4,3742,53.7695,4.098459,1.209496,185.8102,358.253,348.8248,351.8073,0,0,0,4.095687,1.215321,185.8231,-0.235099,-0.194667,0.952278,2.627984,0.00003,191.7681,Road,0,0,0.5,0.5,0.5,0.5,0.99752,0.966171,Valid,#NAME?
06:54.4,3743,53.7866,4.098106,1.209425,185.8106,358.4234,349.278,351.9228,0,0,0,4.095422,1.215209,185.8235,-0.291815,-0.135516,0.946826,1.478699,0.000031,194.3138,Road,0,0,0.5,0.5,0.5,0.5,0.940619,0.618349,Valid,#NAME?
06:54.4,3744,53.8031,4.097506,1.209053,185.8112,358.6574,349.927,352.0894,0,0,0,4.094948,1.214783,185.8241,-0.244732,-0.109099,0.963433,1.370003,0.000031,196.5514,Road,0,0,0.5,0.5,0.5,0.5,0.877415,0.395744,Valid,#NAME?
06:54.4,3745,53.8255,4.096861,1.208553,185.8117,358.8448,350.6325,352.2442,0,0,0,4.094446,1.214239,185.8247,-0.191224,-0.112217,0.975111,2.025353,0.000031,196.3756,Road,0,0,0.5,0.5,0.5,0.5,0.877415,0.395744,Valid,#NAME?
06:54.5,3746,53.8341,4.096238,1.208107,185.8122,358.9725,351.361,352.3789,0,0,0,4.093975,1.213763,185.8253,-0.083584,-0.123879,0.988771,3.275044,0.000031,195.513,Road,0,0,0.5,0.5,0.5,0.5,0.912492,0.382895,Valid,#NAME?
06:54.5,3747,53.8429,4.096002,1.207898,185.8125,359.0112,351.785,352.4547,0,0,0,4.093827,1.213545,185.8255,-0.076066,-0.12446,0.989305,3.35216,0.000031,195.4715,Road,0,0,0.5,0.5,0.5,0.5,0.912492,0.382895,Valid,#NAME?
06:54.5,3748,53.8583,4.095533,1.207636,185.8129,359.1768,352.536,352.6488,0,0,0,4.093511,1.213243,185.8261,-0.036538,-0.127015,0.991228,3.744507,0.000031,195.294,Road,0,0,0.5,0.5,0.5,0.5,0.91396,0.486591,Valid,#NAME?
06:54.5,3749,53.8727,4.095098,1.207341,185.8134,359.2762,353.2539,352.8418,0,0,0,4.093221,1.212924,185.8266,-0.000052,-0.167565,0.985861,4.092846,0.000031,192.9626,Road,0,0,0.5,0.5,0.5,0.5,0.944935,0.486591,Valid,#NAME?
06:54.5,3750,53.8875,4.094793,1.207049,185.8138,359.4304,354.0257,353.0655,0,0,0,4.093071,1.212595,185.827,0.052225,-0.224459,0.973083,4.375198,0.00003,191.0837,Road,0,0,0.5,0.5,0.5,0.5,0.944935,0.486591,Valid,#NAME?
06:54.5,3751,53.9018,4.094563,1.206769,185.8141,359.5965,354.7203,353.2911,0,0,0,4.092978,1.212275,185.8273,0.108369,-0.270055,0.956727,4.579431,0.00003,190.1219,Road,0,0,0.5,0.5,0.5,0.5,0.944935,0.589273,Valid,#NAME?
06:54.5,3752,53.9154,4.09433,1.206346,185.8144,359.7348,355.3665,353.5076,0,0,0,4.092873,1.211818,185.8277,0.14214,-0.280967,0.949133,4.705909,0.00003,189.9212,Road,0,0,0.5,0.5,0.5,0.5,0.944935,0.589273,Valid,#NAME?
06:54.6,3753,53.9288,4.094108,1.205892,185.8147,359.8621,355.9833,353.6849,0,0,0,4.092776,1.211333,185.828,0.176571,-0.303885,0.936203,4.796599,0.00003,189.5598,Road,0,0,0.5,0.5,0.5,0.5,0.971807,0.831766,Valid,#NAME?
06:54.6,3754,53.9438,4.093976,1.205467,185.815,0.045424,356.6657,353.8159,0,0,0,4.092789,1.210865,185.8283,0.188463,-0.306278,0.9331,4.837854,0.00003,189.5172,Road,0,0,0.5,0.5,0.5,0.5,0.971807,0.831766,Valid,#NAME?
06:54.6,3755,53.9566,4.093802,1.205139,185.8152,0.158133,357.2498,353.9427,0,0,0,4.092739,1.21051,185.8286,0.210402,-0.316869,0.924838,4.896499,0.00003,189.3615,Road,0,0,0.5,0.5,0.5,0.5,0.985565,0.913864,Valid,#NAME?
06:54.6,3756,53.9762,4.093657,1.204806,185.8154,0.315967,357.8073,354.1087,0,0,0,4.092706,1.210139,185.8288,0.21482,-0.316556,0.923929,4.913905,0.00003,189.3607,Road,0,0,0.5,0.5,0.5,0.5,0.985565,0.913864,Valid,#NAME?
06:54.6,3757,53.9843,4.093542,1.20438,185.8154,0.466865,358.3068,354.289,0,0,0,4.092691,1.209675,185.8288,0.223871,-0.318177,0.921219,4.943804,0.00003,189.3311,Road,0,0,0.5,0.5,0.5,0.5,0.985565,0.913864,Valid,#NAME?
06:54.6,3758,53.9933,4.093347,1.204002,185.8155,0.568226,358.765,354.4568,0,0,0,4.092587,1.209273,185.8289,0.232811,-0.319141,0.918667,4.974717,0.00003,189.3097,Road,0,0,0.5,0.5,0.5,0.5,0.99527,0.971775,Valid,#NAME?
06:54.6,3759,54.0052,4.093229,1.203798,185.8154,0.624561,359.1337,354.6038,0,0,0,4.092542,1.209055,185.8289,0.237351,-0.316732,0.918339,4.998553,0.00003,189.3343,Road,0,0,0.5,0.5,0.5,0.5,0.99527,0.971775,Valid,#NAME?
06:54.6,3760,54.0168,4.093066,1.203755,185.8155,0.673457,359.4589,354.7751,0,0,0,4.092439,1.208999,185.8289,0.243476,-0.31676,0.916724,5.021706,0.00003,189.3277,Road,0,0,0.5,0.5,0.5,0.5,0.997578,0.985549,Valid,#NAME?
06:54.7,3761,54.0283,4.092916,1.203725,185.8155,0.754204,359.756,354.9393,0,0,0,4.092341,1.208948,185.829,0.249516,-0.316456,0.915203,5.045537,0.00003,189.3252,Road,0,0,0.5,0.5,0.5,0.5,0.997578,0.985549,Valid,#NAME?
06:54.7,3762,54.0398,4.092819,1.203819,185.8157,0.76983,359.8627,355.1295,0,0,0,4.092253,1.209036,185.8291,0.252229,-0.315863,0.914665,5.057692,0.00003,189.3301,Road,0,0,0.5,0.5,0.5,0.5,0.997578,0.985549,Valid,#NAME?
06:54.7,3763,54.051,4.09278,1.203868,185.8157,0.7015,0.087494,355.3551,0,0,0,4.092245,1.2091,185.8292,0.253636,-0.310802,0.916008,5.078929,0.00003,189.3926,Road,0,0,0.5,0.5,0.5,0.5,0.99876,0.992601,Valid,#NAME?
06:54.7,3764,54.0619,4.092689,1.203875,185.8158,0.671191,0.290884,355.5586,0,0,0,4.092182,1.209112,185.8292,0.257949,-0.30942,0.915271,5.100138,0.00003,189.4057,Road,0,0,0.5,0.5,0.5,0.5,0.99876,0.992601,Valid,#NAME?
06:54.7,3765,54.0728,4.09261,1.203868,185.8158,0.632322,0.477477,355.7479,0,0,0,4.09213,1.209112,185.8292,0.256956,-0.305059,0.917013,5.110559,0.00003,189.4637,Road,0,0,0.5,0.5,0.5,0.5,0.999594,0.997576,Valid,#NAME?
06:54.7,3766,54.0842,4.092541,1.203848,185.8158,0.57452,0.619887,355.9016,0,0,0,4.092079,1.209105,185.8292,0.253826,-0.304361,0.918116,5.100404,0.00003,189.4764,Road,0,0,0.5,0.5,0.5,0.5,0.999594,0.997576,Valid,#NAME?
06:54.7,3767,54.095,4.092441,1.203829,185.8158,0.493146,0.72981,356.0247,0,0,0,4.091993,1.209103,185.8293,0.256226,-0.302528,0.918055,5.116017,0.00003,189.4983,Road,0,0,0.5,0.5,0.5,0.5,0.999594,0.997576,Valid,#NAME?
06:54.7,3768,54.1065,4.092363,1.203887,185.8159,0.416534,0.813178,356.146,0,0,0,4.091924,1.209177,185.8293,0.255554,-0.300932,0.918767,5.118743,0.00003,189.5209,Road,0,0,0.5,0.5,0.5,0.5,0.999594,0.997576,Valid,#NAME?
06:54.7,3769,54.1172,4.092212,1.204033,185.816,0.309379,0.850413,356.3257,0,0,0,4.091764,1.209346,185.8294,0.252532,-0.299306,0.920132,5.112091,0.00003,189.5471,Road,0,0,0.5,0.5,0.5,0.5,0.999834,0.999007,Valid,#NAME?
06:54.8,3770,54.1337,4.092069,1.204122,185.8161,0.229721,0.83018,356.4506,0,0,0,4.091603,1.209452,185.8294,0.248697,-0.299059,0.921257,5.097354,0.00003,189.5551,Road,0,0,0.5,0.5,0.5,0.5,0.999834,0.999007,Valid,#NAME?
06:54.8,3771,54.1418,4.091973,1.204181,185.8161,0.151029,0.791086,356.5847,0,0,0,4.091486,1.209528,185.8295,0.248764,-0.297237,0.921828,5.103742,0.00003,189.5805,Road,0,0,0.5,0.5,0.5,0.5,0.999915,0.999492,Valid,#NAME?
06:54.8,3772,54.1488,4.091734,1.204228,185.8162,0.062196,0.678367,356.7268,0,0,0,4.091208,1.209595,185.8296,0.243841,-0.296964,0.92323,5.084398,0.00003,189.59,Road,0,0,0.5,0.5,0.5,0.5,0.999915,0.999492,Valid,#NAME?
06:54.8,3773,54.1599,4.091455,1.204231,185.8163,359.9648,0.540915,356.8314,0,0,0,4.090886,1.209619,185.8296,0.240018,-0.295796,0.924606,5.072381,0.00003,189.6106,Road,0,0,0.5,0.5,0.5,0.5,0.999915,0.999492,Valid,#NAME?
06:54.8,3774,54.1708,4.091208,1.204275,185.8163,359.8592,0.364997,356.9162,0,0,0,4.09059,1.209686,185.8297,0.23762,-0.293744,0.925879,5.069122,0.00003,189.6425,Road,0,0,0.5,0.5,0.5,0.5,0.999915,0.999492,Valid,#NAME?
06:54.8,3775,54.1823,4.090824,1.204404,185.8165,359.7845,0.11571,356.968,0,0,0,4.090143,1.209833,185.8298,0.229476,-0.293496,0.928009,5.036051,0.00003,189.6551,Road,0,0,0.5,0.5,0.5,0.5,0.999965,0.999792,Valid,#NAME?
06:54.8,3776,54.1932,4.090382,1.204547,185.8166,359.718,359.851,357.0031,0,0,0,4.089637,1.20999,185.8299,0.220977,-0.291952,0.930555,5.005447,0.00003,189.6865,Road,0,0,0.5,0.5,0.5,0.5,0.999965,0.999792,Valid,#NAME?
06:54.8,3777,54.2044,4.089939,1.204742,185.8168,359.6599,359.5236,357.0715,0,0,0,4.089111,1.210197,185.8301,0.216007,-0.290741,0.9321,4.988207,0.00003,189.7098,Road,0,0,0.5,0.5,0.5,0.5,0.999982,0.999893,Valid,#NAME?
06:54.8,3778,54.2158,4.089433,1.204809,185.8168,359.5865,359.2057,357.155,0,0,0,4.088523,1.21028,185.8302,0.20953,-0.289487,0.933967,4.964499,0.00003,189.7348,Road,0,0,0.5,0.5,0.5,0.5,0.999982,0.999893,Valid,#NAME?
06:54.8,3779,54.2267,4.08881,1.204901,185.817,359.4999,358.7741,357.2632,0,0,0,4.08779,1.210392,185.8303,0.199897,-0.288203,0.936472,4.927292,0.00003,189.7632,Road,0,0,0.5,0.5,0.5,0.5,0.999989,0.999932,Valid,#NAME?
06:54.9,3780,54.2377,4.088221,1.205032,185.8171,359.372,358.2815,357.3739,0,0,0,4.087077,1.210551,185.8304,0.189455,-0.286886,0.939044,4.886485,0.00003,189.7927,Road,0,0,0.5,0.5,0.5,0.5,0.999989,0.999932,Valid,#NAME?
06:54.9,3781,54.2488,4.08743,1.205153,185.8173,359.2482,357.7028,357.5048,0,0,0,4.086141,1.210698,185.8306,0.180614,-0.28437,0.941548,4.855078,0.00003,189.8391,Road,0,0,0.5,0.5,0.5,0.5,0.999989,0.999932,Valid,#NAME?
06:54.9,3782,54.2599,4.086638,1.205243,185.8175,359.1279,357.1047,357.627,0,0,0,4.085199,1.210815,185.8307,0.169997,-0.283236,0.943864,4.811905,0.00003,189.8656,Road,0,0,0.5,0.5,0.5,0.5,0.999994,0.999965,Valid,#NAME?
06:54.9,3783,54.2712,4.085811,1.205338,185.8176,359.0261,356.4054,357.7347,0,0,0,4.084201,1.210932,185.8308,0.157105,-0.281409,0.94664,4.760225,0.00003,189.9042,Road,0,0,0.5,0.5,0.5,0.5,0.999996,0.999978,Valid,#NAME?
06:54.9,3784,54.3152,4.08267,1.20509,185.8179,358.8509,353.7846,358.141,0,0,0,4.080423,1.210719,185.831,0.113369,-0.282332,0.952595,4.566568,0.00003,189.9159,Road,0,0,0.5,0.5,0.5,0.5,0.999999,0.999994,Valid,#NAME?
06:54.9,3785,54.3242,4.082016,1.20507,185.8179,358.9429,353.2269,358.1824,0,0,0,4.079637,1.210678,185.831,0.104361,-0.283677,0.953224,4.525016,0.00003,189.8991,Road,0,0,0.5,0.5,0.5,0.5,0.999999,0.999994,Valid,#NAME?
06:55.0,3786,54.3316,4.080881,1.204992,185.818,358.939,352.2766,358.2687,0,0,0,4.078278,1.210599,185.8311,0.087862,-0.284828,0.954543,4.451707,0.00003,189.888,Road,0,0,0.5,0.5,0.5,0.5,0.999999,0.999994,Valid,#NAME?
06:55.0,3787,54.3387,4.079728,1.204892,185.818,358.9532,351.3026,358.3482,0,0,0,4.076896,1.210495,185.831,0.07205,-0.28476,0.955887,4.383168,0.00003,189.8943,Road,0,0,0.5,0.5,0.5,0.5,0.999999,0.999994,Valid,#NAME?
06:55.0,3788,54.3489,4.078573,1.204778,185.818,359,350.2996,358.4221,0,0,0,4.075506,1.210368,185.831,0.055533,-0.286462,0.956481,4.310138,0.00003,189.8722,Road,0,0,0.5,0.5,0.5,0.5,1,0.999997,Valid,#NAME?
06:55.0,3789,54.3599,4.077508,1.204578,185.818,358.9851,349.3634,358.4875,0,0,0,4.074224,1.210171,185.8309,0.040224,-0.285973,0.957393,4.24444,0.00003,189.8822,Road,0,0,0.5,0.5,0.5,0.5,1,0.999998,Valid,#NAME?
06:55.0,3790,54.3711,4.07649,1.20445,185.8178,359.0708,348.3818,358.5514,0,0,0,4.072979,1.210022,185.8306,0.024245,-0.287602,0.957443,4.17498,0.00003,189.8588,Road,0,0,0.5,0.5,0.5,0.5,1,0.999998,Valid,#NAME?
06:55.0,3791,54.3821,4.075925,1.204275,185.8177,359.0966,347.7837,358.5485,0,0,0,4.07228,1.209841,185.8305,0.012216,-0.288931,0.957272,4.12343,0.00003,189.8388,Road,0,0,0.5,0.5,0.5,0.5,1,0.999999,Valid,#NAME?
06:55.0,3792,54.3932,4.075107,1.204185,185.8176,359.1943,346.9235,358.5661,0,0,0,4.071266,1.209729,185.8303,-0.036948,-0.290263,0.956233,3.917283,0.00003,189.8155,Road,0,0,0.5,0.5,0.5,0.5,1,0.999999,Valid,#NAME?
06:55.0,3793,54.4045,4.074343,1.204112,185.8174,359.2687,346.0796,358.5565,0,0,0,4.070314,1.209638,185.8301,-0.050987,-0.291514,0.955207,3.85875,0.00003,189.7937,Road,0,0,0.5,0.5,0.5,0.5,1,0.999999,Valid,#NAME?
06:55.0,3794,54.4155,4.07381,1.204103,185.8171,359.4404,345.4342,358.4917,0,0,0,4.06964,1.20959,185.8298,-0.07587,-0.268264,0.960353,3.727551,0.00003,190.1599,Road,0,0,0.5,0.5,0.5,0.5,1,0.999999,Valid,#NAME?
06:55.0,3795,54.4267,4.073205,1.203927,185.8167,359.6463,344.6163,358.3605,0,0,0,4.068862,1.209368,185.8294,-0.036664,-0.252558,0.966887,3.893302,0.00003,190.4592,Road,0,0,0.5,0.5,0.5,0.5,1,0.999999,Valid,#NAME?
06:55.1,3796,54.444,4.072944,1.203734,185.8165,359.7972,344.1026,358.2531,0,0,0,4.068494,1.209142,185.8291,-0.028583,-0.262574,0.964489,3.936872,0.00003,190.2704,Road,0,0,0.5,0.5,0.5,0.5,1,0.999999,Valid,#NAME?
06:55.1,3797,54.4512,4.073321,1.203491,185.8159,359.9729,343.9015,358.0836,0,0,0,4.068837,1.20886,185.8286,-0.032499,-0.26614,0.963386,3.921223,0.00003,190.2043,Road,0,0,0.5,0.5,0.5,0.5,1,0.999999,Valid,#NAME?
06:55.1,3798,54.4605,4.073464,1.20334,185.8156,0.083671,343.7171,357.998,0,0,0,4.068944,1.208685,185.8282,-0.048589,-0.278359,0.959247,3.857968,0.00003,189.9933,Road,0,0,0.5,0.5,0.5,0.5,1,0.999999,Valid,#NAME?
06:55.1,3799,54.4712,4.074008,1.203365,185.8157,0.203931,343.6301,357.9502,0,0,0,4.069469,1.208682,185.8283,-0.007248,-0.308053,0.951342,4.041032,0.00003,189.5609,Road,0,0,0.5,0.5,0.5,0.5,1,0.999999,Valid,#NAME?
06:55.1,3800,54.4822,4.074538,1.20323,185.8156,0.314505,343.5628,357.778,0,0,0,4.069998,1.208524,185.8282,-0.009075,-0.310601,0.950497,4.034688,0.00003,189.5264,Road,0,0,0.5,0.5,0.5,0.5,1,1,Valid,#NAME?
06:55.1,3801,54.4957,4.075366,1.203066,185.8155,0.434238,343.6212,357.5719,0,0,0,4.070854,1.208335,185.8281,0.079056,-0.361706,0.928934,4.334945,0.00003,188.9313,Road,0,0,0.5,0.5,0.5,0.5,1,1,Valid,#NAME?
06:55.1,3802,54.508,4.076243,1.203036,185.8153,0.555342,343.8287,357.3376,0,0,0,4.071795,1.20828,185.828,0.124075,-0.376033,0.918262,4.470465,0.00003,188.7785,Road,0,0,0.5,0.5,0.5,0.5,1,1,Valid,#NAME?
06:55.1,3803,54.5158,4.076872,1.202897,185.8154,0.57575,343.9444,357.2029,0,0,0,4.07246,1.208138,185.828,0.154597,-0.389092,0.908134,4.552473,0.00003,188.6478,Road,0,0,0.5,0.5,0.5,0.5,1,1,Valid,#NAME?
06:55.1,3804,54.5267,4.077815,1.202805,185.8154,0.603632,344.2348,357.0466,0,0,0,4.073483,1.208041,185.8281,0.158251,-0.390585,0.906863,4.562924,0.00003,188.6329,Road,0,0,0.5,0.5,0.5,0.5,1,1,Valid,#NAME?
06:55.2,3805,54.5378,4.078873,1.202805,185.8154,0.614197,344.5749,356.9139,0,0,0,4.074627,1.20804,185.8282,0.179839,-0.396478,0.900257,4.622569,0.00003,188.5711,Road,0,0,0.5,0.5,0.5,0.5,1,1,Valid,#NAME?
06:55.2,3806,54.5487,4.080136,1.202789,185.8155,0.594661,344.9949,356.8322,0,0,0,4.075993,1.208029,185.8283,0.185803,-0.398071,0.898341,4.639836,0.00003,188.5544,Road,0,0,0.5,0.5,0.5,0.5,1,1,Valid,#NAME?
06:55.2,3807,54.5598,4.082184,1.202759,185.8156,0.564411,345.7112,356.8526,0,0,0,4.078199,1.208006,185.8284,0.1971,-0.397492,0.896187,4.677185,0.00003,188.5519,Road,0,0,0.5,0.5,0.5,0.5,1,1,Valid,#NAME?
06:55.2,3808,54.5711,4.083782,1.202868,185.8157,0.556253,346.2906,356.9356,0,0,0,4.07992,1.208117,185.8286,0.218717,-0.398296,0.890799,4.743317,0.00003,188.5305,Road,0,0,0.5,0.5,0.5,0.5,1,1,Valid,#NAME?
06:55.2,3809,54.5822,4.085431,1.202813,185.8158,0.527498,346.8592,357.0214,0,0,0,4.081689,1.208067,185.8287,0.212694,-0.391527,0.895248,4.737945,0.00003,188.5909,Road,0,0,0.5,0.5,0.5,0.5,1,1,Valid,#NAME?
06:55.2,3810,54.5992,4.087398,1.202737,185.8159,0.51409,347.5225,357.1759,0,0,0,4.083791,1.207992,185.8288,0.231803,-0.392281,0.890159,4.797587,0.00003,188.5699,Road,0,0,0.5,0.5,0.5,0.5,1,1,Valid,#NAME?
06:55.2,3811,54.6055,4.08914,1.20282,185.816,0.485806,348.2149,357.3116,0,0,0,4.085678,1.20808,185.8289,0.243394,-0.390884,0.887676,4.8379,0.00003,188.5724,Road,0,0,0.5,0.5,0.5,0.5,1,1,Valid,#NAME?
06:55.2,3812,54.6157,4.091367,1.202746,185.816,0.512337,348.9391,357.4161,0,0,0,4.088058,1.207998,185.829,0.256607,-0.388454,0.885018,4.886024,0.00003,188.5811,Road,0,0,0.5,0.5,0.5,0.5,1,1,Valid,#NAME?
06:55.2,3813,54.6264,4.093473,1.2027,185.816,0.521697,349.6682,357.511,0,0,0,4.090322,1.207949,185.829,0.264938,-0.38572,0.883758,4.919999,0.00003,188.5966,Road,0,0,0.5,0.5,0.5,0.5,1,1,Valid,#NAME?
06:55.3,3814,54.6377,4.095787,1.202772,185.8159,0.569434,350.4867,357.645,0,0,0,4.092811,1.208009,185.829,0.278457,-0.385423,0.879722,4.965538,0.00003,188.5862,Road,0,0,0.5,0.5,0.5,0.5,1,1,Valid,#NAME?
06:55.3,3815,54.6487,4.098162,1.202595,185.8158,0.612729,351.2399,357.7972,0,0,0,4.095342,1.207819,185.8289,0.287851,-0.383153,0.877688,5.002717,0.00003,188.5956,Road,0,0,0.5,0.5,0.5,0.5,1,1,Valid,#NAME?
06:55.3,3816,54.6598,4.100405,1.202524,185.8156,0.666112,351.901,357.9763,0,0,0,4.09772,1.207733,185.8288,0.297856,-0.382763,0.874514,5.037522,0.00003,188.5881,Road,0,0,0.5,0.5,0.5,0.5,1,1,Valid,#NAME?
06:55.3,3817,54.671,4.102527,1.202842,185.8158,0.658862,352.5938,358.1587,0,0,0,4.099984,1.20805,185.829,0.309574,-0.381326,0.871065,5.080697,0.00003,188.5884,Road,0,0,0.5,0.5,0.5,0.5,1,1,Valid,#NAME?
06:55.3,3818,54.6824,4.10482,1.203224,185.8161,0.502727,353.2347,358.2513,0,0,0,4.102419,1.208467,185.8293,0.314189,-0.379212,0.870335,5.103644,0.00003,188.6028,Road,0,0,0.5,0.5,0.5,0.5,1,1,Valid,#NAME?
06:55.3,3819,54.6932,4.10687,1.203717,185.8166,0.263166,353.8562,358.2344,0,0,0,4.104616,1.209016,185.8298,0.331196,-0.373653,0.866426,5.176228,0.00003,188.6332,Road,0,0,0.5,0.5,0.5,0.5,1,1,Valid,#NAME?
06:55.3,3820,54.7046,4.10874,1.204383,185.8173,359.936,354.4919,358.0782,0,0,0,4.10665,1.209761,185.8305,0.338337,-0.366893,0.866555,5.222223,0.00003,188.6877,Road,0,0,0.5,0.5,0.5,0.5,1,1,Valid,#NAME?
06:55.3,3821,54.7154,4.110897,1.204919,185.818,359.5172,355.2665,357.7073,0,0,0,4.109024,1.2104,185.8312,0.347419,-0.363526,0.864378,5.265765,0.00003,188.7092,Road,0,0,0.5,0.5,0.5,0.5,1,1,Valid,#NAME?
06:55.3,3822,54.7264,4.11255,1.205077,185.8185,359.2567,355.8864,357.4327,0,0,0,4.110847,1.210621,185.8318,0.351078,-0.360735,0.864069,5.289029,0.00003,188.7315,Road,0,0,0.5,0.5,0.5,0.5,1,1,Valid,#NAME?
06:55.4,3823,54.7385,4.114429,1.205173,185.8193,358.947,356.6703,356.9363,0,0,0,4.112955,1.210796,185.8325,0.353272,-0.361089,0.863026,5.29751,0.00003,188.7263,Road,0,0,0.5,0.5,0.5,0.5,1,1,Valid,#NAME?
06:55.4,3824,54.7557,4.116068,1.205151,185.82,358.8599,357.4774,356.5483,0,0,0,4.114817,1.210798,185.8332,0.365921,-0.360712,0.857898,5.34307,0.00003,188.7128,Road,0,0,0.5,0.5,0.5,0.5,1,1,Valid,#NAME?
06:55.4,3825,54.7633,4.1179,1.20495,185.8206,358.7353,358.2933,356.1387,0,0,0,4.116877,1.210631,185.8338,0.375368,-0.361755,0.853365,5.373033,0.00003,188.6896,Road,0,0,0.5,0.5,0.5,0.5,1,1,Valid,#NAME?
06:55.4,3826,54.771,4.119621,1.204771,185.8214,358.7402,359.1406,355.7642,0,0,0,4.118829,1.210455,185.8346,0.371397,-0.36517,0.853648,5.349894,0.00003,188.6642,Road,0,0,0.5,0.5,0.5,0.5,1,1,Valid,#NAME?
06:55.4,3827,54.782,4.121415,1.204387,185.8221,358.8011,359.97,355.4896,0,0,0,4.12084,1.21006,185.8354,0.380083,-0.365491,0.849678,5.379177,0.00003,188.6484,Road,0,0,0.5,0.5,0.5,0.5,1,1,Valid,#NAME?
06:55.4,3828,54.7937,4.123036,1.204022,185.8228,358.8617,0.702765,355.317,0,0,0,4.122646,1.209682,185.836,0.389758,-0.367534,0.844398,5.405442,0.00003,188.6151,Road,0,0,0.5,0.5,0.5,0.5,1,1,Valid,#NAME?
06:55.4,3829,54.8045,4.124817,1.203731,185.8236,358.9459,1.536196,355.1191,0,0,0,4.124639,1.209373,185.8369,0.397422,-0.366491,0.841273,5.436048,0.00003,188.6129,Road,0,0,0.5,0.5,0.5,0.5,1,1,Valid,#NAME?
06:55.4,3830,54.8154,4.1264,1.203369,185.8243,359.0731,2.281107,354.961,0,0,0,4.12641,1.208983,185.8376,0.402582,-0.365896,0.839076,5.45658,0.00003,188.61,Road,0,0,0.5,0.5,0.5,0.5,1,1,Valid,#NAME?
06:55.5,3831,54.8713,4.134605,1.202665,185.8281,0.066773,6.655004,354.2595,0,0,0,4.135705,1.208055,185.8414,0.454744,-0.381615,0.804722,5.575225,0.00003,188.3888,Road,0,0,0.5,0.5,0.5,0.5,1,1,Valid,#NAME?
06:55.5,3832,54.8787,4.134859,1.20273,185.8287,359.852,7.024095,354.3037,0,0,0,4.136038,1.208169,185.8419,0.450655,-0.373664,0.810732,5.593104,0.00003,188.4632,Road,0,0,0.5,0.5,0.5,0.5,1,1,Valid,#NAME?
06:55.5,3833,54.8857,4.135591,1.202747,185.8292,359.9676,7.485886,354.2283,0,0,0,4.136885,1.20816,185.8425,0.456585,-0.375856,0.806388,5.604504,0.00003,188.4345,Road,0,0,0.5,0.5,0.5,0.5,1,1,Valid,#NAME?
06:55.5,3834,54.8934,4.136632,1.202674,185.8301,359.9242,8.133494,354.1849,0,0,0,4.138081,1.208097,185.8434,0.457142,-0.373052,0.807375,5.618461,0.00003,188.4579,Road,0,0,0.5,0.5,0.5,0.5,1,1,Valid,#NAME?
06:55.5,3835,54.9105,4.137435,1.202849,185.8313,359.8969,8.722328,354.1699,0,0,0,4.139021,1.208279,185.8445,0.461685,-0.372541,0.805022,5.636391,0.00003,188.4554,Road,0,0,0.5,0.5,0.5,0.5,1,1,Valid,#NAME?
06:55.5,3836,54.9175,4.138135,1.202847,185.8321,359.8686,9.197267,354.1658,0,0,0,4.139831,1.208284,185.8453,0.464391,-0.370339,0.804481,5.654935,0.00003,188.47,Road,0,0,0.5,0.5,0.5,0.5,1,1,Valid,#NAME?
06:55.5,3837,54.9266,4.138924,1.20281,185.8331,359.8258,9.75001,354.1669,0,0,0,4.140746,1.208257,185.8464,0.472184,-0.369685,0.800235,5.683968,0.00003,188.4618,Road,0,0,0.5,0.5,0.5,0.5,1,1,Valid,#NAME?
06:55.6,3838,54.9378,4.13941,1.202934,185.8343,359.8073,10.15407,354.1804,0,0,0,4.141324,1.208385,185.8475,0.468868,-0.368329,0.802806,5.679511,0.00003,188.4812,Road,0,0,0.5,0.5,0.5,0.5,1,1,Valid,#NAME?
06:55.6,3839,54.9489,4.139853,1.202898,185.8354,359.7428,10.54461,354.2098,0,0,0,4.141853,1.208363,185.8486,0.467489,-0.366956,0.804237,5.681229,0.00003,188.4969,Road,0,0,0.5,0.5,0.5,0.5,1,1,Valid,#NAME?
06:55.6,3840,54.9599,4.140322,1.202855,185.8365,359.6654,10.94027,354.194,0,0,0,4.142413,1.208339,185.8497,0.473025,-0.365859,0.801495,27.79367,-17.08461,225.9244,None,0,0,0.5,0.5,0.5,0.5,1,1,Valid,#NAME?
06:55.6,3841,54.9712,4.140514,1.202931,185.8378,359.5601,11.26241,354.1917,0,0,0,4.142677,1.208439,185.8509,0.465974,-0.363579,0.806646,27.44138,-16.97053,226.1832,None,0,0,0.5,0.5,0.5,0.5,1,1,Valid,#NAME?
06:55.6,3842,54.9821,4.140671,1.2029,185.8389,359.3901,11.58203,354.1503,0,0,0,4.142909,1.208448,185.852,0.459828,-0.359821,0.811842,27.13429,-16.78259,226.4441,None,0,0,0.5,0.5,0.5,0.5,1,1,Valid,#NAME?
06:55.6,3843,54.9935,4.140816,1.20287,185.8399,359.2761,11.90064,354.133,0,0,0,4.143126,1.208445,185.853,0.464373,-0.35814,0.809996,27.36179,-16.69856,226.3528,None,0,0,0.5,0.5,0.5,0.5,1,1,Valid,#NAME?
06:55.6,3844,55.0046,4.140879,1.202962,185.8411,359.1633,12.18309,354.1404,0,0,0,4.14325,1.208563,185.8542,0.457671,-0.353556,0.815803,27.0268,-16.46925,226.6443,None,0,0,0.5,0.5,0.5,0.5,1,1,Valid,#NAME?
06:55.6,3845,55.0158,4.140683,1.20274,185.842,359.1306,12.4047,354.2249,0,0,0,4.143096,1.208347,185.855,0.456268,-0.351266,0.817577,26.95649,-16.35494,226.7339,None,0,0,0.5,0.5,0.5,0.5,1,1,Valid,#NAME?
06:55.6,3846,55.0267,4.140427,1.20253,185.8428,359.0693,12.57184,354.3238,0,0,0,4.142867,1.208151,185.8559,0.452809,-0.349099,0.820423,26.78334,-16.24679,226.877,None,0,0,0.5,0.5,0.5,0.5,1,1,Valid,#NAME?
06:55.7,3847,55.0566,4.139291,1.201828,185.8449,359.1088,12.88195,354.7464,0,0,0,4.141765,1.207436,185.858,0.441084,-0.343432,0.829156,26.19598,-15.96416,227.3158,None,0,0,0.5,0.5,0.5,0.5,1,1,Valid,#NAME?
06:55.7,3848,55.0711,4.139167,1.201691,185.8453,358.9596,12.96842,354.7974,0,0,0,4.141652,1.207334,185.8583,0.435696,-0.338715,0.833931,25.92647,-15.72843,227.5548,None,0,0,0.5,0.5,0.5,0.5,1,1,Valid,#NAME?
06:55.7,3849,55.0776,4.138705,1.201568,185.8459,358.9552,13.05973,354.9206,0,0,0,4.1412,1.20721,185.8589,0.437772,-0.338135,0.833079,26.02978,-15.69954,227.5129,None,0,0,0.5,0.5,0.5,0.5,1,1,Valid,#NAME?
06:55.7,3850,55.0843,4.13809,1.201361,185.8465,358.9479,13.20046,355.0522,0,0,0,4.140605,1.207004,185.8595,0.440617,-0.337471,0.831847,26.17146,-15.66656,227.4519,None,0,0,0.5,0.5,0.5,0.5,1,1,Valid,#NAME?
06:55.7,3851,55.0931,4.137491,1.201302,185.847,358.9717,13.32313,355.1423,0,0,0,4.140026,1.206938,185.86,0.437828,-0.335978,0.833922,26.03143,-15.59197,227.5561,None,0,0,0.5,0.5,0.5,0.5,1,1,Valid,#NAME?
06:55.7,3852,55.1044,4.136777,1.201256,185.8476,358.9144,13.44569,355.2523,0,0,0,4.139328,1.206905,185.8606,0.436812,-0.333817,0.835321,25.97994,-15.48395,227.6267,None,0,0,0.5,0.5,0.5,0.5,1,1,Valid,#NAME?
06:55.7,3853,55.1156,4.135965,1.201166,185.8481,358.8526,13.51411,355.3238,0,0,0,4.138524,1.206829,185.8611,0.438318,-0.332543,0.835041,26.05441,-15.42034,227.6131,None,0,0,0.5,0.5,0.5,0.5,1,1,Valid,#NAME?
06:55.7,3854,55.1266,4.135015,1.201061,185.8486,358.7546,13.55886,355.3972,0,0,0,4.137575,1.206746,185.8616,0.434516,-0.329522,0.838219,25.86338,-15.26937,227.7725,None,0,0,0.5,0.5,0.5,0.5,1,1,Valid,#NAME?
06:55.8,3855,55.1376,4.134065,1.201049,185.8491,358.663,13.57523,355.4712,0,0,0,4.13662,1.206753,185.8621,0.428233,-0.326288,0.842706,25.54826,-15.10762,227.9974,None,0,0,0.5,0.5,0.5,0.5,1,1,Valid,#NAME?
06:55.8,3856,55.1486,4.132998,1.200932,185.8495,358.5363,13.53358,355.5536,0,0,0,4.135533,1.206665,185.8625,0.428273,-0.323938,0.843592,25.54916,-14.99023,228.0421,None,0,0,0.5,0.5,0.5,0.5,1,1,Valid,#NAME?
06:55.8,3857,55.1597,4.131883,1.200816,185.85,358.4125,13.48805,355.6245,0,0,0,4.134398,1.206577,185.863,0.422018,-0.32043,0.848071,25.23531,-14.81492,228.2665,None,0,0,0.5,0.5,0.5,0.5,1,1,Valid,#NAME?
06:55.8,3858,55.171,4.130614,1.200937,185.8504,358.2956,13.3548,355.6871,0,0,0,4.133091,1.206724,185.8634,0.414845,-0.317243,0.852796,24.87535,-14.65541,228.5032,None,0,0,0.5,0.5,0.5,0.5,1,1,Valid,#NAME?
06:55.8,3859,55.182,4.129345,1.201063,185.851,358.1857,13.22933,355.7602,0,0,0,4.131784,1.206875,185.8639,0.408688,-0.314671,0.856713,24.5662,-14.52666,228.6996,None,0,0,0.5,0.5,0.5,0.5,1,1,Valid,#NAME?
06:55.8,3860,55.193,4.128038,1.201209,185.8515,358.0609,13.0749,355.8365,0,0,0,4.130433,1.207048,185.8645,0.406976,-0.312382,0.858364,24.47923,-14.41205,228.7827,None,0,0,0.5,0.5,0.5,0.5,1,1,Valid,#NAME?
06:55.8,3861,55.2043,4.126689,1.201415,185.852,357.9059,12.88826,355.8913,0,0,0,4.129032,1.20729,185.865,0.39933,-0.309099,0.86313,24.09555,-14.24764,229.0215,None,0,0,0.5,0.5,0.5,0.5,1,1,Valid,#NAME?
06:55.8,3862,55.2154,4.12528,1.201593,185.8524,357.7577,12.61897,355.9029,0,0,0,4.127559,1.207502,185.8654,0.38663,-0.305825,0.870051,5.654069,0.00003,189.3006,Road,0,0,0.5,0.5,0.5,0.5,1,1,Valid,#NAME?
06:55.9,3863,55.2359,4.123755,1.201715,185.853,357.609,12.36572,355.9184,0,0,0,4.125972,1.207657,185.8659,0.365706,-0.301881,0.880413,5.588922,0.00003,189.3879,Road,0,0,0.5,0.5,0.5,0.5,1,1,Valid,#NAME?
06:55.9,3864,55.2441,4.122023,1.201987,185.8535,357.4608,11.99013,355.9292,0,0,0,4.124149,1.207964,185.8664,0.233138,-0.266605,0.935184,5.180452,0.00003,190.1035,Road,0,0,0.5,0.5,0.5,0.5,1,1,Valid,#NAME?
06:55.9,3865,55.2508,4.120292,1.202052,185.8539,357.3077,11.68142,355.9604,0,0,0,4.122342,1.208063,185.8669,0.228404,-0.264012,0.937086,5.167448,0.00003,190.1547,Road,0,0,0.5,0.5,0.5,0.5,1,1,Valid,#NAME?
06:55.9,3866,55.26,4.119551,1.202186,185.8541,357.2979,11.52476,355.9617,0,0,0,4.121566,1.208199,185.8671,0.087282,-0.1995,0.976003,4.650142,0.00003,191.7777,Road,0,0,0.5,0.5,0.5,0.5,1,1,Valid,#NAME?
06:55.9,3867,55.271,4.117803,1.202492,185.8546,357.2079,11.14218,356.0489,0,0,0,4.119721,1.208525,185.8675,0.081191,-0.198137,0.976806,4.614928,0.00003,191.8253,Road,0,0,0.5,0.5,0.5,0.5,1,1,Valid,#NAME?
06:55.9,3868,55.2825,4.116045,1.202678,185.855,357.1347,10.75486,356.1646,0,0,0,4.117864,1.208726,185.8679,-0.008925,-0.115639,0.993251,4.024581,0.000031,196.2497,Road,0,0,0.5,0.5,0.5,0.5,1,1,Valid,#NAME?
06:55.9,3869,55.2931,4.11445,1.202756,185.8553,357.0378,10.41209,356.2804,0,0,0,4.116179,1.208825,185.8683,-0.140337,-0.019037,0.989921,1.250433,0.820072,206.0829,Cube,0,0,0.5,0.5,0.5,0.5,1,0.951839,Valid,#NAME?
06:55.9,3870,55.3043,4.112733,1.202861,185.8556,356.9616,9.990539,356.3982,0,0,0,4.114354,1.208946,185.8686,-0.237371,-0.008059,0.971386,-0.825286,1.041233,206.0829,Cube,0,0,0.5,0.5,0.5,0.5,1,0.951839,Valid,#NAME?
06:55.9,3871,55.3153,4.111491,1.202902,185.8558,356.8998,9.678461,356.4439,0,0,0,4.113036,1.209001,185.8688,-0.242609,-0.007392,0.970096,-0.942266,1.054977,206.0829,Cube,0,0,0.5,0.5,0.5,0.5,1,0.951839,Valid,#NAME?
06:55.9,3872,55.3265,4.109669,1.202971,185.8562,356.8112,9.233963,356.503,0,0,0,4.111106,1.209089,185.8691,-0.297611,0.011623,0.954617,-2.190737,1.455194,206.0829,Cube,0,0,0.5,0.5,0.5,0.5,1,0.95955,Valid,#NAME?
06:56.0,3873,55.3377,4.10718,1.203102,185.8566,356.7027,8.630692,356.5933,0,0,0,4.10847,1.209244,185.8696,-0.299814,-0.009062,0.953955,-2.244302,1.017235,206.0829,Cube,0,0,0.5,0.5,0.5,0.5,1,0.96764,Valid,#NAME?
06:56.0,3874,55.3486,4.105366,1.203156,185.8569,356.6165,8.204199,356.6512,0,0,0,4.106553,1.209316,185.8699,-0.30684,-0.008155,0.951726,-2.410218,1.036123,206.0829,Cube,0,0,0.5,0.5,0.5,0.5,1,0.96764,Valid,#NAME?
06:56.0,3875,55.3611,4.103477,1.203113,185.8572,356.485,7.768994,356.7265,0,0,0,4.104558,1.209303,185.8701,-0.284903,-0.039729,0.957733,-1.908282,0.370837,206.0829,Cube,0,0,0.5,0.5,0.5,0.5,1,0.96764,Valid,#NAME?
06:56.0,3876,55.3712,4.101708,1.203131,185.8574,356.363,7.344865,356.8138,0,0,0,4.102682,1.209347,185.8704,-0.274957,-0.054718,0.959898,-1.687072,0.057144,206.0829,Cube,0,0,0.5,0.5,0.5,0.5,1,0.974112,Valid,#NAME?
06:56.0,3877,55.3884,4.099949,1.203132,185.8577,356.2442,6.915987,356.8928,0,0,0,4.100817,1.209374,185.8707,-0.253957,-0.070134,0.964669,-0.278234,0.000032,202.5047,Road,0,0,0.5,0.5,0.5,0.5,1,0.983432,Valid,#NAME?
06:56.0,3878,55.395,4.098202,1.2031,185.858,356.1244,6.476232,356.9867,0,0,0,4.09896,1.209368,185.871,-0.26112,-0.068797,0.962852,-0.491064,0.000032,202.7962,Road,0,0,0.5,0.5,0.5,0.5,1,0.989396,Valid,#NAME?
06:56.0,3879,55.4045,4.096447,1.203025,185.8582,356.0111,6.057212,357.1132,0,0,0,4.097096,1.209318,185.8712,-0.242844,-0.081172,0.966663,0.479247,0.000032,200.2724,Road,0,0,0.5,0.5,0.5,0.5,1,0.989396,Valid,#NAME?
06:56.0,3880,55.4155,4.094759,1.202971,185.8585,355.9292,5.609343,357.222,0,0,0,4.095297,1.20928,185.8714,-0.231393,-0.088676,0.968811,0.939869,0.000032,199.0828,Road,0,0,0.5,0.5,0.5,0.5,1,0.991517,Valid,#NAME?
06:56.0,3881,55.4264,4.093067,1.202946,185.8587,355.8338,5.148135,357.3272,0,0,0,4.093491,1.209276,185.8717,-0.238882,-0.087702,0.96708,0.799744,0.000032,199.2059,Road,0,0,0.5,0.5,0.5,0.5,1,0.991517,Valid,#NAME?
06:56.1,3882,55.4376,4.091365,1.202925,185.859,355.7596,4.693301,357.4322,0,0,0,4.091675,1.20927,185.8719,-0.238396,-0.089166,0.967066,0.858619,0.000032,198.987,Road,0,0,0.5,0.5,0.5,0.5,1,0.991517,Valid,#NAME?
06:56.1,3883,55.4488,4.08972,1.202845,185.8593,355.6733,4.24394,357.515,0,0,0,4.089919,1.209208,185.8722,-0.234546,-0.091182,0.967819,0.979571,0.000032,198.7066,Road,0,0,0.5,0.5,0.5,0.5,1,0.996525,Valid,#NAME?
06:56.1,3884,55.4599,4.088044,1.202797,185.8595,355.611,3.765087,357.5643,0,0,0,4.088131,1.209174,185.8725,-0.234129,-0.09291,0.967756,1.041153,0.000032,198.4669,Road,0,0,0.5,0.5,0.5,0.5,1,0.997776,Valid,#NAME?
06:56.1,3885,55.4708,4.086308,1.202744,185.8598,355.5243,3.297272,357.5822,0,0,0,4.086286,1.209141,185.8727,-0.241963,-0.091565,0.965955,0.89118,0.000032,198.6281,Road,0,0,0.5,0.5,0.5,0.5,1,0.997776,Valid,#NAME?
06:56.1,3886,55.4818,4.084693,1.202686,185.86,355.4764,2.863289,357.6048,0,0,0,4.084572,1.209093,185.8729,-0.239733,-0.095156,0.966164,1.038516,0.000031,198.149,Road,0,0,0.5,0.5,0.5,0.5,1,0.997776,Valid,#NAME?
06:56.1,3887,55.493,4.082958,1.20264,185.8602,355.4279,2.400199,357.6299,0,0,0,4.08273,1.209057,185.8732,-0.242583,-0.09693,0.965276,1.056939,0.000031,197.9132,Road,0,0,0.5,0.5,0.5,0.5,1,0.999089,Valid,#NAME?
06:56.1,3888,55.5042,4.081293,1.202626,185.8605,355.3931,1.954798,357.6538,0,0,0,4.080962,1.209051,185.8734,-0.250005,-0.096468,0.963427,0.947677,0.000031,197.9479,Road,0,0,0.5,0.5,0.5,0.5,1,0.999271,Valid,#NAME?
06:56.1,3889,55.5159,4.079597,1.202547,185.8606,355.3355,1.467407,357.6629,0,0,0,4.079154,1.208984,185.8735,-0.253779,-0.097515,0.962334,0.93292,0.000031,197.8041,Road,0,0,0.5,0.5,0.5,0.5,1,0.999271,Valid,#NAME?
06:56.2,3890,55.5265,4.077844,1.202477,185.8608,355.3112,0.938369,357.6487,0,0,0,4.077284,1.208921,185.8737,-0.256967,-0.099507,0.961284,0.955451,0.000031,197.5521,Road,0,0,0.5,0.5,0.5,0.5,1,0.999534,Valid,#NAME?
06:56.2,3891,55.5435,4.075947,1.202398,185.861,355.2957,0.345528,357.6785,0,0,0,4.075251,1.208845,185.8738,-0.262573,-0.101689,0.959539,0.953939,0.000031,197.2803,Road,0,0,0.5,0.5,0.5,0.5,1,0.999534,Valid,#NAME?
06:56.2,3892,55.5499,4.074172,1.202424,185.8611,355.3151,359.7411,357.7189,0,0,0,4.073337,1.208866,185.874,-0.272553,-0.102202,0.956697,0.84959,0.000031,197.1897,Road,0,0,0.5,0.5,0.5,0.5,1,0.999534,Valid,#NAME?
06:56.2,3893,55.5597,4.072408,1.202443,185.8612,355.2944,359.1584,357.7708,0,0,0,4.071436,1.208888,185.8741,-0.279295,-0.103071,0.954657,0.795758,0.000031,197.0706,Road,0,0,0.5,0.5,0.5,0.5,1,0.999809,Valid,#NAME?
06:56.2,3894,55.5707,4.070626,1.202557,185.8613,355.3042,358.5902,357.8274,0,0,0,4.069522,1.208999,185.8742,-0.285915,-0.105023,0.952483,0.778213,0.000031,196.8387,Road,0,0,0.5,0.5,0.5,0.5,1,0.999847,Valid,#NAME?
06:56.2,3895,55.5818,4.068866,1.20266,185.8613,355.3221,358.0284,357.8715,0,0,0,4.067631,1.209098,185.8742,-0.295099,-0.105524,0.949622,0.686473,0.000031,196.7547,Road,0,0,0.5,0.5,0.5,0.5,1,0.999847,Valid,#NAME?
06:56.2,3896,55.5942,4.067126,1.202708,185.8614,355.3501,357.4737,357.8973,0,0,0,4.065764,1.209139,185.8742,-0.275633,-0.106642,0.955329,0.940632,0.000031,196.7057,Road,0,0,0.5,0.5,0.5,0.5,1,0.999847,Valid,#NAME?
06:56.2,3897,55.6046,4.065271,1.202689,185.8613,355.3965,356.8968,357.9063,0,0,0,4.06378,1.20911,185.8741,-0.242808,-0.130549,0.96125,1.815007,0.000031,194.7767,Road,0,0,0.5,0.5,0.5,0.5,1,0.999847,Valid,#NAME?
06:56.2,3898,55.6155,4.063477,1.202606,185.8611,355.4579,356.3184,357.9077,0,0,0,4.061854,1.209013,185.874,-0.388711,0.013918,0.921255,-4.465054,1.514328,206.0829,Cube,0,0,0.5,0.5,0.5,0.5,1,0.999847,Valid,#NAME?
06:56.2,3899,55.6263,4.061735,1.202423,185.861,355.489,355.7621,357.9336,0,0,0,4.059986,1.208822,185.8738,-0.397611,0.013257,0.917458,-4.69833,1.500848,206.0829,Cube,0,0,0.5,0.5,0.5,0.5,1,0.999847,Valid,#NAME?
06:56.3,3900,55.6378,4.059982,1.202288,185.8608,355.5316,355.2043,357.9531,0,0,0,4.058106,1.208678,185.8736,-0.35933,-0.033835,0.932597,-3.728541,0.475471,206.0829,Cube,0,0,0.5,0.5,0.5,0.5,1,0.999847,Valid,#NAME?
06:56.3,3901,55.6486,4.058242,1.202144,185.8606,355.5423,354.6685,358.0164,0,0,0,4.056241,1.20853,185.8734,-0.492487,0.079256,0.866704,-5.36552,2.724778,202.4543,Arch,0,0,0.5,0.5,0.5,0.5,0.932338,0.661028,Valid,#NAME?
06:56.3,3902,55.6597,4.05663,1.202035,185.8604,355.519,354.1594,358.1012,0,0,0,4.054508,1.208425,185.8732,-0.500182,0.079021,0.862307,-5.372743,2.697793,202.1256,Arch,0,0,0.5,0.5,0.5,0.5,0.956696,0.736503,Valid,#NAME?
06:56.3,3903,55.6709,4.055039,1.202069,185.8603,355.5122,353.6724,358.2241,0,0,0,4.052797,1.208459,185.873,-0.522259,0.044692,0.851615,-5.551418,2.030327,201.534,Arch,0,0,0.5,0.5,0.5,0.5,0.956696,0.736503,Valid,#NAME?
06:56.3,3904,55.682,4.053593,1.202073,185.86,355.4832,353.2055,358.3801,0,0,0,4.051233,1.208467,185.8727,-0.472581,-0.030849,0.880747,-5.946117,0.555874,204.5047,Arch,0,0,0.5,0.5,0.5,0.5,0.956696,0.783363,Valid,#NAME?
06:56.3,3905,55.699,4.052215,1.202081,185.8597,355.4646,352.768,358.5253,0,0,0,4.049745,1.208477,185.8724,-0.440143,-0.071692,0.895061,-3.369343,0.000032,200.9596,Road,0,0,0.5,0.5,0.5,0.5,0.956696,0.783363,Valid,#NAME?
06:56.3,3906,55.7069,4.050724,1.202127,185.8595,355.4604,352.3339,358.6581,0,0,0,4.048145,1.208522,185.8722,-0.422061,-0.080258,0.903008,-2.307053,0.000032,199.4692,Road,0,0,0.5,0.5,0.5,0.5,0.972286,0.826691,Valid,#NAME?
06:56.3,3907,55.7168,4.049396,1.201978,185.8591,355.4536,351.9483,358.7734,0,0,0,4.046721,1.208374,185.8717,-0.427827,-0.080742,0.900247,-2.355905,0.000032,199.3444,Road,0,0,0.5,0.5,0.5,0.5,0.972286,0.826691,Valid,#NAME?
06:56.3,3908,55.7267,4.048179,1.20183,185.8587,355.4746,351.5779,358.8246,0,0,0,4.045418,1.20822,185.8713,-0.412356,-0.080559,0.907454,-2.138943,0.000032,199.481,Road,0,0,0.5,0.5,0.5,0.5,0.977828,0.861353,Valid,#NAME?
06:56.4,3909,55.7377,4.046894,1.201739,185.8584,355.4958,351.2303,358.8834,0,0,0,4.044052,1.208124,185.871,-0.417693,-0.081195,0.904953,-2.170789,0.000032,199.3357,Road,0,0,0.5,0.5,0.5,0.5,0.977828,0.861353,Valid,#NAME?
06:56.4,3910,55.7488,4.045701,1.201601,185.858,355.5157,350.9053,358.9673,0,0,0,4.042778,1.207979,185.8706,-0.412027,-0.083211,0.907364,-1.938494,0.000032,199.0425,Road,0,0,0.5,0.5,0.5,0.5,0.977828,0.861353,Valid,#NAME?
06:56.4,3911,55.7597,4.044664,1.201508,185.8576,355.5011,350.6408,359.0768,0,0,0,4.041674,1.207888,185.8702,-0.407881,-0.084813,0.909087,-1.767133,0.000032,198.8169,Road,0,0,0.5,0.5,0.5,0.5,0.990919,0.94321,Valid,#NAME?
06:56.4,3912,55.7716,4.043584,1.201477,185.8573,355.4524,350.3873,359.1794,0,0,0,4.040529,1.207866,185.8699,-0.403985,-0.088207,0.910503,-1.491334,0.000031,198.3376,Road,0,0,0.5,0.5,0.5,0.5,0.994188,0.963654,Valid,#NAME?
06:56.4,3913,55.7823,4.04257,1.201493,185.857,355.4408,350.1313,359.2966,0,0,0,4.039449,1.207883,185.8695,-0.407727,-0.088514,0.908804,-1.524368,0.000031,198.271,Road,0,0,0.5,0.5,0.5,0.5,0.99535,0.970924,Valid,#NAME?
06:56.4,3914,55.7932,4.041703,1.201437,185.8566,355.3888,349.9136,359.3846,0,0,0,4.038527,1.207837,185.8692,-0.411163,-0.084684,0.90762,-1.825684,0.000032,198.8141,Road,0,0,0.5,0.5,0.5,0.5,0.99535,0.970924,Valid,#NAME?
06:56.4,3915,55.8045,4.040735,1.201392,185.8564,355.3449,349.6815,359.4719,0,0,0,4.037501,1.207801,185.8689,-0.402094,-0.085621,0.911586,-1.634428,0.000032,198.7277,Road,0,0,0.5,0.5,0.5,0.5,0.997024,0.981391,Valid,#NAME?
06:56.4,3916,55.8153,4.040145,1.201322,185.8561,355.3336,349.5235,359.5337,0,0,0,4.036872,1.207732,185.8686,-0.402053,-0.084134,0.911743,-1.734415,0.000032,198.9563,Road,0,0,0.5,0.5,0.5,0.5,0.998096,0.98809,Valid,#NAME?
06:56.4,3917,55.8264,4.039322,1.201271,185.8558,355.3294,349.3186,359.6191,0,0,0,4.035995,1.20768,185.8682,-0.405078,-0.084402,0.910378,-1.759958,0.000032,198.8942,Road,0,0,0.5,0.5,0.5,0.5,0.998096,0.98809,Valid,#NAME?
06:56.5,3918,55.838,4.038228,1.201282,185.8554,355.3214,349.0643,359.7287,0,0,0,4.034837,1.207691,185.8679,-0.404016,-0.084354,0.910854,-1.74931,0.000032,198.9082,Road,0,0,0.5,0.5,0.5,0.5,0.998096,0.98809,Valid,#NAME?
06:56.5,3919,55.8548,4.037559,1.201217,185.8551,355.3034,348.8928,359.7899,0,0,0,4.034124,1.207629,185.8675,-0.405253,-0.084061,0.910332,-1.787595,0.000032,198.945,Road,0,0,0.5,0.5,0.5,0.5,0.99922,0.995122,Valid,#NAME?
06:56.5,3920,55.8619,4.03684,1.201175,185.8547,355.2914,348.7343,359.8375,0,0,0,4.033368,1.20759,185.8671,-0.403943,-0.083921,0.910927,-1.779054,0.000032,198.9746,Road,0,0,0.5,0.5,0.5,0.5,0.99922,0.995122,Valid,#NAME?
06:56.5,3921,55.8725,4.036059,1.201225,185.8544,355.2729,348.5912,359.8777,0,0,0,4.032553,1.207643,185.8668,-0.406111,-0.083759,0.909977,-1.822612,0.000032,198.9866,Road,0,0,0.5,0.5,0.5,0.5,0.999601,0.997502,Valid,#NAME?
06:56.5,3922,55.8822,4.035429,1.201273,185.8541,355.2734,348.4605,359.9203,0,0,0,4.03189,1.207691,185.8665,-0.406847,-0.084125,0.909615,-1.80865,0.000032,198.9246,Road,0,0,0.5,0.5,0.5,0.5,0.999601,0.997502,Valid,#NAME?
06:56.5,3923,55.8931,4.034789,1.201341,185.8537,355.2642,348.3158,359.9744,0,0,0,4.031214,1.207759,185.8661,-0.403757,-0.084961,0.910913,-1.708252,0.000032,198.8149,Road,0,0,0.5,0.5,0.5,0.5,0.999601,0.997502,Valid,#NAME?
06:56.5,3924,55.9048,4.034147,1.201526,185.8535,355.2361,348.1762,0.032809,0,0,0,4.030538,1.20795,185.8659,-0.405822,-0.084697,0.910019,-1.757133,0.000032,198.8442,Road,0,0,0.5,0.5,0.5,0.5,0.999836,0.998977,Valid,#NAME?
06:56.5,3925,55.9154,4.033641,1.201636,185.8532,355.2211,348.0305,0.126985,0,0,0,4.029991,1.208061,185.8656,-0.404811,-0.085054,0.910436,-1.719559,0.000032,198.7965,Road,0,0,0.5,0.5,0.5,0.5,0.999836,0.998977,Valid,#NAME?
06:56.5,3926,55.9263,4.033094,1.201733,185.8528,355.2032,347.8752,0.204466,0,0,0,4.029405,1.208161,185.8651,-0.405673,-0.085028,0.910055,-1.734663,0.000032,198.7958,Road,0,0,0.5,0.5,0.5,0.5,0.999836,0.998977,Valid,#NAME?
06:56.6,3927,55.9375,4.032565,1.201789,185.8524,355.1746,347.718,0.274289,0,0,0,4.028835,1.208222,185.8647,-0.407984,-0.084791,0.909043,-1.784577,0.000032,198.8178,Road,0,0,0.5,0.5,0.5,0.5,0.999916,0.999476,Valid,#NAME?
06:56.6,3928,55.9487,4.03204,1.201956,185.8521,355.1685,347.5739,0.323881,0,0,0,4.028275,1.20839,185.8644,-0.406572,-0.085498,0.90961,-1.717894,0.000032,198.7201,Road,0,0,0.5,0.5,0.5,0.5,0.999916,0.999476,Valid,#NAME?
06:56.6,3929,55.9601,4.031567,1.202044,185.8517,355.1768,347.417,0.365447,0,0,0,4.027764,1.208475,185.864,-0.406806,-0.086343,0.909425,-1.665823,0.000032,198.5922,Road,0,0,0.5,0.5,0.5,0.5,0.999933,0.999581,Valid,#NAME?
06:56.6,3930,55.971,4.031092,1.202159,185.8513,355.1756,347.264,0.410552,0,0,0,4.027251,1.20859,185.8636,-0.40503,-0.086872,0.910167,-1.607479,0.000032,198.5258,Road,0,0,0.5,0.5,0.5,0.5,0.999933,0.999581,Valid,#NAME?
06:56.6,3931,55.982,4.030695,1.202216,185.8509,355.1952,347.1029,0.451442,0,0,0,4.026816,1.208642,185.8632,-0.407466,-0.087344,0.909034,-1.611415,0.000031,198.4418,Road,0,0,0.5,0.5,0.5,0.5,0.999933,0.999581,Valid,#NAME?
06:56.6,3932,55.9931,4.030299,1.202244,185.8504,355.191,346.9589,0.442526,0,0,0,4.026391,1.20867,185.8628,-0.406852,-0.100297,0.907971,-0.87642,0.000031,196.8044,Road,0,0,0.5,0.5,0.5,0.5,0.999973,0.999828,Valid,#NAME?
06:56.6,3933,56.0126,4.029896,1.202417,185.8501,355.1922,346.8341,0.434251,0,0,0,4.025961,1.208844,185.8624,-0.409738,-0.102615,0.906413,-0.800775,0.000031,196.54,Road,0,0,0.5,0.5,0.5,0.5,0.999973,0.999828,Valid,#NAME?
06:56.6,3934,56.0202,4.029589,1.202558,185.8497,355.1761,346.7431,0.430302,0,0,0,4.025636,1.208988,185.862,-0.425906,-0.119178,0.896884,-0.29481,0.000031,194.9601,Road,0,0,0.5,0.5,0.5,0.5,0.999989,0.99993,Valid,#NAME?
06:56.6,3935,56.0274,4.029308,1.202748,185.8492,355.1654,346.6546,0.434367,0,0,0,4.025336,1.20918,185.8615,-0.427282,-0.119012,0.896251,-0.315817,0.000031,194.9674,Road,0,0,0.5,0.5,0.5,0.5,0.999989,0.99993,Valid,#NAME?
06:56.7,3936,56.0376,4.029076,1.203094,185.8489,355.1511,346.573,0.458786,0,0,0,4.025084,1.209529,185.8611,-0.436065,-0.138184,0.889243,0.208282,0.000031,193.6445,Road,0,0,0.5,0.5,0.5,0.5,0.999993,0.999955,Valid,#NAME?
06:56.7,3937,56.0491,4.028905,1.203292,185.8484,355.1363,346.5023,0.513296,0,0,0,4.024894,1.209729,185.8606,-0.433857,-0.155756,0.887417,0.655286,0.00003,192.7529,Road,0,0,0.5,0.5,0.5,0.5,0.999993,0.999955,Valid,#NAME?
06:56.7,3938,56.0599,4.028788,1.203417,185.8478,355.1578,346.4199,0.59816,0,0,0,4.02475,1.209848,185.8601,-0.434784,-0.156435,0.886843,0.662262,0.00003,192.7186,Road,0,0,0.5,0.5,0.5,0.5,0.999997,0.999982,Valid,#NAME?
06:56.7,3939,56.0709,4.028673,1.203556,185.8473,355.1874,346.3379,0.662483,0,0,0,4.024611,1.20998,185.8596,-0.413918,-0.173546,0.893618,1.13881,0.00003,192.0898,Road,0,0,0.5,0.5,0.5,0.5,0.999997,0.999982,Valid,#NAME?
06:56.7,3940,56.0821,4.028626,1.203613,185.8467,355.2596,346.2749,0.719299,0,0,0,4.024544,1.210019,185.8589,-0.417355,-0.185203,0.889671,1.29783,0.00003,191.6714,Road,0,0,0.5,0.5,0.5,0.5,0.999998,0.999988,Valid,#NAME?
06:56.7,3941,56.0932,4.028626,1.203742,185.846,355.3488,346.2052,0.76839,0,0,0,4.024523,1.210127,185.8583,-0.411233,-0.18441,0.892682,1.326013,0.00003,191.716,Road,0,0,0.5,0.5,0.5,0.5,0.999999,0.999991,Valid,#NAME?
06:56.7,3942,56.1067,4.028712,1.204161,185.8455,355.4734,346.1366,0.821486,0,0,0,4.024586,1.210516,185.8577,-0.411973,-0.18668,0.891868,1.353232,0.00003,191.6409,Road,0,0,0.5,0.5,0.5,0.5,0.999999,0.999991,Valid,#NAME?
06:56.7,3943,56.1161,4.028753,1.20435,185.8447,355.6059,346.0851,0.886423,0,0,0,4.024607,1.210675,185.857,-0.410073,-0.200193,0.889811,1.544736,0.00003,191.238,Road,0,0,0.5,0.5,0.5,0.5,0.999999,0.999991,Valid,#NAME?
06:56.7,3944,56.1267,4.028911,1.204566,185.8439,355.7943,346.029,0.96056,0,0,0,4.02474,1.210847,185.8562,-0.406371,-0.207995,0.889719,1.659103,0.00003,191.0355,Road,0,0,0.5,0.5,0.5,0.5,0.999999,0.999996,Valid,#NAME?
06:56.8,3945,56.1378,4.029139,1.204824,185.8431,356.0093,345.98,1.057022,0,0,0,4.024943,1.211054,185.8554,-0.406492,-0.211903,0.888741,1.701846,0.00003,190.9345,Road,0,0,0.5,0.5,0.5,0.5,1,0.999998,Valid,#NAME?
06:56.8,3946,56.1488,4.029368,1.204729,185.8421,356.2573,345.909,1.20531,0,0,0,4.025138,1.2109,185.8544,-0.405639,-0.216741,0.887964,1.758944,0.00003,190.8152,Road,0,0,0.5,0.5,0.5,0.5,1,0.999998,Valid,#NAME?
06:56.8,3947,56.1673,4.029498,1.204768,185.8415,356.4448,345.8569,1.241475,0,0,0,4.025248,1.210896,185.8538,-0.404963,-0.221163,0.887182,1.808074,0.00003,190.7112,Road,0,0,0.5,0.5,0.5,0.5,1,0.999998,Valid,#NAME?
06:56.8,3948,56.1747,4.02977,1.204741,185.8404,356.7434,345.7799,1.349813,0,0,0,4.025485,1.2108,185.8528,-0.403969,-0.228147,0.885866,1.881629,0.00003,190.5541,Road,0,0,0.5,0.5,0.5,0.5,1,0.999999,Valid,#NAME?
06:56.8,3949,56.1819,4.030041,1.204825,185.8395,357.0629,345.6933,1.473794,0,0,0,4.025718,1.210808,185.8519,-0.404402,-0.23386,0.884177,1.931984,0.00003,190.4296,Road,0,0,0.5,0.5,0.5,0.5,1,0.999999,Valid,#NAME?
06:56.8,3950,56.1931,4.03031,1.204804,185.8384,357.3934,345.6063,1.583559,0,0,0,4.025949,1.21071,185.8508,-0.420654,-0.227209,0.878309,1.7845,0.00003,190.5309,Road,0,0,0.5,0.5,0.5,0.5,1,0.999999,Valid,#NAME?
06:56.8,3951,56.2046,4.030587,1.20476,185.8374,357.7415,345.5145,1.751804,0,0,0,4.026184,1.210582,185.8498,-0.470529,-0.185618,0.86264,0.957524,0.00003,191.4757,Road,0,0,0.5,0.5,0.5,0.5,1,0.999999,Valid,#NAME?
06:56.8,3952,56.2158,4.030839,1.204662,185.8362,358.1188,345.4107,1.871805,0,0,0,4.026393,1.210395,185.8487,-0.47133,-0.192392,0.860717,1.061179,0.00003,191.2636,Road,0,0,0.5,0.5,0.5,0.5,1,0.999999,Valid,#NAME?
06:56.9,3953,56.2267,4.031023,1.204546,185.8351,358.4901,345.3126,2.042037,0,0,0,4.02653,1.210191,185.8475,-0.522884,-0.123153,0.843461,-1.111601,0.000031,194.1358,Road,0,0,0.5,0.5,0.5,0.5,1,0.999999,Valid,#NAME?
06:56.9,3954,56.2377,4.031158,1.204468,185.834,358.8704,345.1921,2.197453,0,0,0,4.026616,1.210021,185.8465,-0.578484,-0.018548,0.815483,-5.855827,0.893166,199.7777,Arch,0,0,0.5,0.5,0.5,0.5,0.898173,0.512,Valid,#NAME?
06:56.9,3955,56.2488,4.031218,1.204299,185.8327,359.2961,345.0385,2.28458,0,0,0,4.026624,1.209752,185.8453,-0.580573,-0.026037,0.813792,-5.89013,0.765023,199.7456,Arch,0,0,0.5,0.5,0.5,0.5,0.786577,0.32768,Valid,#NAME?
06:56.9,3956,56.26,4.031164,1.204062,185.8315,359.6815,344.8919,2.409279,0,0,0,4.026517,1.209423,185.8441,-0.608054,0.047189,0.792492,-5.571766,1.954314,198.3538,Arch,0,0,0.5,0.5,0.5,0.5,0.786577,0.32768,Valid,#NAME?
06:56.9,3957,56.271,4.031138,1.203817,185.8304,0.057184,344.7396,2.516936,0,0,0,4.026439,1.209088,185.843,-0.618415,0.10706,0.778525,-5.337314,2.830144,197.6311,Arch,0,0,0.5,0.5,0.5,0.5,0.786577,0.32768,Valid,#NAME?
06:56.9,3958,56.2823,4.03099,1.203311,185.8291,0.461543,344.5577,2.689959,0,0,0,4.026226,1.208484,185.8417,-0.604219,0.085589,0.792208,-5.413473,2.545641,198.2184,Arch,0,0,0.5,0.5,0.5,0.5,0.639394,0.134218,Valid,#NAME?
06:56.9,3959,56.2931,4.030809,1.202693,185.8279,0.825683,344.3497,2.885256,0,0,0,4.025974,1.207776,185.8405,-0.607532,0.078445,0.790412,-5.444272,2.430587,198.1614,Arch,0,0,0.5,0.5,0.5,0.5,0.639394,0.134218,Valid,#NAME?
06:56.9,3960,56.3055,4.030597,1.202174,185.8268,1.250651,344.0829,3.154536,0,0,0,4.025669,1.207151,185.8394,-0.610363,0.05767,0.79002,-5.530084,2.110025,198.2078,Arch,0,0,0.5,0.5,0.5,0.5,0.639394,0.134218,Valid,#NAME?
06:56.9,3961,56.3223,4.030249,1.201776,185.8258,1.577599,343.8137,3.307427,0,0,0,4.025239,1.206673,185.8384,-0.614356,0.046273,0.787671,-5.578275,1.93,198.1512,Arch,0,0,0.5,0.5,0.5,0.5,0.403415,0,Valid,#NAME?
06:57.0,3962,56.33,4.029735,1.201208,185.8244,2.078043,343.3958,3.55553,0,0,0,4.0246,1.205982,185.837,-0.620404,0.02795,0.783784,-5.655349,1.642079,198.0661,Arch,0,0,0.5,0.5,0.5,0.5,0.258186,0,Valid,#NAME?
06:57.0,3963,56.3376,4.029074,1.200469,185.8225,2.750445,342.8302,3.90573,0,0,0,4.023768,1.205075,185.8351,-0.628509,0.01479,0.777662,-5.71101,1.43415,197.88,Arch,0,0,0.5,0.5,0.5,0.5,0.258186,0,Valid,#NAME?
06:57.0,3964,56.3488,4.028568,1.199856,185.8209,3.342281,342.3102,4.137077,0,0,0,4.023115,1.204315,185.8335,-0.635591,-0.003149,0.772019,-5.785543,1.155719,197.7475,Arch,0,0,0.5,0.5,0.5,0.5,0.258186,0,Valid,#NAME?
06:57.0,3965,56.3599,4.028015,1.199082,185.8191,3.934788,341.8115,4.347146,0,0,0,4.02242,1.203396,185.8317,-0.642218,-0.019573,0.766273,-5.853353,0.902409,197.6151,Arch,0,0,0.5,0.5,0.5,0.5,0.132191,0,Valid,#NAME?
06:57.0,3966,56.371,4.027542,1.198334,185.8175,4.406305,341.3458,4.549376,0,0,0,4.021816,1.20253,185.8301,-0.648477,-0.028519,0.7607,-5.889696,0.766641,197.4568,Arch,0,0,0.5,0.5,0.5,0.5,0.105753,0,Valid,#NAME?
06:57.0,3967,56.382,4.027116,1.19778,185.816,4.853658,340.7687,4.726214,0,0,0,4.021237,1.201863,185.8286,-0.656114,-0.036906,0.753759,-5.922925,0.64251,197.2527,Arch,0,0,0.5,0.5,0.5,0.5,0.105753,0,Valid,#NAME?
06:57.0,3968,56.3961,4.026467,1.196997,185.8142,5.346763,340.0422,4.966027,0,0,0,4.026467,1.196997,185.8142,-0.339843,-0.093183,0.935855,-0.338913,0.000031,197.8355,Road,0,0,0.5,0.5,0.5,0.5,0.105753,0,Invalid,#NAME?
06:57.0,3969,56.4069,4.026052,1.196386,185.8126,5.864417,339.4353,5.10474,0,0,0,4.026052,1.196386,185.8126,-0.349426,-0.102175,0.931376,-0.065349,0.000031,196.718,Road,0,0,0.5,0.5,0.5,0.5,0,0,Invalid,#NAME?
06:57.0,3970,56.4178,4.025625,1.195683,185.8107,6.462021,338.7957,5.16903,0,0,0,4.025625,1.195683,185.8107,-0.359398,-0.112545,0.926373,0.207454,0.000031,195.6523,Road,0,0,0.5,0.5,0.5,0.5,0,0,Invalid,#NAME?
06:57.1,3971,56.4292,4.025002,1.194363,185.8074,7.56149,337.8429,5.237934,0,0,0,4.025002,1.194363,185.8074,-0.373868,-0.13159,0.918099,0.631715,0.000031,194.1402,Road,0,0,0.5,0.5,0.5,0.5,0,0,Invalid,#NAME?
06:57.1,3972,56.4403,4.024854,1.193192,185.8046,8.43893,337.1255,5.131255,0,0,0,4.024854,1.193192,185.8046,-0.384505,-0.146755,0.911383,0.898718,0.000031,193.2144,Road,0,0,0.5,0.5,0.5,0.5,0,0,Invalid,#NAME?
06:57.1,3973,56.4512,4.02459,1.192075,185.8021,9.150486,336.4826,4.992389,0,0,0,4.02459,1.192075,185.8021,-0.39395,-0.159028,0.90527,1.071615,0.00003,192.5879,Road,0,0,0.5,0.5,0.5,0.5,0,0,Invalid,#NAME?
06:57.1,3974,56.4625,4.024342,1.190999,185.7996,9.823636,335.8308,4.82122,0,0,0,4.024342,1.190999,185.7996,-0.40343,-0.170616,0.898963,1.208239,0.00003,192.0747,Road,0,0,0.5,0.5,0.5,0.5,0,0,Invalid,#NAME?
06:57.1,3975,56.4793,4.024243,1.190065,185.7969,10.4433,335.1558,4.618079,0,0,0,4.024243,1.190065,185.7969,-0.413193,-0.181262,0.892421,1.311521,0.00003,191.6559,Road,0,0,0.5,0.5,0.5,0.5,0,0,Invalid,#NAME?
06:57.1,3976,56.4873,4.023975,1.189221,185.7947,10.93376,334.5575,4.45022,0,0,0,4.023975,1.189221,185.7947,-0.421807,-0.189674,0.886625,1.37939,0.00003,191.3535,Road,0,0,0.5,0.5,0.5,0.5,0,0,Invalid,#NAME?
06:57.1,3977,56.4957,4.023729,1.188428,185.7924,11.39366,333.9927,4.232646,0,0,0,4.023729,1.188428,185.7924,-0.429844,-0.197549,0.881027,1.437912,0.00003,191.0924,Road,0,0,0.5,0.5,0.5,0.5,0,0,Invalid,#NAME?
06:57.1,3978,56.507,4.023739,1.18769,185.7901,11.83479,333.451,3.964879,0,0,0,4.023739,1.18769,185.7901,-0.437462,-0.20509,0.875537,1.490433,0.00003,190.8602,Road,0,0,0.5,0.5,0.5,0.5,0,0,Invalid,#NAME?
06:57.1,3979,56.5183,4.023602,1.186932,185.7879,12.31684,332.9826,3.708204,0,0,0,4.023602,1.186932,185.7879,-0.443805,-0.213318,0.870363,1.554262,0.00003,190.6306,Road,0,0,0.5,0.5,0.5,0.5,0,0,Invalid,#NAME?
06:57.2,3980,56.5293,4.023549,1.186012,185.7852,12.94449,332.4718,3.278904,0,0,0,4.023549,1.186012,185.7852,-0.45044,-0.224007,0.864248,1.638736,0.00003,190.3609,Road,0,0,0.5,0.5,0.5,0.5,0,0,Invalid,#NAME?
06:57.2,3981,56.5403,4.023793,1.185309,185.783,13.46988,332.1439,2.843822,0,0,0,4.023793,1.185309,185.783,-0.454399,-0.232934,0.859804,1.711595,0.00003,190.1581,Road,0,0,0.5,0.5,0.5,0.5,0,0,Invalid,#NAME?
06:57.2,3982,56.5515,4.023955,1.184399,185.7806,13.98711,331.8135,2.36778,0,0,0,4.023955,1.184399,185.7806,-0.458338,-0.241704,0.855281,1.778059,0.00003,189.9716,Road,0,0,0.5,0.5,0.5,0.5,0,0,Invalid,#NAME?
06:57.2,3983,56.5626,4.024219,1.183437,185.7783,14.50372,331.5213,1.908524,0,0,0,4.024219,1.183437,185.7783,-0.461636,-0.250443,0.850982,1.84287,0.00003,189.7994,Road,0,0,0.5,0.5,0.5,0.5,0,0,Invalid,#NAME?
06:57.2,3984,56.5737,4.024731,1.182793,185.7764,14.90887,331.3677,1.591725,0,0,0,4.024731,1.182793,185.7764,-0.463055,-0.257282,0.848166,1.896003,0.00003,189.6756,Road,0,0,0.5,0.5,0.5,0.5,0,0,Invalid,#NAME?
06:57.2,3985,56.5846,4.025111,1.181924,185.7747,15.28139,331.2885,1.323219,0,0,0,4.025111,1.181924,185.7747,-0.463414,-0.26356,0.84604,1.946999,0.00003,189.5686,Road,0,0,0.5,0.5,0.5,0.5,0,0,Invalid,#NAME?
06:57.2,3986,56.5957,4.025494,1.180957,185.7729,15.68647,331.2245,1.069674,0,0,0,4.025494,1.180957,185.7729,-0.463451,-0.270373,0.843867,2.001246,0.00003,189.4587,Road,0,0,0.5,0.5,0.5,0.5,0,0,Invalid,#NAME?
06:57.2,3987,56.6068,4.026072,1.18003,185.7714,16.06028,331.2206,0.864832,0,0,0,4.026072,1.18003,185.7714,-0.462649,-0.276649,0.842272,2.052716,0.00003,189.364,Road,0,0,0.5,0.5,0.5,0.5,0,0,Invalid,#NAME?
06:57.2,3988,56.6184,4.026529,1.178917,185.77,16.4874,331.1878,0.64378,0,0,0,4.026529,1.178917,185.77,-0.462124,-0.283804,0.840177,2.106925,0.00003,189.26,Road,0,0,0.5,0.5,0.5,0.5,0,0,Invalid,#NAME?
06:57.3,3989,56.6358,4.026977,1.177828,185.7685,16.97833,331.1349,0.357721,0,0,0,4.026977,1.177828,185.7685,-0.461708,-0.29201,0.837589,2.164714,0.00003,189.1469,Road,0,0,0.5,0.5,0.5,0.5,0,0,Invalid,#NAME?
06:57.3,3990,56.6433,4.027573,1.176794,185.7672,17.5179,331.111,0.052538,0,0,0,4.027573,1.176794,185.7672,-0.46071,-0.301004,0.834951,2.226443,0.00003,189.0314,Road,0,0,0.5,0.5,0.5,0.5,0,0,Invalid,#NAME?
06:57.3,3991,56.6513,4.028089,1.175574,185.7659,18.1053,331.1381,359.6902,0,0,0,4.028089,1.175574,185.7659,-0.4588,-0.310764,0.832423,2.292562,0.00003,188.9147,Road,0,0,0.5,0.5,0.5,0.5,0,0,Invalid,#NAME?
06:57.3,3992,56.6624,4.028667,1.17417,185.7645,18.74525,331.2422,359.3073,0,0,0,4.028667,1.17417,185.7645,-0.455589,-0.321361,0.83016,2.364104,0.00003,188.7976,Road,0,0,0.5,0.5,0.5,0.5,0,0,Invalid,#NAME?
06:57.3,3993,56.6735,4.029339,1.172971,185.7636,19.31281,331.452,358.9679,0,0,0,4.029339,1.172971,185.7636,-0.451003,-0.330725,0.828986,2.429825,0.00003,188.7036,Road,0,0,0.5,0.5,0.5,0.5,0,0,Invalid,#NAME?
06:57.3,3994,56.6847,4.030068,1.171605,185.7625,19.89947,331.779,358.5492,0,0,0,4.030068,1.171605,185.7625,-0.444639,-0.340371,0.828519,2.499595,0.00003,188.6143,Road,0,0,0.5,0.5,0.5,0.5,0,0,Invalid,#NAME?
06:57.3,3995,56.6966,4.030777,1.170402,185.7614,20.40857,332.071,358.1375,0,0,0,4.030777,1.170402,185.7614,-0.438976,-0.348712,0.82807,2.557454,0.00003,188.5406,Road,0,0,0.5,0.5,0.5,0.5,0,0,Invalid,#NAME?
06:57.3,3996,56.7071,4.031368,1.169319,185.7603,20.95601,332.2663,357.9,0,0,0,4.031368,1.169319,185.7603,-0.434581,-0.357651,0.826574,2.610565,0.00003,188.4627,Road,0,0,0.5,0.5,0.5,0.5,0,0,Invalid,#NAME?
06:57.3,3997,56.7183,4.031951,1.168843,185.7599,21.11739,332.3929,357.5602,0,0,0,4.031951,1.168843,185.7599,-0.432286,-0.36028,0.826636,2.629537,0.00003,188.4416,Road,0,0,0.5,0.5,0.5,0.5,0,0,Invalid,#NAME?
06:57.4,3998,56.729,4.032459,1.167805,185.759,21.42433,332.5261,357.3574,0,0,0,4.032459,1.167805,185.759,-0.429467,-0.365272,0.825914,2.659453,0.00003,188.3995,Road,0,0,0.5,0.5,0.5,0.5,0,0,Invalid,#NAME?
06:57.4,3999,56.7402,4.033014,1.166824,185.7582,21.81368,332.7638,357.3876,0,0,0,4.033014,1.166824,185.7582,-0.42489,-0.37159,0.825463,2.698854,0.00003,188.3502,Road,0,0,0.5,0.5,0.5,0.5,0,0,Invalid,#NAME?
06:57.4,4000,56.7515,4.033534,1.166111,185.7576,22.07955,332.9063,356.9394,0,0,0,4.033534,1.166111,185.7576,-0.422046,-0.375893,0.824974,2.724279,0.00003,188.3167,Road,0,0,0.5,0.5,0.5,0.5,0,0,Invalid,#NAME?
06:57.4,4001,56.7625,4.034029,1.165346,185.7572,22.22405,333.0261,356.5686,0,0,0,4.034029,1.165346,185.7572,-0.419889,-0.378229,0.825006,2.740358,0.00003,188.299,Road,0,0,0.5,0.5,0.5,0.5,0,0,Invalid,#NAME?
06:57.4,4002,56.7737,4.034768,1.164573,185.7566,22.40005,333.2951,356.3962,0,0,0,4.034768,1.164573,185.7566,-0.415487,-0.381071,0.825927,2.765051,0.00003,188.2806,Road,0,0,0.5,0.5,0.5,0.5,0,0,Invalid,#NAME?
06:57.4,4003,56.7908,4.035478,1.163906,185.7565,22.66507,333.6234,356.3717,0,0,0,4.035478,1.163906,185.7565,-0.40996,-0.385344,0.826706,2.797251,0.00003,188.2535,Road,0,0,0.5,0.5,0.5,0.5,0,0,Invalid,#NAME?
06:57.4,4004,56.798,4.036023,1.163053,185.7564,22.93814,333.9964,356.1442,0,0,0,4.036023,1.163053,185.7564,-0.40376,-0.389737,0.827698,2.831155,0.00003,188.2263,Road,0,0,0.5,0.5,0.5,0.5,0,0,Invalid,#NAME?
06:57.4,4005,56.8069,4.036853,1.162439,185.7561,23.17489,334.2718,355.8885,0,0,0,4.036853,1.162439,185.7561,-0.399074,-0.393539,0.828171,2.858094,0.00003,188.2023,Road,0,0,0.5,0.5,0.5,0.5,0,0,Invalid,#NAME?
06:57.4,4006,56.8179,4.037874,1.161501,185.7562,23.56942,334.5609,355.617,0,0,0,4.037874,1.161501,185.7562,-0.393717,-0.39986,0.827707,2.894245,0.00003,188.1604,Road,0,0,0.5,0.5,0.5,0.5,0,0,Invalid,#NAME?
06:57.5,4007,56.8293,4.038602,1.160495,185.7561,23.8753,334.8803,355.566,0,0,0,4.038602,1.160495,185.7561,-0.388185,-0.404748,0.827945,2.925624,0.00003,188.1299,Road,0,0,0.5,0.5,0.5,0.5,0,0,Invalid,#NAME?
06:57.5,4008,56.8404,4.039762,1.159636,185.756,24.2698,335.0501,355.2636,0,0,0,4.039762,1.159636,185.756,-0.384545,-0.411034,0.826545,2.954885,0.00003,188.0878,Road,0,0,0.5,0.5,0.5,0.5,0,0,Invalid,#NAME?
06:57.5,4009,56.8513,4.040759,1.158609,185.7558,24.63599,335.2599,355.103,0,0,0,4.040759,1.158609,185.7558,-0.380408,-0.416852,0.825545,2.983469,0.00003,188.0503,Road,0,0,0.5,0.5,0.5,0.5,0,0,Invalid,#NAME?
06:57.5,4010,56.8626,4.041887,1.157433,185.7557,25.10705,335.4957,355.0164,0,0,0,4.041887,1.157433,185.7557,-0.375574,-0.424311,0.823957,3.017426,0.00003,188.0032,Road,0,0,0.5,0.5,0.5,0.5,0,0,Invalid,#NAME?
06:57.5,4011,56.8737,4.042676,1.156836,185.7556,25.36889,335.5825,354.7727,0,0,0,4.042676,1.156836,185.7556,-0.373519,-0.428445,0.822751,3.03417,0.00003,187.9771,Road,0,0,0.5,0.5,0.5,0.5,0,0,Invalid,#NAME?
06:57.5,4012,56.8846,4.043989,1.155495,185.7556,25.87625,335.7711,354.51,0,0,0,4.043989,1.155495,185.7556,-0.369238,-0.436429,0.820484,3.066414,0.00003,187.9279,Road,0,0,0.5,0.5,0.5,0.5,0,0,Invalid,#NAME?
06:57.5,4013,56.8959,4.045183,1.154266,185.7558,26.30109,335.9297,354.1851,0,0,0,4.045183,1.154266,185.7558,-0.365636,-0.443088,0.818525,3.092708,0.00003,187.888,Road,0,0,0.5,0.5,0.5,0.5,0,0,Invalid,#NAME?
06:57.5,4014,56.9075,4.046385,1.153621,185.7559,26.59656,336.053,353.8998,0,0,0,4.046385,1.153621,185.7559,-0.36294,-0.447705,0.817211,3.111205,0.00003,187.8616,Road,0,0,0.5,0.5,0.5,0.5,0,0,Invalid,#NAME?
06:57.5,4015,56.9181,4.047634,1.152899,185.7561,26.87134,336.2238,353.5722,0,0,0,4.047634,1.152899,185.7561,-0.359633,-0.451989,0.816315,3.130333,0.00003,187.8383,Road,0,0,0.5,0.5,0.5,0.5,0,0,Invalid,#NAME?
06:57.6,4016,56.9292,4.049117,1.152172,185.7563,27.13722,336.4514,353.2392,0,0,0,4.049117,1.152172,185.7563,-0.355545,-0.456123,0.815806,3.15103,0.00003,187.817,Road,0,0,0.5,0.5,0.5,0.5,0,0,Invalid,#NAME?
06:57.6,4017,56.9462,4.050567,1.151718,185.7564,27.32072,336.6791,352.9222,0,0,0,4.050567,1.151718,185.7564,-0.351721,-0.458971,0.815867,3.167999,0.00003,187.8036,Road,0,0,0.5,0.5,0.5,0.5,0,0,Invalid,#NAME?
06:57.6,4018,56.9538,4.052157,1.151167,185.7564,27.49826,336.9586,352.6064,0,0,0,4.052157,1.151167,185.7564,-0.347179,-0.461722,0.81626,3.186591,0.00003,187.7914,Road,0,0,0.5,0.5,0.5,0.5,0,0,Invalid,#NAME?
06:57.6,4019,56.9625,4.053951,1.150755,185.7562,27.62119,337.2798,352.2463,0,0,0,4.053951,1.150755,185.7562,-0.342214,-0.463624,0.817278,3.204567,0.00003,187.7847,Road,0,0,0.5,0.5,0.5,0.5,0,0,Invalid,#NAME?
06:57.6,4020,56.9736,4.055359,1.150403,185.7563,27.70095,337.4512,351.9523,0,0,0,4.055359,1.150403,185.7563,-0.33952,-0.464857,0.817701,3.215155,0.00003,187.7799,Road,0,0,0.5,0.5,0.5,0.5,0,0,Invalid,#NAME?
06:57.6,4021,56.9846,4.056971,1.150536,185.7567,27.70224,337.732,351.7037,0,0,0,4.056971,1.150536,185.7567,-0.335503,-0.464877,0.819346,3.226646,0.00003,187.7845,Road,0,0,0.5,0.5,0.5,0.5,0,0,Invalid,#NAME?
06:57.6,4022,56.9958,4.058332,1.150233,185.7569,27.74155,338.0662,351.5143,0,0,0,4.058332,1.150233,185.7569,-0.3306,-0.465484,0.820992,3.241426,0.00003,187.7855,Road,0,0,0.5,0.5,0.5,0.5,0,0,Invalid,#NAME?
06:57.6,4023,57.007,4.059969,1.150256,185.7571,27.62272,338.2675,351.0905,0,0,0,4.059969,1.150256,185.7571,-0.328071,-0.463648,0.823044,3.246084,0.00003,187.7989,Road,0,0,0.5,0.5,0.5,0.5,0,0,Invalid,#NAME?
06:57.6,4024,57.018,4.061266,1.149998,185.7572,27.64273,338.6423,350.9194,0,0,0,4.061266,1.149998,185.7572,-0.32262,-0.463957,0.825022,3.261618,0.00003,187.8021,Road,0,0,0.5,0.5,0.5,0.5,0,0,Invalid,#NAME?
06:57.7,4025,57.0292,4.062402,1.149764,185.7572,27.64246,338.9511,350.6712,0,0,0,4.062402,1.149764,185.7572,-0.31817,-0.463953,0.82675,3.273935,0.00003,187.806,Road,0,0,0.5,0.5,0.5,0.5,0,0,Invalid,#NAME?
06:57.7,4026,57.0406,4.063537,1.149589,185.7571,27.66509,339.2235,350.4177,0,0,0,4.063537,1.149589,185.7571,-0.31417,-0.464303,0.828082,3.285688,0.00003,187.8074,Road,0,0,0.5,0.5,0.5,0.5,0,0,Invalid,#NAME?
06:57.7,4027,57.0515,4.064562,1.149581,185.7571,27.65785,339.4617,350.2112,0,0,0,4.064562,1.149581,185.7571,-0.310746,-0.464191,0.829436,3.295009,0.00003,187.8111,Road,0,0,0.5,0.5,0.5,0.5,0,0,Invalid,#NAME?
06:57.7,4028,57.0624,4.065314,1.14937,185.757,27.66741,339.6875,350.046,0,0,0,4.065314,1.14937,185.757,-0.307448,-0.464338,0.830582,3.304312,0.00003,187.8129,Road,0,0,0.5,0.5,0.5,0.5,0,0,Invalid,#NAME?
06:57.7,4029,57.0738,4.066016,1.149229,185.7569,27.70449,339.8638,349.9009,0,0,0,4.066016,1.149229,185.7569,-0.304787,-0.464912,0.831242,3.312624,0.00003,187.8116,Road,0,0,0.5,0.5,0.5,0.5,0.190453,0,Invalid,#NAME?
06:57.7,4030,57.0847,4.066612,1.148891,185.7566,27.77103,340.0337,349.7772,0,0,0,4.066612,1.148891,185.7566,-0.302136,-0.465939,0.831634,3.321639,0.00003,187.8072,Road,0,0,0.5,0.5,0.5,0.5,0.190453,0,Invalid,#NAME?
06:57.7,4031,57.102,4.067038,1.14848,185.7563,27.87409,340.1786,349.6839,0,0,0,4.062155,1.147029,185.7697,-0.469707,-0.53762,0.700243,3.060044,0.000029,187.2637,Road,0,0,0.5,0.5,0.5,0.5,0.474252,0,Valid,#NAME?
06:57.7,4032,57.1115,4.067482,1.148015,185.7559,28.02255,340.3639,349.6247,0,0,0,4.062649,1.146526,185.7694,-0.447616,-0.563092,0.694671,3.151268,0.000029,187.1838,Road,0,0,0.5,0.5,0.5,0.5,0.474252,0,Valid,#NAME?
06:57.7,4033,57.1193,4.067904,1.147592,185.7553,28.2192,340.5233,349.6174,0,0,0,4.063111,1.146054,185.7688,-0.445054,-0.565829,0.694093,3.161703,0.000029,187.1746,Road,0,0,0.5,0.5,0.5,0.5,0.730817,0,Valid,#NAME?
06:57.8,4034,57.1291,4.068261,1.147081,185.7549,28.4145,340.7748,349.6498,0,0,0,4.063526,1.145494,185.7684,-0.424736,-0.587154,0.689094,3.234917,0.000029,187.1128,Road,0,0,0.5,0.5,0.5,0.5,0.730817,0,Valid,#NAME?
06:57.8,4035,57.1402,4.068398,1.146587,185.7547,28.62133,341.1256,349.8146,0,0,0,4.063733,1.144948,185.7682,-0.373525,-0.626616,0.683983,3.381247,0.000029,187.018,Road,0,0,0.5,0.5,0.5,0.5,0.730817,0,Valid,#NAME?
06:57.8,4036,57.1521,4.068503,1.146079,185.7545,28.62075,341.731,350.1255,0,0,0,4.063954,1.14444,185.768,-0.33974,-0.634644,0.694121,3.451324,0.000029,187.0197,Road,0,0,0.5,0.5,0.5,0.5,0.730817,0,Valid,#NAME?
06:57.8,4037,57.1624,4.069016,1.145952,185.7542,28.76208,342.1955,350.0749,0,0,0,4.064583,1.144279,185.7679,-0.333795,-0.63645,0.695351,3.464464,0.000029,187.018,Road,0,0,0.5,0.5,0.5,0.5,0.730817,0,Valid,#NAME?
06:57.8,4038,57.1737,4.069264,1.145866,185.7541,28.75291,342.5201,350.0857,0,0,0,4.064907,1.144195,185.7678,-0.313261,-0.642891,0.69897,3.507391,0.000029,187.0117,Road,0,0,0.5,0.5,0.5,0.5,0.827723,0,Valid,#NAME?
06:57.8,4039,57.1848,4.069037,1.14552,185.7542,28.66698,342.9332,350.2544,0,0,0,4.064763,1.14387,185.7679,-0.294111,-0.648584,0.702024,3.546069,0.000029,187.006,Road,0,0,0.5,0.5,0.5,0.5,0.827723,0,Valid,#NAME?
06:57.8,4040,57.1958,4.069041,1.145561,185.754,28.61942,343.2324,350.3925,0,0,0,4.064826,1.143922,185.7677,-0.290098,-0.648113,0.704125,3.552816,0.000029,187.0105,Road,0,0,0.5,0.5,0.5,0.5,0.827723,0,Valid,#NAME?
06:57.8,4041,57.207,4.069076,1.145818,185.7539,28.57428,343.5782,350.7209,0,0,0,4.064912,1.14419,185.7676,-0.272011,-0.654481,0.705454,3.589382,0.000029,187.0008,Road,0,0,0.5,0.5,0.5,0.5,0.929435,0,Valid,#NAME?
06:57.8,4042,57.218,4.06907,1.145766,185.7537,28.56009,343.9943,351.1304,0,0,0,4.064969,1.144141,185.7675,-0.257144,-0.660913,0.705033,3.619825,0.000029,186.988,Road,0,0,0.5,0.5,0.5,0.5,0.929435,0,Valid,#NAME?
06:57.9,4043,57.2292,4.069162,1.145881,185.7535,28.51783,344.4066,351.482,0,0,0,4.065128,1.144266,185.7672,-0.250837,-0.660641,0.707555,3.630676,0.000029,186.9927,Road,0,0,0.5,0.5,0.5,0.5,0.963871,0.36,Valid,#NAME?
06:57.9,4044,57.2407,4.069242,1.146231,185.7532,28.46252,344.8336,351.7908,0,0,0,4.065282,1.144628,185.767,-0.242043,-0.663157,0.708264,3.64752,0.000029,186.9894,Road,0,0,0.5,0.5,0.5,0.5,0.963871,0.36,Valid,#NAME?
06:57.9,4045,57.2575,4.068971,1.146589,185.753,28.30769,345.1349,351.9246,0,0,0,4.06507,1.145024,185.7668,-0.234579,-0.667266,0.706915,3.662544,0.000029,186.9798,Road,0,0,0.5,0.5,0.5,0.5,0.963871,0.36,Valid,#NAME?
06:57.9,4046,57.2656,4.06852,1.146865,185.7529,28.23401,345.2917,351.963,0,0,0,4.064652,1.145319,185.7667,-0.227763,-0.675488,0.701313,3.67848,0.000029,186.9557,Road,0,0,0.5,0.5,0.5,0.5,0.988161,0.790285,Valid,#NAME?
06:57.9,4047,57.2738,4.068239,1.147383,185.7526,28.22439,345.3708,351.9431,0,0,0,4.064393,1.145839,185.7664,-0.226908,-0.675352,0.701721,3.679418,0.000029,186.9569,Road,0,0,0.5,0.5,0.5,0.5,0.988161,0.790285,Valid,#NAME?
06:57.9,4048,57.2847,4.067552,1.147474,185.7522,28.10856,345.3169,351.8025,0,0,0,4.063704,1.14596,185.766,-0.227113,-0.679498,0.69764,3.680693,0.000029,186.9425,Road,0,0,0.5,0.5,0.5,0.5,0.988161,0.790285,Valid,#NAME?
06:57.9,4049,57.2957,4.067283,1.147587,185.7519,28.006,345.2971,351.7762,0,0,0,4.063433,1.146098,185.7657,-0.227777,-0.678169,0.698717,3.6785,0.000029,186.9465,Road,0,0,0.5,0.5,0.5,0.5,0.992423,0.865782,Valid,#NAME?
06:57.9,4050,57.3073,4.066876,1.147868,185.7515,27.79219,345.2587,351.6475,0,0,0,4.063027,1.146433,185.7653,-0.229452,-0.67534,0.700905,3.673528,0.000029,186.9551,Road,0,0,0.5,0.5,0.5,0.5,0.993939,0.892626,Valid,#NAME?
06:57.9,4051,57.3183,4.066645,1.148238,185.7513,27.66192,345.3281,351.7233,0,0,0,4.062804,1.146836,185.7652,-0.227785,-0.679219,0.697693,3.678207,0.000029,186.9432,Road,0,0,0.5,0.5,0.5,0.5,0.993939,0.892626,Valid,#NAME?
06:58.0,4052,57.3291,4.066354,1.148511,185.7511,27.53566,345.312,351.7196,0,0,0,4.06251,1.147141,185.765,-0.227361,-0.682936,0.694194,3.680615,0.000029,186.931,Road,0,0,0.5,0.5,0.5,0.5,0.996897,0.945024,Valid,#NAME?
06:58.0,4053,57.3402,4.066216,1.148902,185.7509,27.58031,345.3885,351.7863,0,0,0,4.062385,1.147521,185.7647,-0.225123,-0.688603,0.689308,3.687237,0.000029,186.9134,Road,0,0,0.5,0.5,0.5,0.5,0.996897,0.945024,Valid,#NAME?
06:58.0,4054,57.3513,4.066027,1.149015,185.7505,27.67203,345.4737,351.8048,0,0,0,4.062214,1.14761,185.7644,-0.223733,-0.689773,0.68859,3.689987,0.000029,186.91,Road,0,0,0.5,0.5,0.5,0.5,0.996897,0.945024,Valid,#NAME?
06:58.0,4055,57.3625,4.065885,1.148986,185.7502,27.59966,345.572,351.7056,0,0,0,4.062105,1.147599,185.764,-0.222786,-0.691229,0.687436,3.692237,0.000029,186.9053,Road,0,0,0.5,0.5,0.5,0.5,0.998411,0.971853,Valid,#NAME?
06:58.0,4056,57.3736,4.065745,1.149168,185.7497,27.43896,345.6175,351.5135,0,0,0,4.061994,1.147822,185.7635,-0.221796,-0.696057,0.68287,3.696254,0.000029,186.8896,Road,0,0,0.5,0.5,0.5,0.5,0.998411,0.971853,Valid,#NAME?
06:58.0,4057,57.3847,4.065398,1.149375,185.7494,27.3449,345.5952,351.3339,0,0,0,4.061656,1.148054,185.7633,-0.218195,-0.699136,0.680882,3.703366,0.000029,186.8813,Road,0,0,0.5,0.5,0.5,0.5,0.999349,0.988471,Valid,#NAME?
06:58.0,4058,57.3959,4.065086,1.149625,185.7493,27.32441,345.4984,351.1925,0,0,0,4.061334,1.148309,185.7632,-0.220121,-0.698788,0.680619,3.699621,0.000029,186.8816,Road,0,0,0.5,0.5,0.5,0.5,0.999349,0.988471,Valid,#NAME?
06:58.0,4059,57.4141,4.06506,1.150021,185.7491,27.36628,345.426,351.1971,0,0,0,4.061289,1.148694,185.7629,-0.19049,-0.703195,0.685004,3.750124,0.000029,186.8819,Road,0,0,0.5,0.5,0.5,0.5,0.999733,0.995278,Valid,#NAME?
06:58.0,4060,57.4213,4.065004,1.150098,185.749,27.34349,345.3656,351.3423,0,0,0,4.061206,1.148777,185.7629,-0.11078,-0.704286,0.701219,3.880515,0.000029,186.9066,Road,0,0,0.5,0.5,0.5,0.5,0.999733,0.995278,Valid,#NAME?
06:58.1,4061,57.4304,4.064884,1.150182,185.7488,27.17485,345.4708,351.545,0,0,0,4.061091,1.148902,185.7627,-0.109009,-0.701982,0.703803,3.882686,0.000029,186.9146,Road,0,0,0.5,0.5,0.5,0.5,0.999829,0.996978,Valid,#NAME?
06:58.1,4062,57.4411,4.064966,1.150607,185.7485,26.89735,345.6133,351.6141,0,0,0,4.061201,1.149397,185.7624,-0.102011,-0.691577,0.715063,3.891663,0.000029,186.9508,Road,0,0,0.5,0.5,0.5,0.5,0.999829,0.996978,Valid,#NAME?
06:58.1,4063,57.4515,4.064796,1.150886,185.7484,26.6666,345.6766,351.599,0,0,0,4.061047,1.149734,185.7623,-0.099583,-0.682766,0.723819,3.89336,0.000029,186.9811,Road,0,0,0.5,0.5,0.5,0.5,0.999864,0.997582,Valid,#NAME?
06:58.1,4064,57.4624,4.064577,1.151208,185.7483,26.46199,345.6634,351.5809,0,0,0,4.060824,1.150107,185.7622,-0.100436,-0.680193,0.72612,3.891005,0.000029,186.9899,Road,0,0,0.5,0.5,0.5,0.5,0.999864,0.997582,Valid,#NAME?
06:58.1,4065,57.4738,4.064445,1.151749,185.7482,26.28513,345.6757,351.6826,0,0,0,4.060684,1.150692,185.7621,-0.097456,-0.672763,0.733412,3.893999,0.000029,187.0165,Road,0,0,0.5,0.5,0.5,0.5,0.999864,0.997582,Valid,#NAME?
06:58.1,4066,57.4848,4.064379,1.152173,185.7482,26.12677,345.8596,351.9242,0,0,0,4.060641,1.151155,185.7621,-0.092526,-0.659441,0.746041,3.899126,0.000029,187.0643,Road,0,0,0.5,0.5,0.5,0.5,0.999944,0.99901,Valid,#NAME?
06:58.1,4067,57.4961,4.064413,1.152512,185.7481,25.92543,346.1321,352.0728,0,0,0,4.060726,1.151544,185.762,-0.088616,-0.65242,0.752659,3.904319,0.000029,187.0904,Road,0,0,0.5,0.5,0.5,0.5,0.999944,0.99901,Valid,#NAME?
06:58.1,4068,57.5068,4.064637,1.153008,185.748,25.76102,346.2495,352.157,0,0,0,4.060971,1.152081,185.7619,-0.087164,-0.650135,0.754803,3.906514,0.000029,187.0994,Road,0,0,0.5,0.5,0.5,0.5,0.999977,0.999594,Valid,#NAME?
06:58.1,4069,57.518,4.064713,1.153314,185.7479,25.5494,346.3381,352.2668,0,0,0,4.061057,1.15244,185.7618,-0.084541,-0.641083,0.762802,3.909086,0.000029,187.1331,Road,0,0,0.5,0.5,0.5,0.5,0.999977,0.999594,Valid,#NAME?
06:58.2,4070,57.5292,4.064686,1.153624,185.7479,25.32911,346.3515,352.3513,0,0,0,4.061026,1.152804,185.7618,-0.084837,-0.634143,0.768548,3.906805,0.000029,187.1589,Road,0,0,0.5,0.5,0.5,0.5,0.999977,0.999594,Valid,#NAME?
06:58.2,4071,57.5403,4.064731,1.154226,185.7478,25.12678,346.2824,352.3476,0,0,0,4.061052,1.153458,185.7617,-0.087366,-0.628965,0.772509,3.900836,0.000029,187.1784,Road,0,0,0.5,0.5,0.5,0.5,0.999988,0.999792,Valid,#NAME?
06:58.2,4072,57.5518,4.064381,1.154424,185.7477,24.88537,346.1915,352.3045,0,0,0,4.060684,1.153716,185.7617,-0.089391,-0.625778,0.774863,3.895882,0.000029,187.1902,Road,0,0,0.5,0.5,0.5,0.5,0.999988,0.999792,Valid,#NAME?
06:58.2,4073,57.5692,4.06419,1.154674,185.7477,24.71124,346.1566,352.4058,0,0,0,4.060474,1.15401,185.7616,-0.091751,-0.621633,0.777917,3.890149,0.000029,187.2057,Road,0,0,0.5,0.5,0.5,0.5,0.999995,0.999915,Valid,#NAME?
06:58.2,4074,57.5769,4.064144,1.155232,185.7475,24.39526,346.0812,352.5713,0,0,0,4.060394,1.154647,185.7614,-0.095212,-0.61628,0.78175,3.882011,0.000029,187.2261,Road,0,0,0.5,0.5,0.5,0.5,0.999995,0.999915,Valid,#NAME?
06:58.2,4075,57.5846,4.064116,1.155616,185.7475,24.22279,346.0211,352.864,0,0,0,4.060325,1.155072,185.7614,-0.095346,-0.613476,0.783937,3.880807,0.000029,187.2374,Road,0,0,0.5,0.5,0.5,0.5,0.999996,0.999932,Valid,#NAME?
06:58.2,4076,57.5959,4.064064,1.155844,185.7475,23.91334,346.1602,353.1543,0,0,0,4.06028,1.155376,185.7614,-0.09388,-0.608591,0.787911,3.882058,0.000029,187.2572,Road,0,0,0.5,0.5,0.5,0.5,0.999996,0.999932,Valid,#NAME?
06:58.2,4077,57.6071,4.064181,1.156267,185.7475,23.78977,346.1007,353.2344,0,0,0,4.060374,1.15583,185.7614,-0.095291,-0.606749,0.789161,3.878854,0.000029,187.2646,Road,0,0,0.5,0.5,0.5,0.5,0.999998,0.999965,Valid,#NAME?
06:58.2,4078,57.618,4.064273,1.156376,185.7474,23.58868,345.8743,353.1968,0,0,0,4.060414,1.15599,185.7613,-0.100085,-0.604589,0.790225,3.869053,0.000029,187.2722,Road,0,0,0.5,0.5,0.5,0.5,0.999998,0.999965,Valid,#NAME?
06:58.3,4079,57.6292,4.063968,1.156643,185.7473,23.62154,345.9017,353.3055,0,0,0,4.060106,1.156249,185.7612,-0.099204,-0.604876,0.790117,3.870478,0.000029,187.2715,Road,0,0,0.5,0.5,0.5,0.5,0.999998,0.999965,Valid,#NAME?
06:58.3,4080,57.6404,4.063932,1.157027,185.7471,23.58953,345.8908,353.2805,0,0,0,4.06007,1.156641,185.761,-0.097839,-0.606409,0.789111,3.873461,0.000029,187.2661,Road,0,0,0.5,0.5,0.5,0.5,0.999999,0.999982,Valid,#NAME?
06:58.3,4081,57.6609,4.064213,1.157162,185.747,23.57844,345.7392,353.4922,0,0,0,4.060294,1.156776,185.7609,-0.101491,-0.622988,0.77562,3.871847,0.000029,187.201,Road,0,0,0.5,0.5,0.5,0.5,0.999999,0.999982,Valid,#NAME?
06:58.3,4082,57.6692,4.064246,1.15722,185.747,23.63836,345.8644,353.6483,0,0,0,4.060345,1.156819,185.7608,-0.098299,-0.627389,0.772477,3.879099,0.000029,187.1852,Road,0,0,0.5,0.5,0.5,0.5,1,0.999991,Valid,#NAME?
06:58.3,4083,57.6762,4.064322,1.157525,185.7469,23.58602,345.9431,353.7965,0,0,0,4.060425,1.157136,185.7607,-0.096737,-0.62646,0.773427,3.881746,0.000029,187.1893,Road,0,0,0.5,0.5,0.5,0.5,1,0.999991,Valid,#NAME?
06:58.3,4084,57.6848,4.064423,1.157717,185.7467,23.43864,346.1007,354.0103,0,0,0,4.060546,1.157364,185.7606,-0.091934,-0.628572,0.772299,3.891275,0.000029,187.1826,Road,0,0,0.5,0.5,0.5,0.5,1,0.999994,Valid,#NAME?
06:58.3,4085,57.6959,4.064661,1.15793,185.7466,23.25768,346.2106,354.1846,0,0,0,4.060795,1.157621,185.7605,-0.085951,-0.627373,0.773961,3.902203,0.000029,187.1886,Road,0,0,0.5,0.5,0.5,0.5,1,0.999995,Valid,#NAME?
06:58.3,4086,57.7071,4.064842,1.158228,185.7466,23.01884,346.362,354.4779,0,0,0,4.060985,1.157977,185.7605,-0.083219,-0.62367,0.777246,3.906473,0.000029,187.2036,Road,0,0,0.5,0.5,0.5,0.5,1,0.999995,Valid,#NAME?
06:58.3,4087,57.725,4.065147,1.1584,185.7468,22.78163,346.5666,354.7304,0,0,0,4.061317,1.158206,185.7607,-0.081405,-0.629693,0.772567,3.911591,0.000029,187.1816,Road,0,0,0.5,0.5,0.5,0.5,1,0.999998,Valid,#NAME?
06:58.4,4088,57.7331,4.06541,1.158531,185.7469,22.57525,346.7502,354.8925,0,0,0,4.061608,1.158388,185.7608,-0.080466,-0.628654,0.773511,3.91334,0.000029,187.186,Road,0,0,0.5,0.5,0.5,0.5,1,0.999998,Valid,#NAME?
06:58.4,4089,57.7401,4.065716,1.158835,185.7469,22.39053,346.8556,355.0313,0,0,0,4.061928,1.158737,185.7608,-0.078854,-0.625941,0.775873,3.915958,0.000029,187.1971,Road,0,0,0.5,0.5,0.5,0.5,1,0.999998,Valid,#NAME?
06:58.4,4090,57.7522,4.065944,1.158944,185.747,22.20626,346.9461,355.3335,0,0,0,4.06215,1.15889,185.7609,-0.074831,-0.626175,0.776083,3.92366,0.000029,187.1972,Road,0,0,0.5,0.5,0.5,0.5,1,0.999999,Valid,#NAME?
06:58.4,4091,57.7627,4.066272,1.158983,185.7471,22.11447,346.9658,355.4861,0,0,0,4.062469,1.158951,185.761,-0.073688,-0.626091,0.77626,3.92607,0.000029,187.1979,Road,0,0,0.5,0.5,0.5,0.5,1,0.999999,Valid,#NAME?
06:58.4,4092,57.7738,4.066593,1.159148,185.7472,22.08275,346.9414,355.6115,0,0,0,4.062773,1.159122,185.7611,-0.073499,-0.625453,0.776793,3.926563,0.000029,187.2006,Road,0,0,0.5,0.5,0.5,0.5,1,0.999999,Valid,#NAME?
06:58.4,4093,57.7847,4.066798,1.158918,185.7472,22.09014,346.7888,355.5916,0,0,0,4.062943,1.158891,185.7611,-0.074242,-0.629365,0.773555,3.926239,0.000029,187.1854,Road,0,0,0.5,0.5,0.5,0.5,1,0.999999,Valid,#NAME?
06:58.4,4094,57.7961,4.066847,1.158885,185.747,22.28659,346.7203,355.5435,0,0,0,4.062979,1.158809,185.7608,-0.079167,-0.636258,0.767404,3.918795,0.000029,187.1585,Road,0,0,0.5,0.5,0.5,0.5,1,1,Valid,#NAME?
06:58.4,4095,57.807,4.066928,1.158958,185.7466,22.46348,346.5854,355.4358,0,0,0,4.063038,1.158839,185.7605,-0.085693,-0.644322,0.759938,3.90892,0.000029,187.1273,Road,0,0,0.5,0.5,0.5,0.5,1,1,Valid,#NAME?
06:58.4,4096,57.818,4.066931,1.158737,185.7464,22.63919,346.4385,355.3941,0,0,0,4.063008,1.158574,185.7602,-0.087387,-0.646709,0.757714,3.906458,0.000029,187.1176,Road,0,0,0.5,0.5,0.5,0.5,1,1,Valid,#NAME?
06:58.5,4097,57.8293,4.066952,1.158544,185.746,22.94443,346.2868,355.435,0,0,0,4.062989,1.158303,185.7599,-0.091379,-0.653158,0.751688,3.900942,0.000029,187.0929,Road,0,0,0.5,0.5,0.5,0.5,1,1,Valid,#NAME?
06:58.5,4098,57.8405,4.067024,1.158545,185.7457,23.11103,346.2708,355.4296,0,0,0,4.063059,1.158262,185.7596,-0.100545,-0.667347,0.737929,3.888556,0.000029,187.0403,Road,0,0,0.5,0.5,0.5,0.5,1,1,Valid,#NAME?
06:58.5,4099,57.8515,4.067169,1.15841,185.7455,23.30118,346.1831,355.3208,0,0,0,4.063192,1.15808,185.7593,-0.101727,-0.669936,0.735417,3.887347,0.000029,187.0306,Road,0,0,0.5,0.5,0.5,0.5,1,1,Valid,#NAME?
06:58.5,4100,57.8626,4.06723,1.158075,185.7454,23.4132,346.0945,355.2124,0,0,0,4.063242,1.157719,185.7592,-0.102748,-0.673959,0.731589,3.886747,0.000029,187.0159,Road,0,0,0.5,0.5,0.5,0.5,1,1,Valid,#NAME?
06:58.5,4101,57.8798,4.067369,1.158183,185.7452,23.54424,346.0455,355.2431,0,0,0,4.063367,1.157794,185.7591,-0.116531,-0.668412,0.734606,3.861521,0.000029,187.0315,Road,0,0,0.5,0.5,0.5,0.5,1,1,Valid,#NAME?
06:58.5,4102,57.8869,4.06763,1.158194,185.7451,23.66826,346.0352,355.2743,0,0,0,4.063622,1.157773,185.7589,-0.192202,-0.608616,0.769834,3.698004,0.000029,187.2234,Road,0,0,0.5,0.5,0.5,0.5,1,1,Valid,#NAME?
06:58.5,4103,57.8959,4.067925,1.158354,185.745,23.59643,346.2992,355.5939,0,0,0,4.063953,1.157948,185.7589,-0.187538,-0.607621,0.771768,3.70657,0.000029,187.2296,Road,0,0,0.5,0.5,0.5,0.5,1,1,Valid,#NAME?
06:58.5,4104,57.907,4.068541,1.158801,185.7451,23.56215,346.3761,355.676,0,0,0,4.064578,1.158402,185.759,-0.343719,-0.439505,0.829875,3.158661,0.00003,187.9462,Road,0,0,0.5,0.5,0.5,0.5,1,0.64,Valid,#NAME?
06:58.5,4105,57.9181,4.068995,1.158782,185.7453,23.57915,346.3943,355.7836,0,0,0,4.065028,1.158379,185.7592,-0.352616,-0.419669,0.836385,3.091756,0.00003,188.0677,Road,0,0,0.5,0.5,0.5,0.5,0.8,0.4096,Valid,#NAME?
06:58.6,4106,57.9292,4.069262,1.158792,185.7453,23.58027,346.4819,356.0039,0,0,0,4.065296,1.158386,185.7591,-0.351183,-0.4202,0.836721,3.097199,0.00003,188.0657,Road,0,0,0.5,0.5,0.5,0.5,0.8,0.4096,Valid,#NAME?
06:58.6,4107,57.9404,4.069556,1.159153,185.7448,23.59296,346.5328,356.1715,0,0,0,4.065588,1.158742,185.7587,-0.350301,-0.42079,0.836795,3.100977,0.00003,188.063,Road,0,0,0.5,0.5,0.5,0.5,0.8,0.4096,Valid,#NAME?
06:58.6,4108,57.9513,4.069942,1.15901,185.7445,23.66944,346.6985,356.3161,0,0,0,4.066001,1.158579,185.7584,-0.347648,-0.422321,0.837129,3.112301,0.00003,188.0549,Road,0,0,0.5,0.5,0.5,0.5,0.409168,0.167772,Valid,#NAME?
06:58.6,4109,57.9623,4.070416,1.158991,185.7443,23.8148,346.9033,356.4286,0,0,0,4.066515,1.158523,185.7582,-0.344331,-0.424852,0.83722,3.127585,0.00003,188.0411,Road,0,0,0.5,0.5,0.5,0.5,0.409168,0.167772,Valid,#NAME?
06:58.6,4110,57.9734,4.07093,1.159244,185.7441,23.93678,347.0917,356.5766,0,0,0,4.06706,1.158742,185.7579,-0.34127,-0.427097,0.837331,3.141193,0.00003,188.0296,Road,0,0,0.5,0.5,0.5,0.5,0.475614,0,Valid,#NAME?
06:58.6,4111,57.9847,4.071478,1.159328,185.7438,24.01541,347.3143,356.8036,0,0,0,4.067642,1.158804,185.7577,-0.337723,-0.428848,0.837874,3.155091,0.00003,188.0217,Road,0,0,0.5,0.5,0.5,0.5,0.475614,0,Valid,#NAME?
06:58.6,4112,57.9957,4.072121,1.159592,185.7436,24.15399,347.5616,357.0519,0,0,0,4.068323,1.159031,185.7575,-0.3337,-0.431578,0.838084,3.172172,0.00003,188.0082,Road,0,0,0.5,0.5,0.5,0.5,0.50336,0,Valid,#NAME?
06:58.6,4113,58.0069,4.072562,1.160205,185.7434,24.34394,347.8583,357.264,0,0,0,4.068817,1.159594,185.7573,-0.328899,-0.435017,0.838204,3.192116,0.00003,187.9916,Road,0,0,0.5,0.5,0.5,0.5,0.578278,0,Valid,#NAME?
06:58.6,4114,58.0183,4.073097,1.16044,185.7432,24.51865,348.0985,357.3313,0,0,0,4.069405,1.159784,185.7571,-0.325059,-0.43788,0.838211,3.208464,0.00003,187.9772,Road,0,0,0.5,0.5,0.5,0.5,0.578278,0,Valid,#NAME?
06:58.7,4115,58.0351,4.07359,1.160602,185.743,24.79249,348.3448,357.2778,0,0,0,4.069963,1.159878,185.7569,-0.321067,-0.441992,0.837591,3.227439,0.00003,187.9549,Road,0,0,0.5,0.5,0.5,0.5,0.675868,0,Valid,#NAME?
06:58.7,4116,58.0431,4.073944,1.160932,185.7427,25.04876,348.5294,357.1808,0,0,0,4.070372,1.160144,185.7566,-0.318043,-0.445724,0.836767,3.24258,0.00003,187.9345,Road,0,0,0.5,0.5,0.5,0.5,0.731876,0,Valid,#NAME?
06:58.7,4117,58.0513,4.074425,1.160888,185.7424,25.41525,348.6791,356.8988,0,0,0,4.070915,1.160011,185.7563,-0.315495,-0.450719,0.835054,3.25895,0.00003,187.9055,Road,0,0,0.5,0.5,0.5,0.5,0.731876,0,Valid,#NAME?
06:58.7,4118,58.0624,4.07483,1.160827,185.7423,25.78171,348.7878,356.5839,0,0,0,4.071378,1.159863,185.7563,-0.281494,-0.459399,0.842445,3.360696,0.00003,187.8831,Road,0,0,0.5,0.5,0.5,0.5,0.731876,0,Valid,#NAME?
06:58.7,4119,58.074,4.075242,1.160863,185.7422,25.93989,348.9253,356.2477,0,0,0,4.071854,1.159863,185.7562,-0.231701,-0.466605,0.853577,3.495916,0.00003,187.8779,Road,0,0,0.5,0.5,0.5,0.5,0.854366,0.353447,Valid,#NAME?
06:58.7,4120,58.0846,4.07571,1.160566,185.7422,25.88177,348.8721,355.7534,0,0,0,4.072354,1.159585,185.7561,-0.232913,-0.465216,0.854005,3.491815,0.00003,187.8848,Road,0,0,0.5,0.5,0.5,0.5,0.854366,0.353447,Valid,#NAME?
06:58.7,4121,58.0958,4.076138,1.16024,185.7421,25.71327,348.9292,355.5244,0,0,0,4.072816,1.159303,185.7561,-0.203154,-0.466278,0.860996,3.567729,0.00003,187.8968,Road,0,0,0.5,0.5,0.5,0.5,0.854366,0.353447,Valid,#NAME?
06:58.7,4122,58.1079,4.076402,1.160302,185.742,25.35191,349.0075,355.3749,0,0,0,4.073112,1.159457,185.756,-0.187393,-0.463452,0.866081,3.604306,0.00003,187.9227,Road,0,0,0.5,0.5,0.5,0.5,0.883493,0.642207,Valid,#NAME?
06:58.7,4123,58.1186,4.076531,1.160051,185.7417,24.73033,349.0369,355.4334,0,0,0,4.073242,1.159362,185.7557,-0.187854,-0.453831,0.871062,3.593359,0.00003,187.9809,Road,0,0,0.5,0.5,0.5,0.5,0.883493,0.642207,Valid,#NAME?
06:58.8,4124,58.1293,4.076532,1.160167,185.7412,24.09385,349.0121,355.7553,0,0,0,4.073206,1.159635,185.7552,-0.21491,-0.443367,0.870195,3.51112,0.00003,188.0312,Road,0,0,0.5,0.5,0.5,0.5,0.883493,0.642207,Valid,#NAME?
06:58.8,4125,58.1404,4.076434,1.160767,185.7409,23.79807,349.1343,356.0809,0,0,0,4.073108,1.160306,185.755,-0.313438,-0.428985,0.847189,3.22535,0.00003,188.0464,Road,0,0,0.5,0.5,0.5,0.5,0.883493,0.366387,Valid,#NAME?
06:58.8,4126,58.1513,4.076444,1.161286,185.7406,23.31411,349.2561,356.4037,0,0,0,4.073116,1.160943,185.7546,-0.312056,-0.422364,0.851017,3.215394,0.00003,188.0938,Road,0,0,0.5,0.5,0.5,0.5,0.883493,0.366387,Valid,#NAME?
06:58.8,4127,58.1628,4.076566,1.161812,185.7404,22.73845,349.2243,356.5805,0,0,0,4.073215,1.161613,185.7544,-0.313176,-0.413778,0.854815,3.194048,0.00003,188.1541,Road,0,0,0.5,0.5,0.5,0.5,0.883493,0.366387,Valid,#NAME?
06:58.8,4128,58.1737,4.076603,1.162306,185.7402,22.35655,349.0324,356.6079,0,0,0,4.073201,1.162202,185.7543,-0.316442,-0.410914,0.854994,3.178222,0.00003,188.1724,Road,0,0,0.5,0.5,0.5,0.5,0.452349,0.18759,Valid,#NAME?
06:58.8,4129,58.1901,4.07657,1.162656,185.7402,22.40357,348.8222,356.889,0,0,0,4.073092,1.162537,185.7542,-0.319068,-0.417419,0.850857,3.184491,0.00003,188.1239,Road,0,0,0.5,0.5,0.5,0.5,0.452349,0.18759,Valid,#NAME?
06:58.8,4130,58.1975,4.076535,1.163025,185.7401,22.48001,348.7585,357.2168,0,0,0,4.073011,1.162883,185.754,-0.319486,-0.42156,0.848655,3.191725,0.00003,188.095,Road,0,0,0.5,0.5,0.5,0.5,0.185282,0,Valid,#NAME?
06:58.8,4131,58.207,4.076679,1.163795,185.7399,22.59603,348.7059,357.3596,0,0,0,4.07313,1.163622,185.7539,-0.319953,-0.423711,0.847407,3.194478,0.00003,188.081,Road,0,0,0.5,0.5,0.5,0.5,0.185282,0,Valid,#NAME?
06:58.8,4132,58.2182,4.077003,1.164114,185.7399,22.76124,348.7351,357.5383,0,0,0,4.073444,1.163898,185.7539,-0.318889,-0.430388,0.844438,3.211094,0.00003,188.0374,Road,0,0,0.5,0.5,0.5,0.5,0.148226,0,Valid,#NAME?
06:58.9,4133,58.2292,4.077516,1.164174,185.7399,22.6613,348.7593,357.582,0,0,0,4.077516,1.164174,185.7399,-0.179881,-0.385283,0.905097,3.533998,0.00003,188.4747,Road,0,0,0.5,0.5,0.5,0.5,0.148226,0,Invalid,#NAME?
06:58.9,4134,58.2407,4.077916,1.164474,185.7397,22.56821,348.8583,357.6112,0,0,0,4.077916,1.164474,185.7397,-0.178438,-0.383783,0.906019,3.536512,0.00003,188.4887,Road,0,0,0.5,0.5,0.5,0.5,0,0,Invalid,#NAME?
06:58.9,4135,58.2513,4.078265,1.164451,185.7394,22.38815,349.023,357.5219,0,0,0,4.078265,1.164451,185.7394,-0.176062,-0.380879,0.907708,3.540009,0.00003,188.5145,Road,0,0,0.5,0.5,0.5,0.5,0,0,Invalid,#NAME?
06:58.9,4136,58.2625,4.078516,1.164402,185.7391,22.32015,349.2191,357.3396,0,0,0,4.078516,1.164402,185.7391,-0.173039,-0.379782,0.908748,3.547995,0.00003,188.5252,Road,0,0,0.5,0.5,0.5,0.5,0,0,Invalid,#NAME?
06:58.9,4137,58.2738,4.078633,1.164723,185.7387,22.44099,349.4836,357.2656,0,0,0,4.078633,1.164723,185.7387,-0.168695,-0.381732,0.908748,3.563932,0.00003,188.5114,Road,0,0,0.5,0.5,0.5,0.5,0,0,Invalid,#NAME?
06:58.9,4138,58.2846,4.078928,1.164965,185.7384,22.62606,349.6218,357.0917,0,0,0,4.078928,1.164965,185.7384,-0.16628,-0.384715,0.907935,3.575423,0.00003,188.4876,Road,0,0,0.5,0.5,0.5,0.5,0,0,Invalid,#NAME?
06:58.9,4139,58.296,4.079549,1.165026,185.7381,22.82512,349.6515,357.1164,0,0,0,4.079549,1.165026,185.7381,-0.165569,-0.38792,0.9067,3.582315,0.00003,188.4611,Road,0,0,0.5,0.5,0.5,0.5,0,0,Invalid,#NAME?
06:58.9,4140,58.3071,4.080054,1.165204,185.7379,22.9482,349.5984,357.1473,0,0,0,4.080054,1.165204,185.7379,-0.166258,-0.389899,0.905725,3.583207,0.00003,188.4446,Road,0,0,0.5,0.5,0.5,0.5,0,0,Invalid,#NAME?
06:58.9,4141,58.3181,4.080517,1.164825,185.7378,22.91904,349.4813,357.1971,0,0,0,4.080517,1.164825,185.7378,-0.168144,-0.38943,0.905578,3.577592,0.00003,188.4464,Road,0,0,0.5,0.5,0.5,0.5,0,0,Invalid,#NAME?
06:59.0,4142,58.3293,4.08082,1.164454,185.7377,22.79768,349.4091,357.2349,0,0,0,4.08082,1.164454,185.7377,-0.169437,-0.387478,0.906174,3.57164,0.00003,188.4609,Road,0,0,0.5,0.5,0.5,0.5,0,0,Invalid,#NAME?
06:59.0,4143,58.3465,4.081069,1.164577,185.7378,22.8582,349.3293,357.2921,0,0,0,4.081069,1.164577,185.7378,-0.170624,-0.388452,0.905535,3.569553,0.00003,188.4525,Road,0,0,0.5,0.5,0.5,0.5,0,0,Invalid,#NAME?
06:59.0,4144,58.3544,4.081248,1.164549,185.7379,22.87144,349.4147,357.7914,0,0,0,4.081248,1.164549,185.7379,-0.169257,-0.388665,0.9057,3.574118,0.00003,188.4516,Road,0,0,0.5,0.5,0.5,0.5,0,0,Invalid,#NAME?
06:59.0,4145,58.3622,4.081364,1.164976,185.7379,23.11127,349.915,358.4421,0,0,0,4.081364,1.164976,185.7379,-0.161056,-0.392518,0.905533,3.60337,0.00003,188.4254,Road,0,0,0.5,0.5,0.5,0.5,0,0,Invalid,#NAME?
06:59.0,4146,58.3739,4.082087,1.165592,185.7377,23.215,350.1075,358.5894,0,0,0,4.082087,1.165592,185.7377,-0.157891,-0.394183,0.905368,3.615218,0.00003,188.4148,Road,0,0,0.5,0.5,0.5,0.5,0,0,Invalid,#NAME?
06:59.0,4147,58.3847,4.08265,1.165765,185.7375,23.63246,350.225,359.0775,0,0,0,4.08265,1.165765,185.7375,-0.155541,-0.400868,0.902835,3.630331,0.00003,188.363,Road,0,0,0.5,0.5,0.5,0.5,0,0,Invalid,#NAME?
06:59.0,4148,58.3959,4.08294,1.165655,185.7373,23.9488,350.5813,359.3774,0,0,0,4.08294,1.165655,185.7373,-0.149559,-0.40592,0.901588,3.653471,0.00003,188.3263,Road,0,0,0.5,0.5,0.5,0.5,0,0,Invalid,#NAME?
06:59.0,4149,58.4068,4.083381,1.164766,185.737,23.44936,350.6797,358.7473,0,0,0,4.083381,1.164766,185.737,-0.148578,-0.397938,0.905301,3.648503,0.00003,188.3868,Road,0,0,0.5,0.5,0.5,0.5,0,0,Invalid,#NAME?
06:59.0,4150,58.4183,4.083595,1.16399,185.7368,23.18543,350.5345,358.5198,0,0,0,4.083595,1.16399,185.7368,-0.151172,-0.393708,0.90672,3.63667,0.00003,188.4174,Road,0,0,0.5,0.5,0.5,0.5,0,0,Invalid,#NAME?
06:59.1,4151,58.4293,4.083659,1.163326,185.7365,22.79911,350.4262,358.7986,0,0,0,4.083659,1.163326,185.7365,-0.153323,-0.387501,0.90903,3.623376,0.00003,188.4655,Road,0,0,0.5,0.5,0.5,0.5,0,0,Invalid,#NAME?
06:59.1,4152,58.4403,4.083922,1.163376,185.7365,22.70524,350.3097,358.9283,0,0,0,4.083922,1.163376,185.7365,-0.155278,-0.38599,0.909341,3.615926,0.00003,188.4772,Road,0,0,0.5,0.5,0.5,0.5,0,0,Invalid,#NAME?
06:59.1,4153,58.4514,4.084073,1.163245,185.7366,22.77596,350.3586,359.351,0,0,0,4.084073,1.163245,185.7366,-0.154423,-0.387129,0.909002,3.620075,0.00003,188.4679,Road,0,0,0.5,0.5,0.5,0.5,0,0,Invalid,#NAME?
06:59.1,4154,58.4625,4.084128,1.163124,185.7365,22.90357,350.5761,359.5678,0,0,0,4.084128,1.163124,185.7365,-0.150829,-0.389181,0.908729,3.633366,0.00003,188.4523,Road,0,0,0.5,0.5,0.5,0.5,0,0,Invalid,#NAME?
06:59.1,4155,58.4736,4.084333,1.163242,185.7362,23.0623,350.7374,359.6592,0,0,0,4.084333,1.163242,185.7362,-0.148095,-0.391732,0.908083,3.644578,0.00003,188.4327,Road,0,0,0.5,0.5,0.5,0.5,0,0,Invalid,#NAME?
06:59.1,4156,58.4846,4.084642,1.163174,185.7358,23.28792,350.8259,359.5616,0,0,0,4.084642,1.163174,185.7358,-0.146446,-0.395352,0.90678,3.653789,0.00003,188.4036,Road,0,0,0.5,0.5,0.5,0.5,0,0,Invalid,#NAME?
06:59.1,4157,58.5022,4.084866,1.163195,185.7356,23.58785,350.9455,359.5287,0,0,0,4.084866,1.163195,185.7356,-0.144225,-0.400155,0.905028,3.665634,0.00003,188.3663,Road,0,0,0.5,0.5,0.5,0.5,0,0,Invalid,#NAME?
06:59.1,4158,58.5107,4.085089,1.16353,185.7354,23.91654,351.0614,359.5002,0,0,0,4.085089,1.16353,185.7354,-0.142035,-0.405406,0.903035,3.677454,0.00003,188.3271,Road,0,0,0.5,0.5,0.5,0.5,0,0,Invalid,#NAME?
06:59.1,4159,58.5181,4.085292,1.163714,185.7354,24.40357,351.1175,359.2577,0,0,0,4.085292,1.163714,185.7354,-0.140614,-0.413161,0.899736,3.689248,0.00003,188.2695,Road,0,0,0.5,0.5,0.5,0.5,0,0,Invalid,#NAME?
06:59.2,4160,58.5293,4.085446,1.16378,185.7353,24.77218,351.1663,359.0049,0,0,0,4.085446,1.16378,185.7353,-0.139436,-0.419011,0.897211,3.698181,0.00003,188.2272,Road,0,0,0.5,0.5,0.5,0.5,0,0,Invalid,#NAME?
06:59.2,4161,58.54,4.085608,1.164038,185.7353,24.87923,351.1886,359.0168,0,0,0,4.085608,1.164038,185.7353,-0.138967,-0.420707,0.89649,3.701115,0.00003,188.2157,Road,0,0,0.5,0.5,0.5,0.5,0,0,Invalid,#NAME?
06:59.2,4162,58.5515,4.085949,1.164122,185.7353,24.83622,351.1298,359.0271,0,0,0,4.085949,1.164122,185.7353,-0.139936,-0.420026,0.896658,3.698119,0.00003,188.2204,Road,0,0,0.5,0.5,0.5,0.5,0,0,Invalid,#NAME?
06:59.2,4163,58.5623,4.086139,1.164167,185.7355,24.7319,351.1761,359.2401,0,0,0,4.086139,1.164167,185.7355,-0.139327,-0.418373,0.897526,3.698455,0.00003,188.2329,Road,0,0,0.5,0.5,0.5,0.5,0,0,Invalid,#NAME?
06:59.2,4164,58.5736,4.086408,1.164572,185.7356,24.51906,351.3679,359.567,0,0,0,4.086408,1.164572,185.7356,-0.136555,-0.414996,0.899517,3.703213,0.00003,188.2598,Road,0,0,0.5,0.5,0.5,0.5,0,0,Invalid,#NAME?
06:59.2,4165,58.5849,4.086734,1.164885,185.7358,24.38044,351.5529,359.8802,0,0,0,4.086734,1.164885,185.7358,-0.133796,-0.412794,0.900944,3.709177,0.00003,188.2782,Road,0,0,0.5,0.5,0.5,0.5,0,0,Invalid,#NAME?
06:59.2,4166,58.596,4.087098,1.165098,185.7359,24.38993,351.579,0.075658,0,0,0,4.087098,1.165098,185.7359,-0.133376,-0.412944,0.900937,3.710796,0.00003,188.2778,Road,0,0,0.5,0.5,0.5,0.5,0,0,Invalid,#NAME?
06:59.2,4167,58.6069,4.087102,1.165363,185.7356,24.44819,351.6402,0.297634,0,0,0,4.087102,1.165363,185.7356,-0.132353,-0.41387,0.900663,3.714435,0.00003,188.2716,Road,0,0,0.5,0.5,0.5,0.5,0,0,Invalid,#NAME?
06:59.2,4168,58.6181,4.087242,1.165362,185.7353,24.50799,351.5852,0.349793,0,0,0,4.087242,1.165362,185.7353,-0.133153,-0.41482,0.900108,3.713181,0.00003,188.2639,Road,0,0,0.5,0.5,0.5,0.5,0,0,Invalid,#NAME?
06:59.3,4169,58.6294,4.08712,1.165399,185.735,24.62609,351.7626,0.574928,0,0,0,4.08712,1.165399,185.735,-0.130243,-0.416695,0.899668,3.722868,0.00003,188.2511,Road,0,0,0.5,0.5,0.5,0.5,0,0,Invalid,#NAME?
06:59.3,4170,58.6403,4.087192,1.165836,185.7349,24.98217,351.9584,0.624736,0,0,0,4.087192,1.165836,185.7349,-0.126803,-0.422336,0.897526,3.737166,0.00003,188.2124,Road,0,0,0.5,0.5,0.5,0.5,0,0,Invalid,#NAME?
06:59.3,4171,58.6595,4.087428,1.166227,185.7348,25.40168,351.9352,0.462957,0,0,0,4.087428,1.166227,185.7348,-0.126731,-0.428962,0.894389,3.742891,0.00003,188.1664,Road,0,0,0.5,0.5,0.5,0.5,0,0,Invalid,#NAME?
06:59.3,4172,58.6669,4.087406,1.166691,185.7349,26.03276,352.0888,0.439271,0,0,0,4.087406,1.166691,185.7349,-0.123674,-0.438885,0.889992,3.75865,0.00003,188.1007,Road,0,0,0.5,0.5,0.5,0.5,0,0,Invalid,#NAME?
06:59.3,4173,58.6738,4.087315,1.167093,185.7348,26.23645,352.2544,0.332238,0,0,0,4.087315,1.167093,185.7348,-0.12089,-0.442077,0.888794,3.768168,0.00003,188.0812,Road,0,0,0.5,0.5,0.5,0.5,0,0,Invalid,#NAME?
06:59.3,4174,58.6846,4.087622,1.16699,185.7349,26.29232,352.184,359.9826,0,0,0,4.087622,1.16699,185.7349,-0.121924,-0.442951,0.888217,3.766411,0.00003,188.0749,Road,0,0,0.5,0.5,0.5,0.5,0,0,Invalid,#NAME?
06:59.3,4175,58.6957,4.087849,1.166967,185.735,26.52499,352.0983,359.8116,0,0,0,4.087849,1.166967,185.735,-0.123003,-0.446588,0.886245,3.76644,0.00003,188.0507,Road,0,0,0.5,0.5,0.5,0.5,0,0,Invalid,#NAME?
06:59.3,4176,58.7069,4.087979,1.167238,185.7349,26.69019,352.1042,359.6233,0,0,0,4.087979,1.167238,185.7349,-0.122735,-0.449166,0.884978,3.769038,0.00003,188.0346,Road,0,0,0.5,0.5,0.5,0.5,0,0,Invalid,#NAME?
06:59.3,4177,58.7181,4.087757,1.167432,185.7348,27.03026,352.2914,359.6347,0,0,0,4.087757,1.167432,185.7348,-0.119483,-0.454461,0.882717,3.780834,0.00003,188.0023,Road,0,0,0.5,0.5,0.5,0.5,0,0,Invalid,#NAME?
06:59.4,4178,58.7291,4.087653,1.167667,185.7346,27.33043,352.4211,359.5719,0,0,0,4.087653,1.167667,185.7346,-0.117169,-0.459122,0.880613,3.789669,0.00003,187.9742,Road,0,0,0.5,0.5,0.5,0.5,0,0,Invalid,#NAME?
06:59.4,4179,58.7402,4.087579,1.168097,185.7344,27.41866,352.4974,359.6197,0,0,0,4.087579,1.168097,185.7344,-0.115904,-0.460489,0.880066,3.793579,0.00003,187.9668,Road,0,0,0.5,0.5,0.5,0.5,0,0,Invalid,#NAME?
06:59.4,4180,58.7528,4.087588,1.16792,185.7341,27.424,352.515,359.7618,0,0,0,4.087588,1.16792,185.7341,-0.115627,-0.460572,0.880059,3.794387,0.00003,187.9657,Road,0,0,0.5,0.5,0.5,0.5,0,0,Invalid,#NAME?
06:59.4,4181,58.7627,4.087615,1.167637,185.7336,27.45805,352.5525,0.043896,0,0,0,4.087615,1.167637,185.7336,-0.115016,-0.461099,0.879863,3.796367,0.00003,187.9616,Road,0,0,0.5,0.5,0.5,0.5,0,0,Invalid,#NAME?
06:59.4,4182,58.7736,4.08761,1.16729,185.7332,27.51985,352.6862,0.4038,0,0,0,4.08761,1.16729,185.7332,-0.1129,-0.462056,0.879635,3.802399,0.00003,187.9553,Road,0,0,0.5,0.5,0.5,0.5,0,0,Invalid,#NAME?
06:59.4,4183,58.7848,4.087416,1.167393,185.7329,27.58296,352.7039,0.725611,0,0,0,4.087416,1.167393,185.7329,-0.112562,-0.463032,0.879165,3.803632,0.00003,187.9494,Road,0,0,0.5,0.5,0.5,0.5,0,0,Invalid,#NAME?
06:59.4,4184,58.7963,4.087426,1.167279,185.7327,27.5696,352.8228,0.89616,0,0,0,4.087426,1.167279,185.7327,-0.110751,-0.462826,0.879504,3.80811,0.00003,187.9509,Road,0,0,0.5,0.5,0.5,0.5,0,0,Invalid,#NAME?
06:59.4,4185,58.813,4.08736,1.167412,185.7325,27.61123,352.9844,1.207645,0,0,0,4.08736,1.167412,185.7325,-0.10823,-0.46347,0.879478,3.814752,0.00003,187.9477,Road,0,0,0.5,0.5,0.5,0.5,0,0,Invalid,#NAME?
06:59.4,4186,58.821,4.087277,1.167815,185.7325,27.84605,353.0583,1.403054,0,0,0,4.087277,1.167815,185.7325,-0.106864,-0.467098,0.877724,3.820107,0.00003,187.9269,Road,0,0,0.5,0.5,0.5,0.5,0,0,Invalid,#NAME?
06:59.5,4187,58.8291,4.087181,1.168066,185.7324,28.17213,353.2181,1.50942,0,0,0,4.087181,1.168066,185.7324,-0.1041,-0.472122,0.875365,3.829635,0.00003,187.8981,Road,0,0,0.5,0.5,0.5,0.5,0,0,Invalid,#NAME?
06:59.5,4188,58.8403,4.087061,1.168221,185.732,28.48639,353.5567,1.397773,0,0,0,4.087061,1.168221,185.732,-0.098634,-0.47695,0.873379,3.845476,0.00003,187.8712,Road,0,0,0.5,0.5,0.5,0.5,0,0,Invalid,#NAME?
06:59.5,4189,58.8515,4.08704,1.167962,185.7314,28.68187,353.782,0.944205,0,0,0,4.08704,1.167962,185.7314,-0.095021,-0.479946,0.872137,3.855809,0.00003,187.8537,Road,0,0,0.5,0.5,0.5,0.5,0,0,Invalid,#NAME?
06:59.5,4190,58.8625,4.087048,1.167663,185.731,28.77165,353.8221,0.496894,0,0,0,4.087048,1.167663,185.731,-0.09433,-0.48132,0.871455,3.858212,0.00003,187.845,Road,0,0,0.5,0.5,0.5,0.5,0,0,Invalid,#NAME?
06:59.5,4191,58.8735,4.086892,1.168188,185.7305,28.87341,353.732,359.8529,0,0,0,4.084362,1.166408,185.7446,0.047974,-0.645103,0.762588,4.171101,0.000029,187.1234,Road,0,0,0.5,0.5,0.5,0.5,0.36,0,Valid,#NAME?
06:59.5,4192,58.8846,4.086898,1.167643,185.7304,28.87065,353.7171,359.7228,0,0,0,4.084376,1.165866,185.7444,0.047334,-0.645326,0.762439,4.169888,0.000029,187.1219,Road,0,0,0.5,0.5,0.5,0.5,0.36,0,Valid,#NAME?
06:59.5,4193,58.8961,4.086846,1.167661,185.7301,28.94454,353.5072,359.5858,0,0,0,4.084286,1.165868,185.7442,0.012677,-0.596766,0.802316,4.10905,0.00003,187.3116,Road,0,0,0.5,0.5,0.5,0.5,0.488,0.2,Valid,#NAME?
06:59.5,4194,58.9073,4.08671,1.167819,185.7298,28.78821,353.6217,359.6034,0,0,0,4.084175,1.166064,185.7439,0.145935,-0.644019,0.750961,4.348399,0.000029,187.1036,Road,0,0,0.5,0.5,0.5,0.5,0.737856,0.5904,Valid,#NAME?
06:59.5,4195,58.9181,4.086887,1.167748,185.7296,29.05443,353.69,359.8033,0,0,0,4.084352,1.165925,185.7437,0.147854,-0.646706,0.748272,4.350905,0.000029,187.0927,Road,0,0,0.5,0.5,0.5,0.5,0.832228,0.737856,Valid,#NAME?
06:59.6,4196,58.9291,4.086966,1.167933,185.7296,29.30883,353.6156,359.9848,0,0,0,4.084397,1.166043,185.7437,0.191035,-0.644728,0.740157,4.429889,0.000029,187.0823,Road,0,0,0.5,0.5,0.5,0.5,0.832228,0.737856,Valid,#NAME?
06:59.6,4197,58.9402,4.086968,1.168045,185.7296,29.50614,353.8531,0.297626,0,0,0,4.08443,1.166101,185.7437,0.19541,-0.645888,0.737999,4.437218,0.000029,187.076,Road,0,0,0.5,0.5,0.5,0.5,0.832228,0.737856,Valid,#NAME?
06:59.6,4198,58.9514,4.086792,1.16909,185.7306,30.59991,353.5572,0.150972,0,0,0,4.084198,1.166877,185.7446,0.221626,-0.65688,0.720688,4.477882,0.000029,187.0248,Road,0,0,0.5,0.5,0.5,0.5,0.945024,0.914101,Valid,#NAME?
06:59.6,4199,58.9698,4.086449,1.169638,185.7313,31.24176,353.5162,0.094279,0,0,0,4.083853,1.167267,185.7453,0.236188,-0.663644,0.709783,4.499267,0.000029,186.9936,Road,0,0,0.5,0.5,0.5,0.5,0.945024,0.914101,Valid,#NAME?
06:59.6,4200,58.9771,4.085905,1.169377,185.7313,31.24977,353.7625,359.7271,0,0,0,4.083404,1.167009,185.7453,0.237982,-0.66546,0.70748,4.500739,0.000029,186.986,Road,0,0,0.5,0.5,0.5,0.5,0.945024,0.914101,Valid,#NAME?
06:59.6,4201,58.9847,4.08605,1.168752,185.7314,31.39876,354.156,359.3177,0,0,0,4.083683,1.166353,185.7454,0.27645,-0.663944,0.694805,4.56931,0.000029,186.9659,Road,0,0,0.5,0.5,0.5,0.5,0.945024,0.914101,Valid,#NAME?
06:59.6,4202,58.9959,4.086043,1.169392,185.7322,32.84582,354.9587,359.2102,0,0,0,4.083888,1.166637,185.7462,0.287265,-0.681021,0.673565,4.57598,0.000029,186.9,Road,0,0,0.5,0.5,0.5,0.5,0.945024,0.914101,Valid,#NAME?
06:59.6,4203,59.0069,4.086509,1.169819,185.7334,33.61276,355.0168,358.7686,0,0,0,4.084413,1.166881,185.7474,0.312546,-0.687216,0.655781,4.615097,0.000029,186.8609,Road,0,0,0.5,0.5,0.5,0.5,0.977482,0.964816,Valid,#NAME?
06:59.6,4204,59.0181,4.088003,1.169684,185.7347,34.32387,353.4029,358.058,0,0,0,4.085585,1.16658,185.7486,0.328969,-0.693302,0.64118,4.639106,0.000029,186.8275,Road,0,0,0.5,0.5,0.5,0.5,0.985588,0.977482,Valid,#NAME?
06:59.7,4205,59.0294,4.087244,1.169171,185.7358,35.29935,354.268,359.5062,0,0,0,4.084907,1.16581,185.7496,0.344987,-0.69508,0.630751,4.663514,0.000029,186.8075,Road,0,0,0.5,0.5,0.5,0.5,0.990777,0.985588,Valid,#NAME?
06:59.7,4206,59.0404,4.086223,1.168479,185.7362,35.86766,354.9797,0.172845,0,0,0,4.084,1.16497,185.75,0.372751,-0.692883,0.617228,4.710703,0.000029,186.7878,Road,0,0,0.5,0.5,0.5,0.5,0.990777,0.985588,Valid,#NAME?
06:59.7,4207,59.0513,4.085817,1.167597,185.7363,36.13377,355.4061,0.0153,0,0,0,4.083712,1.164025,185.7501,0.387765,-0.693653,0.607029,4.734406,0.000029,186.7687,Road,0,0,0.5,0.5,0.5,0.5,0.990777,0.985588,Valid,#NAME?
06:59.7,4208,59.0627,4.085692,1.16697,185.7364,36.34187,355.0874,359.7812,0,0,0,4.083533,1.163352,185.7502,0.382368,-0.698251,0.605178,4.720578,0.000029,186.7585,Road,0,0,0.5,0.5,0.5,0.5,0.994097,0.990777,Valid,#NAME?
06:59.7,4209,59.0736,4.08554,1.166388,185.7368,36.55871,354.7238,359.7576,0,0,0,4.083297,1.162717,185.7505,0.378682,-0.700547,0.604842,4.711788,0.000029,186.7544,Road,0,0,0.5,0.5,0.5,0.5,0.994097,0.990777,Valid,#NAME?
06:59.7,4210,59.0847,4.085251,1.165414,185.737,36.82716,354.4491,359.7761,0,0,0,4.082942,1.161677,185.7507,0.384652,-0.701234,0.600262,4.720146,0.000029,186.7451,Road,0,0,0.5,0.5,0.5,0.5,0.994097,0.990777,Valid,#NAME?
06:59.7,4211,59.096,4.084945,1.164715,185.7371,37.18371,354.314,359.9808,0,0,0,4.082587,1.16089,185.7508,0.295639,-0.728856,0.617549,4.553455,0.000029,186.7344,Road,0,0,0.5,0.5,0.5,0.5,0.996978,0.994097,Valid,#NAME?
06:59.7,4212,59.107,4.084743,1.164391,185.7373,37.64798,354.2927,0.102241,0,0,0,4.082373,1.160451,185.751,0.296431,-0.732977,0.612269,4.551671,0.000029,186.7203,Road,0,0,0.5,0.5,0.5,0.5,0.996978,0.994097,Valid,#NAME?
06:59.7,4213,59.1247,4.084534,1.164105,185.7375,38.16323,354.3322,0.228531,0,0,0,4.082165,1.16004,185.7512,0.153985,-0.764235,0.626286,4.315893,0.000029,186.7018,Road,0,0,0.5,0.5,0.5,0.5,0.997582,0.795278,Valid,#NAME?
06:59.8,4214,59.1321,4.084452,1.163926,185.738,38.69527,354.3131,0.40247,0,0,0,4.082066,1.15973,185.7516,0.155121,-0.769337,0.619724,4.315895,0.000029,186.6858,Road,0,0,0.5,0.5,0.5,0.5,0.997582,0.795278,Valid,#NAME?
06:59.8,4215,59.1404,4.084397,1.163838,185.7388,39.2162,354.4425,0.545905,0,0,0,4.082032,1.159515,185.7524,0.157672,-0.773433,0.613955,4.318404,0.000029,186.6728,Road,0,0,0.5,0.5,0.5,0.5,0.798066,0.508978,Valid,#NAME?
06:59.8,4216,59.1513,4.084302,1.163258,185.7397,39.60711,354.4381,0.571434,0,0,0,4.081936,1.158841,185.7532,0.158231,-0.777406,0.608772,4.317796,0.000029,186.6606,Road,0,0,0.5,0.5,0.5,0.5,0.798066,0.508978,Valid,#NAME?
06:59.8,4217,59.1625,4.084294,1.163046,185.7402,39.87325,354.3828,0.528833,0,0,0,4.081922,1.158566,185.7537,0.157826,-0.779993,0.605559,4.316342,0.000029,186.6531,Road,0,0,0.5,0.5,0.5,0.5,0.510762,0.325746,Valid,#NAME?
06:59.8,4218,59.1737,4.08432,1.162919,185.741,40.22912,354.2852,0.474079,0,0,0,4.081933,1.158355,185.7545,0.156956,-0.781853,0.603383,4.314465,0.000029,186.6484,Road,0,0,0.5,0.5,0.5,0.5,0.510762,0.325746,Valid,#NAME?
06:59.8,4219,59.1848,4.084354,1.1625,185.7415,40.54472,354.1422,0.349719,0,0,0,4.081947,1.157863,185.755,0.155447,-0.785418,0.599129,4.311101,0.000029,186.6382,Road,0,0,0.5,0.5,0.5,0.5,0.209208,0.133426,Valid,#NAME?
06:59.8,4220,59.196,4.084186,1.161783,185.7419,40.96441,354.09,0.196767,0,0,0,4.081783,1.157048,185.7554,0.15492,-0.789621,0.593715,4.308784,0.000029,186.6253,Road,0,0,0.5,0.5,0.5,0.5,0.209208,0.133426,Valid,#NAME?
06:59.8,4221,59.2071,4.084025,1.161087,185.7423,41.2947,353.9418,359.992,0,0,0,4.08161,1.156277,185.7557,0.153093,-0.792773,0.589978,4.304892,0.000029,186.6161,Road,0,0,0.5,0.5,0.5,0.5,0.209208,0.133426,Valid,#NAME?
06:59.8,4222,59.2181,4.083819,1.160126,185.7425,41.4423,353.9268,359.8767,0,0,0,4.081412,1.155282,185.7558,0.152714,-0.794034,0.588379,4.303598,0.000029,186.6119,Road,0,0,0.5,0.5,0.5,0.5,0.107115,0,Valid,#NAME?
06:59.9,4223,59.2295,4.083751,1.159468,185.7427,41.58037,354.0273,359.9169,0,0,0,4.081366,1.154592,185.7561,0.154087,-0.79529,0.58632,4.305061,0.000029,186.6073,Road,0,0,0.5,0.5,0.5,0.5,0.107115,0,Valid,#NAME?
06:59.9,4224,59.2406,4.083803,1.15891,185.7432,41.74654,354.1214,359.8222,0,0,0,4.08145,1.153995,185.7565,0.15493,-0.796809,0.584031,4.305824,0.000029,186.6023,Road,0,0,0.5,0.5,0.5,0.5,0.189577,0,Valid,#NAME?
06:59.9,4225,59.2516,4.083858,1.157963,185.7434,41.96997,354.3283,359.7359,0,0,0,4.081562,1.152997,185.7568,0.157027,-0.798963,0.580517,4.308163,0.000029,186.5945,Road,0,0,0.5,0.5,0.5,0.5,0.189577,0,Valid,#NAME?
06:59.9,4226,59.2625,4.083879,1.156857,185.7438,42.38017,354.5498,359.8909,0,0,0,4.081625,1.151792,185.7571,0.160363,-0.80254,0.574642,4.311768,0.000029,186.5818,Road,0,0,0.5,0.5,0.5,0.5,0.189577,0,Valid,#NAME?
06:59.9,4227,59.2798,4.083975,1.155933,185.7442,42.96164,355.0278,359.891,0,0,0,4.081836,1.150732,185.7574,0.16585,-0.807866,0.56555,4.318067,0.000029,186.563,Road,0,0,0.5,0.5,0.5,0.5,0.565652,0.245438,Valid,#NAME?
06:59.9,4228,59.2872,4.084152,1.154804,185.7444,43.4398,355.316,359.7495,0,0,0,4.082096,1.149493,185.7576,0.168739,-0.812804,0.557564,4.320725,0.000029,186.5461,Road,0,0,0.5,0.5,0.5,0.5,0.565652,0.245438,Valid,#NAME?
06:59.9,4229,59.2959,4.084104,1.153724,185.7445,43.82898,355.2693,359.5555,0,0,0,4.082057,1.148324,185.7578,0.168047,-0.816987,0.551628,4.31825,0.000029,186.5331,Road,0,0,0.5,0.5,0.5,0.5,0.627231,0.389338,Valid,#NAME?
06:59.9,4230,59.307,4.084292,1.153056,185.7446,44.06763,355.3911,359.3407,0,0,0,4.082296,1.147603,185.7578,0.16872,-0.819718,0.547354,4.318497,0.000029,186.524,Road,0,0,0.5,0.5,0.5,0.5,0.627231,0.389338,Valid,#NAME?
06:59.9,4231,59.3181,4.084629,1.152302,185.7448,44.32607,355.2783,359.0365,0,0,0,4.082637,1.146792,185.7579,0.166849,-0.822856,0.543204,4.315163,0.000029,186.515,Road,0,0,0.5,0.5,0.5,0.5,0.627231,0.389338,Valid,#NAME?
07:00.0,4232,59.3295,4.084701,1.151476,185.7451,44.67542,355.4048,359.0857,0,0,0,4.082736,1.145885,185.7582,0.223615,-0.814842,0.534817,4.39719,0.000029,186.5103,Road,0,0,0.5,0.5,0.5,0.5,0.828619,0.682853,Valid,#NAME?
07:00.0,4233,59.3404,4.084805,1.150759,185.7457,45.13393,355.5732,359.0782,0,0,0,4.082884,1.145063,185.7588,0.225665,-0.818963,0.527613,4.398396,0.000029,186.4965,Road,0,0,0.5,0.5,0.5,0.5,0.828619,0.682853,Valid,#NAME?
07:00.0,4234,59.3514,4.085079,1.149977,185.7465,45.77292,355.8214,359.2474,0,0,0,4.083203,1.144132,185.7595,0.297652,-0.805058,0.513112,4.506208,0.000029,186.4887,Road,0,0,0.5,0.5,0.5,0.5,0.872297,0.682853,Valid,#NAME?
07:00.0,4235,59.3626,4.085388,1.149147,185.747,46.18903,356.1205,359.3378,0,0,0,4.083574,1.143205,185.76,0.364694,-0.785955,0.499273,4.614023,0.000029,186.4862,Road,0,0,0.5,0.5,0.5,0.5,0.872297,0.682853,Valid,#NAME?
07:00.0,4236,59.3736,4.085647,1.14881,185.7479,46.50868,356.1494,359.0576,0,0,0,4.083868,1.142799,185.7609,0.389456,-0.779914,0.489958,4.654518,0.000029,186.4788,Road,0,0,0.5,0.5,0.5,0.5,0.897309,0.682853,Valid,#NAME?
07:00.0,4237,59.3847,4.086095,1.148059,185.7489,46.88297,356.0937,358.9435,0,0,0,4.084317,1.141963,185.7619,0.388969,-0.783493,0.484605,4.651236,0.000029,186.4682,Road,0,0,0.5,0.5,0.5,0.5,0.897309,0.682853,Valid,#NAME?
07:00.0,4238,59.3961,4.086655,1.147205,185.7499,47.22,355.8491,358.8198,0,0,0,4.084835,1.141035,185.7628,0.419241,-0.772129,0.47755,4.704362,0.000029,186.4685,Road,0,0,0.5,0.5,0.5,0.5,0.907529,0.746282,Valid,#NAME?
07:00.0,4239,59.4072,4.087187,1.146632,185.7509,47.6341,355.6153,358.767,0,0,0,4.085323,1.140368,185.7637,0.424793,-0.771432,0.473755,4.713255,0.000029,186.4641,Road,0,0,0.5,0.5,0.5,0.5,0.907529,0.746282,Valid,#NAME?
07:00.0,4240,59.4183,4.087873,1.145815,185.7516,48.04258,355.0032,358.5729,0,0,0,4.085894,1.139461,185.7644,0.419628,-0.775589,0.471566,4.702376,0.000029,186.4572,Road,0,0,0.5,0.5,0.5,0.5,0.907529,0.746282,Valid,#NAME?
07:00.1,4241,59.4358,4.088593,1.144824,185.7524,48.38888,354.5928,358.8157,0,0,0,4.086503,1.138389,185.7652,0.430461,-0.764781,0.479389,4.727233,0.000029,186.4787,Road,0,0,0.5,0.5,0.5,0.5,0.907529,0.746282,Valid,#NAME?
07:00.1,4242,59.443,4.089329,1.144072,185.7535,48.69476,353.8882,358.5849,0,0,0,4.087108,1.137571,185.7661,0.424391,-0.76836,0.479077,4.715408,0.000029,186.4754,Road,0,0,0.5,0.5,0.5,0.5,0.907529,0.746282,Valid,#NAME?
07:00.1,4243,59.4513,4.090405,1.142975,185.7545,48.93557,352.8807,358.2594,0,0,0,4.087996,1.136423,185.7672,0.414441,-0.771001,0.483525,4.698847,0.000029,186.4798,Road,0,0,0.5,0.5,0.5,0.5,0.907529,0.746282,Valid,#NAME?
07:00.1,4244,59.4625,4.091355,1.141868,185.7556,49.18509,351.9165,357.8579,0,0,0,4.088774,1.135263,185.7682,0.405785,-0.775015,0.484449,4.683162,0.000029,186.4778,Road,0,0,0.5,0.5,0.5,0.5,0.907529,0.746282,Valid,#NAME?
07:00.1,4245,59.4739,4.092177,1.14097,185.757,49.44441,350.8633,357.7108,0,0,0,4.089383,1.13431,185.7695,0.394289,-0.775109,0.493702,4.666378,0.000029,186.492,Road,0,0,0.5,0.5,0.5,0.5,0.907529,0.746282,Valid,#NAME?
07:00.1,4246,59.4848,4.09266,1.139745,185.758,49.79877,350.1476,357.5445,0,0,0,4.089732,1.133007,185.7704,0.387372,-0.778034,0.494577,4.653825,0.000029,186.4906,Road,0,0,0.5,0.5,0.5,0.5,0.907529,0.746282,Valid,#NAME?
07:00.1,4247,59.4958,4.092688,1.138915,185.7586,49.92494,350.0187,357.9346,0,0,0,4.0897,1.132145,185.771,0.387335,-0.776912,0.496366,4.654123,0.000029,186.4943,Road,0,0,0.5,0.5,0.5,0.5,0.907529,0.746282,Valid,#NAME?
07:00.1,4248,59.507,4.092479,1.137882,185.7598,50.15516,349.8629,358.2732,0,0,0,4.089432,1.131058,185.7722,0.356191,-0.785966,0.505357,4.602,0.000029,186.4994,Road,0,0,0.5,0.5,0.5,0.5,0.907529,0.746282,Valid,#NAME?
07:00.1,4249,59.518,4.092394,1.136556,185.7609,50.36906,349.7323,358.2382,0,0,0,4.089325,1.129686,185.7732,0.355497,-0.787755,0.503055,4.599113,0.000029,186.4946,Road,0,0,0.5,0.5,0.5,0.5,0.907529,0.746282,Valid,#NAME?
07:00.2,4250,59.5291,4.092189,1.135123,185.7616,50.50441,350.0223,358.568,0,0,0,4.089156,1.128219,185.7739,0.343641,-0.792215,0.504288,4.578534,0.000029,186.4921,Road,0,0,0.5,0.5,0.5,0.5,0.907529,0.746282,Valid,#NAME?
07:00.2,4251,59.5405,4.091824,1.134224,185.7625,50.8171,350.4171,358.8769,0,0,0,4.088855,1.127249,185.7748,0.348412,-0.793137,0.499543,4.584023,0.000029,186.4847,Road,0,0,0.5,0.5,0.5,0.5,0.907529,0.746282,Valid,#NAME?
07:00.2,4252,59.5514,4.091751,1.132967,185.7629,51.06069,350.6757,358.9763,0,0,0,4.088833,1.125937,185.7751,0.312492,-0.809697,0.496728,4.523361,0.000029,186.4659,Road,0,0,0.5,0.5,0.5,0.5,0.907529,0.746282,Valid,#NAME?
07:00.2,4253,59.5623,4.091692,1.131607,185.763,51.39042,350.8589,358.9572,0,0,0,4.08882,1.124505,185.7752,0.189805,-0.849509,0.492248,4.340061,0.000029,186.4268,Road,0,0,0.5,0.5,0.5,0.5,0.907529,0.746282,Valid,#NAME?
07:00.2,4254,59.574,4.091359,1.13003,185.7626,51.91726,350.8126,358.9976,0,0,0,4.088486,1.122812,185.7747,0.190755,-0.853549,0.484836,4.339409,0.000029,186.4125,Road,0,0,0.5,0.5,0.5,0.5,0.907529,0.746282,Valid,#NAME?
07:00.2,4255,59.5908,4.09144,1.128647,185.7619,52.35691,350.556,358.8683,0,0,0,4.088532,1.121336,185.774,0.084822,-0.879773,0.467765,4.196641,0.000029,186.3702,Road,0,0,0.5,0.5,0.5,0.5,0.907529,0.746282,Valid,#NAME?
07:00.2,4256,59.5973,4.091545,1.127474,185.7612,52.74528,350.4813,358.9492,0,0,0,4.088622,1.120079,185.7732,-0.041182,-0.897139,0.439824,4.037206,0.000029,186.3223,Road,0,0,0.5,0.5,0.5,0.5,0.907529,0.746282,Valid,#NAME?
07:00.2,4257,59.6071,4.091594,1.12709,185.7601,53.13997,350.2797,358.9603,0,0,0,4.088637,1.119609,185.772,-0.041649,-0.90015,0.433586,4.036835,0.000029,186.3113,Road,0,0,0.5,0.5,0.5,0.5,0.907529,0.746282,Valid,#NAME?
07:00.2,4258,59.6181,4.091969,1.12501,185.759,53.55565,350.4195,359.2013,0,0,0,4.089028,1.117437,185.7709,-0.047286,-0.904357,0.424148,4.030602,0.000029,186.295,Road,0,0,0.5,0.5,0.5,0.5,0.907529,0.746282,Valid,#NAME?
07:00.3,4259,59.6293,4.092238,1.123437,185.7578,53.91018,350.7751,359.5898,0,0,0,4.089345,1.115786,185.7697,-0.042169,-0.907841,0.417189,4.037517,0.000029,186.2824,Road,0,0,0.5,0.5,0.5,0.5,0.907529,0.746282,Valid,#NAME?
07:00.3,4260,59.6422,4.092463,1.121867,185.7567,54.18942,351.4046,0.023358,0,0,0,4.089665,1.114152,185.7685,-0.034039,-0.914237,0.403748,4.048184,0.000029,186.2605,Road,0,0,0.5,0.5,0.5,0.5,0.907529,0.746282,Valid,#NAME?
07:00.3,4261,59.6522,4.092941,1.119598,185.7554,54.15568,351.7762,359.9114,0,0,0,4.090231,1.111892,185.7673,-0.03189,-0.914029,0.404394,4.051437,0.000029,186.2592,Road,0,0,0.5,0.5,0.5,0.5,0.907529,0.746282,Valid,#NAME?
07:00.3,4262,59.6627,4.093067,1.117728,185.7544,54.12624,351.9042,359.922,0,0,0,4.090382,1.110028,185.7663,-0.030322,-0.916112,0.399775,4.053642,0.000029,186.2506,Road,0,0,0.5,0.5,0.5,0.5,0.907529,0.746282,Valid,#NAME?
07:00.3,4263,59.6737,4.092764,1.116533,185.7535,54.28813,351.9667,359.9382,0,0,0,4.090094,1.108799,185.7654,-0.028349,-0.920847,0.388892,4.055959,0.000029,186.2336,Road,0,0,0.5,0.5,0.5,0.5,0.907529,0.746282,Valid,#NAME?
07:00.3,4264,59.6847,4.092784,1.115018,185.7525,54.39177,351.5965,359.5389,0,0,0,4.090075,1.107265,185.7644,-0.032124,-0.921653,0.386683,4.051481,0.000029,186.2289,Road,0,0,0.5,0.5,0.5,0.5,0.907529,0.746282,Valid,#NAME?
07:00.3,4265,59.6958,4.092813,1.113698,185.7517,54.51418,351.0818,359.4802,0,0,0,4.090005,1.10592,185.7635,-0.034639,-0.925095,0.378153,4.048595,0.000029,186.2155,Road,0,0,0.5,0.5,0.5,0.5,0.907529,0.746282,Valid,#NAME?
07:00.3,4266,59.707,4.092636,1.112608,185.7508,54.49621,350.6493,359.5201,0,0,0,4.092636,1.112608,185.7508,-0.09436,-0.814077,0.57304,3.963677,0.000029,186.534,Road,0,0,0.5,0.5,0.5,0.5,0.907529,0.746282,Invalid,#NAME?
07:00.3,4267,59.7186,4.092305,1.111291,185.7502,54.64384,351.0137,0.486472,0,0,0,4.092305,1.111291,185.7502,-0.090385,-0.815571,0.571555,3.969149,0.000029,186.5289,Road,0,0,0.5,0.5,0.5,0.5,0.907529,0.746282,Invalid,#NAME?
07:00.4,4268,59.7294,4.092455,1.109706,185.7491,54.44058,350.4235,0.12108,0,0,0,4.092455,1.109706,185.7491,-0.096749,-0.813513,0.573443,3.960483,0.000029,186.5313,Road,0,0,0.5,0.5,0.5,0.5,0.907529,0.746282,Invalid,#NAME?
07:00.4,4269,59.7465,4.092093,1.109262,185.749,54.93245,350.3068,0.325151,0,0,0,4.092093,1.109262,185.749,-0.096737,-0.818475,0.56634,3.960989,0.000029,186.5165,Road,0,0,0.5,0.5,0.5,0.5,0.907529,0.746282,Invalid,#NAME?
07:00.4,4270,59.7545,4.092138,1.109037,185.7489,54.91104,350.8441,0.931103,0,0,0,4.092138,1.109037,185.7489,-0.091471,-0.818261,0.567524,3.968165,0.000029,186.518,Road,0,0,0.5,0.5,0.5,0.5,0.907529,0.746282,Invalid,#NAME?
07:00.4,4271,59.7628,4.092085,1.108169,185.7484,55.06688,350.858,1.076988,0,0,0,4.092085,1.108169,185.7484,-0.090979,-0.819821,0.565346,3.96911,0.000029,186.5126,Road,0,0,0.5,0.5,0.5,0.5,0.907529,0.746282,Invalid,#NAME?
07:00.4,4272,59.7737,4.09192,1.107135,185.7473,55.36035,351.3956,1.556326,0,0,0,4.09192,1.107135,185.7473,-0.085041,-0.822743,0.562016,3.977485,0.000029,186.5036,Road,0,0,0.5,0.5,0.5,0.5,0.907529,0.746282,Invalid,#NAME?
07:00.4,4273,59.7846,4.091722,1.10654,185.7468,55.50519,351.949,1.974874,0,0,0,4.091722,1.10654,185.7468,-0.079318,-0.824177,0.56075,3.985233,0.000029,186.4996,Road,0,0,0.5,0.5,0.5,0.5,0.907529,0.746282,Invalid,#NAME?
07:00.4,4274,59.7959,4.091265,1.106385,185.7464,55.68181,352.3297,2.080223,0,0,0,4.091265,1.106385,185.7464,-0.07525,-0.825919,0.558744,3.990463,0.000029,186.4948,Road,0,0,0.5,0.5,0.5,0.5,0.907529,0.746282,Invalid,#NAME?
07:00.4,4275,59.8072,4.090787,1.105802,185.746,55.7879,352.5981,2.171546,0,0,0,4.090787,1.105802,185.746,-0.072435,-0.826962,0.557573,3.993929,0.000029,186.4916,Road,0,0,0.5,0.5,0.5,0.5,0.907529,0.746282,Invalid,#NAME?
07:00.4,4276,59.8184,4.089741,1.1052,185.7459,55.87592,352.6838,2.239064,0,0,0,4.089741,1.1052,185.7459,-0.071439,-0.827825,0.55642,3.994367,0.000029,186.4887,Road,0,0,0.5,0.5,0.5,0.5,0.907529,0.746282,Invalid,#NAME?
07:00.5,4277,59.8292,4.088411,1.104804,185.7457,55.91935,352.7671,2.224953,0,0,0,4.088411,1.104804,185.7457,-0.070551,-0.82825,0.5559,3.994305,0.000029,186.4872,Road,0,0,0.5,0.5,0.5,0.5,0.907529,0.746282,Invalid,#NAME?
07:00.5,4278,59.8402,4.087288,1.104101,185.7459,56.10481,352.6132,2.135112,0,0,0,4.087288,1.104101,185.7459,-0.071699,-0.830059,0.553047,3.991919,0.000029,186.4815,Road,0,0,0.5,0.5,0.5,0.5,0.907529,0.746282,Invalid,#NAME?
07:00.5,4279,59.8514,4.086177,1.103477,185.7459,56.27539,352.402,2.113022,0,0,0,4.086177,1.103477,185.7459,-0.07341,-0.831716,0.550327,3.988783,0.000029,186.476,Road,0,0,0.5,0.5,0.5,0.5,0.907529,0.746282,Invalid,#NAME?
07:00.5,4280,59.8627,4.084851,1.103264,185.7459,56.4101,352.2646,2.246247,0,0,0,4.084851,1.103264,185.7459,-0.074465,-0.833019,0.548211,3.98623,0.000029,186.4719,Road,0,0,0.5,0.5,0.5,0.5,0.907529,0.746282,Invalid,#NAME?
07:00.5,4281,59.8738,4.083691,1.102867,185.7459,56.57957,352.2209,2.536862,0,0,0,4.083691,1.102867,185.7459,-0.07455,-0.834651,0.54571,3.985186,0.000029,186.467,Road,0,0,0.5,0.5,0.5,0.5,0.907529,0.746282,Invalid,#NAME?
07:00.5,4282,59.8847,4.082818,1.102531,185.7462,56.76149,352.2601,2.830647,0,0,0,4.082818,1.102531,185.7462,-0.07382,-0.836396,0.543132,3.985511,0.000029,186.4621,Road,0,0,0.5,0.5,0.5,0.5,0.907529,0.746282,Invalid,#NAME?
07:00.5,4283,59.9021,4.081861,1.102528,185.7465,56.94715,352.253,3.066399,0,0,0,4.081861,1.102528,185.7465,-0.073521,-0.838168,0.540435,3.985153,0.000029,186.4574,Road,0,0,0.5,0.5,0.5,0.5,0.907529,0.746282,Invalid,#NAME?
07:00.5,4284,59.9092,4.081296,1.102445,185.747,57.05211,351.9062,3.009935,0,0,0,4.081296,1.102445,185.747,-0.076575,-0.839166,0.538459,3.980699,0.000029,186.4544,Road,0,0,0.5,0.5,0.5,0.5,0.907529,0.746282,Invalid,#NAME?
07:00.5,4285,59.9188,4.080751,1.102263,185.7477,57.53778,351.6988,3.13009,0,0,0,4.080751,1.102263,185.7477,-0.077494,-0.843746,0.53112,3.979517,0.000029,186.4415,Road,0,0,0.5,0.5,0.5,0.5,0.907529,0.746282,Invalid,#NAME?
07:00.6,4286,59.9309,4.080018,1.102413,185.7482,57.62304,350.9031,2.747089,0,0,0,4.080018,1.102413,185.7482,-0.084663,-0.844543,0.528752,3.969507,0.000029,186.4384,Road,0,0,0.5,0.5,0.5,0.5,0.907529,0.746282,Invalid,#NAME?
07:00.6,4287,59.9404,4.079554,1.102344,185.7488,57.88678,350.7055,3.00957,0,0,0,4.079554,1.102344,185.7488,-0.085857,-0.846999,0.524615,3.967815,0.000029,186.4315,Road,0,0,0.5,0.5,0.5,0.5,0.907529,0.746282,Invalid,#NAME?
07:00.6,4288,59.9514,4.079009,1.102355,185.7494,58.12357,350.2037,2.995907,0,0,0,4.079009,1.102355,185.7494,-0.089853,-0.849189,0.520389,3.962371,0.000029,186.4249,Road,0,0,0.5,0.5,0.5,0.5,0.907529,0.746282,Invalid,#NAME?
07:00.6,4289,59.9625,4.078363,1.102583,185.7499,58.35858,349.9185,3.1436,0,0,0,4.078363,1.102583,185.7499,-0.091831,-0.851348,0.516502,3.959435,0.000029,186.4188,Road,0,0,0.5,0.5,0.5,0.5,0.907529,0.746282,Invalid,#NAME?
07:00.6,4290,59.9737,4.07739,1.102379,185.7504,58.60305,350.0905,3.599821,0,0,0,4.07739,1.102379,185.7504,-0.089654,-0.853579,0.513192,3.961605,0.000029,186.4132,Road,0,0,0.5,0.5,0.5,0.5,0.907529,0.746282,Invalid,#NAME?
07:00.6,4291,59.9848,4.076228,1.102071,185.7509,58.8197,350.2362,3.956568,0,0,0,4.076228,1.102071,185.7509,-0.0878,-0.855542,0.510234,3.96313,0.000029,186.4081,Road,0,0,0.5,0.5,0.5,0.5,0.907529,0.746282,Invalid,#NAME?
07:00.6,4292,59.9959,4.07502,1.102018,185.7514,59.0412,350.4756,4.269395,0,0,0,4.071773,1.093258,185.7624,-0.004026,-0.955982,0.293399,4.067168,0.000029,186.098,Road,0,0,0.5,0.5,0.5,0.5,0.907529,0.746282,Valid,#NAME?
07:00.6,4293,60.0072,4.073742,1.101617,185.7519,59.23532,350.8625,4.708525,0,0,0,4.070536,1.092813,185.7629,0.000261,-0.956781,0.290811,4.070832,0.000029,186.095,Road,0,0,0.5,0.5,0.5,0.5,0.907529,0.746282,Valid,#NAME?
07:00.6,4294,60.0181,4.07257,1.101277,185.7522,59.3558,351.0388,5.014704,0,0,0,4.07257,1.101277,185.7522,-0.079394,-0.860349,0.503484,3.970944,0.000029,186.3967,Road,0,0,0.5,0.5,0.5,0.5,0.907529,0.746282,Invalid,#NAME?
07:00.7,4295,60.0297,4.071333,1.101194,185.7527,59.49728,351.4528,5.39817,0,0,0,4.071333,1.101194,185.7527,-0.075438,-0.861605,0.501942,3.974919,0.000029,186.3942,Road,0,0,0.5,0.5,0.5,0.5,0.907529,0.746282,Invalid,#NAME?
07:00.7,4296,60.0405,4.070699,1.10073,185.7533,59.65418,351.4229,5.467925,0,0,0,4.070699,1.10073,185.7533,-0.075349,-0.862992,0.499568,3.974595,0.000029,186.3904,Road,0,0,0.5,0.5,0.5,0.5,0.907529,0.746282,Invalid,#NAME?
07:00.7,4297,60.0571,4.070037,1.100337,185.7539,59.7723,351.5226,5.7525,0,0,0,4.070037,1.100337,185.7539,-0.074217,-0.864032,0.497937,3.975524,0.000029,186.388,Road,0,0,0.5,0.5,0.5,0.5,0.907529,0.746282,Invalid,#NAME?
07:00.7,4298,60.0647,4.069909,1.099938,185.7548,59.8441,350.9615,5.385115,0,0,0,4.069909,1.099938,185.7548,-0.078919,-0.864662,0.496117,3.969518,0.000029,186.3859,Road,0,0,0.5,0.5,0.5,0.5,0.907529,0.746282,Invalid,#NAME?
07:00.7,4299,60.0735,4.069726,1.099228,185.7558,59.84019,350.6494,5.528479,0,0,0,4.069726,1.099228,185.7558,-0.081629,-0.864628,0.495738,3.96595,0.000029,186.386,Road,0,0,0.5,0.5,0.5,0.5,0.907529,0.746282,Invalid,#NAME?
07:00.7,4300,60.0847,4.069626,1.098454,185.7568,59.86027,350.075,5.446652,0,0,0,4.069626,1.098454,185.7568,-0.086543,-0.864803,0.494596,3.959703,0.000029,186.385,Road,0,0,0.5,0.5,0.5,0.5,0.907529,0.746282,Invalid,#NAME?
07:00.7,4301,60.0961,4.069599,1.098025,185.7578,59.84602,349.4268,5.289816,0,0,0,4.069599,1.098025,185.7578,-0.092173,-0.864679,0.493797,3.952554,0.000029,186.3849,Road,0,0,0.5,0.5,0.5,0.5,0.907529,0.746282,Invalid,#NAME?
07:00.7,4302,60.107,4.069443,1.097384,185.7589,59.86224,348.8766,5.343934,0,0,0,4.069443,1.097384,185.7589,-0.096863,-0.864821,0.492649,3.946534,0.000029,186.384,Road,0,0,0.5,0.5,0.5,0.5,0.907529,0.746282,Invalid,#NAME?
07:00.7,4303,60.1181,4.069252,1.096697,185.7598,59.8487,348.1878,5.168823,0,0,0,4.069252,1.096697,185.7598,-0.10282,-0.864702,0.491649,3.938849,0.000029,186.3834,Road,0,0,0.5,0.5,0.5,0.5,0.907529,0.746282,Invalid,#NAME?
07:00.8,4304,60.1296,4.068953,1.096282,185.7606,59.83149,347.6178,5.1237,0,0,0,4.068953,1.096282,185.7606,-0.107762,-0.864551,0.490855,3.932309,0.000029,186.383,Road,0,0,0.5,0.5,0.5,0.5,0.907529,0.746282,Invalid,#NAME?
07:00.8,4305,60.1403,4.068509,1.095739,185.7614,59.81813,347.2652,5.305113,0,0,0,4.068509,1.095739,185.7614,-0.110825,-0.864434,0.490379,3.928033,0.000029,186.3829,Road,0,0,0.5,0.5,0.5,0.5,0.907529,0.746282,Invalid,#NAME?
07:00.8,4306,60.1513,4.068119,1.095204,185.7622,59.85805,346.4792,4.625182,0,0,0,4.068119,1.095204,185.7622,-0.1174,-0.864784,0.488227,3.919442,0.000029,186.3805,Road,0,0,0.5,0.5,0.5,0.5,0.907529,0.746282,Invalid,#NAME?
07:00.8,4307,60.1625,4.067721,1.094657,185.763,59.89386,345.6772,3.931082,0,0,0,4.067721,1.094657,185.763,-0.124089,-0.865098,0.486012,3.910708,0.000029,186.3779,Road,0,0,0.5,0.5,0.5,0.5,0.907529,0.746282,Invalid,#NAME?
07:00.8,4308,60.1735,4.066906,1.095243,185.7634,59.92446,345.6735,4.367345,0,0,0,4.066906,1.095243,185.7634,-0.124006,-0.865366,0.485557,3.909962,0.000029,186.3779,Road,0,0,0.5,0.5,0.5,0.5,0.907529,0.746282,Invalid,#NAME?
07:00.8,4309,60.1848,4.066417,1.095159,185.7638,59.90032,346.059,5.586918,0,0,0,4.066417,1.095159,185.7638,-0.120825,-0.865154,0.486734,3.913474,0.000029,186.3799,Road,0,0,0.5,0.5,0.5,0.5,0.907529,0.746282,Invalid,#NAME?
07:00.8,4310,60.196,4.066133,1.095402,185.7643,59.89075,345.6215,5.617789,0,0,0,4.066133,1.095402,185.7643,-0.124573,-0.865071,0.485937,3.908395,0.000029,186.3796,Road,0,0,0.5,0.5,0.5,0.5,0.907529,0.746282,Invalid,#NAME?
07:00.8,4311,60.2131,4.066054,1.095265,185.7647,59.82075,345.3426,5.702504,0,0,0,4.066054,1.095265,185.7647,-0.127205,-0.864457,0.486347,3.90489,0.000029,186.3809,Road,0,0,0.5,0.5,0.5,0.5,0.907529,0.746282,Invalid,#NAME?
07:00.8,4312,60.2214,4.065987,1.095035,185.7655,59.74064,345.0845,5.870475,0,0,0,4.065987,1.095035,185.7655,-0.129705,-0.863753,0.486937,3.901555,0.000029,186.3828,Road,0,0,0.5,0.5,0.5,0.5,0.907529,0.746282,Invalid,#NAME?
07:00.9,4313,60.2292,4.065873,1.094697,185.7661,59.64227,344.835,5.929821,0,0,0,4.065873,1.094697,185.7661,-0.132212,-0.862887,0.487798,3.898147,0.000029,186.3849,Road,0,0,0.5,0.5,0.5,0.5,0.907529,0.746282,Invalid,#NAME?
07:00.9,4314,60.2404,4.065696,1.094767,185.7666,59.63386,344.5731,5.788238,0,0,0,4.065696,1.094767,185.7666,-0.134474,-0.862813,0.487311,3.895074,0.000029,186.3849,Road,0,0,0.5,0.5,0.5,0.5,0.907529,0.746282,Invalid,#NAME?
07:00.9,4315,60.2515,4.065477,1.094377,185.7667,59.39708,344.3998,5.639143,0,0,0,4.065477,1.094377,185.7667,-0.136905,-0.860716,0.490331,3.89141,0.000029,186.3901,Road,0,0,0.5,0.5,0.5,0.5,0.907529,0.746282,Invalid,#NAME?
07:00.9,4316,60.2626,4.065429,1.094253,185.7669,59.14057,344.071,5.648014,0,0,0,4.065429,1.094253,185.7669,-0.140773,-0.858428,0.493238,3.885988,0.000029,186.3956,Road,0,0,0.5,0.5,0.5,0.5,0.907529,0.746282,Invalid,#NAME?
07:00.9,4317,60.2738,4.065487,1.093951,185.7672,58.91594,343.9066,5.678705,0,0,0,4.065487,1.093951,185.7672,-0.143119,-0.856411,0.496062,3.882676,0.000029,186.4008,Road,0,0,0.5,0.5,0.5,0.5,0.907529,0.746282,Invalid,#NAME?
07:00.9,4318,60.2848,4.065529,1.093695,185.7676,58.72122,343.8712,5.818248,0,0,0,4.065529,1.093695,185.7676,-0.144233,-0.854651,0.498767,3.880958,0.000029,186.4058,Road,0,0,0.5,0.5,0.5,0.5,0.907529,0.746282,Invalid,#NAME?
07:00.9,4319,60.296,4.065696,1.093418,185.7681,58.53204,343.5832,5.671489,0,0,0,4.065696,1.093418,185.7681,-0.147535,-0.852932,0.500739,3.876568,0.000029,186.41,Road,0,0,0.5,0.5,0.5,0.5,0.907529,0.746282,Invalid,#NAME?
07:00.9,4320,60.307,4.06607,1.093317,185.7686,58.32464,343.6799,5.92735,0,0,0,4.06607,1.093317,185.7686,-0.147556,-0.851037,0.503948,3.876511,0.000029,186.416,Road,0,0,0.5,0.5,0.5,0.5,0.907529,0.746282,Invalid,#NAME?
07:00.9,4321,60.3183,4.066361,1.092967,185.769,58.12727,343.6535,6.08606,0,0,0,4.066361,1.092967,185.769,-0.148613,-0.849223,0.50669,3.875098,0.000029,186.4211,Road,0,0,0.5,0.5,0.5,0.5,0.907529,0.746282,Invalid,#NAME?
07:01.0,4322,60.3295,4.066782,1.092893,185.7694,57.94188,343.4104,5.919219,0,0,0,4.066782,1.092893,185.7694,-0.151545,-0.84751,0.508686,3.871364,0.000029,186.4253,Road,0,0,0.5,0.5,0.5,0.5,0.907529,0.746282,Invalid,#NAME?
07:01.0,4323,60.3405,4.067276,1.092585,185.7698,57.83398,343.1721,5.927207,0,0,0,4.067276,1.092585,185.7698,-0.154122,-0.846509,0.509577,3.868357,0.000029,186.4275,Road,0,0,0.5,0.5,0.5,0.5,0.907529,0.746282,Invalid,#NAME?
07:01.0,4324,60.3513,4.067892,1.09237,185.7702,57.69466,342.7157,5.572074,0,0,0,4.067892,1.09237,185.7702,-0.158786,-0.845212,0.510298,3.862678,0.000029,186.4297,Road,0,0,0.5,0.5,0.5,0.5,0.907529,0.746282,Invalid,#NAME?
07:01.0,4325,60.3689,4.068431,1.092173,185.7708,57.63118,342.3478,5.536027,0,0,0,4.068431,1.092173,185.7708,-0.162344,-0.844619,0.51016,3.85851,0.000029,186.4305,Road,0,0,0.5,0.5,0.5,0.5,0.907529,0.746282,Invalid,#NAME?
07:01.0,4326,60.3764,4.069091,1.092229,185.7712,57.52036,342.0881,5.404727,0,0,0,4.069091,1.092229,185.7712,-0.165156,-0.843582,0.510972,3.855259,0.000029,186.4328,Road,0,0,0.5,0.5,0.5,0.5,0.907529,0.746282,Invalid,#NAME?
07:01.0,4327,60.3847,4.069562,1.09217,185.7717,57.55529,341.9522,5.478326,0,0,0,4.069562,1.09217,185.7717,-0.166208,-0.843909,0.51009,3.854464,0.000029,186.4318,Road,0,0,0.5,0.5,0.5,0.5,0.907529,0.746282,Invalid,#NAME?
07:01.0,4328,60.3957,4.070047,1.092059,185.7721,57.44521,341.8118,5.364316,0,0,0,4.070047,1.092059,185.7721,-0.167964,-0.842877,0.51122,3.852434,0.000029,186.4344,Road,0,0,0.5,0.5,0.5,0.5,0.907529,0.746282,Invalid,#NAME?
07:01.0,4329,60.4072,4.070509,1.092249,185.7726,57.39855,341.8371,5.543439,0,0,0,4.070509,1.092249,185.7726,-0.167952,-0.842439,0.511946,3.852759,0.000029,186.4363,Road,0,0,0.5,0.5,0.5,0.5,0.907529,0.746282,Invalid,#NAME?
07:01.0,4330,60.4183,4.070812,1.092201,185.7731,57.33867,341.8624,5.542176,0,0,0,4.070812,1.092201,185.7731,-0.168,-0.841875,0.512857,3.852864,0.000029,186.4384,Road,0,0,0.5,0.5,0.5,0.5,0.907529,0.746282,Invalid,#NAME?
07:01.1,4331,60.4291,4.071007,1.09216,185.7736,57.35236,341.9653,5.550396,0,0,0,4.071007,1.09216,185.7736,-0.167017,-0.842004,0.512967,3.854375,0.000029,186.4389,Road,0,0,0.5,0.5,0.5,0.5,0.907529,0.746282,Invalid,#NAME?
07:01.1,4332,60.4404,4.071147,1.092332,185.7742,57.37231,342.0961,5.542593,0,0,0,4.071147,1.092332,185.7742,-0.165755,-0.842192,0.513068,3.856166,0.000029,186.4396,Road,0,0,0.5,0.5,0.5,0.5,0.907529,0.746282,Invalid,#NAME?
07:01.1,4333,60.4514,4.071319,1.092193,185.7747,57.37505,342.0324,5.301753,0,0,0,4.071319,1.092193,185.7747,-0.166313,-0.842218,0.512845,3.855648,0.000029,186.4397,Road,0,0,0.5,0.5,0.5,0.5,0.907529,0.746282,Invalid,#NAME?
07:01.1,4334,60.4627,4.071215,1.091916,185.7751,57.46635,342.2633,5.394729,0,0,0,4.071215,1.091916,185.7751,-0.163836,-0.843076,0.512232,3.859027,0.000029,186.4385,Road,0,0,0.5,0.5,0.5,0.5,0.907529,0.746282,Invalid,#NAME?
07:01.1,4335,60.4737,4.071404,1.091955,185.7756,57.52061,341.9144,4.878295,0,0,0,4.071404,1.091955,185.7756,-0.166704,-0.843585,0.510465,3.855625,0.000029,186.4363,Road,0,0,0.5,0.5,0.5,0.5,0.907529,0.746282,Invalid,#NAME?
07:01.1,4336,60.4848,4.071556,1.091644,185.7762,57.56238,341.7207,4.61399,0,0,0,4.071556,1.091644,185.7762,-0.168235,-0.843976,0.509314,3.853957,0.000029,186.435,Road,0,0,0.5,0.5,0.5,0.5,0.907529,0.746282,Invalid,#NAME?
07:01.1,4337,60.4959,4.071885,1.091441,185.7771,57.65622,341.4339,4.303197,0,0,0,4.071885,1.091441,185.7771,-0.170342,-0.844853,0.507155,3.85183,0.000029,186.4323,Road,0,0,0.5,0.5,0.5,0.5,0.907529,0.746282,Invalid,#NAME?
07:01.1,4338,60.507,4.072473,1.091651,185.7782,57.75907,341.1336,4.05655,0,0,0,4.072473,1.091651,185.7782,-0.172507,-0.845812,0.50482,3.849831,0.000029,186.4297,Road,0,0,0.5,0.5,0.5,0.5,0.907529,0.746282,Invalid,#NAME?
07:01.1,4339,60.5245,4.073072,1.09134,185.7795,57.88173,340.9309,3.823947,0,0,0,4.073072,1.09134,185.7795,-0.1737,-0.846952,0.502494,3.849256,0.000029,186.4269,Road,0,0,0.5,0.5,0.5,0.5,0.907529,0.746282,Invalid,#NAME?
07:01.2,4340,60.5321,4.073908,1.091146,185.7811,58.02582,340.4754,3.415081,0,0,0,4.073908,1.091146,185.7811,-0.176978,-0.848287,0.499088,3.846268,0.000029,186.4231,Road,0,0,0.5,0.5,0.5,0.5,0.907529,0.746282,Invalid,#NAME?
07:01.2,4341,60.5405,4.074523,1.091209,185.7823,58.12657,340.4101,3.256796,0,0,0,4.074523,1.091209,185.7823,-0.177046,-0.849217,0.49748,3.847032,0.000029,186.4215,Road,0,0,0.5,0.5,0.5,0.5,0.907529,0.746282,Invalid,#NAME?
07:01.2,4342,60.5515,4.075346,1.091033,185.7839,58.18433,339.9826,2.947854,0,0,0,4.075346,1.091033,185.7839,-0.180459,-0.849748,0.49534,3.843651,0.000029,186.4198,Road,0,0,0.5,0.5,0.5,0.5,0.907529,0.746282,Invalid,#NAME?
07:01.2,4343,60.5625,4.076154,1.090794,185.7855,58.29465,339.7143,2.695248,0,0,0,4.076154,1.090794,185.7855,-0.18221,-0.850762,0.492954,3.842541,0.000029,186.4175,Road,0,0,0.5,0.5,0.5,0.5,0.907529,0.746282,Invalid,#NAME?
07:01.2,4344,60.5735,4.07705,1.090766,185.7871,58.4059,339.6075,2.593873,0,0,0,4.07705,1.090766,185.7871,-0.182552,-0.851781,0.491064,3.843285,0.000029,186.4159,Road,0,0,0.5,0.5,0.5,0.5,0.907529,0.746282,Invalid,#NAME?
07:01.2,4345,60.5847,4.078016,1.090312,185.7888,58.53774,339.5143,2.529633,0,0,0,4.078016,1.090312,185.7888,-0.182664,-0.852984,0.488929,3.844535,0.000029,186.4138,Road,0,0,0.5,0.5,0.5,0.5,0.907529,0.746282,Invalid,#NAME?
07:01.2,4346,60.5964,4.078732,1.089935,185.7904,58.74489,339.4343,2.379425,0,0,0,4.078732,1.089935,185.7904,-0.182262,-0.854866,0.485783,3.846357,0.000029,186.4097,Road,0,0,0.5,0.5,0.5,0.5,0.907529,0.746282,Invalid,#NAME?
07:01.2,4347,60.6071,4.079247,1.089881,185.7913,58.8344,339.3487,2.228862,0,0,0,4.079247,1.089881,185.7913,-0.182517,-0.855675,0.48426,3.846779,0.000029,186.4081,Road,0,0,0.5,0.5,0.5,0.5,0.907529,0.746282,Invalid,#NAME?
07:01.2,4348,60.6182,4.080112,1.089546,185.7929,58.96995,339.0465,1.874186,0,0,0,4.080112,1.089546,185.7929,-0.184344,-0.856897,0.481399,3.845725,0.000029,186.405,Road,0,0,0.5,0.5,0.5,0.5,0.907529,0.746282,Invalid,#NAME?
07:01.3,4349,60.6295,4.080915,1.089202,185.7947,59.13516,338.943,1.682811,0,0,0,4.080915,1.089202,185.7947,-0.184324,-0.85838,0.478757,3.847031,0.000029,186.4021,Road,0,0,0.5,0.5,0.5,0.5,0.907529,0.746282,Invalid,#NAME?
07:01.3,4350,60.6406,4.081902,1.089296,185.7965,59.22051,338.884,1.528418,0,0,0,4.081902,1.089296,185.7965,-0.184357,-0.859143,0.477374,3.848164,0.000029,186.4017,Road,0,0,0.5,0.5,0.5,0.5,0.907529,0.746282,Invalid,#NAME?
07:01.3,4351,60.6514,4.082875,1.089176,185.7984,59.30331,338.4364,1.081989,0,0,0,4.082875,1.089176,185.7984,-0.187624,-0.859882,0.474764,3.845226,0.000029,186.3997,Road,0,0,0.5,0.5,0.5,0.5,0.907529,0.746282,Invalid,#NAME?
07:01.3,4352,60.6627,4.083804,1.089046,185.8004,59.40313,338.2333,0.891373,0,0,0,4.083804,1.089046,185.8004,-0.188749,-0.86077,0.472704,3.845004,0.000029,186.3984,Road,0,0,0.5,0.5,0.5,0.5,0.907529,0.746282,Invalid,#NAME?
07:01.3,4353,60.6802,4.08503,1.089181,185.8031,59.54877,337.959,0.594384,0,0,0,4.08503,1.089181,185.8031,-0.190188,-0.862061,0.469765,3.84474,0.000029,186.3966,Road,0,0,0.5,0.5,0.5,0.5,0.907529,0.746282,Invalid,#NAME?
07:01.3,4354,60.6874,4.085738,1.089054,185.805,59.63308,337.7357,0.376756,0,0,0,4.085738,1.089054,185.805,-0.191537,-0.862806,0.467846,3.843982,0.000029,186.3955,Road,0,0,0.5,0.5,0.5,0.5,0.907529,0.746282,Invalid,#NAME?
07:01.3,4355,60.696,4.086446,1.088923,185.8069,59.66737,337.4229,0.084458,0,0,0,4.086446,1.088923,185.8069,-0.19389,-0.863108,0.466317,3.841834,0.000029,186.3952,Road,0,0,0.5,0.5,0.5,0.5,0.907529,0.746282,Invalid,#NAME?
07:01.3,4356,60.7068,4.087194,1.089215,185.8092,59.69752,337.0566,359.7771,0,0,0,4.087194,1.089215,185.8092,-0.19669,-0.863374,0.464649,3.83906,0.000029,186.3954,Road,0,0,0.5,0.5,0.5,0.5,0.907529,0.746282,Invalid,#NAME?
07:01.3,4357,60.7181,4.087995,1.088893,185.8111,59.74173,336.8079,359.5822,0,0,0,4.087995,1.088893,185.8111,-0.198443,-0.863763,0.463179,3.837836,0.000029,186.395,Road,0,0,0.5,0.5,0.5,0.5,0.907529,0.746282,Invalid,#NAME?
07:01.4,4358,60.7295,4.088911,1.088769,185.8132,59.75021,336.4736,359.3839,0,0,0,4.088911,1.088769,185.8132,-0.201091,-0.863837,0.461895,3.835464,0.000029,186.3954,Road,0,0,0.5,0.5,0.5,0.5,0.907529,0.746282,Invalid,#NAME?
07:01.4,4359,60.7402,4.09001,1.089054,185.8156,59.77253,336.2895,359.3023,0,0,0,4.09001,1.089054,185.8156,-0.202439,-0.864034,0.460939,3.834856,0.000029,186.3966,Road,0,0,0.5,0.5,0.5,0.5,0.907529,0.746282,Invalid,#NAME?
07:01.4,4360,60.7516,4.090967,1.088973,185.8177,59.73925,336.0805,359.1181,0,0,0,4.090967,1.088973,185.8177,-0.204322,-0.863741,0.460656,3.833371,0.000029,186.3984,Road,0,0,0.5,0.5,0.5,0.5,0.907529,0.746282,Invalid,#NAME?
07:01.4,4361,60.7628,4.09199,1.088927,185.8199,59.73765,335.9225,358.868,0,0,0,4.09199,1.088927,185.8199,-0.205602,-0.863727,0.460113,3.832787,0.000029,186.4,Road,0,0,0.5,0.5,0.5,0.5,0.907529,0.746282,Invalid,#NAME?
07:01.4,4362,60.7739,4.09304,1.088879,185.8223,59.7355,335.76,358.6109,0,0,0,4.09304,1.088879,185.8223,-0.206919,-0.863708,0.459557,3.832184,0.000029,186.4016,Road,0,0,0.5,0.5,0.5,0.5,0.907529,0.746282,Invalid,#NAME?
07:01.4,4363,60.7847,4.094636,1.089495,185.8249,59.72744,335.5743,358.5909,0,0,0,4.094636,1.089495,185.8249,-0.208458,-0.863637,0.458995,3.831669,0.000029,186.4039,Road,0,0,0.5,0.5,0.5,0.5,0.907529,0.746282,Invalid,#NAME?
07:01.4,4364,60.7958,4.096056,1.089632,185.8271,59.60508,335.1475,358.4366,0,0,0,4.096056,1.089632,185.8271,-0.212646,-0.862559,0.459102,3.827437,0.000029,186.407,Road,0,0,0.5,0.5,0.5,0.5,0.907529,0.746282,Invalid,#NAME?
07:01.4,4365,60.807,4.097443,1.089724,185.8293,59.55586,334.8498,358.2172,0,0,0,4.097443,1.089724,185.8293,-0.215343,-0.862123,0.458662,3.825256,0.000029,186.409,Road,0,0,0.5,0.5,0.5,0.5,0.907529,0.746282,Invalid,#NAME?
07:01.4,4366,60.8192,4.098655,1.089602,185.8314,59.50219,334.4955,357.9261,0,0,0,4.098655,1.089602,185.8314,-0.218523,-0.861649,0.45805,3.822328,0.000029,186.4106,Road,0,0,0.5,0.5,0.5,0.5,0.907529,0.746282,Invalid,#NAME?
07:01.5,4367,60.8355,4.09962,1.089732,185.8331,59.41721,334.1128,357.664,0,0,0,4.09962,1.089732,185.8331,-0.222135,-0.860895,0.457729,3.818445,0.000029,186.4125,Road,0,0,0.5,0.5,0.5,0.5,0.907529,0.746282,Invalid,#NAME?
07:01.5,4368,60.8427,4.100594,1.089751,185.835,59.32782,333.7047,357.4211,0,0,0,4.100594,1.089751,185.835,-0.225985,-0.8601,0.457339,3.814277,0.000029,186.4144,Road,0,0,0.5,0.5,0.5,0.5,0.907529,0.746282,Invalid,#NAME?
07:01.5,4369,60.8513,4.101348,1.08973,185.8365,59.15237,333.5412,357.3882,0,0,0,4.101348,1.08973,185.8365,-0.228461,-0.858534,0.459048,3.811372,0.000029,186.4192,Road,0,0,0.5,0.5,0.5,0.5,0.907529,0.746282,Invalid,#NAME?
07:01.5,4370,60.8625,4.102132,1.089731,185.8381,59.00636,333.4925,357.4203,0,0,0,4.102132,1.089731,185.8381,-0.229827,-0.857225,0.46081,3.809976,0.000029,186.4239,Road,0,0,0.5,0.5,0.5,0.5,0.907529,0.746282,Invalid,#NAME?
07:01.5,4371,60.8736,4.102971,1.090239,185.8397,58.85043,333.6567,357.5985,0,0,0,4.102971,1.090239,185.8397,-0.22954,-0.85582,0.463556,3.810565,0.000029,186.4302,Road,0,0,0.5,0.5,0.5,0.5,0.907529,0.746282,Invalid,#NAME?
07:01.5,4372,60.8849,4.10337,1.090168,185.8408,58.74033,333.7904,357.7119,0,0,0,4.10337,1.090168,185.8408,-0.229183,-0.854824,0.465565,3.811097,0.000029,186.4345,Road,0,0,0.5,0.5,0.5,0.5,0.907529,0.746282,Invalid,#NAME?
07:01.5,4373,60.8959,4.103823,1.090256,185.8422,58.5326,333.9985,357.8817,0,0,0,4.103823,1.090256,185.8422,-0.228848,-0.852937,0.469177,3.811308,0.000029,186.4419,Road,0,0,0.5,0.5,0.5,0.5,0.907529,0.746282,Invalid,#NAME?
07:01.5,4374,60.9068,4.104378,1.090559,185.8436,58.35556,334.1812,357.9068,0,0,0,4.104378,1.090559,185.8436,-0.228498,-0.85132,0.472274,3.811675,0.000029,186.4486,Road,0,0,0.5,0.5,0.5,0.5,0.907529,0.746282,Invalid,#NAME?
07:01.5,4375,60.918,4.104836,1.090719,185.8449,58.10996,334.2358,357.8679,0,0,0,4.104836,1.090719,185.8449,-0.229631,-0.849064,0.475774,3.809856,0.000029,186.4561,Road,0,0,0.5,0.5,0.5,0.5,0.907529,0.746282,Invalid,#NAME?
07:01.6,4376,60.9292,4.105317,1.091047,185.8462,57.92392,334.1943,357.715,0,0,0,4.105317,1.091047,185.8462,-0.231175,-0.847344,0.478087,3.807662,0.000029,186.4618,Road,0,0,0.5,0.5,0.5,0.5,0.907529,0.746282,Invalid,#NAME?
07:01.6,4377,60.9402,4.105799,1.091173,185.8476,57.69072,333.9632,357.5577,0,0,0,4.105799,1.091173,185.8476,-0.234613,-0.845175,0.480245,3.802906,0.000029,186.4676,Road,0,0,0.5,0.5,0.5,0.5,0.907529,0.746282,Invalid,#NAME?
07:01.6,4378,60.9513,4.106173,1.091208,185.8488,57.46673,333.6411,357.2586,0,0,0,4.106173,1.091208,185.8488,-0.238775,-0.843079,0.481876,3.797132,0.000029,186.4725,Road,0,0,0.5,0.5,0.5,0.5,0.907529,0.746282,Invalid,#NAME?
07:01.6,4379,60.9625,4.106553,1.091264,185.8502,57.25732,333.2469,357.0678,0,0,0,4.106553,1.091264,185.8502,-0.243469,-0.841108,0.48297,3.790681,0.000029,186.4768,Road,0,0,0.5,0.5,0.5,0.5,0.907529,0.746282,Invalid,#NAME?
07:01.6,4380,60.9735,4.107055,1.091606,185.8512,57.06385,332.978,357.0089,0,0,0,4.107055,1.091606,185.8512,-0.247022,-0.839277,0.484349,3.785773,0.000029,186.4811,Road,0,0,0.5,0.5,0.5,0.5,0.907529,0.746282,Invalid,#NAME?
07:01.6,4381,60.9911,4.107485,1.091516,185.8524,56.85041,332.7278,356.9622,0,0,0,4.107485,1.091516,185.8524,-0.250566,-0.837246,0.486041,3.78083,0.000029,186.4861,Road,0,0,0.5,0.5,0.5,0.5,0.907529,0.746282,Invalid,#NAME?
07:01.6,4382,60.998,4.107736,1.091432,185.8534,56.7006,332.544,357.0357,0,0,0,4.107736,1.091432,185.8534,-0.253132,-0.835813,0.487176,3.777195,0.000029,186.4896,Road,0,0,0.5,0.5,0.5,0.5,0.907529,0.746282,Invalid,#NAME?
07:01.6,4383,61.0069,4.108166,1.091491,185.8548,56.51173,332.3699,357.1766,0,0,0,4.108166,1.091491,185.8548,-0.255888,-0.833999,0.488843,3.773283,0.000029,186.4945,Road,0,0,0.5,0.5,0.5,0.5,0.907529,0.746282,Invalid,#NAME?
07:01.6,4384,61.018,4.108618,1.091405,185.8565,56.29317,332.1134,357.2449,0,0,0,4.108618,1.091405,185.8565,-0.25956,-0.831888,0.490501,3.768093,0.000029,186.5,Road,0,0,0.5,0.5,0.5,0.5,0.907529,0.746282,Invalid,#NAME?
07:01.7,4385,61.0292,4.108997,1.091249,185.8579,56.15734,331.9444,357.2616,0,0,0,4.108997,1.091249,185.8579,-0.261932,-0.83057,0.491472,3.764865,0.000029,186.5036,Road,0,0,0.5,0.5,0.5,0.5,0.907529,0.746282,Invalid,#NAME?
07:01.7,4386,61.0402,4.109442,1.091314,185.8592,56.04842,331.9785,357.5401,0,0,0,4.109442,1.091314,185.8592,-0.262381,-0.82951,0.493021,3.764258,0.000029,186.5078,Road,0,0,0.5,0.5,0.5,0.5,0.907529,0.746282,Invalid,#NAME?
07:01.7,4387,61.0513,4.10972,1.091068,185.8606,55.92671,331.9683,357.7081,0,0,0,4.10972,1.091068,185.8606,-0.263297,-0.828322,0.494528,3.762914,0.000029,186.5119,Road,0,0,0.5,0.5,0.5,0.5,0.907529,0.746282,Invalid,#NAME?
07:01.7,4388,61.0628,4.109965,1.09081,185.862,55.84963,331.9284,357.8539,0,0,0,4.109965,1.09081,185.862,-0.264165,-0.827567,0.495328,3.76178,0.000029,186.5149,Road,0,0,0.5,0.5,0.5,0.5,0.907529,0.746282,Invalid,#NAME?
07:01.7,4389,61.0737,4.110302,1.090792,185.8634,55.77071,331.9641,358.0301,0,0,0,4.110302,1.090792,185.8634,-0.264392,-0.826793,0.496498,3.761497,0.000029,186.5184,Road,0,0,0.5,0.5,0.5,0.5,0.907529,0.746282,Invalid,#NAME?
07:01.7,4390,61.0849,4.110494,1.090449,185.8649,55.64956,331.9929,358.2128,0,0,0,4.110494,1.090449,185.8649,-0.264963,-0.825602,0.498173,3.760542,0.000029,186.5229,Road,0,0,0.5,0.5,0.5,0.5,0.907529,0.746282,Invalid,#NAME?
07:01.7,4391,61.0957,4.110576,1.090164,185.8665,55.57288,331.8451,358.2765,0,0,0,4.110576,1.090164,185.8665,-0.266768,-0.824846,0.498462,3.758008,0.000029,186.5253,Road,0,0,0.5,0.5,0.5,0.5,0.907529,0.746282,Invalid,#NAME?
07:01.7,4392,61.1069,4.110762,1.090117,185.8683,55.53383,331.9639,358.6464,0,0,0,4.110762,1.090117,185.8683,-0.265998,-0.824461,0.49951,3.759063,0.000029,186.5287,Road,0,0,0.5,0.5,0.5,0.5,0.907529,0.746282,Invalid,#NAME?
07:01.7,4393,61.1179,4.110861,1.089765,185.8702,55.45223,331.9816,358.9516,0,0,0,4.110861,1.089765,185.8702,-0.266395,-0.823654,0.500628,3.758406,0.000029,186.5325,Road,0,0,0.5,0.5,0.5,0.5,0.907529,0.746282,Invalid,#NAME?
07:01.8,4394,61.1293,4.110983,1.089357,185.872,55.34655,332.0332,359.2543,0,0,0,4.110983,1.089357,185.872,-0.266656,-0.822606,0.502209,3.757865,0.000029,186.5371,Road,0,0,0.5,0.5,0.5,0.5,0.907529,0.746282,Invalid,#NAME?
07:01.8,4395,61.1462,4.111081,1.088943,185.8743,55.19341,331.8515,359.2336,0,0,0,4.111081,1.088943,185.8743,-0.269284,-0.821084,0.503297,3.753959,0.000029,186.5418,Road,0,0,0.5,0.5,0.5,0.5,0.907529,0.746282,Invalid,#NAME?
07:01.8,4396,61.1527,4.110937,1.088211,185.8767,55.06474,332.0461,359.6827,0,0,0,4.110937,1.088211,185.8767,-0.268436,-0.8198,0.505837,3.754621,0.000029,186.5481,Road,0,0,0.5,0.5,0.5,0.5,0.907529,0.746282,Invalid,#NAME?
07:01.8,4397,61.1624,4.110762,1.087495,185.8794,54.85645,331.932,359.8209,0,0,0,4.110762,1.087495,185.8794,-0.270844,-0.817712,0.507927,3.75057,0.000029,186.5548,Road,0,0,0.5,0.5,0.5,0.5,0.907529,0.746282,Invalid,#NAME?
07:01.8,4398,61.1736,4.110532,1.086877,185.8822,54.66347,331.8563,0.115429,0,0,0,4.110532,1.086877,185.8822,-0.272812,-0.815769,0.509995,3.747065,0.000029,186.5616,Road,0,0,0.5,0.5,0.5,0.5,0.907529,0.746282,Invalid,#NAME?
07:01.8,4399,61.1848,4.110287,1.085837,185.8855,54.36866,331.4607,359.9654,0,0,0,4.110287,1.085837,185.8855,-0.278328,-0.812782,0.51178,3.738463,0.000029,186.5692,Road,0,0,0.5,0.5,0.5,0.5,0.907529,0.746282,Invalid,#NAME?
07:01.8,4400,61.1957,4.110078,1.084875,185.8887,54.11655,331.572,0.548835,0,0,0,4.110078,1.084875,185.8887,-0.279034,-0.810211,0.515459,3.73646,0.000029,186.5789,Road,0,0,0.5,0.5,0.5,0.5,0.907529,0.746282,Invalid,#NAME?
07:01.8,4401,61.207,4.109956,1.084019,185.8923,53.83686,331.6143,0.941859,0,0,0,4.109956,1.084019,185.8923,-0.28053,-0.80734,0.519139,3.733297,0.000029,186.5894,Road,0,0,0.5,0.5,0.5,0.5,0.907529,0.746282,Invalid,#NAME?
07:01.8,4402,61.218,4.109656,1.082895,185.8959,53.57977,331.6811,1.342504,0,0,0,4.109656,1.082895,185.8959,-0.28164,-0.804684,0.522649,3.730651,0.000029,186.5993,Road,0,0,0.5,0.5,0.5,0.5,0.907529,0.746282,Invalid,#NAME?
07:01.9,4403,61.2293,4.109343,1.08166,185.8997,53.32278,331.7164,1.687232,0,0,0,4.109343,1.08166,185.8997,-0.283025,-0.802013,0.525996,3.727642,0.000029,186.6091,Road,0,0,0.5,0.5,0.5,0.5,0.907529,0.746282,Invalid,#NAME?
07:01.9,4404,61.2504,4.108807,1.079057,185.9078,52.81347,330.9257,1.28091,0,0,0,4.108807,1.079057,185.9078,-0.29371,-0.796672,0.52825,3.711,0.000029,186.6232,Road,0,0,0.5,0.5,0.5,0.5,0.907529,0.746282,Invalid,#NAME?
07:01.9,4405,61.2578,4.108663,1.078897,185.9082,52.79098,331.6703,2.66316,0,0,0,4.108663,1.078897,185.9082,-0.286969,-0.796435,0.532298,3.719928,0.000029,186.6293,Road,0,0,0.5,0.5,0.5,0.5,0.907529,0.746282,Invalid,#NAME?
07:01.9,4406,61.2649,4.108459,1.07789,185.9111,52.60949,331.1331,2.180264,0,0,0,4.108459,1.07789,185.9111,-0.293163,-0.794515,0.531791,3.710746,0.000029,186.6326,Road,0,0,0.5,0.5,0.5,0.5,0.907529,0.746282,Invalid,#NAME?
07:01.9,4407,61.2735,4.107956,1.076028,185.9176,52.23478,330.3649,1.975351,0,0,0,4.107956,1.076028,185.9176,-0.30283,-0.790527,0.532317,3.695769,0.000029,186.6421,Road,0,0,0.5,0.5,0.5,0.5,0.907529,0.746282,Invalid,#NAME?
07:01.9,4408,61.2847,4.107482,1.074661,185.9222,51.97402,329.8897,2.025903,0,0,0,4.107482,1.074661,185.9222,-0.309036,-0.787732,0.532894,3.685891,0.000029,186.6491,Road,0,0,0.5,0.5,0.5,0.5,0.907529,0.746282,Invalid,#NAME?
07:01.9,4409,61.302,4.106983,1.073351,185.9272,51.7305,329.4304,2.199033,0,0,0,4.106983,1.073351,185.9272,-0.314998,-0.785106,0.533277,3.676348,0.000029,186.6563,Road,0,0,0.5,0.5,0.5,0.5,0.907529,0.746282,Invalid,#NAME?
07:01.9,4410,61.31,4.106619,1.072568,185.9324,51.47988,328.9609,2.32985,0,0,0,4.106619,1.072568,185.9324,-0.321125,-0.782389,0.533616,3.666404,0.000029,186.6639,Road,0,0,0.5,0.5,0.5,0.5,0.907529,0.746282,Invalid,#NAME?
07:01.9,4411,61.3179,4.105981,1.071437,185.9375,51.22413,328.4314,2.362827,0,0,0,4.105981,1.071437,185.9375,-0.327868,-0.779602,0.533595,3.655391,0.000029,186.6708,Road,0,0,0.5,0.5,0.5,0.5,0.907529,0.746282,Invalid,#NAME?
07:02.0,4412,61.3294,4.105049,1.07045,185.9428,51.07867,328.4118,3.100331,0,0,0,4.105049,1.07045,185.9428,-0.329086,-0.778009,0.535168,3.652277,0.000029,186.6791,Road,0,0,0.5,0.5,0.5,0.5,0.907529,0.746282,Invalid,#NAME?
07:02.0,4413,61.3405,4.104053,1.06953,185.9479,50.95017,328.0334,3.127715,0,0,0,4.104053,1.06953,185.9479,-0.333535,-0.776598,0.534462,3.644722,0.000029,186.6839,Road,0,0,0.5,0.5,0.5,0.5,0.907529,0.746282,Invalid,#NAME?
07:02.0,4414,61.3515,4.102951,1.068639,185.9527,50.89893,327.9397,3.615431,0,0,0,4.102951,1.068639,185.9527,-0.334778,-0.776035,0.534504,3.641957,0.000029,186.6887,Road,0,0,0.5,0.5,0.5,0.5,0.907529,0.746282,Invalid,#NAME?
07:02.0,4415,61.3626,4.101603,1.067518,185.9576,50.80571,327.7345,3.744073,0,0,0,4.101603,1.067518,185.9576,-0.337364,-0.775007,0.534368,3.63692,0.000029,186.6937,Road,0,0,0.5,0.5,0.5,0.5,0.907529,0.746282,Invalid,#NAME?
07:02.0,4416,61.3735,4.100574,1.06671,185.9625,50.69329,327.6057,4.083802,0,0,0,4.100574,1.06671,185.9625,-0.339378,-0.773766,0.534891,3.632721,0.000029,186.6998,Road,0,0,0.5,0.5,0.5,0.5,0.907529,0.746282,Invalid,#NAME?
07:02.0,4417,61.385,4.099337,1.065723,185.9676,50.6468,327.5576,4.377193,0,0,0,4.099337,1.065723,185.9676,-0.340164,-0.773252,0.535136,3.630523,0.000029,186.7051,Road,0,0,0.5,0.5,0.5,0.5,0.907529,0.746282,Invalid,#NAME?
07:02.0,4418,61.396,4.09801,1.06471,185.9731,50.57022,327.5468,4.596344,0,0,0,4.09801,1.06471,185.9731,-0.340819,-0.772404,0.535944,3.628226,0.000029,186.7119,Road,0,0,0.5,0.5,0.5,0.5,0.907529,0.746282,Invalid,#NAME?
07:02.0,4419,61.4075,4.097002,1.064139,185.9784,50.58118,327.3538,4.57042,0,0,0,4.097002,1.064139,185.9784,-0.342543,-0.772525,0.534668,3.625168,0.000029,186.7149,Road,0,0,0.5,0.5,0.5,0.5,0.907529,0.746282,Invalid,#NAME?
07:02.0,4420,61.4179,4.095967,1.063375,185.9835,50.58233,327.3805,4.774881,0,0,0,4.095967,1.063375,185.9835,-0.342285,-0.772538,0.534814,3.624835,0.000029,186.7196,Road,0,0,0.5,0.5,0.5,0.5,0.907529,0.746282,Invalid,#NAME?
07:02.1,4421,61.429,4.095125,1.062807,185.9881,50.58845,327.3773,4.925841,0,0,0,4.095125,1.062807,185.9881,-0.34227,-0.772606,0.534726,3.624306,0.000029,186.7237,Road,0,0,0.5,0.5,0.5,0.5,0.907529,0.746282,Invalid,#NAME?
07:02.1,4422,61.4402,4.094442,1.062508,185.9932,50.65009,327.2838,4.958759,0,0,0,4.094442,1.062508,185.9932,-0.342693,-0.773288,0.533467,3.62359,0.000029,186.7262,Road,0,0,0.5,0.5,0.5,0.5,0.907529,0.746282,Invalid,#NAME?
07:02.1,4423,61.4594,4.093591,1.061892,185.9987,50.74265,327.0257,4.867698,0,0,0,4.093591,1.061892,185.9987,-0.344412,-0.774312,0.530869,3.621277,0.000029,186.7267,Road,0,0,0.5,0.5,0.5,0.5,0.907529,0.746282,Invalid,#NAME?
07:02.1,4424,61.4682,4.093203,1.061722,186.0017,50.87743,326.9011,4.927914,0,0,0,4.093203,1.061722,186.0017,-0.344571,-0.775798,0.528592,3.621652,0.000029,186.7251,Road,0,0,0.5,0.5,0.5,0.5,0.907529,0.746282,Invalid,#NAME?
07:02.1,4425,61.4754,4.092795,1.061862,186.0061,51.01771,326.551,4.776097,0,0,0,4.092795,1.061862,186.0061,-0.346746,-0.777341,0.52489,3.619147,0.000029,186.7231,Road,0,0,0.5,0.5,0.5,0.5,0.907529,0.746282,Invalid,#NAME?
07:02.1,4426,61.4847,4.092314,1.062068,186.0104,51.19679,326.3094,4.793684,0,0,0,4.092314,1.062068,186.0104,-0.347606,-0.779303,0.521399,3.618593,0.000029,186.7209,Road,0,0,0.5,0.5,0.5,0.5,0.907529,0.746282,Invalid,#NAME?
07:02.1,4427,61.4957,4.091654,1.06241,186.0153,51.3802,325.852,4.579931,0,0,0,4.091654,1.06241,186.0153,-0.350355,-0.781305,0.51654,3.615257,0.000029,186.7177,Road,0,0,0.5,0.5,0.5,0.5,0.907529,0.746282,Invalid,#NAME?
07:02.1,4428,61.5076,4.091119,1.063378,186.0194,51.55951,325.552,4.552732,0,0,0,4.091119,1.063378,186.0194,-0.351671,-0.783254,0.51268,3.613689,0.000029,186.7154,Road,0,0,0.5,0.5,0.5,0.5,0.907529,0.746282,Invalid,#NAME?
07:02.1,4429,61.5182,4.090521,1.064279,186.0231,51.72051,325.3972,4.581646,0,0,0,4.090521,1.064279,186.0231,-0.351803,-0.784998,0.509914,3.613568,0.000029,186.7144,Road,0,0,0.5,0.5,0.5,0.5,0.907529,0.746282,Invalid,#NAME?
07:02.2,4430,61.5292,4.089954,1.065129,186.0267,51.84396,325.3446,4.616572,0,0,0,4.089954,1.065129,186.0267,-0.351308,-0.786331,0.508199,3.6141,0.000029,186.7151,Road,0,0,0.5,0.5,0.5,0.5,0.907529,0.746282,Invalid,#NAME?
07:02.2,4431,61.5401,4.089606,1.066084,186.0291,51.91962,325.3637,4.670397,0,0,0,4.089606,1.066084,186.0291,-0.350548,-0.787146,0.507461,3.614848,0.000029,186.7164,Road,0,0,0.5,0.5,0.5,0.5,0.907529,0.746282,Invalid,#NAME?
07:02.2,4432,61.5512,4.088995,1.067288,186.0322,52.03458,325.4488,4.747129,0,0,0,4.088995,1.067288,186.0322,-0.348898,-0.788382,0.506679,3.616679,0.000029,186.7181,Road,0,0,0.5,0.5,0.5,0.5,0.907529,0.746282,Invalid,#NAME?
07:02.2,4433,61.5629,4.088117,1.068666,186.0357,52.18535,325.5851,4.881313,0,0,0,4.088117,1.068666,186.0357,-0.346518,-0.789998,0.505795,3.619379,0.000029,186.7199,Road,0,0,0.5,0.5,0.5,0.5,0.907529,0.746282,Invalid,#NAME?
07:02.2,4434,61.5736,4.087489,1.069906,186.0381,52.31765,325.8647,5.127179,0,0,0,4.087489,1.069906,186.0381,-0.343022,-0.791412,0.505968,3.623772,0.000029,186.722,Road,0,0,0.5,0.5,0.5,0.5,0.907529,0.746282,Invalid,#NAME?
07:02.2,4435,61.5845,4.087362,1.070913,186.0395,52.48085,326.0818,5.218185,0,0,0,4.087362,1.070913,186.0395,-0.339843,-0.79315,0.505391,3.628518,0.000029,186.7219,Road,0,0,0.5,0.5,0.5,0.5,0.907529,0.746282,Invalid,#NAME?
07:02.2,4436,61.5959,4.087215,1.072117,186.0416,52.73458,326.2725,5.135992,0,0,0,4.087215,1.072117,186.0416,-0.336205,-0.795839,0.503594,3.634308,0.000029,186.72,Road,0,0,0.5,0.5,0.5,0.5,0.907529,0.746282,Invalid,#NAME?
07:02.2,4437,61.6128,4.087355,1.073836,186.0435,53.07041,326.4035,5.06709,0,0,0,4.087355,1.073836,186.0435,-0.332465,-0.799375,0.500467,3.64075,0.000029,186.7158,Road,0,0,0.5,0.5,0.5,0.5,0.907529,0.746282,Invalid,#NAME?
07:02.2,4438,61.6203,4.087465,1.075067,186.0449,53.3779,326.2189,4.657019,0,0,0,4.087465,1.075067,186.0449,-0.331686,-0.802587,0.49582,3.643183,0.000029,186.7091,Road,0,0,0.5,0.5,0.5,0.5,0.907529,0.746282,Invalid,#NAME?
07:02.3,4439,61.6293,4.087546,1.076078,186.0462,53.62261,325.8235,4.123859,0,0,0,4.087546,1.076078,186.0462,-0.333171,-0.805128,0.49068,3.642265,0.000029,186.702,Road,0,0,0.5,0.5,0.5,0.5,0.907529,0.746282,Invalid,#NAME?
07:02.3,4440,61.6402,4.087559,1.076981,186.0471,53.89861,325.4816,3.626457,0,0,0,4.087559,1.076981,186.0471,-0.333892,-0.807976,0.485481,3.642513,0.000029,186.6942,Road,0,0,0.5,0.5,0.5,0.5,0.907529,0.746282,Invalid,#NAME?
07:02.3,4441,61.6514,4.087487,1.077614,186.0471,53.91631,324.9592,3.137343,0,0,0,4.087487,1.077614,186.0471,-0.338161,-0.808158,0.482212,3.636588,0.000029,186.69,Road,0,0,0.5,0.5,0.5,0.5,0.907529,0.746282,Invalid,#NAME?
07:02.3,4442,61.6623,4.087344,1.078477,186.0471,53.9523,324.4121,2.700508,0,0,0,4.087344,1.078477,186.0471,-0.342454,-0.808527,0.478549,3.630564,0.000029,186.6855,Road,0,0,0.5,0.5,0.5,0.5,0.907529,0.746282,Invalid,#NAME?
07:02.3,4443,61.6735,4.087153,1.079748,186.0471,54.04608,324.2327,2.531649,0,0,0,4.087153,1.079748,186.0471,-0.343177,-0.809489,0.4764,3.629415,0.000029,186.6825,Road,0,0,0.5,0.5,0.5,0.5,0.907529,0.746282,Invalid,#NAME?
07:02.3,4444,61.6846,4.087102,1.080522,186.0468,54.01232,324.243,2.579016,0,0,0,4.087102,1.080522,186.0468,-0.34337,-0.809143,0.476848,3.628581,0.000029,186.6836,Road,0,0,0.5,0.5,0.5,0.5,0.907529,0.746282,Invalid,#NAME?
07:02.3,4445,61.6957,4.087053,1.081236,186.0464,54.03257,324.5445,2.862586,0,0,0,4.087053,1.081236,186.0464,-0.34069,-0.809351,0.478415,3.631928,0.000029,186.6855,Road,0,0,0.5,0.5,0.5,0.5,0.907529,0.746282,Invalid,#NAME?
07:02.3,4446,61.7083,4.087303,1.082158,186.046,54.09232,324.611,2.930062,0,0,0,4.087303,1.082158,186.046,-0.339646,-0.809963,0.478123,3.633528,0.000029,186.6848,Road,0,0,0.5,0.5,0.5,0.5,0.907529,0.746282,Invalid,#NAME?
07:02.3,4447,61.7182,4.087637,1.082499,186.0457,54.2492,324.4274,2.631557,0,0,0,4.087637,1.082499,186.0457,-0.339884,-0.811566,0.475226,3.634297,0.000029,186.6796,Road,0,0,0.5,0.5,0.5,0.5,0.907529,0.746282,Invalid,#NAME?
07:02.4,4448,61.7292,4.088132,1.083125,186.0451,54.31762,324.0752,2.467908,0,0,0,4.088132,1.083125,186.0451,-0.342231,-0.812263,0.472342,3.631791,0.000029,186.675,Road,0,0,0.5,0.5,0.5,0.5,0.907529,0.746282,Invalid,#NAME?
07:02.4,4449,61.7404,4.088924,1.083994,186.0441,54.47647,323.5911,2.003569,0,0,0,4.088924,1.083994,186.0441,-0.344871,-0.813877,0.467619,3.629606,0.000029,186.6669,Road,0,0,0.5,0.5,0.5,0.5,0.907529,0.746282,Invalid,#NAME?
07:02.4,4450,61.7513,4.089758,1.084822,186.043,54.49362,322.9922,1.79432,0,0,0,4.089758,1.084822,186.043,-0.349593,-0.814051,0.463795,3.623894,0.000029,186.6611,Road,0,0,0.5,0.5,0.5,0.5,0.907529,0.746282,Invalid,#NAME?
07:02.4,4451,61.7679,4.090529,1.085631,186.0419,54.63486,322.7408,1.620435,0,0,0,4.090529,1.085631,186.0419,-0.350409,-0.81548,0.460658,3.62405,0.000029,186.6551,Road,0,0,0.5,0.5,0.5,0.5,0.907529,0.746282,Invalid,#NAME?
07:02.4,4452,61.7756,4.091382,1.086553,186.0404,54.71522,322.6073,1.664008,0,0,0,4.091382,1.086553,186.0404,-0.350787,-0.816291,0.458931,3.624467,0.000029,186.6512,Road,0,0,0.5,0.5,0.5,0.5,0.907529,0.746282,Invalid,#NAME?
07:02.4,4453,61.7847,4.092505,1.087634,186.0378,54.8735,322.8859,2.000591,0,0,0,4.092505,1.087634,186.0378,-0.347189,-0.817884,0.458831,3.63082,0.000029,186.648,Road,0,0,0.5,0.5,0.5,0.5,0.907529,0.746282,Invalid,#NAME?
07:02.4,4454,61.7959,4.093228,1.08825,186.036,55.02448,323.23,2.245453,0,0,0,4.093228,1.08825,186.036,-0.343136,-0.819397,0.45918,3.637517,0.000029,186.6458,Road,0,0,0.5,0.5,0.5,0.5,0.907529,0.746282,Invalid,#NAME?
07:02.4,4455,61.807,4.09403,1.088873,186.0338,55.15767,323.7716,2.785596,0,0,0,4.09403,1.088873,186.0338,-0.337654,-0.820727,0.460865,3.646071,0.000029,186.6452,Road,0,0,0.5,0.5,0.5,0.5,0.907529,0.746282,Invalid,#NAME?
07:02.4,4456,61.8183,4.095036,1.089268,186.0313,55.35162,324.2539,3.066014,0,0,0,4.095036,1.089268,186.0313,-0.332137,-0.822657,0.461434,3.655269,0.000029,186.6422,Road,0,0,0.5,0.5,0.5,0.5,0.907529,0.746282,Invalid,#NAME?
07:02.5,4457,61.8293,4.095935,1.089582,186.029,55.56173,324.5706,3.275536,0,0,0,4.095935,1.089582,186.029,-0.32783,-0.824736,0.460801,3.66284,0.000029,186.6378,Road,0,0,0.5,0.5,0.5,0.5,0.907529,0.746282,Invalid,#NAME?
07:02.5,4458,61.8404,4.097008,1.090058,186.0263,55.80751,324.7544,3.503003,0,0,0,4.097008,1.090058,186.0263,-0.324306,-0.827154,0.458957,3.669635,0.000029,186.6311,Road,0,0,0.5,0.5,0.5,0.5,0.907529,0.746282,Invalid,#NAME?
07:02.5,4459,61.8514,4.097929,1.08996,186.0233,56.06166,324.8416,3.75278,0,0,0,4.097929,1.08996,186.0233,-0.321492,-0.829639,0.456446,3.675572,0.000029,186.6229,Road,0,0,0.5,0.5,0.5,0.5,0.907529,0.746282,Invalid,#NAME?
07:02.5,4460,61.8625,4.098711,1.089856,186.0207,56.18702,324.9701,4.164359,0,0,0,4.098711,1.089856,186.0207,-0.319424,-0.830859,0.455678,3.679726,0.000029,186.6184,Road,0,0,0.5,0.5,0.5,0.5,0.907529,0.746282,Invalid,#NAME?
07:02.5,4461,61.8736,4.099447,1.089741,186.018,56.378,325.3921,4.639671,0,0,0,4.099447,1.089741,186.018,-0.314485,-0.832709,0.455737,3.687901,0.000029,186.6144,Road,0,0,0.5,0.5,0.5,0.5,0.907529,0.746282,Invalid,#NAME?
07:02.5,4462,61.885,4.100198,1.089616,186.0151,56.38582,325.5271,5.109895,0,0,0,4.100198,1.089616,186.0151,-0.313345,-0.832784,0.456383,3.690227,0.000029,186.6122,Road,0,0,0.5,0.5,0.5,0.5,0.907529,0.746282,Invalid,#NAME?
07:02.5,4463,61.8959,4.100872,1.089343,186.0124,56.59355,326.2547,5.986582,0,0,0,4.100872,1.089343,186.0124,-0.305846,-0.834786,0.457811,3.701773,0.000029,186.6098,Road,0,0,0.5,0.5,0.5,0.5,0.907529,0.746282,Invalid,#NAME?
07:02.5,4464,61.9071,4.101634,1.08906,186.0096,56.5891,326.3852,6.402198,0,0,0,4.101634,1.08906,186.0096,-0.304838,-0.834743,0.458561,3.703933,0.000029,186.6079,Road,0,0,0.5,0.5,0.5,0.5,0.907529,0.746282,Invalid,#NAME?
07:02.5,4465,61.9246,4.101583,1.089192,186.009,56.78119,327.0795,6.896183,0,0,0,4.101583,1.089192,186.009,-0.297736,-0.836584,0.459869,3.713955,0.000029,186.6078,Road,0,0,0.5,0.5,0.5,0.5,0.907529,0.746282,Invalid,#NAME?
07:02.6,4466,61.9326,4.102066,1.088963,186.0063,56.92125,327.8148,7.618056,0,0,0,4.102066,1.088963,186.0063,-0.29072,-0.837921,0.46192,3.724256,0.000029,186.6066,Road,0,0,0.5,0.5,0.5,0.5,0.907529,0.746282,Invalid,#NAME?
07:02.6,4467,61.9402,4.102641,1.088674,186.0029,56.92238,328.3968,8.318932,0,0,0,4.102641,1.088674,186.0029,-0.286004,-0.837932,0.464835,3.731063,0.000029,186.6068,Road,0,0,0.5,0.5,0.5,0.5,0.907529,0.746282,Invalid,#NAME?
07:02.6,4468,61.9515,4.10298,1.088452,186.0003,57.0489,329.1899,9.006386,0,0,0,4.10298,1.088452,186.0003,-0.278594,-0.839135,0.467159,3.741621,0.000029,186.6063,Road,0,0,0.5,0.5,0.5,0.5,0.907529,0.746282,Invalid,#NAME?
07:02.6,4469,61.9625,4.103364,1.088224,185.9979,56.99395,329.5593,9.589309,0,0,0,4.103364,1.088224,185.9979,-0.275984,-0.838613,0.469639,3.745243,0.000029,186.6073,Road,0,0,0.5,0.5,0.5,0.5,0.907529,0.746282,Invalid,#NAME?
07:02.6,4470,61.9737,4.103793,1.088256,185.9952,57.00812,330.0684,10.26409,0,0,0,4.103793,1.088256,185.9952,-0.271697,-0.838748,0.471893,3.751281,0.000029,186.6075,Road,0,0,0.5,0.5,0.5,0.5,0.907529,0.746282,Invalid,#NAME?
07:02.6,4471,61.9847,4.104149,1.088209,185.9927,57.13033,330.5337,10.9787,0,0,0,4.104149,1.088209,185.9927,-0.266976,-0.839907,0.472525,3.758256,0.000029,186.6049,Road,0,0,0.5,0.5,0.5,0.5,0.907529,0.746282,Invalid,#NAME?
07:02.6,4472,61.9959,4.104789,1.087999,185.9902,57.10054,330.1321,11.06373,0,0,0,4.104789,1.087999,185.9902,-0.270498,-0.839625,0.471021,3.754282,0.000029,186.6005,Road,0,0,0.5,0.5,0.5,0.5,0.907529,0.746282,Invalid,#NAME?
07:02.6,4473,62.0069,4.105263,1.088037,185.988,57.24574,330.3092,11.87493,0,0,0,4.105263,1.088037,185.988,-0.267986,-0.840999,0.470005,3.758566,0.000029,186.5961,Road,0,0,0.5,0.5,0.5,0.5,0.907529,0.746282,Invalid,#NAME?
07:02.6,4474,62.0184,4.105766,1.08784,185.9862,57.30998,330.4029,12.61612,0,0,0,4.105766,1.08784,185.9862,-0.266751,-0.841605,0.469622,3.760978,0.000029,186.5932,Road,0,0,0.5,0.5,0.5,0.5,0.907529,0.746282,Invalid,#NAME?
07:02.7,4475,62.0292,4.106501,1.087662,185.9844,57.38791,330.113,13.10067,0,0,0,4.106501,1.087662,185.9844,-0.268553,-0.842339,0.467274,3.759742,0.000029,186.5878,Road,0,0,0.5,0.5,0.5,0.5,0.907529,0.746282,Invalid,#NAME?
07:02.7,4476,62.0402,4.107101,1.088086,185.9831,57.45548,330.2262,14.18875,0,0,0,4.107101,1.088086,185.9831,-0.267136,-0.842974,0.466941,3.762299,0.000029,186.5858,Road,0,0,0.5,0.5,0.5,0.5,0.907529,0.746282,Invalid,#NAME?
07:02.7,4477,62.0514,4.108174,1.087837,185.9819,57.47444,329.1458,13.68876,0,0,0,4.108174,1.087837,185.9819,-0.27575,-0.843152,0.461581,3.752409,0.000029,186.5775,Road,0,0,0.5,0.5,0.5,0.5,0.907529,0.746282,Invalid,#NAME?
07:02.7,4478,62.0628,4.109027,1.087867,185.9808,57.43177,329.3283,14.79351,0,0,0,4.109027,1.087867,185.9808,-0.274598,-0.842751,0.462997,3.75457,0.000029,186.5784,Road,0,0,0.5,0.5,0.5,0.5,0.907529,0.746282,Invalid,#NAME?
07:02.7,4479,62.0799,4.109823,1.088004,185.9797,57.41108,329.3468,15.70203,0,0,0,4.109823,1.088004,185.9797,-0.274604,-0.842556,0.463348,3.755232,0.000029,186.578,Road,0,0,0.5,0.5,0.5,0.5,0.907529,0.746282,Invalid,#NAME?
07:02.7,4480,62.087,4.110836,1.088124,185.9783,57.47675,328.4986,15.782,0,0,0,4.110836,1.088124,185.9783,-0.280928,-0.843174,0.458408,3.748305,0.000029,186.5699,Road,0,0,0.5,0.5,0.5,0.5,0.907529,0.746282,Invalid,#NAME?
07:02.7,4481,62.0957,4.111381,1.088103,185.9771,57.43745,327.9954,16.18392,0,0,0,4.111381,1.088103,185.9771,-0.28525,-0.842804,0.456414,3.743119,0.000029,186.5663,Road,0,0,0.5,0.5,0.5,0.5,0.907529,0.746282,Invalid,#NAME?
07:02.7,4482,62.1069,4.111315,1.088615,185.9761,57.3835,327.2784,16.43427,0,0,0,4.111315,1.088615,185.9761,-0.291368,-0.842297,0.453476,3.73475,0.000029,186.5621,Road,0,0,0.5,0.5,0.5,0.5,0.907529,0.746282,Invalid,#NAME?
07:02.7,4483,62.1179,4.111709,1.08822,185.9749,57.32942,326.1375,16.2004,0,0,0,4.111709,1.08822,185.9749,-0.300782,-0.841788,0.448244,3.722883,0.000029,186.5544,Road,0,0,0.5,0.5,0.5,0.5,0.907529,0.746282,Invalid,#NAME?
07:02.8,4484,62.1292,4.111475,1.088221,185.9736,57.13514,326.9514,18.38283,0,0,0,4.111475,1.088221,185.9736,-0.295939,-0.839953,0.454862,3.728074,0.000029,186.5629,Road,0,0,0.5,0.5,0.5,0.5,0.907529,0.746282,Invalid,#NAME?
07:02.8,4485,62.1402,4.111203,1.088484,185.9722,56.80993,327.2086,19.49706,0,0,0,4.111203,1.088484,185.9722,-0.296472,-0.836859,0.460186,3.725599,0.000029,186.5708,Road,0,0,0.5,0.5,0.5,0.5,0.907529,0.746282,Invalid,#NAME?
07:02.8,4486,62.1513,4.110677,1.088525,185.9707,56.5481,327.997,21.1487,0,0,0,4.110677,1.088525,185.9707,-0.292136,-0.834349,0.46746,3.729555,0.000029,186.5805,Road,0,0,0.5,0.5,0.5,0.5,0.907529,0.746282,Invalid,#NAME?
07:02.8,4487,62.1627,4.110456,1.08867,185.9691,56.41624,328.5387,22.0169,0,0,0,4.110456,1.08867,185.9691,-0.288704,-0.833078,0.471838,3.733186,0.000029,186.5857,Road,0,0,0.5,0.5,0.5,0.5,0.907529,0.746282,Invalid,#NAME?
07:02.8,4488,62.1739,4.110061,1.089307,185.9678,56.37668,329.4607,23.48038,0,0,0,4.110061,1.089307,185.9678,-0.281366,-0.832696,0.476917,3.741995,0.000029,186.5916,Road,0,0,0.5,0.5,0.5,0.5,0.907529,0.746282,Invalid,#NAME?
07:02.8,4489,62.1847,4.110174,1.089822,185.9662,56.36975,329.5453,23.47479,0,0,0,4.110174,1.089822,185.9662,-0.280713,-0.832629,0.477419,3.74276,0.000029,186.5911,Road,0,0,0.5,0.5,0.5,0.5,0.907529,0.746282,Invalid,#NAME?
07:02.8,4490,62.1957,4.110441,1.090234,185.965,56.63418,329.704,23.74146,0,0,0,4.110441,1.090234,185.965,-0.277448,-0.835176,0.474872,3.748271,0.000029,186.5848,Road,0,0,0.5,0.5,0.5,0.5,0.907529,0.746282,Invalid,#NAME?
07:02.8,4491,62.207,4.110776,1.091108,185.9635,56.93121,329.3236,23.32103,0,0,0,4.110776,1.091108,185.9635,-0.278382,-0.838016,0.469289,3.748327,0.000029,186.5745,Road,0,0,0.5,0.5,0.5,0.5,0.907529,0.746282,Invalid,#NAME?
07:02.8,4492,62.218,4.111013,1.091594,185.9623,57.06575,328.1023,22.32841,0,0,0,4.111013,1.091594,185.9623,-0.287281,-0.839295,0.461577,3.737382,0.000029,186.5626,Road,0,0,0.5,0.5,0.5,0.5,0.907529,0.746282,Invalid,#NAME?
07:02.9,4493,62.2353,4.110813,1.092259,185.9608,57.41176,327.1305,21.80011,0,0,0,4.110813,1.092259,185.9608,-0.292312,-0.842563,0.452373,3.731883,0.000029,186.5472,Road,0,0,0.5,0.5,0.5,0.5,0.907529,0.746282,Invalid,#NAME?
07:02.9,4494,62.2431,4.111341,1.092832,185.9594,57.45052,325.0463,19.99388,0,0,0,4.111341,1.092832,185.9594,-0.308244,-0.842927,0.440976,3.711721,0.000029,186.5311,Road,0,0,0.5,0.5,0.5,0.5,0.907529,0.746282,Invalid,#NAME?
07:02.9,4495,62.2514,4.110787,1.093063,185.9578,57.1728,324.2553,20.74192,0,0,0,4.110787,1.093063,185.9578,-0.316685,-0.840309,0.43999,3.698858,0.000029,186.5301,Road,0,0,0.5,0.5,0.5,0.5,0.907529,0.746282,Invalid,#NAME?
07:02.9,4496,62.2627,4.110641,1.093524,185.9563,57.15703,323.6161,20.5968,0,0,0,4.110641,1.093524,185.9563,-0.321711,-0.84016,0.436616,3.691923,0.000029,186.5246,Road,0,0,0.5,0.5,0.5,0.5,0.907529,0.746282,Invalid,#NAME?
07:02.9,4497,62.2735,4.1099,1.094971,185.9549,57.37735,322.8277,21.07919,0,0,0,4.1099,1.094971,185.9549,-0.325734,-0.842239,0.42957,3.686433,0.000029,186.5133,Road,0,0,0.5,0.5,0.5,0.5,0.907529,0.746282,Invalid,#NAME?
07:02.9,4498,62.2844,4.109898,1.094496,185.9532,57.13641,321.7509,20.10662,0,0,0,4.109898,1.094496,185.9532,-0.335939,-0.839965,0.426151,3.672172,0.000029,186.5085,Road,0,0,0.5,0.5,0.5,0.5,0.907529,0.746282,Invalid,#NAME?
07:02.9,4499,62.2959,4.109501,1.094858,185.9518,56.84184,322.3164,21.58853,0,0,0,4.109501,1.094858,185.9518,-0.334352,-0.837164,0.432857,3.672241,0.000029,186.5178,Road,0,0,0.5,0.5,0.5,0.5,0.907529,0.746282,Invalid,#NAME?
07:02.9,4500,62.3069,4.109488,1.095385,185.9502,56.61329,321.2895,20.81014,0,0,0,4.109488,1.095385,185.9502,-0.344142,-0.834976,0.429398,3.658028,0.000029,186.5135,Road,0,0,0.5,0.5,0.5,0.5,0.907529,0.746282,Invalid,#NAME?
07:02.9,4501,62.3189,4.109098,1.095433,185.949,56.5596,320.822,20.47701,0,0,0,4.109098,1.095433,185.949,-0.348128,-0.83446,0.427182,3.652107,0.000029,186.5098,Road,0,0,0.5,0.5,0.5,0.5,0.907529,0.746282,Invalid,#NAME?
07:03.0,4502,62.3292,4.109068,1.095534,185.9477,56.4462,319.3557,19.02455,0,0,0,4.109068,1.095534,185.9477,-0.36002,-0.833367,0.419386,3.635802,0.000029,186.499,Road,0,0,0.5,0.5,0.5,0.5,0.907529,0.746282,Invalid,#NAME?
07:03.0,4503,62.3405,4.109263,1.095788,185.9468,55.99886,318.2587,18.4248,0,0,0,4.109263,1.095788,185.9468,-0.372304,-0.829027,0.417258,3.617173,0.000029,186.4983,Road,0,0,0.5,0.5,0.5,0.5,0.907529,0.746282,Invalid,#NAME?
07:03.0,4504,62.3515,4.109366,1.095845,185.9458,55.60743,317.2481,17.66084,0,0,0,4.109366,1.095845,185.9458,-0.383442,-0.825187,0.414777,3.60017,0.000029,186.4966,Road,0,0,0.5,0.5,0.5,0.5,0.907529,0.746282,Invalid,#NAME?
07:03.0,4505,62.3626,4.109518,1.095893,185.9448,55.32994,316.208,16.8852,0,0,0,4.109518,1.095893,185.9448,-0.393668,-0.822441,0.410628,3.584973,0.000029,186.4919,Road,0,0,0.5,0.5,0.5,0.5,0.907529,0.746282,Invalid,#NAME?
07:03.0,4506,62.3737,4.109498,1.096008,185.944,55.00703,315.362,16.69016,0,0,0,4.109498,1.096008,185.944,-0.402939,-0.819223,0.408063,3.570435,0.000029,186.4899,Road,0,0,0.5,0.5,0.5,0.5,0.907529,0.746282,Invalid,#NAME?
07:03.0,4507,62.3905,4.10998,1.096393,185.9433,54.90332,314.346,15.87185,0,0,0,4.10998,1.096393,185.9433,-0.411171,-0.818183,0.40189,3.559011,0.000029,186.4819,Road,0,0,0.5,0.5,0.5,0.5,0.907529,0.746282,Invalid,#NAME?
07:03.0,4508,62.3982,4.110469,1.096501,185.943,54.82752,313.4668,15.47511,0,0,0,4.110469,1.096501,185.943,-0.418075,-0.817422,0.396277,3.549672,0.000029,186.4745,Road,0,0,0.5,0.5,0.5,0.5,0.907529,0.746282,Invalid,#NAME?
07:03.0,4509,62.4072,4.111113,1.096832,185.9427,54.55521,312.1345,14.79935,0,0,0,4.111113,1.096832,185.9427,-0.430052,-0.814675,0.389051,3.53213,0.000029,186.4665,Road,0,0,0.5,0.5,0.5,0.5,0.907529,0.746282,Invalid,#NAME?
07:03.0,4510,62.4181,4.111917,1.097159,185.9428,54.62888,311.2582,14.28889,0,0,0,4.111917,1.097159,185.9428,-0.435163,-0.81542,0.381738,3.526413,0.000029,186.4564,Road,0,0,0.5,0.5,0.5,0.5,0.907529,0.746282,Invalid,#NAME?
07:03.1,4511,62.4296,4.112906,1.097443,185.9431,54.54725,309.8937,13.25381,0,0,0,4.112906,1.097443,185.9431,-0.445021,-0.814594,0.372012,3.513377,0.000029,186.4442,Road,0,0,0.5,0.5,0.5,0.5,0.907529,0.746282,Invalid,#NAME?
07:03.1,4512,62.4405,4.113797,1.097833,185.9432,54.47959,308.7462,12.39905,0,0,0,4.113797,1.097833,185.9432,-0.453132,-0.813909,0.363627,3.50261,0.000029,186.4337,Road,0,0,0.5,0.5,0.5,0.5,0.907529,0.746282,Invalid,#NAME?
07:03.1,4513,62.4515,4.114361,1.097996,185.9435,54.5421,307.9625,11.88071,0,0,0,4.114361,1.097996,185.9435,-0.457362,-0.814542,0.356849,3.497856,0.000029,186.4245,Road,0,0,0.5,0.5,0.5,0.5,0.907529,0.746282,Invalid,#NAME?
07:03.1,4514,62.4624,4.115221,1.098211,185.9436,54.6905,306.8267,10.73331,0,0,0,4.115221,1.098211,185.9436,-0.462656,-0.816042,0.346447,3.492605,0.000029,186.4099,Road,0,0,0.5,0.5,0.5,0.5,0.907529,0.746282,Invalid,#NAME?
07:03.1,4515,62.4737,4.11596,1.098437,185.9435,54.47346,305.7928,9.922479,0,0,0,4.11596,1.098437,185.9435,-0.471336,-0.813846,0.339849,3.479821,0.000029,186.4022,Road,0,0,0.5,0.5,0.5,0.5,0.907529,0.746282,Invalid,#NAME?
07:03.1,4516,62.4852,4.116614,1.098625,185.9435,54.27819,304.747,8.943793,0,0,0,4.116614,1.098625,185.9435,-0.479736,-0.811861,0.332768,3.467443,0.000029,186.3938,Road,0,0,0.5,0.5,0.5,0.5,0.907529,0.746282,Invalid,#NAME?
07:03.1,4517,62.496,4.11714,1.09883,185.9434,54.36021,304.261,8.277436,0,0,0,4.11714,1.09883,185.9434,-0.48158,-0.812696,0.328032,3.466022,0.000029,186.3869,Road,0,0,0.5,0.5,0.5,0.5,0.907529,0.746282,Invalid,#NAME?
07:03.1,4518,62.5071,4.117603,1.098983,185.9433,54.32788,303.6231,7.630148,0,0,0,4.117603,1.098983,185.9433,-0.485584,-0.812368,0.322904,3.460714,0.000029,186.3801,Road,0,0,0.5,0.5,0.5,0.5,0.907529,0.746282,Invalid,#NAME?
07:03.1,4519,62.518,4.11816,1.09925,185.9435,54.26644,303.2177,7.276875,0,0,0,4.11816,1.09925,185.9435,-0.488586,-0.811742,0.319937,3.45654,0.000029,186.3767,Road,0,0,0.5,0.5,0.5,0.5,0.907529,0.746282,Invalid,#NAME?
07:03.2,4520,62.5292,4.118471,1.099357,185.9439,54.34573,303.025,7.025756,0,0,0,4.118471,1.099357,185.9439,-0.488717,-0.812549,0.317679,3.457267,0.000029,186.3737,Road,0,0,0.5,0.5,0.5,0.5,0.907529,0.746282,Invalid,#NAME?
07:03.2,4521,62.5482,4.119166,1.09987,185.9446,54.36448,302.8503,6.582464,0,0,0,4.119166,1.09987,185.9446,-0.48946,-0.81274,0.316044,3.456804,0.000029,186.3723,Road,0,0,0.5,0.5,0.5,0.5,0.907529,0.746282,Invalid,#NAME?
07:03.2,4522,62.5563,4.119608,1.100011,185.9457,54.53974,302.7272,6.447875,0,0,0,4.119608,1.100011,185.9457,-0.488044,-0.814518,0.313646,3.46052,0.000029,186.3693,Road,0,0,0.5,0.5,0.5,0.5,0.907529,0.746282,Invalid,#NAME?
07:03.2,4523,62.5636,4.120337,1.10008,185.9472,54.80038,302.1067,5.525384,0,0,0,4.120337,1.10008,185.9472,-0.488268,-0.817149,0.30637,3.463027,0.000029,186.3596,Road,0,0,0.5,0.5,0.5,0.5,0.907529,0.746282,Invalid,#NAME?
07:03.2,4524,62.5735,4.121179,1.100194,185.949,54.88876,301.3951,4.759482,0,0,0,4.121179,1.100194,185.949,-0.490959,-0.818037,0.299625,3.460895,0.000029,186.352,Road,0,0,0.5,0.5,0.5,0.5,0.907529,0.746282,Invalid,#NAME?
07:03.2,4525,62.5854,4.121754,1.100031,185.9508,55.24258,301.1005,4.264003,0,0,0,4.121754,1.100031,185.9508,-0.488158,-0.821573,0.294482,3.468159,0.000029,186.3451,Road,0,0,0.5,0.5,0.5,0.5,0.907529,0.746282,Invalid,#NAME?
07:03.2,4526,62.5962,4.122571,1.099739,185.9533,55.36558,300.1873,3.18681,0,0,0,4.122571,1.099739,185.9533,-0.491264,-0.822795,0.285776,3.46597,0.000029,186.3352,Road,0,0,0.5,0.5,0.5,0.5,0.907529,0.746282,Invalid,#NAME?
07:03.2,4527,62.6071,4.123474,1.099424,185.9559,55.43647,299.3109,2.291859,0,0,0,4.123474,1.099424,185.9559,-0.494689,-0.823498,0.277731,3.463048,0.000029,186.3267,Road,0,0,0.5,0.5,0.5,0.5,0.907529,0.746282,Invalid,#NAME?
07:03.2,4528,62.6181,4.12424,1.098884,185.9587,55.51658,298.4832,1.45902,0,0,0,4.12424,1.098884,185.9587,-0.497637,-0.82429,0.270007,3.460844,0.000029,186.3186,Road,0,0,0.5,0.5,0.5,0.5,0.907529,0.746282,Invalid,#NAME?
07:03.3,4529,62.6294,4.12503,1.098172,185.9622,55.67538,297.6072,0.621351,0,0,0,4.12503,1.098172,185.9622,-0.499681,-0.825856,0.261307,3.460602,0.000029,186.3096,Road,0,0,0.5,0.5,0.5,0.5,0.907529,0.746282,Invalid,#NAME?
07:03.3,4530,62.6403,4.12579,1.097791,185.9655,55.70717,296.8517,0.068326,0,0,0,4.12579,1.097791,185.9655,-0.502674,-0.826169,0.254488,3.457867,0.000029,186.3036,Road,0,0,0.5,0.5,0.5,0.5,0.907529,0.746282,Invalid,#NAME?
07:03.3,4531,62.6513,4.126431,1.097119,185.9689,55.85512,296.3302,359.7126,0,0,0,4.126431,1.097119,185.9689,-0.503056,-0.827621,0.248956,3.459583,0.000029,186.2989,Road,0,0,0.5,0.5,0.5,0.5,0.907529,0.746282,Invalid,#NAME?
07:03.3,4532,62.6628,4.127062,1.096543,185.9719,55.91981,295.8935,359.468,0,0,0,4.127062,1.096543,185.9719,-0.504098,-0.828254,0.244706,3.459693,0.000029,186.2959,Road,0,0,0.5,0.5,0.5,0.5,0.907529,0.746282,Invalid,#NAME?
07:03.3,4533,62.6737,4.127797,1.09613,185.9755,56.10042,295.5307,359.2719,0,0,0,4.127797,1.09613,185.9755,-0.503278,-0.830016,0.240382,3.463178,0.000029,186.293,Road,0,0,0.5,0.5,0.5,0.5,0.907529,0.746282,Invalid,#NAME?
07:03.3,4534,62.6848,4.128418,1.095454,185.9793,56.24985,295.2062,359.0756,0,0,0,4.128418,1.095454,185.9793,-0.502671,-0.831468,0.236606,3.466168,0.000029,186.291,Road,0,0,0.5,0.5,0.5,0.5,0.907529,0.746282,Invalid,#NAME?
07:03.3,4535,62.7019,4.129117,1.094778,185.9833,56.44623,294.8248,358.7177,0,0,0,4.129117,1.094778,185.9833,-0.501646,-0.833368,0.232056,3.470132,0.000029,186.2881,Road,0,0,0.5,0.5,0.5,0.5,0.907529,0.746282,Invalid,#NAME?
07:03.3,4536,62.7088,4.129898,1.094219,185.9877,56.6383,294.2801,358.1742,0,0,0,4.129898,1.094219,185.9877,-0.50128,-0.835216,0.226127,3.473186,0.000029,186.2839,Road,0,0,0.5,0.5,0.5,0.5,0.907529,0.746282,Invalid,#NAME?
07:03.3,4537,62.7184,4.130542,1.093533,185.9917,56.7733,293.6423,357.5652,0,0,0,4.130542,1.093533,185.9917,-0.501962,-0.836509,0.219743,3.474365,0.000029,186.279,Road,0,0,0.5,0.5,0.5,0.5,0.907529,0.746282,Invalid,#NAME?
07:03.4,4538,62.7292,4.131083,1.092634,185.9959,57.05524,293.2258,357.2343,0,0,0,4.131083,1.092634,185.9959,-0.499757,-0.839195,0.214462,3.480415,0.000029,186.2751,Road,0,0,0.5,0.5,0.5,0.5,0.907529,0.746282,Invalid,#NAME?
07:03.4,4539,62.7403,4.131718,1.092021,185.9996,57.24726,292.6248,356.6711,0,0,0,4.131718,1.092021,185.9996,-0.49938,-0.841013,0.208126,3.48331,0.000029,186.2698,Road,0,0,0.5,0.5,0.5,0.5,0.907529,0.746282,Invalid,#NAME?
07:03.4,4540,62.752,4.13233,1.091012,186.0038,57.49372,292.0252,356.173,0,0,0,4.13233,1.091012,186.0038,-0.498173,-0.843333,0.20153,3.487865,0.000029,186.2645,Road,0,0,0.5,0.5,0.5,0.5,0.907529,0.746282,Invalid,#NAME?
07:03.4,4541,62.7626,4.132695,1.090445,186.0063,57.62693,291.7066,355.869,0,0,0,4.132695,1.090445,186.0063,-0.497462,-0.84458,0.198031,3.490434,0.000029,186.2619,Road,0,0,0.5,0.5,0.5,0.5,0.907529,0.746282,Invalid,#NAME?
07:03.4,4542,62.7741,4.133222,1.0897,186.0106,57.8484,291.3987,355.7287,0,0,0,4.133222,1.0897,186.0106,-0.495476,-0.846643,0.194163,3.49552,0.000029,186.2605,Road,0,0,0.5,0.5,0.5,0.5,0.907529,0.746282,Invalid,#NAME?
07:03.4,4543,62.7847,4.133565,1.088998,186.0143,58.1713,291.2007,355.419,0,0,0,4.133565,1.088998,186.0143,-0.491688,-0.849629,0.19072,3.503368,0.000029,186.2588,Road,0,0,0.5,0.5,0.5,0.5,0.907529,0.746282,Invalid,#NAME?
07:03.4,4544,62.7959,4.133876,1.08806,186.0182,58.46152,291.2427,355.4552,0,0,0,4.133876,1.08806,186.0182,-0.487531,-0.852289,0.189519,3.511495,0.000029,186.2601,Road,0,0,0.5,0.5,0.5,0.5,0.907529,0.746282,Invalid,#NAME?
07:03.4,4545,62.8073,4.134295,1.087537,186.022,58.7398,291.5217,355.6479,0,0,0,4.134295,1.087537,186.022,-0.482745,-0.85482,0.19037,3.520142,0.000029,186.2642,Road,0,0,0.5,0.5,0.5,0.5,0.907529,0.746282,Invalid,#NAME?
07:03.4,4546,62.8183,4.13449,1.086729,186.0256,58.94899,291.8056,355.627,0,0,0,4.13449,1.086729,186.0256,-0.478895,-0.856709,0.191599,3.52703,0.000029,186.2686,Road,0,0,0.5,0.5,0.5,0.5,0.907529,0.746282,Invalid,#NAME?
07:03.5,4547,62.8293,4.134545,1.085769,186.0295,59.20463,292.4658,356.0206,0,0,0,4.134545,1.085769,186.0295,-0.473119,-0.859001,0.195641,3.536543,0.000029,186.2768,Road,0,0,0.5,0.5,0.5,0.5,0.907529,0.746282,Invalid,#NAME?
07:03.5,4548,62.8403,4.134571,1.085031,186.0332,59.51429,292.7157,355.6852,0,0,0,4.134571,1.085031,186.0332,-0.467972,-0.861756,0.195908,3.545367,0.000029,186.2799,Road,0,0,0.5,0.5,0.5,0.5,0.907529,0.746282,Invalid,#NAME?
07:03.5,4549,62.857,4.134525,1.083885,186.0369,59.72762,292.9115,355.3759,0,0,0,4.134525,1.083885,186.0369,-0.464341,-0.863639,0.196255,3.551783,0.000029,186.2832,Road,0,0,0.5,0.5,0.5,0.5,0.907529,0.746282,Invalid,#NAME?
07:03.5,4550,62.8644,4.134524,1.08277,186.0406,59.96667,293.1179,355.0801,0,0,0,4.134524,1.08277,186.0406,-0.460313,-0.865735,0.19651,3.558829,0.000029,186.2864,Road,0,0,0.5,0.5,0.5,0.5,0.907529,0.746282,Invalid,#NAME?
07:03.5,4551,62.8736,4.134656,1.081986,186.0448,60.12856,293.5439,355.3924,0,0,0,4.134656,1.081986,186.0448,-0.456595,-0.867145,0.198949,3.564952,0.000029,186.293,Road,0,0,0.5,0.5,0.5,0.5,0.907529,0.746282,Invalid,#NAME?
07:03.5,4552,62.8849,4.134749,1.080994,186.0488,60.30976,293.9441,355.8421,0,0,0,4.134749,1.080994,186.0488,-0.452686,-0.868716,0.201019,3.571461,0.000029,186.299,Road,0,0,0.5,0.5,0.5,0.5,0.907529,0.746282,Invalid,#NAME?
07:03.5,4553,62.8959,4.134854,1.080156,186.0526,60.68164,294.5263,356.2874,0,0,0,4.134854,1.080156,186.0526,-0.44548,-0.871913,0.203264,3.582992,0.000029,186.3044,Road,0,0,0.5,0.5,0.5,0.5,0.907529,0.746282,Invalid,#NAME?
07:03.5,4554,62.9071,4.135023,1.079707,186.0569,60.99849,295.0687,356.769,0,0,0,4.135023,1.079707,186.0569,-0.439162,-0.874607,0.205425,3.59289,0.000029,186.3105,Road,0,0,0.5,0.5,0.5,0.5,0.907529,0.746282,Invalid,#NAME?
07:03.5,4555,62.918,4.13511,1.079026,186.0607,61.38004,295.5524,357.0382,0,0,0,4.13511,1.079026,186.0607,-0.432147,-0.877816,0.206609,3.603921,0.000029,186.3146,Road,0,0,0.5,0.5,0.5,0.5,0.907529,0.746282,Invalid,#NAME?
07:03.6,4556,62.9292,4.1351,1.078189,186.065,61.75307,295.848,357.0951,0,0,0,4.1351,1.078189,186.065,-0.425924,-0.880916,0.206339,3.613809,0.000029,186.3175,Road,0,0,0.5,0.5,0.5,0.5,0.907529,0.746282,Invalid,#NAME?
07:03.6,4557,62.9402,4.135134,1.077686,186.0689,62.01754,295.8539,356.8348,0,0,0,4.135134,1.077686,186.0689,-0.422239,-0.883091,0.204608,3.619866,0.000029,186.3186,Road,0,0,0.5,0.5,0.5,0.5,0.907529,0.746282,Invalid,#NAME?
07:03.6,4558,62.9537,4.135087,1.0769,186.0727,62.1226,295.8166,356.5855,0,0,0,4.135087,1.0769,186.0727,-0.420913,-0.88395,0.203628,3.622309,0.000029,186.3208,Road,0,0,0.5,0.5,0.5,0.5,0.907529,0.746282,Invalid,#NAME?
07:03.6,4559,62.9632,4.134945,1.07601,186.0766,62.22813,295.826,356.3373,0,0,0,4.134945,1.07601,186.0766,-0.419414,-0.88481,0.202988,3.624913,0.000029,186.3234,Road,0,0,0.5,0.5,0.5,0.5,0.907529,0.746282,Invalid,#NAME?
07:03.6,4560,62.9739,4.134597,1.074934,186.0816,62.31949,296.2596,356.695,0,0,0,4.134597,1.074934,186.0816,-0.4166,-0.885552,0.20553,3.628917,0.000029,186.3311,Road,0,0,0.5,0.5,0.5,0.5,0.907529,0.746282,Invalid,#NAME?
07:03.6,4561,62.9849,4.134108,1.073965,186.0854,62.37509,296.7292,357.0905,0,0,0,4.134108,1.073965,186.0854,-0.414134,-0.886002,0.208552,3.63213,0.000029,186.3381,Road,0,0,0.5,0.5,0.5,0.5,0.907529,0.746282,Invalid,#NAME?
07:03.6,4562,62.9961,4.133554,1.072952,186.0894,62.5462,297.3879,357.6553,0,0,0,4.133554,1.072952,186.0894,-0.409358,-0.887383,0.212081,3.638605,0.000029,186.3458,Road,0,0,0.5,0.5,0.5,0.5,0.907529,0.746282,Invalid,#NAME?
07:03.6,4563,63.0142,4.133013,1.072524,186.0927,62.67387,297.9524,358.1294,0,0,0,4.133013,1.072524,186.0927,-0.4055,-0.888408,0.215176,3.643488,0.000029,186.3524,Road,0,0,0.5,0.5,0.5,0.5,0.907529,0.746282,Invalid,#NAME?
07:03.6,4564,63.0214,4.132582,1.071494,186.0963,62.76387,298.3747,358.4416,0,0,0,4.132582,1.071494,186.0963,-0.402675,-0.889128,0.217496,3.647328,0.000029,186.3584,Road,0,0,0.5,0.5,0.5,0.5,0.907529,0.746282,Invalid,#NAME?
07:03.7,4565,63.0292,4.132243,1.070563,186.0999,62.8098,298.7732,358.6537,0,0,0,4.132243,1.070563,186.0999,-0.400528,-0.889494,0.219948,3.650195,0.000029,186.3646,Road,0,0,0.5,0.5,0.5,0.5,0.907529,0.746282,Invalid,#NAME?
07:03.7,4566,63.0404,4.131872,1.069916,186.1034,62.83464,299.1253,358.815,0,0,0,4.131872,1.069916,186.1034,-0.398832,-0.889693,0.222217,3.652262,0.000029,186.3706,Road,0,0,0.5,0.5,0.5,0.5,0.907529,0.746282,Invalid,#NAME?
07:03.7,4567,63.0513,4.13139,1.068935,186.1069,62.89174,299.4575,358.9746,0,0,0,4.13139,1.068935,186.1069,-0.396764,-0.890147,0.22409,3.654947,0.000029,186.3759,Road,0,0,0.5,0.5,0.5,0.5,0.907529,0.746282,Invalid,#NAME?
07:03.7,4568,63.0624,4.130747,1.067687,186.1106,62.88822,299.8446,359.172,0,0,0,4.130747,1.067687,186.1106,-0.395289,-0.890119,0.226793,3.656615,0.000029,186.3827,Road,0,0,0.5,0.5,0.5,0.5,0.907529,0.746282,Invalid,#NAME?
07:03.7,4569,63.0736,4.130017,1.067163,186.1133,62.78333,300.1311,359.3126,0,0,0,4.130017,1.067163,186.1133,-0.395558,-0.889283,0.229584,3.65535,0.000029,186.3888,Road,0,0,0.5,0.5,0.5,0.5,0.907529,0.746282,Invalid,#NAME?
07:03.7,4570,63.0848,4.129335,1.065793,186.1167,62.62284,300.3492,359.6045,0,0,0,4.129335,1.065793,186.1167,-0.39683,-0.887999,0.232346,3.653065,0.000029,186.3956,Road,0,0,0.5,0.5,0.5,0.5,0.907529,0.746282,Invalid,#NAME?
07:03.7,4571,63.0959,4.128664,1.064675,186.12,62.64525,300.9594,0.175419,0,0,0,4.128664,1.064675,186.12,-0.394035,-0.888179,0.23638,3.65634,0.000029,186.4034,Road,0,0,0.5,0.5,0.5,0.5,0.907529,0.746282,Invalid,#NAME?
07:03.7,4572,63.1088,4.128087,1.063687,186.124,62.64518,301.5174,0.759352,0,0,0,4.128087,1.063687,186.124,-0.391715,-0.888178,0.240207,3.658979,0.000029,186.4117,Road,0,0,0.5,0.5,0.5,0.5,0.907529,0.746282,Invalid,#NAME?
07:03.7,4573,63.119,4.127672,1.062563,186.1276,62.7443,302.0231,1.24419,0,0,0,4.127672,1.062563,186.1276,-0.388276,-0.888972,0.24284,3.663589,0.000029,186.4179,Road,0,0,0.5,0.5,0.5,0.5,0.907529,0.746282,Invalid,#NAME?
07:03.8,4574,63.1294,4.127405,1.061823,186.1303,62.87439,302.364,1.46969,0,0,0,4.127405,1.061823,186.1303,-0.385119,-0.890009,0.244065,3.667953,0.000029,186.4215,Road,0,0,0.5,0.5,0.5,0.5,0.907529,0.746282,Invalid,#NAME?
07:03.8,4575,63.1402,4.126988,1.060692,186.1344,62.88393,302.3632,1.386693,0,0,0,4.126988,1.060692,186.1344,-0.384997,-0.890085,0.24398,3.668209,0.000029,186.4251,Road,0,0,0.5,0.5,0.5,0.5,0.907529,0.746282,Invalid,#NAME?
07:03.8,4576,63.1514,4.126648,1.060182,186.1379,63.07355,302.5175,1.333937,0,0,0,4.126648,1.060182,186.1379,-0.381853,-0.891588,0.243431,3.672602,0.000029,186.4274,Road,0,0,0.5,0.5,0.5,0.5,0.907529,0.746282,Invalid,#NAME?
07:03.8,4577,63.1732,4.126143,1.05935,186.1414,62.98553,302.0305,0.83315,0,0,0,4.126143,1.05935,186.1414,-0.385069,-0.890892,0.240903,3.668275,0.000029,186.4278,Road,0,0,0.5,0.5,0.5,0.5,0.907529,0.746282,Invalid,#NAME?
07:03.8,4578,63.1815,4.125661,1.058642,186.1443,62.92616,301.847,0.569602,0,0,0,4.125661,1.058642,186.1443,-0.386622,-0.890421,0.240155,3.666009,0.000029,186.4298,Road,0,0,0.5,0.5,0.5,0.5,0.907529,0.746282,Invalid,#NAME?
07:03.8,4579,63.1894,4.124782,1.058064,186.148,62.67166,301.6041,0.670256,0,0,0,4.124782,1.058064,186.148,-0.391002,-0.88839,0.240584,3.659115,0.000029,186.4346,Road,0,0,0.5,0.5,0.5,0.5,0.907529,0.746282,Invalid,#NAME?
07:03.8,4580,63.1965,4.124155,1.057478,186.1502,62.75743,302.2333,1.329721,0,0,0,4.124155,1.057478,186.1502,-0.38721,-0.889077,0.244154,3.663615,0.000029,186.4406,Road,0,0,0.5,0.5,0.5,0.5,0.907529,0.746282,Invalid,#NAME?
07:03.8,4581,63.207,4.123302,1.057098,186.1528,62.74355,302.9702,2.220415,0,0,0,4.123302,1.057098,186.1528,-0.384219,-0.888966,0.249231,3.666427,0.000029,186.4491,Road,0,0,0.5,0.5,0.5,0.5,0.907529,0.746282,Invalid,#NAME?
07:03.8,4582,63.218,4.122298,1.056423,186.1555,62.77676,303.7783,3.101612,0,0,0,4.122298,1.056423,186.1555,-0.380237,-0.889231,0.254338,3.670581,0.000029,186.4577,Road,0,0,0.5,0.5,0.5,0.5,0.907529,0.746282,Invalid,#NAME?
07:03.9,4583,63.229,4.121515,1.055939,186.1579,62.95129,304.7428,3.92876,0,0,0,4.121515,1.055939,186.1579,-0.373675,-0.89062,0.259158,3.67849,0.000029,186.4651,Road,0,0,0.5,0.5,0.5,0.5,0.907529,0.746282,Invalid,#NAME?
07:03.9,4584,63.2404,4.120708,1.055506,186.1608,63.01311,305.5396,4.523825,0,0,0,4.120708,1.055506,186.1608,-0.369252,-0.891111,0.26377,3.683346,0.000029,186.4732,Road,0,0,0.5,0.5,0.5,0.5,0.907529,0.746282,Invalid,#NAME?
07:03.9,4585,63.2514,4.120004,1.055052,186.1633,63.02808,306.1832,4.895708,0,0,0,4.120004,1.055052,186.1633,-0.366078,-0.891229,0.267764,3.686646,0.000029,186.4803,Road,0,0,0.5,0.5,0.5,0.5,0.907529,0.746282,Invalid,#NAME?
07:03.9,4586,63.2626,4.119283,1.054655,186.1663,63.01651,307.0045,5.623297,0,0,0,4.119283,1.054655,186.1663,-0.362347,-0.891138,0.273092,3.690459,0.000029,186.4895,Road,0,0,0.5,0.5,0.5,0.5,0.907529,0.746282,Invalid,#NAME?
07:03.9,4587,63.2736,4.118592,1.054305,186.169,63.31748,307.2813,4.943051,0,0,0,4.118592,1.054305,186.169,-0.357293,-0.893509,0.272,3.697011,0.000029,186.4899,Road,0,0,0.5,0.5,0.5,0.5,0.907529,0.746282,Invalid,#NAME?
07:03.9,4588,63.2846,4.117923,1.053929,186.1717,63.16334,307.8358,5.642252,0,0,0,4.117923,1.053929,186.1717,-0.356542,-0.892297,0.276919,3.696808,0.000029,186.4988,Road,0,0,0.5,0.5,0.5,0.5,0.907529,0.746282,Invalid,#NAME?
07:03.9,4589,63.2986,4.117266,1.053581,186.1746,63.19102,308.3099,5.947001,0,0,0,4.117266,1.053581,186.1746,-0.3539,-0.892515,0.279592,3.699511,0.000029,186.5047,Road,0,0,0.5,0.5,0.5,0.5,0.907529,0.746282,Invalid,#NAME?
07:03.9,4590,63.3086,4.116598,1.053229,186.1777,63.2503,308.9431,6.495773,0,0,0,4.116598,1.053229,186.1777,-0.35007,-0.892981,0.282906,3.703717,0.000029,186.5113,Road,0,0,0.5,0.5,0.5,0.5,0.907529,0.746282,Invalid,#NAME?
07:03.9,4591,63.3261,4.115923,1.052896,186.1804,63.42662,309.7798,7.192823,0,0,0,4.115923,1.052896,186.1804,-0.343788,-0.894362,0.286228,3.711206,0.000029,186.5174,Road,0,0,0.5,0.5,0.5,0.5,0.907529,0.746282,Invalid,#NAME?
07:04.0,4592,63.3343,4.11524,1.052495,186.1831,63.43705,310.298,7.691543,0,0,0,4.11524,1.052495,186.1831,-0.341061,-0.894444,0.289221,3.713923,0.000029,186.5234,Road,0,0,0.5,0.5,0.5,0.5,0.907529,0.746282,Invalid,#NAME?
07:04.0,4593,63.3412,4.114375,1.052114,186.1866,63.45331,310.9217,8.222755,0,0,0,4.114375,1.052114,186.1866,-0.337701,-0.894571,0.292749,3.717212,0.000029,186.5309,Road,0,0,0.5,0.5,0.5,0.5,0.907529,0.746282,Invalid,#NAME?
07:04.0,4594,63.3513,4.113698,1.051704,186.1895,63.50763,311.5334,8.581614,0,0,0,4.113698,1.051704,186.1895,-0.333921,-0.894994,0.295775,3.721318,0.000029,186.537,Road,0,0,0.5,0.5,0.5,0.5,0.907529,0.746282,Invalid,#NAME?
07:04.0,4595,63.3625,4.113134,1.051289,186.1919,63.36787,311.9521,8.98213,0,0,0,4.113134,1.051289,186.1919,-0.333373,-0.893903,0.299666,3.721076,0.000029,186.5443,Road,0,0,0.5,0.5,0.5,0.5,0.907529,0.746282,Invalid,#NAME?
07:04.0,4596,63.3739,4.112617,1.051052,186.1945,63.39108,312.4442,9.169501,0,0,0,4.112617,1.051052,186.1945,-0.33052,-0.894084,0.302274,3.724081,0.000029,186.5498,Road,0,0,0.5,0.5,0.5,0.5,0.907529,0.746282,Invalid,#NAME?
07:04.0,4597,63.3853,4.112194,1.050734,186.1966,63.33112,312.9209,9.443357,0,0,0,4.112194,1.050734,186.1966,-0.328679,-0.893615,0.305651,3.725737,0.000029,186.556,Road,0,0,0.5,0.5,0.5,0.5,0.907529,0.746282,Invalid,#NAME?
07:04.0,4598,63.3973,4.111698,1.050434,186.1991,63.2555,313.3199,9.745037,0,0,0,4.111698,1.050434,186.1991,-0.3274,-0.893022,0.308741,3.726599,0.000029,186.5622,Road,0,0,0.5,0.5,0.5,0.5,0.907529,0.746282,Invalid,#NAME?
07:04.0,4599,63.4165,4.111346,1.050251,186.201,63.268,313.5817,9.861437,0,0,0,4.111346,1.050251,186.201,-0.325845,-0.89312,0.310099,3.728184,0.000029,186.5656,Road,0,0,0.5,0.5,0.5,0.5,0.907529,0.746282,Invalid,#NAME?
07:04.0,4600,63.4248,4.110904,1.049915,186.203,63.23611,313.84,10.09586,0,0,0,4.110904,1.049915,186.203,-0.324802,-0.89287,0.311909,3.728983,0.000029,186.5698,Road,0,0,0.5,0.5,0.5,0.5,0.907529,0.746282,Invalid,#NAME?
07:04.1,4601,63.4317,4.110427,1.049525,186.2053,63.1729,314.1301,10.39022,0,0,0,4.110427,1.049525,186.2053,-0.323925,-0.892372,0.314236,3.729466,0.000029,186.5748,Road,0,0,0.5,0.5,0.5,0.5,0.907529,0.746282,Invalid,#NAME?
07:04.1,4602,63.4411,4.110156,1.049361,186.207,63.12734,314.3394,10.60179,0,0,0,4.110156,1.049361,186.207,-0.323283,-0.892013,0.315912,3.729857,0.000029,186.5786,Road,0,0,0.5,0.5,0.5,0.5,0.907529,0.746282,Invalid,#NAME?
07:04.1,4603,63.4523,4.109864,1.049026,186.2092,63.04747,314.7351,11.02877,0,0,0,4.109864,1.049026,186.2092,-0.321976,-0.891382,0.319013,3.730955,0.000029,186.5847,Road,0,0,0.5,0.5,0.5,0.5,0.907529,0.746282,Invalid,#NAME?
07:04.1,4604,63.4697,4.109707,1.048688,186.211,62.95803,314.9408,11.22825,0,0,0,4.109707,1.048688,186.211,-0.321813,-0.890674,0.321149,3.730811,0.000029,186.5891,Road,0,0,0.5,0.5,0.5,0.5,0.907529,0.746282,Invalid,#NAME?
07:04.1,4605,63.4845,4.109613,1.048523,186.2123,62.9343,315.2409,11.52616,0,0,0,4.109613,1.048523,186.2123,-0.320387,-0.890485,0.323092,3.732377,0.000029,186.5927,Road,0,0,0.5,0.5,0.5,0.5,0.907529,0.746282,Invalid,#NAME?
07:04.1,4606,63.4938,4.109671,1.048163,186.2138,62.92387,315.5156,11.68952,0,0,0,4.109671,1.048163,186.2138,-0.318948,-0.890403,0.32474,3.734222,0.000029,186.596,Road,0,0,0.5,0.5,0.5,0.5,0.907529,0.746282,Invalid,#NAME?
07:04.1,4607,63.5022,4.109742,1.047721,186.2155,62.82399,315.5555,11.66664,0,0,0,4.109742,1.047721,186.2155,-0.319807,-0.889608,0.32607,3.733104,0.000029,186.5995,Road,0,0,0.5,0.5,0.5,0.5,0.907529,0.746282,Invalid,#NAME?
07:04.1,4608,63.5102,4.109795,1.047328,186.2168,62.75124,315.6462,11.68382,0,0,0,4.109795,1.047328,186.2168,-0.32008,-0.889027,0.327383,3.732731,0.000029,186.6025,Road,0,0,0.5,0.5,0.5,0.5,0.907529,0.746282,Invalid,#NAME?
07:04.1,4609,63.5201,4.10983,1.046784,186.2182,62.64524,315.6914,11.66606,0,0,0,4.10983,1.046784,186.2182,-0.32097,-0.888178,0.328812,3.731553,0.000029,186.6057,Road,0,0,0.5,0.5,0.5,0.5,0.907529,0.746282,Invalid,#NAME?
07:04.2,4610,63.5318,4.109871,1.046259,186.2195,62.52305,315.7219,11.6561,0,0,0,4.109871,1.046259,186.2195,-0.322117,-0.887197,0.330338,3.730013,0.000029,186.609,Road,0,0,0.5,0.5,0.5,0.5,0.907529,0.746282,Invalid,#NAME?
07:04.2,4611,63.5416,4.110029,1.045767,186.2206,62.35076,315.7433,11.70309,0,0,0,4.110029,1.045767,186.2206,-0.323853,-0.885805,0.332368,3.727704,0.000029,186.6129,Road,0,0,0.5,0.5,0.5,0.5,0.907529,0.746282,Invalid,#NAME?
07:04.2,4612,63.5518,4.110271,1.04548,186.2213,62.24516,316.0274,12.03793,0,0,0,4.110271,1.04548,186.2213,-0.323335,-0.884948,0.335144,3.728291,0.000029,186.6173,Road,0,0,0.5,0.5,0.5,0.5,0.907529,0.746282,Invalid,#NAME?
07:04.2,4613,63.5629,4.110563,1.044925,186.2224,62.13789,316.3715,12.42477,0,0,0,4.110563,1.044925,186.2224,-0.322459,-0.884075,0.338278,3.729446,0.000029,186.6222,Road,0,0,0.5,0.5,0.5,0.5,0.907529,0.746282,Invalid,#NAME?
07:04.2,4614,63.5736,4.110878,1.044516,186.2235,62.12585,316.9091,12.94562,0,0,0,4.110878,1.044516,186.2235,-0.319397,-0.883977,0.341424,3.733485,0.000029,186.6269,Road,0,0,0.5,0.5,0.5,0.5,0.907529,0.746282,Invalid,#NAME?
07:04.2,4615,63.5848,4.111505,1.043886,186.225,62.09129,317.2028,13.1338,0,0,0,4.111505,1.043886,186.225,-0.318006,-0.883695,0.343448,3.735862,0.000029,186.6307,Road,0,0,0.5,0.5,0.5,0.5,0.907529,0.746282,Invalid,#NAME?
07:04.2,4616,63.5962,4.111972,1.043436,186.226,62.10429,317.1947,13.02358,0,0,0,4.111972,1.043436,186.226,-0.317918,-0.883801,0.343256,3.73664,0.000029,186.6312,Road,0,0,0.5,0.5,0.5,0.5,0.907529,0.746282,Invalid,#NAME?
07:04.2,4617,63.6081,4.112366,1.04316,186.2267,62.17875,317.3348,13.03929,0,0,0,4.112366,1.04316,186.2267,-0.316299,-0.884408,0.343188,3.7393,0.000029,186.6314,Road,0,0,0.5,0.5,0.5,0.5,0.907529,0.746282,Invalid,#NAME?
07:04.2,4618,63.6186,4.112667,1.04291,186.227,62.21843,317.058,12.63139,0,0,0,4.112667,1.04291,186.227,-0.317536,-0.884731,0.341207,3.73837,0.000029,186.6292,Road,0,0,0.5,0.5,0.5,0.5,0.907529,0.746282,Invalid,#NAME?
07:04.3,4619,63.6306,4.112997,1.042692,186.2273,62.25234,316.8754,12.37512,0,0,0,4.112997,1.042692,186.2273,-0.318263,-0.885007,0.339811,3.738037,0.000029,186.6277,Road,0,0,0.5,0.5,0.5,0.5,0.907529,0.746282,Invalid,#NAME?
07:04.3,4620,63.6472,4.113446,1.042635,186.2271,62.30542,316.6976,12.10471,0,0,0,4.113446,1.042635,186.2271,-0.318754,-0.885438,0.338225,3.738112,0.000029,186.6254,Road,0,0,0.5,0.5,0.5,0.5,0.907529,0.746282,Invalid,#NAME?
07:04.3,4621,63.6555,4.113788,1.042538,186.2269,62.35315,316.5292,11.86587,0,0,0,4.113788,1.042538,186.2269,-0.319239,-0.885824,0.336752,3.738081,0.000029,186.6232,Road,0,0,0.5,0.5,0.5,0.5,0.907529,0.746282,Invalid,#NAME?
07:04.3,4622,63.6623,4.113933,1.042373,186.2266,62.3971,316.5632,11.86609,0,0,0,4.113933,1.042373,186.2266,-0.318572,-0.88618,0.336448,3.739221,0.000029,186.6223,Road,0,0,0.5,0.5,0.5,0.5,0.907529,0.746282,Invalid,#NAME?
07:04.3,4623,63.6736,4.113862,1.042359,186.2262,62.4697,316.5957,11.84852,0,0,0,4.113862,1.042359,186.2262,-0.317609,-0.886767,0.335812,3.740535,0.000029,186.621,Road,0,0,0.5,0.5,0.5,0.5,0.907529,0.746282,Invalid,#NAME?
07:04.3,4624,63.6856,4.113756,1.042267,186.2261,62.50016,316.5848,11.76485,0,0,0,4.113756,1.042267,186.2261,-0.317349,-0.887012,0.335409,3.740871,0.000029,186.6202,Road,0,0,0.5,0.5,0.5,0.5,0.907529,0.746282,Invalid,#NAME?
07:04.3,4625,63.6963,4.113637,1.042126,186.2259,62.51453,316.5587,11.56299,0,0,0,4.113637,1.042126,186.2259,-0.317349,-0.887128,0.335103,3.740851,0.000029,186.6195,Road,0,0,0.5,0.5,0.5,0.5,0.907529,0.746282,Invalid,#NAME?
07:04.3,4626,63.7073,4.113526,1.042103,186.2257,62.47688,316.4229,11.24001,0,0,0,4.113526,1.042103,186.2257,-0.318544,-0.886824,0.334772,3.739217,0.000029,186.6191,Road,0,0,0.5,0.5,0.5,0.5,0.907529,0.746282,Invalid,#NAME?
07:04.3,4627,63.7185,4.113474,1.042008,186.2257,62.45274,316.1054,10.78005,0,0,0,4.113474,1.042008,186.2257,-0.320653,-0.88663,0.333271,3.736637,0.000029,186.6173,Road,0,0,0.5,0.5,0.5,0.5,0.907529,0.746282,Invalid,#NAME?
07:04.4,4628,63.7295,4.113479,1.041861,186.2257,62.42281,315.7336,10.32817,0,0,0,4.113479,1.041861,186.2257,-0.323133,-0.886388,0.331515,3.733678,0.000029,186.6153,Road,0,0,0.5,0.5,0.5,0.5,0.907529,0.746282,Invalid,#NAME?
07:04.4,4629,63.7406,4.113511,1.041847,186.2257,62.33926,315.2259,9.832868,0,0,0,4.113511,1.041847,186.2257,-0.326967,-0.885712,0.329556,3.728915,0.000029,186.6133,Road,0,0,0.5,0.5,0.5,0.5,0.907529,0.746282,Invalid,#NAME?
07:04.4,4630,63.7515,4.113651,1.041658,186.2259,62.28358,314.791,9.388754,0,0,0,4.113651,1.041658,186.2259,-0.33007,-0.885261,0.327671,3.725279,0.000029,186.6115,Road,0,0,0.5,0.5,0.5,0.5,0.907529,0.746282,Invalid,#NAME?
07:04.4,4631,63.7633,4.113785,1.041455,186.2262,62.16883,314.3966,9.130309,0,0,0,4.113785,1.041455,186.2262,-0.333583,-0.884327,0.326631,3.72094,0.000029,186.6109,Road,0,0,0.5,0.5,0.5,0.5,0.907529,0.746282,Invalid,#NAME?
07:04.4,4632,63.7739,4.113841,1.041423,186.2267,62.10461,313.9802,8.829412,0,0,0,4.113841,1.041423,186.2267,-0.336662,-0.883803,0.324886,3.717149,0.000029,186.6095,Road,0,0,0.5,0.5,0.5,0.5,0.907529,0.746282,Invalid,#NAME?
07:04.4,4633,63.7851,4.113977,1.041203,186.2271,62.01927,313.5497,8.619107,0,0,0,4.113977,1.041203,186.2271,-0.340047,-0.883106,0.323254,3.713064,0.000029,186.6082,Road,0,0,0.5,0.5,0.5,0.5,0.907529,0.746282,Invalid,#NAME?
07:04.4,4634,63.8091,4.114251,1.040932,186.2277,61.96085,313.0532,8.358965,0,0,0,4.114251,1.040932,186.2277,-0.343493,-0.882627,0.32091,3.709161,0.000029,186.6062,Road,0,0,0.5,0.5,0.5,0.5,0.907529,0.746282,Invalid,#NAME?
07:04.4,4635,63.8177,4.114559,1.040828,186.228,61.88806,312.718,8.210269,0,0,0,4.114559,1.040828,186.228,-0.346189,-0.882029,0.319654,3.706054,0.000029,186.6052,Road,0,0,0.5,0.5,0.5,0.5,0.907529,0.746282,Invalid,#NAME?
07:04.4,4636,63.8254,4.115183,1.040377,186.2283,61.83192,312.301,8.016397,0,0,0,4.115183,1.040377,186.2283,-0.349145,-0.881567,0.317709,3.703153,0.000029,186.6032,Road,0,0,0.5,0.5,0.5,0.5,0.907529,0.746282,Invalid,#NAME?
07:04.5,4637,63.8503,4.116142,1.039662,186.2286,61.83426,312.1346,8.067633,0,0,0,4.116142,1.039662,186.2286,-0.350039,-0.881586,0.316668,3.703349,0.000029,186.6021,Road,0,0,0.5,0.5,0.5,0.5,0.907529,0.746282,Invalid,#NAME?
07:04.5,4638,63.8575,4.116244,1.0396,186.2287,61.66822,311.9203,8.116745,0,0,0,4.116244,1.0396,186.2287,-0.353121,-0.880214,0.317062,3.699193,0.000029,186.6031,Road,0,0,0.5,0.5,0.5,0.5,0.907529,0.746282,Invalid,#NAME?
07:04.5,4639,63.8641,4.116569,1.039326,186.2287,61.66887,312.0397,8.190575,0,0,0,4.116569,1.039326,186.2287,-0.352452,-0.88022,0.317791,3.700419,0.000029,186.6039,Road,0,0,0.5,0.5,0.5,0.5,0.907529,0.746282,Invalid,#NAME?
07:04.5,4640,63.8739,4.11697,1.039067,186.2285,61.6307,312.1631,8.259356,0,0,0,4.11697,1.039067,186.2285,-0.352201,-0.879903,0.318943,3.701072,0.000029,186.6051,Road,0,0,0.5,0.5,0.5,0.5,0.907529,0.746282,Invalid,#NAME?
07:04.5,4641,63.8856,4.117351,1.038781,186.2283,61.64477,312.257,8.19299,0,0,0,4.117351,1.038781,186.2283,-0.351518,-0.88002,0.319375,3.702428,0.000029,186.6053,Road,0,0,0.5,0.5,0.5,0.5,0.907529,0.746282,Invalid,#NAME?
07:04.5,4642,63.8965,4.11762,1.038475,186.2279,61.58441,312.4469,8.343834,0,0,0,4.11762,1.038475,186.2279,-0.351141,-0.879519,0.321164,3.703028,0.000029,186.6071,Road,0,0,0.5,0.5,0.5,0.5,0.907529,0.746282,Invalid,#NAME?
07:04.5,4643,63.9075,4.117861,1.038297,186.2274,61.55307,312.6815,8.441383,0,0,0,4.117861,1.038297,186.2274,-0.350177,-0.879259,0.322925,3.704355,0.000029,186.6087,Road,0,0,0.5,0.5,0.5,0.5,0.907529,0.746282,Invalid,#NAME?
07:04.5,4644,63.9182,4.118073,1.038157,186.2269,61.58612,313.1076,8.642819,0,0,0,4.118073,1.038157,186.2269,-0.347395,-0.879533,0.325174,3.708036,0.000029,186.6107,Road,0,0,0.5,0.5,0.5,0.5,0.907529,0.746282,Invalid,#NAME?
07:04.6,4645,63.9334,4.118291,1.037942,186.2264,61.49198,313.4846,8.992926,0,0,0,4.118291,1.037942,186.2264,-0.346297,-0.87875,0.328446,3.709271,0.000029,186.6144,Road,0,0,0.5,0.5,0.5,0.5,0.907529,0.746282,Invalid,#NAME?
07:04.6,4646,63.9424,4.118521,1.0377,186.226,61.49986,313.886,9.164998,0,0,0,4.118521,1.0377,186.226,-0.3439,-0.878816,0.33078,3.712457,0.000029,186.6166,Road,0,0,0.5,0.5,0.5,0.5,0.907529,0.746282,Invalid,#NAME?
07:04.6,4647,63.9578,4.118603,1.037656,186.2257,61.48004,314.2185,9.341419,0,0,0,4.118603,1.037656,186.2257,-0.342192,-0.878651,0.332983,3.714497,0.000029,186.6189,Road,0,0,0.5,0.5,0.5,0.5,0.907529,0.746282,Invalid,#NAME?
07:04.6,4648,63.9664,4.11876,1.037478,186.2256,61.49619,314.1996,9.131402,0,0,0,4.11876,1.037478,186.2256,-0.342125,-0.878785,0.332697,3.714864,0.000029,186.6184,Road,0,0,0.5,0.5,0.5,0.5,0.907529,0.746282,Invalid,#NAME?
07:04.6,4649,63.9739,4.118937,1.037284,186.2256,61.47026,314.1619,9.009049,0,0,0,4.118937,1.037284,186.2256,-0.342629,-0.878569,0.332748,3.714423,0.000029,186.6184,Road,0,0,0.5,0.5,0.5,0.5,0.907529,0.746282,Invalid,#NAME?
07:04.6,4650,63.9851,4.119158,1.037144,186.2256,61.47963,314.0004,8.800724,0,0,0,4.119158,1.037144,186.2256,-0.343462,-0.878647,0.331682,3.713751,0.000029,186.6171,Road,0,0,0.5,0.5,0.5,0.5,0.907529,0.746282,Invalid,#NAME?
07:04.6,4651,63.996,4.119396,1.036954,186.2256,61.44325,313.8302,8.740501,0,0,0,4.119396,1.036954,186.2256,-0.344848,-0.878344,0.331046,3.712286,0.000029,186.6164,Road,0,0,0.5,0.5,0.5,0.5,0.907529,0.746282,Invalid,#NAME?
07:04.6,4652,64.007,4.11955,1.036924,186.2256,61.46177,313.5763,8.543526,0,0,0,4.11955,1.036924,186.2256,-0.346106,-0.878499,0.329319,3.711039,0.000029,186.6143,Road,0,0,0.5,0.5,0.5,0.5,0.907529,0.746282,Invalid,#NAME?
07:04.6,4653,64.0181,4.119712,1.036851,186.2258,61.43718,313.3151,8.443146,0,0,0,4.119712,1.036851,186.2258,-0.347878,-0.878293,0.327997,3.709043,0.000029,186.613,Road,0,0,0.5,0.5,0.5,0.5,0.907529,0.746282,Invalid,#NAME?
07:04.7,4654,64.0294,4.119871,1.036799,186.2261,61.44587,312.9561,8.257813,0,0,0,4.119871,1.036799,186.2261,-0.349829,-0.878366,0.32572,3.706954,0.000029,186.6105,Road,0,0,0.5,0.5,0.5,0.5,0.907529,0.746282,Invalid,#NAME?
07:04.7,4655,64.0406,4.119946,1.036998,186.2261,61.4481,312.6726,8.113307,0,0,0,4.119946,1.036998,186.2261,-0.351411,-0.878385,0.323962,3.705091,0.000029,186.6086,Road,0,0,0.5,0.5,0.5,0.5,0.907529,0.746282,Invalid,#NAME?
07:04.7,4656,64.0516,4.120068,1.037028,186.2261,61.41684,312.5278,8.176608,0,0,0,4.120068,1.037028,186.2261,-0.352582,-0.878124,0.323396,3.703694,0.000029,186.608,Road,0,0,0.5,0.5,0.5,0.5,0.907529,0.746282,Invalid,#NAME?
07:04.7,4657,64.0642,4.120147,1.037051,186.2261,61.42014,312.437,8.216384,0,0,0,4.120147,1.037051,186.2261,-0.353056,-0.878151,0.322803,3.703217,0.000029,186.6073,Road,0,0,0.5,0.5,0.5,0.5,0.907529,0.746282,Invalid,#NAME?
07:04.7,4658,64.0746,4.120127,1.037206,186.2259,61.42047,312.4919,8.377952,0,0,0,4.120127,1.037206,186.2259,-0.352743,-0.878154,0.323138,3.703506,0.000029,186.6076,Road,0,0,0.5,0.5,0.5,0.5,0.907529,0.746282,Invalid,#NAME?
07:04.7,4659,64.0854,4.120047,1.03727,186.2258,61.43008,312.6293,8.5427,0,0,0,4.120047,1.03727,186.2258,-0.351859,-0.878234,0.323883,3.704482,0.000029,186.6083,Road,0,0,0.5,0.5,0.5,0.5,0.907529,0.746282,Invalid,#NAME?
07:04.7,4660,64.0967,4.11993,1.037234,186.2257,61.43531,312.8076,8.687619,0,0,0,4.11993,1.037234,186.2257,-0.350791,-0.878278,0.324922,3.705662,0.000029,186.6094,Road,0,0,0.5,0.5,0.5,0.5,0.907529,0.746282,Invalid,#NAME?
07:04.7,4661,64.1152,4.119874,1.037292,186.2255,61.41462,312.8773,8.662204,0,0,0,4.119874,1.037292,186.2255,-0.350627,-0.878105,0.325565,3.705695,0.000029,186.61,Road,0,0,0.5,0.5,0.5,0.5,0.907529,0.746282,Invalid,#NAME?
07:04.7,4662,64.1226,4.119775,1.037268,186.2253,61.37906,313.0865,8.768309,0,0,0,4.119775,1.037268,186.2253,-0.349834,-0.877808,0.327214,3.706402,0.000029,186.6119,Road,0,0,0.5,0.5,0.5,0.5,0.907529,0.746282,Invalid,#NAME?
07:04.8,4663,64.1292,4.119716,1.037223,186.2251,61.36658,313.1504,8.769625,0,0,0,4.119716,1.037223,186.2251,-0.349609,-0.877704,0.327735,3.706578,0.000029,186.6124,Road,0,0,0.5,0.5,0.5,0.5,0.907529,0.746282,Invalid,#NAME?
07:04.8,4664,64.1416,4.119592,1.037364,186.2248,61.37002,313.3912,8.961718,0,0,0,4.119592,1.037364,186.2248,-0.34819,-0.877732,0.329166,3.708089,0.000029,186.6139,Road,0,0,0.5,0.5,0.5,0.5,0.907529,0.746282,Invalid,#NAME?
07:04.8,4665,64.1521,4.119511,1.037366,186.2247,61.39535,313.6155,9.111312,0,0,0,4.119511,1.037366,186.2247,-0.346617,-0.877944,0.330259,3.709964,0.000029,186.6149,Road,0,0,0.5,0.5,0.5,0.5,0.907529,0.746282,Invalid,#NAME?
07:04.8,4666,64.1632,4.119528,1.037361,186.2244,61.34167,313.5071,9.112299,0,0,0,4.119528,1.037361,186.2244,-0.347838,-0.877495,0.330168,3.70833,0.000029,186.6147,Road,0,0,0.5,0.5,0.5,0.5,0.907529,0.746282,Invalid,#NAME?
07:04.8,4667,64.174,4.119488,1.037514,186.2243,61.46024,313.8175,9.394167,0,0,0,4.119488,1.037514,186.2243,-0.344733,-0.878486,0.33079,3.71236,0.000029,186.615,Road,0,0,0.5,0.5,0.5,0.5,0.907529,0.746282,Invalid,#NAME?
07:04.8,4668,64.1851,4.11947,1.037532,186.2243,61.50915,313.9287,9.522707,0,0,0,4.11947,1.037532,186.2243,-0.343551,-0.878893,0.330938,3.713919,0.000029,186.6149,Road,0,0,0.5,0.5,0.5,0.5,0.907529,0.746282,Invalid,#NAME?
07:04.8,4669,64.1967,4.119451,1.037527,186.2244,61.57266,314.0088,9.609449,0,0,0,4.119451,1.037527,186.2244,-0.342387,-0.879422,0.33074,3.715519,0.000029,186.6146,Road,0,0,0.5,0.5,0.5,0.5,0.907529,0.746282,Invalid,#NAME?
07:04.8,4670,64.2073,4.119445,1.037594,186.2243,61.60535,313.9849,9.544962,0,0,0,4.119445,1.037594,186.2243,-0.342164,-0.879693,0.330249,3.715875,0.000029,186.6138,Road,0,0,0.5,0.5,0.5,0.5,0.907529,0.746282,Invalid,#NAME?
07:04.8,4671,64.218,4.119468,1.037507,186.2243,61.59482,313.9239,9.485671,0,0,0,4.119468,1.037507,186.2243,-0.342631,-0.879606,0.329997,3.71534,0.000029,186.6135,Road,0,0,0.5,0.5,0.5,0.5,0.907529,0.746282,Invalid,#NAME?
07:04.9,4672,64.2295,4.119479,1.03738,186.2242,61.57063,313.8166,9.390595,0,0,0,4.119479,1.03738,186.2242,-0.343517,-0.879405,0.329612,3.714264,0.000029,186.613,Road,0,0,0.5,0.5,0.5,0.5,0.907529,0.746282,Invalid,#NAME?
07:04.9,4673,64.241,4.119349,1.037403,186.224,61.52574,313.7501,9.44827,0,0,0,4.119349,1.037403,186.224,-0.344397,-0.879031,0.32969,3.712915,0.000029,186.613,Road,0,0,0.5,0.5,0.5,0.5,0.907529,0.746282,Invalid,#NAME?
07:04.9,4674,64.2519,4.119264,1.03731,186.2239,61.52518,313.8191,9.632839,0,0,0,4.119264,1.03731,186.2239,-0.344005,-0.879027,0.330109,3.713325,0.000029,186.6134,Road,0,0,0.5,0.5,0.5,0.5,0.907529,0.746282,Invalid,#NAME?
07:04.9,4675,64.2696,4.119209,1.03723,186.2238,61.54496,313.9329,9.844359,0,0,0,4.119209,1.03723,186.2238,-0.343131,-0.879191,0.330581,3.714409,0.000029,186.6138,Road,0,0,0.5,0.5,0.5,0.5,0.907529,0.746282,Invalid,#NAME?
07:04.9,4676,64.2769,4.11921,1.037185,186.2238,61.53994,313.9346,9.938415,0,0,0,4.11921,1.037185,186.2238,-0.343176,-0.87915,0.330645,3.714356,0.000029,186.6138,Road,0,0,0.5,0.5,0.5,0.5,0.907529,0.746282,Invalid,#NAME?
07:04.9,4677,64.2855,4.119224,1.037229,186.2236,61.57207,314.0575,10.07137,0,0,0,4.119224,1.037229,186.2236,-0.342112,-0.879417,0.331038,3.71573,0.000029,186.614,Road,0,0,0.5,0.5,0.5,0.5,0.907529,0.746282,Invalid,#NAME?
07:04.9,4678,64.2965,4.119211,1.037179,186.2235,61.55067,314.1811,10.20033,0,0,0,4.119211,1.037179,186.2235,-0.341633,-0.879239,0.332004,3.716221,0.000029,186.6152,Road,0,0,0.5,0.5,0.5,0.5,0.907529,0.746282,Invalid,#NAME?
07:04.9,4679,64.3073,4.119179,1.037266,186.2234,61.50191,314.2812,10.24034,0,0,0,4.119179,1.037266,186.2234,-0.341588,-0.878833,0.333122,3.716022,0.000029,186.6165,Road,0,0,0.5,0.5,0.5,0.5,0.907529,0.746282,Invalid,#NAME?
07:04.9,4680,64.3184,4.119156,1.037219,186.2232,61.435,314.372,10.25299,0,0,0,4.119156,1.037219,186.2232,-0.341793,-0.878275,0.334381,3.715519,0.000029,186.6181,Road,0,0,0.5,0.5,0.5,0.5,0.907529,0.746282,Invalid,#NAME?
07:05.0,4681,64.3292,4.119123,1.037142,186.2231,61.36856,314.455,10.28448,0,0,0,4.119123,1.037142,186.2231,-0.342035,-0.87772,0.335589,3.714974,0.000029,186.6196,Road,0,0,0.5,0.5,0.5,0.5,0.907529,0.746282,Invalid,#NAME?
07:05.0,4682,64.3403,4.119064,1.037227,186.2228,61.30326,314.6518,10.43433,0,0,0,4.119064,1.037227,186.2228,-0.341591,-0.877173,0.337465,3.715156,0.000029,186.6219,Road,0,0,0.5,0.5,0.5,0.5,0.907529,0.746282,Invalid,#NAME?
07:05.0,4683,64.3513,4.11902,1.037101,186.2228,61.24218,314.7485,10.54966,0,0,0,4.11902,1.037101,186.2228,-0.341685,-0.876661,0.338699,3.714812,0.000029,186.6234,Road,0,0,0.5,0.5,0.5,0.5,0.907529,0.746282,Invalid,#NAME?
07:05.0,4684,64.3624,4.118991,1.037064,186.2227,61.22574,314.891,10.69254,0,0,0,4.118991,1.037064,186.2227,-0.34102,-0.876523,0.339725,3.715522,0.000029,186.6246,Road,0,0,0.5,0.5,0.5,0.5,0.907529,0.746282,Invalid,#NAME?
07:05.0,4685,64.3736,4.118967,1.03717,186.2224,61.21524,315.0683,10.89442,0,0,0,4.118967,1.03717,186.2224,-0.34008,-0.876435,0.340892,3.716527,0.000029,186.6258,Road,0,0,0.5,0.5,0.5,0.5,0.907529,0.746282,Invalid,#NAME?
07:05.0,4686,64.3846,4.119012,1.037121,186.2223,61.20207,315.0984,10.95399,0,0,0,4.119012,1.037121,186.2223,-0.340043,-0.876324,0.341214,3.716585,0.000029,186.6261,Road,0,0,0.5,0.5,0.5,0.5,0.907529,0.746282,Invalid,#NAME?
07:05.0,4687,64.396,4.119088,1.037148,186.2222,61.22341,315.1119,10.9902,0,0,0,4.119088,1.037148,186.2222,-0.339733,-0.876504,0.341062,3.7171,0.000029,186.6258,Road,0,0,0.5,0.5,0.5,0.5,0.907529,0.746282,Invalid,#NAME?
07:05.0,4688,64.407,4.119103,1.037377,186.2221,61.22369,315.1394,11.05605,0,0,0,4.119103,1.037377,186.2221,-0.339566,-0.876506,0.341222,3.717225,0.000029,186.6259,Road,0,0,0.5,0.5,0.5,0.5,0.907529,0.746282,Invalid,#NAME?
07:05.0,4689,64.4238,4.119211,1.037333,186.2221,61.21693,315.0417,10.99044,0,0,0,4.119211,1.037333,186.2221,-0.340221,-0.876449,0.340716,3.716549,0.000029,186.6253,Road,0,0,0.5,0.5,0.5,0.5,0.907529,0.746282,Invalid,#NAME?
07:05.1,4690,64.4314,4.119298,1.037308,186.2221,61.1754,315.0193,10.99146,0,0,0,4.119298,1.037308,186.2221,-0.340802,-0.8761,0.341032,3.715796,0.000029,186.6258,Road,0,0,0.5,0.5,0.5,0.5,0.907529,0.746282,Invalid,#NAME?
07:05.1,4691,64.4405,4.119411,1.037242,186.2221,61.09331,314.9941,10.97932,0,0,0,4.119411,1.037242,186.2221,-0.34184,-0.875408,0.34177,3.714388,0.000029,186.627,Road,0,0,0.5,0.5,0.5,0.5,0.907529,0.746282,Invalid,#NAME?
07:05.1,4692,64.4514,4.11939,1.037317,186.2221,61.0513,314.9523,10.96664,0,0,0,4.11939,1.037317,186.2221,-0.342543,-0.875053,0.341973,3.713339,0.000029,186.6274,Road,0,0,0.5,0.5,0.5,0.5,0.907529,0.746282,Invalid,#NAME?
07:05.1,4693,64.4625,4.119413,1.037189,186.2222,61.00439,315.0547,11.10469,0,0,0,4.119413,1.037189,186.2222,-0.342437,-0.874657,0.343092,3.713354,0.000029,186.6291,Road,0,0,0.5,0.5,0.5,0.5,0.907529,0.746282,Invalid,#NAME?
07:05.1,4694,64.4736,4.119375,1.037214,186.2221,60.9594,315.0822,11.12255,0,0,0,4.119375,1.037214,186.2221,-0.342757,-0.874276,0.343743,3.71275,0.000029,186.6299,Road,0,0,0.5,0.5,0.5,0.5,0.907529,0.746282,Invalid,#NAME?
07:05.1,4695,64.485,4.119386,1.03706,186.2221,60.89135,315.1641,11.21265,0,0,0,4.119386,1.03706,186.2221,-0.342998,-0.873699,0.344968,3.712266,0.000029,186.6315,Road,0,0,0.5,0.5,0.5,0.5,0.907529,0.746282,Invalid,#NAME?
07:05.1,4696,64.496,4.119424,1.036987,186.2222,60.83125,315.1365,11.22201,0,0,0,4.119424,1.036987,186.2222,-0.34381,-0.873188,0.345452,3.71113,0.000029,186.6324,Road,0,0,0.5,0.5,0.5,0.5,0.907529,0.746282,Invalid,#NAME?
07:05.1,4697,64.5071,4.119483,1.037036,186.2221,60.81519,315.1425,11.23927,0,0,0,4.119483,1.037036,186.2221,-0.343946,-0.873051,0.345662,3.710944,0.000029,186.6327,Road,0,0,0.5,0.5,0.5,0.5,0.907529,0.746282,Invalid,#NAME?
07:05.1,4698,64.5183,4.119583,1.037011,186.2222,60.79295,315.1939,11.33703,0,0,0,4.119583,1.037011,186.2222,-0.343875,-0.872862,0.346211,3.71105,0.000029,186.6335,Road,0,0,0.5,0.5,0.5,0.5,0.907529,0.746282,Invalid,#NAME?
07:05.2,4699,64.5292,4.11975,1.037014,186.2224,60.80611,315.1315,11.36569,0,0,0,4.11975,1.037014,186.2224,-0.344111,-0.872974,0.345694,3.710989,0.000029,186.6331,Road,0,0,0.5,0.5,0.5,0.5,0.907529,0.746282,Invalid,#NAME?
07:05.2,4700,64.5407,4.119925,1.037094,186.2224,60.88095,315.134,11.396,0,0,0,4.119925,1.037094,186.2224,-0.343291,-0.873611,0.344901,3.712403,0.000029,186.6318,Road,0,0,0.5,0.5,0.5,0.5,0.907529,0.746282,Invalid,#NAME?
07:05.2,4701,64.5516,4.120148,1.037031,186.2225,60.85361,314.9752,11.25852,0,0,0,4.120148,1.037031,186.2225,-0.34454,-0.873378,0.344242,3.711059,0.000029,186.6312,Road,0,0,0.5,0.5,0.5,0.5,0.907529,0.746282,Invalid,#NAME?
07:05.2,4702,64.5627,4.120229,1.037002,186.2225,60.9168,315.0208,11.27229,0,0,0,4.120229,1.037002,186.2225,-0.343585,-0.873915,0.343835,3.712536,0.000029,186.6305,Road,0,0,0.5,0.5,0.5,0.5,0.907529,0.746282,Invalid,#NAME?
07:05.2,4703,64.5798,4.120206,1.037135,186.2223,60.88713,314.947,11.18427,0,0,0,4.120206,1.037135,186.2223,-0.344348,-0.873663,0.343712,3.711438,0.000029,186.6303,Road,0,0,0.5,0.5,0.5,0.5,0.907529,0.746282,Invalid,#NAME?
07:05.2,4704,64.5867,4.120227,1.036979,186.2225,60.84824,314.8938,11.10617,0,0,0,4.120227,1.036979,186.2225,-0.345087,-0.873333,0.34381,3.710488,0.000029,186.6307,Road,0,0,0.5,0.5,0.5,0.5,0.907529,0.746282,Invalid,#NAME?
07:05.2,4705,64.5971,4.120247,1.036905,186.2225,60.78278,314.8181,11.01874,0,0,0,4.120247,1.036905,186.2225,-0.346248,-0.872775,0.344057,3.708896,0.000029,186.6312,Road,0,0,0.5,0.5,0.5,0.5,0.907529,0.746282,Invalid,#NAME?
07:05.2,4706,64.6076,4.120219,1.036962,186.2223,60.7353,314.8122,11.01108,0,0,0,4.120219,1.036962,186.2223,-0.346797,-0.872371,0.344531,3.708003,0.000029,186.6319,Road,0,0,0.5,0.5,0.5,0.5,0.907529,0.746282,Invalid,#NAME?
07:05.2,4707,64.6182,4.120272,1.036817,186.2224,60.71195,314.8347,11.03266,0,0,0,4.120272,1.036817,186.2224,-0.346914,-0.872171,0.344918,3.70788,0.000029,186.6324,Road,0,0,0.5,0.5,0.5,0.5,0.907529,0.746282,Invalid,#NAME?
07:05.3,4708,64.6293,4.120284,1.036726,186.2225,60.70938,314.9066,11.11761,0,0,0,4.120284,1.036726,186.2225,-0.346508,-0.87215,0.34538,3.7084,0.000029,186.6331,Road,0,0,0.5,0.5,0.5,0.5,0.907529,0.746282,Invalid,#NAME?
07:05.3,4709,64.6403,4.120305,1.036762,186.2225,60.74337,314.9274,11.12457,0,0,0,4.120305,1.036762,186.2225,-0.346016,-0.87244,0.345141,3.709128,0.000029,186.6326,Road,0,0,0.5,0.5,0.5,0.5,0.907529,0.746282,Invalid,#NAME?
07:05.3,4710,64.6514,4.120409,1.03668,186.2226,60.76758,314.7918,10.9917,0,0,0,4.120409,1.03668,186.2226,-0.346571,-0.872646,0.344061,3.708703,0.000029,186.6313,Road,0,0,0.5,0.5,0.5,0.5,0.907529,0.746282,Invalid,#NAME?
07:05.3,4711,64.6625,4.120594,1.036592,186.2227,60.81359,314.8513,10.96763,0,0,0,4.120594,1.036592,186.2227,-0.345717,-0.873038,0.343926,3.710122,0.000029,186.6311,Road,0,0,0.5,0.5,0.5,0.5,0.907529,0.746282,Invalid,#NAME?
07:05.3,4712,64.6738,4.120746,1.036684,186.2226,60.76446,314.597,10.71889,0,0,0,4.120746,1.036684,186.2226,-0.347772,-0.872619,0.342915,3.707599,0.000029,186.63,Road,0,0,0.5,0.5,0.5,0.5,0.907529,0.746282,Invalid,#NAME?
07:05.3,4713,64.685,4.120936,1.03663,186.2227,60.7782,314.5002,10.61561,0,0,0,4.120936,1.03663,186.2227,-0.348202,-0.872736,0.342179,3.707356,0.000029,186.6292,Road,0,0,0.5,0.5,0.5,0.5,0.907529,0.746282,Invalid,#NAME?
07:05.3,4714,64.6962,4.121136,1.036577,186.2229,60.77222,314.3497,10.44525,0,0,0,4.121136,1.036577,186.2229,-0.349165,-0.872685,0.341327,3.706408,0.000029,186.6283,Road,0,0,0.5,0.5,0.5,0.5,0.907529,0.746282,Invalid,#NAME?
07:05.3,4715,64.7069,4.121271,1.036637,186.2229,60.75964,314.2888,10.39629,0,0,0,4.121271,1.036637,186.2229,-0.349665,-0.872578,0.34109,3.705875,0.000029,186.6281,Road,0,0,0.5,0.5,0.5,0.5,0.907529,0.746282,Invalid,#NAME?
07:05.3,4716,64.7182,4.121394,1.036583,186.223,60.75293,314.281,10.40474,0,0,0,4.121394,1.036583,186.223,-0.349784,-0.872521,0.341113,3.705851,0.000029,186.6283,Road,0,0,0.5,0.5,0.5,0.5,0.907529,0.746282,Invalid,#NAME?
07:05.4,4717,64.7351,4.121535,1.036408,186.2234,60.73815,314.2504,10.3367,0,0,0,4.121535,1.036408,186.2234,-0.350127,-0.872395,0.341084,3.705594,0.000029,186.6286,Road,0,0,0.5,0.5,0.5,0.5,0.907529,0.746282,Invalid,#NAME?
07:05.4,4718,64.7425,4.121551,1.0364,186.2234,60.73541,314.2385,10.30986,0,0,0,4.121551,1.0364,186.2234,-0.350228,-0.872372,0.34104,3.705481,0.000029,186.6286,Road,0,0,0.5,0.5,0.5,0.5,0.907529,0.746282,Invalid,#NAME?
07:05.4,4719,64.7518,4.12166,1.036334,186.2237,60.70388,314.1312,10.18815,0,0,0,4.12166,1.036334,186.2237,-0.35121,-0.872102,0.340718,3.704322,0.000029,186.6285,Road,0,0,0.5,0.5,0.5,0.5,0.907529,0.746282,Invalid,#NAME?
07:05.4,4720,64.7629,4.121783,1.036287,186.224,60.69487,314.024,10.08276,0,0,0,4.121783,1.036287,186.224,-0.351946,-0.872026,0.340156,3.703554,0.000029,186.6282,Road,0,0,0.5,0.5,0.5,0.5,0.907529,0.746282,Invalid,#NAME?
07:05.4,4721,64.7744,4.121914,1.036412,186.2241,60.74129,313.8298,9.929263,0,0,0,4.121914,1.036412,186.2241,-0.352587,-0.872422,0.338471,3.703062,0.000029,186.6262,Road,0,0,0.5,0.5,0.5,0.5,0.907529,0.746282,Invalid,#NAME?
07:05.4,4722,64.7854,4.122127,1.03642,186.2243,60.76812,313.6382,9.794343,0,0,0,4.122127,1.03642,186.2243,-0.353421,-0.872651,0.337008,3.70239,0.000029,186.6245,Road,0,0,0.5,0.5,0.5,0.5,0.907529,0.746282,Invalid,#NAME?
07:05.4,4723,64.7966,4.122336,1.036425,186.2244,60.80102,313.4567,9.679404,0,0,0,4.122336,1.036425,186.2244,-0.354123,-0.872931,0.335542,3.7019,0.000029,186.6228,Road,0,0,0.5,0.5,0.5,0.5,0.907529,0.746282,Invalid,#NAME?
07:05.4,4724,64.809,4.122397,1.036599,186.2244,60.86072,313.4132,9.67113,0,0,0,4.122397,1.036599,186.2244,-0.353717,-0.873439,0.334648,3.702616,0.000029,186.6216,Road,0,0,0.5,0.5,0.5,0.5,0.907529,0.746282,Invalid,#NAME?
07:05.4,4725,64.8186,4.12251,1.036598,186.2245,60.87124,313.2464,9.520405,0,0,0,4.12251,1.036598,186.2245,-0.354573,-0.873528,0.333507,3.701756,0.000029,186.6202,Road,0,0,0.5,0.5,0.5,0.5,0.907529,0.746282,Invalid,#NAME?
07:05.5,4726,64.8297,4.122595,1.03653,186.2246,60.8861,313.3102,9.505368,0,0,0,4.122595,1.03653,186.2246,-0.354037,-0.873654,0.333746,3.702566,0.000029,186.6205,Road,0,0,0.5,0.5,0.5,0.5,0.907529,0.746282,Invalid,#NAME?
07:05.5,4727,64.8404,4.122603,1.03661,186.2244,60.85051,313.3141,9.393677,0,0,0,4.122603,1.03661,186.2244,-0.354409,-0.873352,0.334142,3.701955,0.000029,186.621,Road,0,0,0.5,0.5,0.5,0.5,0.907529,0.746282,Invalid,#NAME?
07:05.5,4728,64.852,4.122612,1.036485,186.2245,60.81428,313.3421,9.320217,0,0,0,4.122612,1.036485,186.2245,-0.354647,-0.873044,0.334694,3.701583,0.000029,186.6218,Road,0,0,0.5,0.5,0.5,0.5,0.907529,0.746282,Invalid,#NAME?
07:05.5,4729,64.8627,4.122554,1.036369,186.2245,60.75042,313.3976,9.298625,0,0,0,4.122554,1.036369,186.2245,-0.355029,-0.8725,0.335706,3.700856,0.000029,186.6233,Road,0,0,0.5,0.5,0.5,0.5,0.907529,0.746282,Invalid,#NAME?
07:05.5,4730,64.8738,4.122508,1.036433,186.2245,60.72046,313.4642,9.262653,0,0,0,4.122508,1.036433,186.2245,-0.35497,-0.872244,0.336433,3.70073,0.000029,186.6242,Road,0,0,0.5,0.5,0.5,0.5,0.907529,0.746282,Invalid,#NAME?
07:05.5,4731,64.8915,4.122538,1.03635,186.2247,60.70071,313.5028,9.251958,0,0,0,4.122538,1.03635,186.2247,-0.354961,-0.872075,0.336879,3.700723,0.000029,186.625,Road,0,0,0.5,0.5,0.5,0.5,0.907529,0.746282,Invalid,#NAME?
07:05.5,4732,64.8992,4.122637,1.036315,186.225,60.73308,313.5236,9.215624,0,0,0,4.122637,1.036315,186.225,-0.354482,-0.872352,0.336668,3.701539,0.000029,186.6249,Road,0,0,0.5,0.5,0.5,0.5,0.907529,0.746282,Invalid,#NAME?
07:05.5,4733,64.907,4.122705,1.036457,186.2252,60.79342,313.4339,9.119524,0,0,0,4.122705,1.036457,186.2252,-0.354341,-0.872866,0.335481,3.701965,0.000029,186.6235,Road,0,0,0.5,0.5,0.5,0.5,0.907529,0.746282,Invalid,#NAME?
07:05.5,4734,64.9182,4.122933,1.036448,186.2256,60.88901,313.1863,8.876221,0,0,0,4.122933,1.036448,186.2256,-0.354725,-0.873679,0.33295,3.702133,0.000029,186.6205,Road,0,0,0.5,0.5,0.5,0.5,0.907529,0.746282,Invalid,#NAME?
07:05.6,4735,64.936,4.123188,1.036452,186.2259,60.95208,312.8583,8.59439,0,0,0,4.123188,1.036452,186.2259,-0.35592,-0.874214,0.330259,3.701227,0.000029,186.6174,Road,0,0,0.5,0.5,0.5,0.5,0.907529,0.746282,Invalid,#NAME?
07:05.6,4736,64.9437,4.123463,1.036522,186.2261,61.06133,312.4341,8.247869,0,0,0,4.123463,1.036522,186.2261,-0.357124,-0.875138,0.32649,3.700492,0.000029,186.6128,Road,0,0,0.5,0.5,0.5,0.5,0.907529,0.746282,Invalid,#NAME?
07:05.6,4737,64.9514,4.123597,1.036648,186.2262,61.05276,312.067,8.042974,0,0,0,4.123597,1.036648,186.2262,-0.359307,-0.875066,0.324282,3.697955,0.000029,186.6103,Road,0,0,0.5,0.5,0.5,0.5,0.907529,0.746282,Invalid,#NAME?
07:05.6,4738,64.9627,4.123815,1.03672,186.2263,61.09038,311.7898,7.895226,0,0,0,4.123815,1.03672,186.2263,-0.360443,-0.875383,0.322157,3.696953,0.000029,186.6079,Road,0,0,0.5,0.5,0.5,0.5,0.907529,0.746282,Invalid,#NAME?
07:05.6,4739,64.9736,4.123884,1.036882,186.2263,61.11062,311.6711,7.896665,0,0,0,4.123884,1.036882,186.2263,-0.360878,-0.875554,0.321204,3.696523,0.000029,186.6067,Road,0,0,0.5,0.5,0.5,0.5,0.907529,0.746282,Invalid,#NAME?
07:05.6,4740,64.9847,4.123885,1.036938,186.2265,61.13671,311.6608,7.891018,0,0,0,4.123885,1.036938,186.2265,-0.360638,-0.875774,0.320874,3.696893,0.000029,186.6064,Road,0,0,0.5,0.5,0.5,0.5,0.907529,0.746282,Invalid,#NAME?
07:05.6,4741,64.9961,4.123888,1.036997,186.2266,61.13694,311.6696,7.851682,0,0,0,4.123888,1.036997,186.2266,-0.360586,-0.875776,0.320928,3.696934,0.000029,186.6066,Road,0,0,0.5,0.5,0.5,0.5,0.907529,0.746282,Invalid,#NAME?
07:05.6,4742,65.007,4.123884,1.037219,186.2265,61.12391,311.7279,7.839352,0,0,0,4.123884,1.037219,186.2265,-0.360408,-0.875666,0.321427,3.696996,0.000029,186.6072,Road,0,0,0.5,0.5,0.5,0.5,0.907529,0.746282,Invalid,#NAME?
07:05.6,4743,65.0181,4.123956,1.037385,186.2265,61.15081,311.8594,7.884396,0,0,0,4.123956,1.037385,186.2265,-0.359363,-0.875893,0.321978,3.698347,0.000029,186.6078,Road,0,0,0.5,0.5,0.5,0.5,0.907529,0.746282,Invalid,#NAME?
07:05.7,4744,65.0439,4.124068,1.037522,186.2265,61.23249,311.9109,7.840577,0,0,0,4.124068,1.037522,186.2265,-0.358144,-0.87658,0.321468,3.70018,0.000029,186.607,Road,0,0,0.5,0.5,0.5,0.5,0.907529,0.746282,Invalid,#NAME?
