时间戳,帧计数器,游戏时间,挂载对象位置X,挂载对象位置Y,挂载对象位置Z,挂载对象旋转X,挂载对象旋转Y,挂载对象旋转Z,目标对象1旋转X,目标对象1旋转Y,目标对象1旋转Z,注视原点X,注视原点Y,注视原点Z,注视方向X,注视方向Y,注视方向Z,碰撞点X,碰撞点Y,碰撞点Z,碰撞物体名称,左瞳孔直径,右瞳孔直径,左瞳孔X,左瞳孔Y,右瞳孔X,右瞳孔Y,左眼睁眼度,右眼睁眼度,眼动追踪状态
33:21.8,1,0,0.413281,-0.001141,26.27405,359.9839,-0.000137,0.001785,0,0,0,0.413281,-0.001141,26.27405,-0.000002,0.000282,1,0.413271,0.000001,30.32714,Road,0,0,0.5,0.5,0.5,0.5,0,0,Invalid
33:24.3,2,0.02,0.346565,1.154493,26.16918,354.6492,331.2381,357.8715,0,0,0,0.346565,1.154493,26.16918,-0.479075,0.093254,0.872807,0.067704,1.208774,26.67723,-995,0,0,0.5,0.5,0.5,0.5,0.999997,0.999997,Invalid
33:24.6,3,0.3235,0.346497,1.143604,26.15981,353.8074,331.4397,358.4273,0,0,0,0.346497,1.143604,26.15981,-0.475294,0.10787,0.873189,0.069799,1.206402,26.66814,-995,0,0,0.5,0.5,0.5,0.5,1,1,Invalid
33:24.6,4,0.3655,0.346972,1.143709,26.15919,353.4089,331.6729,358.3865,0,0,0,0.346972,1.143709,26.15919,-0.471368,0.114782,0.874436,0.072723,1.21049,26.66795,-995,0,0,0.5,0.5,0.5,0.5,1,1,Invalid
33:24.6,5,0.3761,0.346981,1.143693,26.15921,353.4173,331.683,358.431,0,0,0,0.346981,1.143693,26.15921,-0.471222,0.114637,0.874533,0.072875,1.210376,26.66792,-995,0,0,0.5,0.5,0.5,0.5,1,1,Invalid
33:24.6,6,0.3876,0.346968,1.143618,26.1592,353.3769,331.6682,358.4232,0,0,0,0.346968,1.143618,26.1592,-0.47141,0.115338,0.87434,0.072703,1.210721,26.66789,-995,0,0,0.5,0.5,0.5,0.5,1,1,Invalid
33:24.6,7,0.3967,0.346949,1.143583,26.15919,353.3713,331.6724,358.4452,0,0,0,0.346949,1.143583,26.15919,-0.471341,0.115435,0.874364,0.072732,1.210741,26.66788,-995,0,0,0.5,0.5,0.5,0.5,1,1,Invalid
33:24.6,8,0.4073,0.346947,1.143575,26.1592,353.3441,331.6637,358.4448,0,0,0,0.346947,1.143575,26.1592,-0.471447,0.115907,0.874245,0.072641,1.211013,26.66787,-995,0,0,0.5,0.5,0.5,0.5,1,1,Invalid
33:24.7,9,0.4178,0.346939,1.143584,26.1592,353.3499,331.661,358.4543,0,0,0,0.346939,1.143584,26.1592,-0.471494,0.115806,0.874233,0.072603,1.210965,26.66787,-995,0,0,0.5,0.5,0.5,0.5,1,1,Invalid
33:24.7,10,0.4288,0.346932,1.143582,26.15921,353.353,331.6598,358.4429,0,0,0,0.346932,1.143582,26.15921,-0.471515,0.115751,0.874229,0.072583,1.210932,26.66788,-995,0,0,0.5,0.5,0.5,0.5,1,1,Invalid
33:24.7,11,0.4399,0.346928,1.143592,26.15921,353.3466,331.6572,358.4414,0,0,0,0.346928,1.143592,26.15921,-0.471548,0.115863,0.874196,0.072544,1.21101,26.66788,-995,0,0,0.5,0.5,0.5,0.5,1,1,Invalid
33:24.7,12,0.4743,0.346914,1.143621,26.15925,353.3519,331.6651,358.4395,0,0,0,0.346914,1.143621,26.15925,-0.471433,0.115771,0.87427,0.072617,1.210981,26.66793,-995,0,0,0.5,0.5,0.5,0.5,1,0.989106,Invalid
33:24.7,13,0.4845,0.346901,1.143662,26.15926,353.3495,331.6656,358.4374,0,0,0,0.346901,1.143662,26.15926,-0.471422,0.115812,0.87427,0.072605,1.211047,26.66795,-995,0,0,0.5,0.5,0.5,0.5,1,0.989106,Invalid
33:24.7,14,0.4942,0.346882,1.143663,26.15928,353.3368,331.6704,358.4177,0,0,0,0.346882,1.143663,26.15928,-0.471338,0.116033,0.874286,0.072641,1.211176,26.66797,-995,0,0,0.5,0.5,0.5,0.5,0.999027,0.993644,Invalid
33:24.7,15,0.505,0.346865,1.143691,26.15931,353.3351,331.6631,358.4409,0,0,0,0.346865,1.143691,26.15931,-0.471447,0.116062,0.874224,0.072545,1.211224,26.66799,-995,0,0,0.5,0.5,0.5,0.5,0.999027,0.993644,Invalid
33:24.8,16,0.5147,0.34684,1.143736,26.15932,353.3313,331.6577,358.4396,0,0,0,0.34684,1.143736,26.15932,-0.471526,0.116129,0.874172,0.072449,1.211313,26.66802,-995,0,0,0.5,0.5,0.5,0.5,0.999027,0.993644,Invalid
33:24.8,17,0.5234,0.346817,1.143751,26.15934,353.3292,331.6528,358.4576,0,0,0,0.346817,1.143751,26.15934,-0.471599,0.116164,0.874128,0.07237,1.211353,26.66804,-995,0,0,0.5,0.5,0.5,0.5,0.999377,0.994915,Invalid
33:24.8,18,0.5322,0.346798,1.143726,26.15935,353.3236,331.6488,358.4694,0,0,0,0.346798,1.143726,26.15935,-0.471655,0.116262,0.874085,0.072309,1.211387,26.66804,-995,0,0,0.5,0.5,0.5,0.5,0.999377,0.994915,Invalid
33:24.8,19,0.5399,0.346788,1.143755,26.15936,353.3241,331.6429,358.4778,0,0,0,0.346788,1.143755,26.15936,-0.471745,0.116253,0.874038,0.072226,1.211415,26.66806,-995,0,0,0.5,0.5,0.5,0.5,0.999377,0.994915,Invalid
33:24.8,20,0.5511,0.346777,1.143769,26.15937,353.3225,331.6395,358.4699,0,0,0,0.346777,1.143769,26.15937,-0.471795,0.116281,0.874007,0.072171,1.21145,26.66808,-995,0,0,0.5,0.5,0.5,0.5,0.999377,0.994915,Invalid
33:24.8,21,0.562,0.346764,1.14379,26.1594,353.3319,331.6351,358.4849,0,0,0,0.346764,1.14379,26.1594,-0.471872,0.116118,0.873987,0.07211,1.211377,26.6681,-995,0,0,0.5,0.5,0.5,0.5,0.999745,0.997917,Invalid
33:24.8,22,0.5732,0.346762,1.143774,26.15942,353.3304,331.6403,358.4493,0,0,0,0.346762,1.143774,26.15942,-0.471791,0.116144,0.874028,0.072167,1.211373,26.66812,-995,0,0,0.5,0.5,0.5,0.5,0.999745,0.997917,Invalid
33:24.8,23,0.5863,0.34676,1.143853,26.15942,353.3424,331.6425,358.4592,0,0,0,0.34676,1.143853,26.15942,-0.471768,0.115936,0.874067,0.072184,1.21133,26.66814,-995,0,0,0.5,0.5,0.5,0.5,0.99987,0.998934,Invalid
33:24.8,24,0.5956,0.346754,1.143859,26.15945,353.3391,331.6516,358.4296,0,0,0,0.346754,1.143859,26.15945,-0.471626,0.115994,0.874136,0.072287,1.211362,26.66816,-995,0,0,0.5,0.5,0.5,0.5,0.99987,0.998934,Invalid
33:24.8,25,0.6066,0.346771,1.143902,26.15946,353.3219,331.6515,358.4268,0,0,0,0.346771,1.143902,26.15946,-0.471613,0.11629,0.874104,0.072298,1.211581,26.66818,-995,0,0,0.5,0.5,0.5,0.5,0.999916,0.999318,Invalid
33:24.9,26,0.6478,0.346771,1.143984,26.15952,353.3249,331.6512,358.4272,0,0,0,0.346771,1.143984,26.15952,-0.47162,0.116239,0.874107,0.072296,1.211633,26.66823,-995,0,0,0.5,0.5,0.5,0.5,0.999966,0.999721,Invalid
33:24.9,27,0.658,0.346769,1.143976,26.15953,353.311,331.66,358.4141,0,0,0,0.346769,1.143976,26.15953,-0.471472,0.11648,0.874155,0.072397,1.211761,26.66824,-995,0,0,0.5,0.5,0.5,0.5,0.999966,0.999721,Invalid
33:24.9,28,0.6662,0.346819,1.143917,26.15951,353.338,331.6933,358.4304,0,0,0,0.346819,1.143917,26.15951,-0.470989,0.116012,0.874477,0.072815,1.211408,26.66825,-995,0,0,0.5,0.5,0.5,0.5,0.999983,0.999857,Invalid
33:24.9,29,0.6813,0.346825,1.143935,26.15951,353.3394,331.716,358.4153,0,0,0,0.346825,1.143935,26.15951,-0.470644,0.115988,0.874666,0.07307,1.2114,26.66826,-995,0,0,0.5,0.5,0.5,0.5,0.999986,0.999885,Invalid
33:24.9,30,0.6902,0.346867,1.143953,26.15952,353.3621,331.7204,358.4183,0,0,0,0.346867,1.143953,26.15952,-0.470599,0.115595,0.874743,0.073163,1.211184,26.66827,-995,0,0,0.5,0.5,0.5,0.5,0.999986,0.999885,Invalid
33:24.9,31,0.7003,0.346848,1.14391,26.1595,353.3457,331.7349,358.418,0,0,0,0.346848,1.14391,26.1595,-0.470362,0.115879,0.874832,0.073296,1.211303,26.66828,-995,0,0,0.5,0.5,0.5,0.5,0.999986,0.999885,Invalid
33:24.9,32,0.7097,0.346861,1.14393,26.15948,353.3464,331.7362,358.4264,0,0,0,0.346861,1.14393,26.15948,-0.470343,0.115867,0.874845,0.073313,1.211317,26.66828,-995,0,0,0.5,0.5,0.5,0.5,0.999994,0.999953,Invalid
33:25.0,33,0.7199,0.346857,1.143939,26.15947,353.3471,331.7383,358.4351,0,0,0,0.346857,1.143939,26.15947,-0.470312,0.115854,0.874863,0.073324,1.211319,26.66829,-995,0,0,0.5,0.5,0.5,0.5,0.999994,0.999953,Invalid
33:25.0,34,0.7287,0.346846,1.143933,26.15946,353.3474,331.7383,358.4506,0,0,0,0.346846,1.143933,26.15946,-0.470311,0.115849,0.874864,0.073308,1.211312,26.66829,-995,0,0,0.5,0.5,0.5,0.5,0.999996,0.99997,Invalid
33:25.0,35,0.7412,0.346838,1.143982,26.15944,353.3509,331.7414,358.437,0,0,0,0.346838,1.143982,26.15944,-0.470268,0.115788,0.874895,0.073322,1.211327,26.6683,-995,0,0,0.5,0.5,0.5,0.5,0.999996,0.99997,Invalid
33:25.0,36,0.7507,0.346827,1.143991,26.15942,353.3365,331.7393,358.4403,0,0,0,0.346827,1.143991,26.15942,-0.470286,0.116038,0.874852,0.073275,1.211487,26.6683,-995,0,0,0.5,0.5,0.5,0.5,0.999996,0.99997,Invalid
33:25.0,37,0.7617,0.346821,1.143989,26.15941,353.3336,331.7427,358.4202,0,0,0,0.346821,1.143989,26.15941,-0.470231,0.116088,0.874875,0.073298,1.211514,26.6683,-995,0,0,0.5,0.5,0.5,0.5,0.999998,0.999985,Invalid
33:25.0,38,0.7729,0.346817,1.144061,26.15938,353.3317,331.7463,358.4417,0,0,0,0.346817,1.144061,26.15938,-0.470174,0.116122,0.874901,0.07332,1.211608,26.6683,-995,0,0,0.5,0.5,0.5,0.5,0.999998,0.999985,Invalid
33:25.0,39,0.7844,0.346827,1.144059,26.15937,353.3229,331.7505,358.4239,0,0,0,0.346827,1.144059,26.15937,-0.470102,0.116274,0.87492,0.073372,1.211694,26.6683,-995,0,0,0.5,0.5,0.5,0.5,0.999999,0.999994,Invalid
33:25.0,40,0.7951,0.346829,1.144068,26.15938,353.311,331.7677,358.4331,0,0,0,0.346829,1.144068,26.15938,-0.469828,0.116481,0.87504,0.073576,1.211813,26.6683,-995,0,0,0.5,0.5,0.5,0.5,0.999999,0.999994,Invalid
33:25.0,41,0.8064,0.346872,1.144097,26.15938,353.2974,331.8058,358.4297,0,0,0,0.346872,1.144097,26.15938,-0.469233,0.116716,0.875327,0.074054,1.211958,26.6683,-995,0,0,0.5,0.5,0.5,0.5,0.999999,0.999994,Invalid
33:25.1,42,0.8179,0.346924,1.14413,26.15941,353.3137,331.8529,358.4581,0,0,0,0.346924,1.14413,26.15941,-0.468528,0.116433,0.875742,0.074659,1.21179,26.66831,-995,0,0,0.5,0.5,0.5,0.5,1,0.999997,Invalid
33:25.1,43,0.8292,0.347008,1.144081,26.15944,353.2965,331.9263,358.4304,0,0,0,0.347008,1.144081,26.15944,-0.46739,0.116731,0.876311,0.075597,1.211865,26.6683,-995,0,0,0.5,0.5,0.5,0.5,1,0.999997,Invalid
33:25.1,44,0.8401,0.347115,1.14413,26.15948,353.2957,331.9962,358.4545,0,0,0,0.347115,1.14413,26.15948,-0.46632,0.116746,0.876878,0.076524,1.211873,26.6683,-995,0,0,0.5,0.5,0.5,0.5,1,0.999998,Invalid
33:25.1,45,0.8514,0.347204,1.144121,26.15953,353.2926,332.0829,358.4474,0,0,0,0.347204,1.144121,26.15953,-0.464989,0.116799,0.877578,0.077629,1.211835,26.6683,-995,0,0,0.5,0.5,0.5,0.5,1,0.999998,Invalid
33:25.1,46,0.8624,0.347323,1.144114,26.15961,353.2828,332.1806,358.4493,0,0,0,0.347323,1.144114,26.15961,-0.463482,0.116968,0.878352,0.078896,1.211856,26.6683,-995,0,0,0.5,0.5,0.5,0.5,1,0.999998,Invalid
33:25.1,47,0.874,0.347458,1.144171,26.15968,353.2873,332.2809,358.453,0,0,0,0.347458,1.144171,26.15968,-0.461948,0.116891,0.879171,0.080207,1.211796,26.66831,-995,0,0,0.5,0.5,0.5,0.5,1,0.999999,Invalid
33:25.1,48,0.8846,0.347597,1.144182,26.15976,353.2777,332.3792,358.44,0,0,0,0.347597,1.144182,26.15976,-0.460431,0.117058,0.879944,0.081501,1.211833,26.6683,-995,0,0,0.5,0.5,0.5,0.5,1,0.999999,Invalid
33:25.1,49,0.8958,0.347752,1.144183,26.15986,353.2665,332.5082,358.4384,0,0,0,0.347752,1.144183,26.15986,-0.458438,0.117252,0.880958,0.083165,1.211854,26.6683,-995,0,0,0.5,0.5,0.5,0.5,1,1,Invalid
33:25.1,50,0.907,0.347912,1.144254,26.15991,353.2686,332.6393,358.4242,0,0,0,0.347912,1.144254,26.15991,-0.456424,0.117215,0.882008,0.084828,1.211817,26.6683,-995,0,0,0.5,0.5,0.5,0.5,1,1,Invalid
33:25.2,51,0.9181,0.348089,1.144233,26.16002,353.2638,332.7805,358.4165,0,0,0,0.348089,1.144233,26.16002,-0.454243,0.117299,0.883122,0.086646,1.211745,26.6683,-995,0,0,0.5,0.5,0.5,0.5,1,1,Invalid
33:25.2,52,0.9294,0.34829,1.14422,26.16012,353.2716,332.9204,358.4059,0,0,0,0.34829,1.14422,26.16012,-0.452093,0.117164,0.884243,0.088468,1.211555,26.6683,-995,0,0,0.5,0.5,0.5,0.5,1,1,Invalid
33:25.2,53,0.9403,0.348454,1.144181,26.16021,353.27,333.0615,358.3826,0,0,0,0.348454,1.144181,26.16021,-0.449913,0.11719,0.88535,0.090254,1.211435,26.6683,-995,0,0,0.5,0.5,0.5,0.5,1,1,Invalid
33:25.2,54,0.9517,0.348682,1.144214,26.16029,353.2984,333.2235,358.3528,0,0,0,0.348682,1.144214,26.16029,-0.447434,0.116699,0.886671,0.092326,1.211076,26.66831,-995,0,0,0.5,0.5,0.5,0.5,1,1,Invalid
33:25.2,55,0.9625,0.348887,1.14419,26.16041,353.3003,333.3798,358.3395,0,0,0,0.348887,1.14419,26.16041,-0.445015,0.116666,0.887891,0.094325,1.210926,26.6683,-995,0,0,0.5,0.5,0.5,0.5,1,1,Invalid
33:25.2,56,0.9735,0.349129,1.144193,26.1605,353.3115,333.5511,358.3022,0,0,0,0.349129,1.144193,26.1605,-0.442367,0.116471,0.889239,0.096511,1.210705,26.66831,-995,0,0,0.5,0.5,0.5,0.5,1,1,Invalid
33:25.2,57,0.9846,0.349379,1.14417,26.16065,353.3401,333.7396,358.2718,0,0,0,0.349379,1.14417,26.16065,-0.439466,0.115976,0.890741,0.098913,1.210268,26.66831,-995,0,0,0.5,0.5,0.5,0.5,1,1,Invalid
33:25.2,58,0.996,0.349649,1.144118,26.16081,353.3623,333.9238,358.2167,0,0,0,0.349649,1.144118,26.16081,-0.43662,0.115591,0.89219,0.101287,1.209869,26.66831,-995,0,0,0.5,0.5,0.5,0.5,1,1,Invalid
33:25.2,59,1.0067,0.349915,1.144096,26.16095,353.3805,334.1231,358.1665,0,0,0,0.349915,1.144096,26.16095,-0.43353,0.115276,0.893736,0.103806,1.209537,26.66831,-995,0,0,0.5,0.5,0.5,0.5,1,1,Invalid
33:25.3,60,1.0179,0.350229,1.144023,26.16114,353.4307,334.3602,358.1316,0,0,0,0.350229,1.144023,26.16114,-0.42987,0.114405,0.895613,0.106796,1.20881,26.66832,-995,0,0,0.5,0.5,0.5,0.5,1,1,Invalid
33:25.3,61,1.0287,0.350508,1.143927,26.1613,353.4696,334.5772,358.0806,0,0,0,0.350508,1.143927,26.1613,-0.426509,0.11373,0.897305,0.109509,1.20819,26.66832,-995,0,0,0.5,0.5,0.5,0.5,1,1,Invalid
33:25.3,62,1.0404,0.350863,1.143939,26.16154,353.5298,334.823,358.025,0,0,0,0.350863,1.143939,26.16154,-0.422707,0.112687,0.899233,0.112632,1.207448,26.66833,-995,0,0,0.5,0.5,0.5,0.5,1,1,Invalid
33:25.3,63,1.0511,0.351194,1.143852,26.16175,353.546,335.0977,357.9675,0,0,0,0.351194,1.143852,26.16175,-0.418404,0.112405,0.901279,0.116024,1.207031,26.66833,-995,0,0,0.5,0.5,0.5,0.5,1,1,Invalid
33:25.3,64,1.0621,0.351564,1.143812,26.16201,353.595,335.4001,357.9252,0,0,0,0.351564,1.143812,26.16201,-0.41368,0.111556,0.903562,0.11975,1.206324,26.66834,-995,0,0,0.5,0.5,0.5,0.5,1,1,Invalid
33:25.3,65,1.0735,0.351982,1.143734,26.16226,353.6094,335.7198,357.864,0,0,0,0.351982,1.143734,26.16226,-0.408644,0.111306,0.905882,0.12369,1.205916,26.66834,-995,0,0,0.5,0.5,0.5,0.5,1,1,Invalid
33:25.3,66,1.085,0.3524,1.143681,26.16254,353.6719,336.0771,357.8571,0,0,0,0.3524,1.143681,26.16254,-0.403036,0.110222,0.908523,0.128014,1.205045,26.66835,-995,0,0,0.5,0.5,0.5,0.5,1,1,Invalid
33:25.3,67,1.0958,0.352892,1.14354,26.1628,353.728,336.4531,357.8296,0,0,0,0.352892,1.14354,26.1628,-0.397109,0.109249,0.911246,0.132579,1.20415,26.66835,-995,0,0,0.5,0.5,0.5,0.5,1,1,Invalid
33:25.3,68,1.1066,0.353394,1.143421,26.16306,353.7918,336.8353,357.8372,0,0,0,0.353394,1.143421,26.16306,-0.391069,0.108141,0.913986,0.137192,1.203206,26.66836,-995,0,0,0.5,0.5,0.5,0.5,1,1,Invalid
33:25.4,69,1.1184,0.353926,1.143288,26.16335,353.8696,337.2252,357.8266,0,0,0,0.353926,1.143288,26.16335,-0.384897,0.106791,0.916761,0.141894,1.202116,26.66837,-995,0,0,0.5,0.5,0.5,0.5,1,1,Invalid
33:25.4,70,1.1291,0.354515,1.143158,26.16366,353.9471,337.6743,357.8169,0,0,0,0.354515,1.143158,26.16366,-0.377753,0.105446,0.919882,0.14725,1.201014,26.66838,-995,0,0,0.5,0.5,0.5,0.5,1,1,Invalid
33:25.4,71,1.1399,0.355108,1.143059,26.16399,354.0078,338.1378,357.8149,0,0,0,0.355108,1.143059,26.16399,-0.37034,0.104393,0.923012,0.15273,1.200106,26.66838,-995,0,0,0.5,0.5,0.5,0.5,1,1,Invalid
33:25.4,72,1.1516,0.355831,1.143017,26.16433,354.0598,338.6538,357.821,0,0,0,0.355831,1.143017,26.16433,-0.362047,0.10349,0.926397,0.158838,1.199327,26.66839,-995,0,0,0.5,0.5,0.5,0.5,1,1,Invalid
33:25.4,73,1.1637,0.35656,1.142913,26.1647,354.1054,339.2251,357.841,0,0,0,0.35656,1.142913,26.1647,-0.352822,0.102699,0.930037,0.165477,1.198533,26.6684,-995,0,0,0.5,0.5,0.5,0.5,1,1,Invalid
33:25.4,74,1.1736,0.357416,1.142797,26.16511,354.1565,339.8819,357.8841,0,0,0,0.357416,1.142797,26.16511,-0.342169,0.101812,0.934107,0.173056,1.197653,26.6684,-995,0,0,0.5,0.5,0.5,0.5,1,1,Invalid
33:25.4,75,1.1847,0.358263,1.142739,26.16542,354.2115,340.5142,357.9703,0,0,0,0.358263,1.142739,26.16542,-0.331873,0.100856,0.937917,0.180286,1.196826,26.66841,-995,0,0,0.5,0.5,0.5,0.5,1,1,Invalid
33:25.4,76,1.1956,0.359224,1.142636,26.16582,354.2775,341.2257,358.0482,0,0,0,0.359224,1.142636,26.16582,-0.320238,0.099711,0.942075,0.188378,1.195832,26.66842,-995,0,0,0.5,0.5,0.5,0.5,1,1,Invalid
33:25.4,77,1.2067,0.360119,1.142557,26.16621,354.3549,341.8895,358.1223,0,0,0,0.360119,1.142557,26.16621,-0.309344,0.098366,0.945849,0.195867,1.194786,26.66843,-995,0,0,0.5,0.5,0.5,0.5,1,1,Invalid
33:25.5,78,1.2179,0.361168,1.142529,26.16649,354.3669,342.662,358.2015,0,0,0,0.361168,1.142529,26.16649,-0.29657,0.098159,0.949953,0.204464,1.194395,26.66843,-995,0,0,0.5,0.5,0.5,0.5,1,1,Invalid
33:25.5,79,1.2294,0.36219,1.142444,26.16695,354.394,343.4007,358.3066,0,0,0,0.36219,1.142444,26.16695,-0.284311,0.097687,0.953742,0.212698,1.193808,26.66844,-995,0,0,0.5,0.5,0.5,0.5,1,1,Invalid
33:25.5,80,1.24,0.363312,1.142452,26.1674,354.4163,344.1922,358.4535,0,0,0,0.363312,1.142452,26.1674,-0.271119,0.0973,0.957615,0.221458,1.193361,26.66844,-995,0,0,0.5,0.5,0.5,0.5,1,1,Invalid
33:25.5,81,1.2512,0.364479,1.142468,26.16777,354.3892,345.0188,358.5657,0,0,0,0.364479,1.142468,26.16777,-0.257263,0.09777,0.961383,0.230501,1.193385,26.66844,-995,0,0,0.5,0.5,0.5,0.5,1,1,Invalid
33:25.5,82,1.2631,0.365805,1.142511,26.16823,354.3534,345.9652,358.6909,0,0,0,0.365805,1.142511,26.16823,-0.241335,0.098392,0.965441,0.240765,1.19349,26.66844,-995,0,0,0.5,0.5,0.5,0.5,1,1,Invalid
33:25.5,83,1.2741,0.367075,1.142485,26.16863,354.3064,346.8739,358.7958,0,0,0,0.367075,1.142485,26.16863,-0.225975,0.099208,0.969068,0.250526,1.193653,26.66844,-995,0,0,0.5,0.5,0.5,0.5,1,1,Invalid
33:25.5,84,1.2844,0.368444,1.142602,26.16893,354.2741,347.7842,358.9612,0,0,0,0.368444,1.142602,26.16893,-0.210539,0.09977,0.972481,0.260303,1.193848,26.66844,-995,0,0,0.5,0.5,0.5,0.5,1,1,Invalid
33:25.5,85,1.2979,0.369593,1.142603,26.16927,354.2343,348.5866,359.0579,0,0,0,0.369593,1.142603,26.16927,-0.196886,0.100461,0.975266,0.26882,1.194022,26.66844,-995,0,0,0.5,0.5,0.5,0.5,1,1,Invalid
33:25.5,86,1.307,0.370977,1.142673,26.16961,354.1798,349.51,359.2307,0,0,0,0.370977,1.142673,26.16961,-0.181125,0.101407,0.978218,0.278615,1.194383,26.66843,-995,0,0,0.5,0.5,0.5,0.5,1,1,Invalid
33:25.6,87,1.3178,0.37244,1.142817,26.16991,354.0897,350.4754,359.3446,0,0,0,0.37244,1.142817,26.16991,-0.164591,0.102971,0.980972,0.288797,1.195146,26.66843,-995,0,0,0.5,0.5,0.5,0.5,1,1,Invalid
33:25.6,88,1.329,0.373686,1.142918,26.17014,353.9811,351.3013,359.4847,0,0,0,0.373686,1.142918,26.17014,-0.150404,0.104857,0.983048,0.29745,1.196066,26.66842,-995,0,0,0.5,0.5,0.5,0.5,1,1,Invalid
33:25.6,89,1.3406,0.375124,1.143068,26.17041,353.8706,352.2554,359.6654,0,0,0,0.375124,1.143068,26.17041,-0.133987,0.106775,0.985214,0.307397,1.19704,26.66841,-995,0,0,0.5,0.5,0.5,0.5,1,1,Invalid
33:25.6,90,1.3514,0.377102,1.143312,26.1707,353.7149,353.5304,359.7693,0,0,0,0.377102,1.143312,26.1707,-0.111999,0.109476,0.98766,0.320664,1.198478,26.6684,-995,0,0,0.5,0.5,0.5,0.5,1,1,Invalid
33:25.6,91,1.3625,0.378622,1.143477,26.17082,353.5576,354.5163,359.8401,0,0,0,0.378622,1.143477,26.17082,-0.09496,0.112204,0.989138,0.330854,1.19992,26.66839,-995,0,0,0.5,0.5,0.5,0.5,1,1,Invalid
33:25.6,92,1.3735,0.3801,1.143627,26.17094,353.417,355.491,359.9307,0,0,0,0.3801,1.143627,26.17094,-0.078098,0.114643,0.990332,0.340872,1.201211,26.66838,-995,0,0,0.5,0.5,0.5,0.5,1,1,Invalid
33:25.6,93,1.3846,0.381634,1.143862,26.17107,353.2937,356.439,359.9918,0,0,0,0.381634,1.143862,26.17107,-0.061686,0.11678,0.99124,0.350686,1.202451,26.66837,-995,0,0,0.5,0.5,0.5,0.5,1,1,Invalid
33:25.6,94,1.3954,0.383083,1.144084,26.17112,353.1591,357.3771,0.11466,0,0,0,0.383083,1.144084,26.17112,-0.045437,0.119113,0.991841,0.360304,1.203798,26.66836,-995,0,0,0.5,0.5,0.5,0.5,1,1,Invalid
33:25.6,95,1.4067,0.384592,1.144286,26.17114,352.9803,358.3159,0.149024,0,0,0,0.384592,1.144286,26.17114,-0.029168,0.12221,0.992076,0.369974,1.205534,26.66835,-995,0,0,0.5,0.5,0.5,0.5,1,1,Invalid
33:25.7,96,1.4182,0.386032,1.144308,26.17108,352.8064,359.1942,0.255525,0,0,0,0.386032,1.144308,26.17108,-0.013954,0.125223,0.99203,0.379038,1.207075,26.66833,-995,0,0,0.5,0.5,0.5,0.5,1,1,Invalid
33:25.7,97,1.4291,0.387491,1.144324,26.17102,352.6208,0.108192,0.206295,0,0,0,0.387491,1.144324,26.17102,0.001873,0.128435,0.991716,0.38843,1.208728,26.66832,-995,0,0,0.5,0.5,0.5,0.5,1,1,Invalid
33:25.7,98,1.4399,0.388132,1.144793,26.171,352.5562,0.473898,0.222321,0,0,0,0.388132,1.144793,26.171,0.008201,0.129555,0.991538,0.392245,1.209771,26.66831,-995,0,0,0.5,0.5,0.5,0.5,1,1,Invalid
33:25.7,99,1.4533,0.389534,1.144955,26.17097,352.3611,1.306177,0.412869,0,0,0,0.389534,1.144955,26.17097,0.022593,0.132929,0.990868,0.400874,1.211675,26.6683,-995,0,0,0.5,0.5,0.5,0.5,1,1,Invalid
33:25.7,100,1.4637,0.390791,1.145243,26.17085,352.213,2.050388,0.375711,0,0,0,0.390791,1.145243,26.17085,0.035448,0.135492,0.990144,0.4086,1.213313,26.66829,-995,0,0,0.5,0.5,0.5,0.5,1,1,Invalid
33:25.7,101,1.4736,0.392057,1.145489,26.17069,352.0447,2.77879,0.464084,0,0,0,0.392057,1.145489,26.17069,0.048013,0.138401,0.989212,0.416209,1.215106,26.66827,-995,0,0,0.5,0.5,0.5,0.5,1,1,Invalid
33:25.7,102,1.4845,0.393261,1.145706,26.17057,351.8833,3.462926,0.499261,0,0,0,0.393261,1.145706,26.17057,0.059798,0.14119,0.988175,0.423378,1.216816,26.66826,-995,0,0,0.5,0.5,0.5,0.5,1,1,Invalid
33:25.7,103,1.4956,0.39436,1.145919,26.17038,351.7105,4.10024,0.448375,0,0,0,0.39436,1.145919,26.17038,0.070755,0.144175,0.98702,0.430049,1.218644,26.66825,-995,0,0,0.5,0.5,0.5,0.5,1,1,Invalid
33:25.7,104,1.507,0.395439,1.146141,26.17015,351.5376,4.727861,0.445743,0,0,0,0.395439,1.146141,26.17015,0.081526,0.147161,0.985747,0.436633,1.220499,26.66823,-995,0,0,0.5,0.5,0.5,0.5,1,1,Invalid
33:25.8,105,1.5182,0.396641,1.146349,26.16992,351.3366,5.399122,0.400663,0,0,0,0.396641,1.146349,26.16992,0.093019,0.150629,0.984204,0.443736,1.222611,26.66821,-995,0,0,0.5,0.5,0.5,0.5,1,1,Invalid
33:25.8,106,1.5288,0.397623,1.146564,26.16969,351.1691,5.96098,0.381665,0,0,0,0.397623,1.146564,26.16969,0.10262,0.153519,0.982803,0.449675,1.224434,26.6682,-995,0,0,0.5,0.5,0.5,0.5,1,1,Invalid
33:25.8,107,1.54,0.398508,1.146788,26.16944,351.0168,6.453083,0.359222,0,0,0,0.398508,1.146788,26.16944,0.111011,0.156145,0.981476,0.454919,1.226134,26.66819,-995,0,0,0.5,0.5,0.5,0.5,1,1,Invalid
33:25.8,108,1.5516,0.399328,1.146974,26.1692,350.8514,6.912147,0.332887,0,0,0,0.399328,1.146974,26.1692,0.118816,0.158996,0.980104,0.459818,1.227919,26.66817,-995,0,0,0.5,0.5,0.5,0.5,1,1,Invalid
33:25.8,109,1.5621,0.400133,1.147172,26.16897,350.6935,7.341028,0.3184,0,0,0,0.400133,1.147172,26.16897,0.126093,0.161715,0.978749,0.464444,1.229651,26.66816,-995,0,0,0.5,0.5,0.5,0.5,1,1,Invalid
33:25.8,110,1.5735,0.400887,1.147406,26.16872,350.5381,7.726449,0.296822,0,0,0,0.400887,1.147406,26.16872,0.132615,0.164391,0.97744,0.468646,1.231401,26.66815,-995,0,0,0.5,0.5,0.5,0.5,1,1,Invalid
33:25.8,111,1.5848,0.401529,1.147635,26.16845,350.3961,8.064638,0.289165,0,0,0,0.401529,1.147635,26.16845,0.138324,0.166837,0.976234,0.472331,1.23303,26.66813,-995,0,0,0.5,0.5,0.5,0.5,1,1,Invalid
33:25.8,112,1.5957,0.402136,1.147827,26.16818,350.2649,8.33858,0.250919,0,0,0,0.402136,1.147827,26.16818,0.142934,0.169093,0.975181,0.475413,1.234515,26.66812,-995,0,0,0.5,0.5,0.5,0.5,1,1,Invalid
33:25.8,113,1.6068,0.40276,1.148013,26.16792,350.1374,8.643271,0.221004,0,0,0,0.40276,1.148013,26.16792,0.148061,0.171286,0.974032,0.478793,1.235973,26.66811,-995,0,0,0.5,0.5,0.5,0.5,1,1,Invalid
33:25.9,114,1.6186,0.403128,1.148204,26.16763,350.0468,8.804999,0.201556,0,0,0,0.403128,1.148204,26.16763,0.150768,0.172844,0.973342,0.48065,1.237077,26.6681,-995,0,0,0.5,0.5,0.5,0.5,1,1,Invalid
33:25.9,115,1.629,0.403389,1.148306,26.16746,349.9906,8.909126,0.176804,0,0,0,0.403389,1.148306,26.16746,0.152511,0.173809,0.972898,0.481868,1.237745,26.6681,-995,0,0,0.5,0.5,0.5,0.5,1,1,Invalid
33:25.9,116,1.641,0.40379,1.14845,26.16721,349.8986,9.078202,0.150265,0,0,0,0.40379,1.14845,26.16721,0.155337,0.175392,0.972167,0.483822,1.238815,26.66809,-995,0,0,0.5,0.5,0.5,0.5,1,1,Invalid
33:25.9,117,1.651,0.404043,1.148571,26.16697,349.7992,9.209352,0.109495,0,0,0,0.404043,1.148571,26.16697,0.157513,0.177098,0.971507,0.485289,1.239919,26.66808,-995,0,0,0.5,0.5,0.5,0.5,1,1,Invalid
33:25.9,118,1.6627,0.404293,1.148709,26.16675,349.6946,9.294027,0.057754,0,0,0,0.404293,1.148709,26.16675,0.158896,0.178894,0.970953,0.486333,1.241074,26.66807,-995,0,0,0.5,0.5,0.5,0.5,1,1,Invalid
33:25.9,119,1.6737,0.404541,1.148855,26.16655,349.6035,9.384547,0.00533,0,0,0,0.404541,1.148855,26.16655,0.160383,0.18046,0.970418,0.487427,1.242117,26.66806,-995,0,0,0.5,0.5,0.5,0.5,1,1,Invalid
33:25.9,120,1.6846,0.40465,1.149002,26.16634,349.5019,9.444759,359.9687,0,0,0,0.40465,1.149002,26.16634,0.16135,0.182203,0.969932,0.488111,1.24325,26.66805,-995,0,0,0.5,0.5,0.5,0.5,1,1,Invalid
33:25.9,121,1.6954,0.404772,1.149106,26.16612,349.4272,9.451106,359.9282,0,0,0,0.404772,1.149106,26.16612,0.161418,0.183484,0.969679,0.488325,1.244081,26.66805,-995,0,0,0.5,0.5,0.5,0.5,1,1,Invalid
33:25.9,122,1.7091,0.404869,1.149218,26.16592,349.3767,9.444683,359.8863,0,0,0,0.404869,1.149218,26.16592,0.161283,0.184352,0.969537,0.488397,1.244693,26.66804,-995,0,0,0.5,0.5,0.5,0.5,1,1,Invalid
33:26.0,123,1.7193,0.404858,1.149366,26.16575,349.3108,9.404764,359.8615,0,0,0,0.404858,1.149366,26.16575,0.160573,0.185482,0.96944,0.488053,1.245467,26.66804,-995,0,0,0.5,0.5,0.5,0.5,1,1,Invalid
33:26.0,124,1.7293,0.404881,1.149507,26.16558,349.2643,9.348073,359.8366,0,0,0,0.404881,1.149507,26.16558,0.159589,0.186279,0.969449,0.487593,1.246052,26.66803,-995,0,0,0.5,0.5,0.5,0.5,1,1,Invalid
33:26.0,125,1.7403,0.404825,1.149624,26.16547,349.1921,9.254926,359.8072,0,0,0,0.404825,1.149624,26.16547,0.157975,0.187517,0.969475,0.486716,1.246829,26.66802,-995,0,0,0.5,0.5,0.5,0.5,1,1,Invalid
33:26.0,126,1.7518,0.404774,1.149741,26.16535,349.1287,9.173571,359.7463,0,0,0,0.404774,1.149741,26.16535,0.156565,0.188604,0.969493,0.48595,1.247529,26.66802,-995,0,0,0.5,0.5,0.5,0.5,1,1,Invalid
33:26.0,127,1.763,0.404676,1.14991,26.16513,349.0288,8.989438,359.711,0,0,0,0.404676,1.14991,26.16513,0.153397,0.190316,0.969665,0.48423,1.24861,26.66801,-995,0,0,0.5,0.5,0.5,0.5,1,1,Invalid
33:26.0,128,1.7739,0.40457,1.149995,26.16501,348.9913,8.877254,359.6881,0,0,0,0.40457,1.149995,26.16501,0.151478,0.190959,0.96984,0.483132,1.249034,26.66801,-995,0,0,0.5,0.5,0.5,0.5,1,1,Invalid
33:26.0,129,1.7848,0.404364,1.150054,26.16498,348.9718,8.728601,359.6745,0,0,0,0.404364,1.150054,26.16498,0.148952,0.191293,0.970165,0.481595,1.249238,26.668,-995,0,0,0.5,0.5,0.5,0.5,1,1,Invalid
33:26.0,130,1.7957,0.404175,1.1501,26.1649,348.9924,8.55425,359.6683,0,0,0,0.404175,1.1501,26.1649,0.146009,0.19094,0.970682,0.479851,1.249064,26.66801,-995,0,0,0.5,0.5,0.5,0.5,1,1,Invalid
33:26.0,131,1.8071,0.403946,1.150079,26.16483,348.9776,8.353134,359.6595,0,0,0,0.403946,1.150079,26.16483,0.142594,0.191193,0.97114,0.477828,1.249142,26.66801,-995,0,0,0.5,0.5,0.5,0.5,1,1,Invalid
33:26.1,132,1.8188,0.403675,1.150161,26.16484,349.0139,8.134314,359.6717,0,0,0,0.403675,1.150161,26.16484,0.138901,0.190571,0.971797,0.475594,1.248833,26.66801,-995,0,0,0.5,0.5,0.5,0.5,1,1,Invalid
33:26.1,133,1.8291,0.403399,1.150142,26.16481,349.0229,7.901605,359.6287,0,0,0,0.403399,1.150142,26.16481,0.134957,0.190417,0.972383,0.473238,1.248682,26.66801,-995,0,0,0.5,0.5,0.5,0.5,1,1,Invalid
33:26.1,134,1.8398,0.403084,1.150115,26.16479,349.0344,7.666706,359.6182,0,0,0,0.403084,1.150115,26.16479,0.130974,0.19022,0.972966,0.470824,1.248496,26.66801,-995,0,0,0.5,0.5,0.5,0.5,1,1,Invalid
33:26.1,135,1.8509,0.402674,1.150074,26.16488,349.0792,7.410306,359.5701,0,0,0,0.402674,1.150074,26.16488,0.126638,0.189452,0.973689,0.468112,1.24797,26.66801,-995,0,0,0.5,0.5,0.5,0.5,1,1,Invalid
33:26.1,136,1.862,0.402283,1.150074,26.16491,349.1914,7.153095,359.5771,0,0,0,0.402283,1.150074,26.16491,0.122312,0.187528,0.974614,0.465423,1.246881,26.66802,-995,0,0,0.5,0.5,0.5,0.5,1,1,Invalid
33:26.1,137,1.873,0.401951,1.149969,26.16491,349.2043,6.869542,359.5469,0,0,0,0.401951,1.149969,26.16491,0.117492,0.187307,0.97525,0.462564,1.246598,26.66803,-995,0,0,0.5,0.5,0.5,0.5,1,1,Invalid
33:26.1,138,1.8843,0.401745,1.149986,26.16494,349.2704,6.789408,359.527,0,0,0,0.401745,1.149986,26.16494,0.116154,0.186174,0.975627,0.461641,1.245989,26.66803,-995,0,0,0.5,0.5,0.5,0.5,1,1,Invalid
33:26.1,139,1.8959,0.401289,1.149922,26.16497,349.3738,6.510153,359.5036,0,0,0,0.401289,1.149922,26.16497,0.111435,0.1844,0.976514,0.458697,1.244919,26.66804,-995,0,0,0.5,0.5,0.5,0.5,1,1,Invalid
33:26.1,140,1.9065,0.400877,1.14987,26.16499,349.5305,6.196868,359.5477,0,0,0,0.400877,1.14987,26.16499,0.106148,0.181712,0.977606,0.455499,1.243375,26.66805,-995,0,0,0.5,0.5,0.5,0.5,1,1,Invalid
33:26.2,141,1.9179,0.400354,1.149769,26.16509,349.7217,5.822585,359.5423,0,0,0,0.400354,1.149769,26.16509,0.09982,0.17843,0.978876,0.451645,1.241452,26.66807,-995,0,0,0.5,0.5,0.5,0.5,1,1,Invalid
33:26.2,142,1.9284,0.399841,1.149671,26.16518,349.911,5.467607,359.4949,0,0,0,0.399841,1.149671,26.16518,0.09381,0.175177,0.980058,0.447978,1.23956,26.66808,-995,0,0,0.5,0.5,0.5,0.5,1,1,Invalid
33:26.2,143,1.9397,0.399294,1.149527,26.1653,350.1371,5.050007,359.5247,0,0,0,0.399294,1.149527,26.1653,0.086724,0.171291,0.981396,0.443726,1.237285,26.6681,-995,0,0,0.5,0.5,0.5,0.5,1,1,Invalid
33:26.2,144,1.9507,0.398483,1.14928,26.16551,350.4376,4.478321,359.5512,0,0,0,0.398483,1.14928,26.16551,0.076997,0.166122,0.983095,0.437848,1.23421,26.66812,-995,0,0,0.5,0.5,0.5,0.5,1,1,Invalid
33:26.2,145,1.9621,0.397833,1.149042,26.16571,350.7298,4.001088,359.5893,0,0,0,0.397833,1.149042,26.16571,0.068864,0.16109,0.984534,0.432977,1.231251,26.66815,-995,0,0,0.5,0.5,0.5,0.5,1,1,Invalid
33:26.2,146,1.9733,0.397251,1.14876,26.16583,350.9621,3.551631,359.6607,0,0,0,0.397251,1.14876,26.16583,0.061179,0.157087,0.985688,0.428429,1.228816,26.66817,-995,0,0,0.5,0.5,0.5,0.5,1,1,Invalid
33:26.2,147,1.9843,0.396622,1.148569,26.16605,351.2477,3.086864,359.7203,0,0,0,0.396622,1.148569,26.16605,0.053223,0.152164,0.986921,0.423701,1.225988,26.66819,-995,0,0,0.5,0.5,0.5,0.5,1,1,Invalid
33:26.2,148,1.9953,0.395992,1.148169,26.16617,351.5504,2.629599,359.7623,0,0,0,0.395992,1.148169,26.16617,0.045381,0.146939,0.988104,0.41905,1.222826,26.66821,-995,0,0,0.5,0.5,0.5,0.5,1,1,Invalid
33:26.2,149,2.0063,0.395367,1.147738,26.16629,351.8467,2.170357,359.7483,0,0,0,0.395367,1.147738,26.16629,0.037488,0.141821,0.989182,0.414389,1.219703,26.66824,-995,0,0,0.5,0.5,0.5,0.5,1,1,Invalid
33:26.3,150,2.0177,0.394753,1.147346,26.16648,352.1771,1.708841,359.7645,0,0,0,0.394753,1.147346,26.16648,0.029543,0.136112,0.990253,0.409722,1.216317,26.66826,-995,0,0,0.5,0.5,0.5,0.5,1,1,Invalid
33:26.3,151,2.0284,0.394115,1.146837,26.16659,352.4952,1.258096,359.7424,0,0,0,0.394115,1.146837,26.16659,0.021768,0.13061,0.991195,0.405133,1.212946,26.66829,-995,0,0,0.5,0.5,0.5,0.5,1,1,Invalid
33:26.3,152,2.0396,0.393452,1.146347,26.16671,352.8509,0.776461,359.7192,0,0,0,0.393452,1.146347,26.16671,0.013446,0.124452,0.992135,0.40025,1.209268,26.66832,-995,0,0,0.5,0.5,0.5,0.5,1,1,Invalid
33:26.3,153,2.0509,0.392792,1.145878,26.16687,353.1779,0.324352,359.6717,0,0,0,0.392792,1.145878,26.16687,0.005621,0.118786,0.992904,0.395631,1.205872,26.66834,-995,0,0,0.5,0.5,0.5,0.5,1,1,Invalid
33:26.3,154,2.0619,0.392168,1.145407,26.167,353.4835,359.8943,359.6149,0,0,0,0.392168,1.145407,26.167,-0.001834,0.113489,0.993538,0.391243,1.202677,26.66837,-995,0,0,0.5,0.5,0.5,0.5,1,1,Invalid
33:26.3,155,2.0733,0.391605,1.145002,26.16718,353.7584,359.4576,359.6095,0,0,0,0.391605,1.145002,26.16718,-0.009411,0.108721,0.994028,0.38686,1.199821,26.66839,-995,0,0,0.5,0.5,0.5,0.5,1,1,Invalid
33:26.3,156,2.0844,0.391029,1.144573,26.16733,354.0094,359.0228,359.5708,0,0,0,0.391029,1.144573,26.16733,-0.016961,0.104366,0.994394,0.382483,1.197164,26.66841,-995,0,0,0.5,0.5,0.5,0.5,1,1,Invalid
33:26.3,157,2.0951,0.390486,1.144234,26.16749,354.2142,358.6212,359.5854,0,0,0,0.390486,1.144234,26.16749,-0.02394,0.10081,0.994618,0.378428,1.195007,26.66843,-995,0,0,0.5,0.5,0.5,0.5,1,1,Invalid
33:26.3,158,2.1063,0.390141,1.144038,26.16759,354.322,358.3774,359.5314,0,0,0,0.390141,1.144038,26.16759,-0.028177,0.098938,0.994695,0.375953,1.193855,26.66844,-995,0,0,0.5,0.5,0.5,0.5,1,1,Invalid
33:26.4,159,2.1174,0.389647,1.143769,26.16778,354.4966,358.0282,359.4527,0,0,0,0.389647,1.143769,26.16778,-0.034248,0.095906,0.994801,0.37241,1.192037,26.66845,-995,0,0,0.5,0.5,0.5,0.5,1,1,Invalid
33:26.4,160,2.129,0.389174,1.143504,26.16796,354.6681,357.6993,359.4032,0,0,0,0.389174,1.143504,26.16796,-0.03997,0.092926,0.99487,0.369065,1.190253,26.66847,-995,0,0,0.5,0.5,0.5,0.5,1,1,Invalid
33:26.4,161,2.1397,0.388557,1.143132,26.16816,354.9214,357.2885,359.3357,0,0,0,0.388557,1.143132,26.16816,-0.047121,0.088522,0.994959,0.364862,1.187646,26.66849,-995,0,0,0.5,0.5,0.5,0.5,1,1,Invalid
33:26.4,162,2.1506,0.388138,1.142895,26.16832,355.0916,357.0092,359.279,0,0,0,0.388138,1.142895,26.16832,-0.051985,0.085562,0.994976,0.362005,1.185908,26.6685,-995,0,0,0.5,0.5,0.5,0.5,1,1,Invalid
33:26.4,163,2.1617,0.38772,1.142608,26.16846,355.3203,356.7234,359.2391,0,0,0,0.38772,1.142608,26.16846,-0.056967,0.081586,0.995037,0.359091,1.183609,26.66852,-995,0,0,0.5,0.5,0.5,0.5,1,1,Invalid
33:26.4,164,2.1727,0.387354,1.142274,26.1686,355.4926,356.4686,359.2036,0,0,0,0.387354,1.142274,26.1686,-0.061405,0.078587,0.995014,0.356501,1.181759,26.66853,-995,0,0,0.5,0.5,0.5,0.5,1,1,Invalid
33:26.4,165,2.184,0.386934,1.142095,26.16879,355.6799,356.234,359.1948,0,0,0,0.386934,1.142095,26.16879,-0.065494,0.075329,0.995006,0.354039,1.17993,26.66855,-995,0,0,0.5,0.5,0.5,0.5,1,1,Invalid
33:26.4,166,2.1951,0.386614,1.141773,26.16891,355.8287,356.0002,359.1824,0,0,0,0.386614,1.141773,26.16891,-0.069568,0.072738,0.994922,0.351676,1.178302,26.66856,-995,0,0,0.5,0.5,0.5,0.5,1,1,Invalid
33:26.4,167,2.2064,0.386286,1.14151,26.16905,355.9792,355.7961,359.1403,0,0,0,0.386286,1.14151,26.16905,-0.073126,0.070119,0.994855,0.349568,1.176717,26.66857,-995,0,0,0.5,0.5,0.5,0.5,1,1,Invalid
33:26.5,168,2.2175,0.386021,1.141335,26.16922,356.1259,355.6105,359.1053,0,0,0,0.386021,1.141335,26.16922,-0.076361,0.067564,0.994788,0.347689,1.17525,26.66858,-995,0,0,0.5,0.5,0.5,0.5,1,1,Invalid
33:26.5,169,2.2284,0.38574,1.141034,26.16935,356.2977,355.442,359.1036,0,0,0,0.38574,1.141034,26.16935,-0.079303,0.064573,0.994757,0.34594,1.173442,26.6686,-995,0,0,0.5,0.5,0.5,0.5,1,1,Invalid
33:26.5,170,2.2395,0.385483,1.140737,26.16949,356.4942,355.2695,359.0779,0,0,0,0.385483,1.140737,26.16949,-0.082314,0.061149,0.994729,0.34418,1.171419,26.66862,-995,0,0,0.5,0.5,0.5,0.5,1,1,Invalid
33:26.5,171,2.2507,0.38521,1.140474,26.16964,356.6848,355.1149,359.0417,0,0,0,0.38521,1.140474,26.16964,-0.085015,0.057828,0.9947,0.342562,1.169483,26.66863,-995,0,0,0.5,0.5,0.5,0.5,1,1,Invalid
33:26.5,172,2.2618,0.384972,1.140165,26.16978,356.8535,354.9832,358.984,0,0,0,0.384972,1.140165,26.16978,-0.087317,0.05489,0.994667,0.341179,1.167694,26.66864,-995,0,0,0.5,0.5,0.5,0.5,1,1,Invalid
33:26.5,173,2.2728,0.384781,1.139912,26.16994,356.9894,354.8806,358.9449,0,0,0,0.384781,1.139912,26.16994,-0.089108,0.05252,0.994636,0.340102,1.166246,26.66866,-995,0,0,0.5,0.5,0.5,0.5,1,1,Invalid
33:26.5,174,2.2842,0.384586,1.139826,26.17014,357.1044,354.7995,358.9081,0,0,0,0.384586,1.139826,26.17014,-0.090525,0.050516,0.994612,0.339212,1.165146,26.66866,-995,0,0,0.5,0.5,0.5,0.5,1,1,Invalid
33:26.5,175,2.2951,0.384441,1.139668,26.17032,357.1833,354.7495,358.8908,0,0,0,0.384441,1.139668,26.17032,-0.091399,0.04914,0.994601,0.338645,1.16429,26.66867,-995,0,0,0.5,0.5,0.5,0.5,1,1,Invalid
33:26.5,176,2.306,0.384295,1.139503,26.1705,357.2612,354.7036,358.8854,0,0,0,0.384295,1.139503,26.1705,-0.092203,0.047783,0.994593,0.338112,1.163436,26.66868,-995,0,0,0.5,0.5,0.5,0.5,1,1,Invalid
33:26.6,177,2.3175,0.384172,1.139413,26.17069,357.3275,354.6867,358.8546,0,0,0,0.384172,1.139413,26.17069,-0.092501,0.046628,0.99462,0.337858,1.162759,26.66868,-995,0,0,0.5,0.5,0.5,0.5,1,1,Invalid
33:26.6,178,2.3287,0.38406,1.139267,26.17087,357.4153,354.6852,358.838,0,0,0,0.38406,1.139267,26.17087,-0.092533,0.045097,0.994688,0.337748,1.161837,26.66869,-995,0,0,0.5,0.5,0.5,0.5,1,1,Invalid
33:26.6,179,2.3395,0.38397,1.139085,26.17101,357.4981,354.6751,358.8241,0,0,0,0.38397,1.139085,26.17101,-0.092714,0.043652,0.994736,0.337583,1.160925,26.6687,-995,0,0,0.5,0.5,0.5,0.5,1,1,Invalid
33:26.6,180,2.3508,0.383877,1.138916,26.17118,357.5779,354.6987,358.8354,0,0,0,0.383877,1.138916,26.17118,-0.092311,0.042262,0.994833,0.337711,1.160051,26.6687,-995,0,0,0.5,0.5,0.5,0.5,1,1,Invalid
33:26.6,181,2.3617,0.383825,1.138825,26.17134,357.6344,354.7417,358.8203,0,0,0,0.383825,1.138825,26.17134,-0.091569,0.041276,0.994943,0.33805,1.159459,26.66871,-995,0,0,0.5,0.5,0.5,0.5,1,1,Invalid
33:26.6,182,2.373,0.383783,1.138661,26.17149,357.6857,354.7885,358.8286,0,0,0,0.383783,1.138661,26.17149,-0.090759,0.040382,0.995054,0.338431,1.158839,26.66871,-995,0,0,0.5,0.5,0.5,0.5,1,1,Invalid
33:26.6,183,2.3842,0.383751,1.138621,26.17169,357.7266,354.8475,358.84,0,0,0,0.383751,1.138621,26.17169,-0.089736,0.039668,0.995175,0.338933,1.158432,26.66872,-995,0,0,0.5,0.5,0.5,0.5,1,1,Invalid
33:26.6,184,2.3951,0.383749,1.138545,26.17185,357.7273,354.9303,358.8668,0,0,0,0.383749,1.138545,26.17185,-0.088298,0.039656,0.995305,0.33967,1.158341,26.66872,-995,0,0,0.5,0.5,0.5,0.5,1,1,Invalid
33:26.6,185,2.406,0.383761,1.138506,26.17201,357.6991,355.0093,358.9066,0,0,0,0.383761,1.138506,26.17201,-0.086924,0.040147,0.995406,0.340385,1.15854,26.66872,-995,0,0,0.5,0.5,0.5,0.5,1,1,Invalid
33:26.7,186,2.4182,0.383785,1.138592,26.17222,357.6491,355.0995,358.951,0,0,0,0.383785,1.138592,26.17222,-0.085353,0.041019,0.995506,0.341217,1.159049,26.66871,-995,0,0,0.5,0.5,0.5,0.5,1,1,Invalid
33:26.7,187,2.4285,0.383802,1.138611,26.17239,357.6308,355.1613,358.9911,0,0,0,0.383802,1.138611,26.17239,-0.08428,0.041338,0.995584,0.341788,1.159219,26.66871,-995,0,0,0.5,0.5,0.5,0.5,1,1,Invalid
33:26.7,188,2.4403,0.383833,1.138655,26.17251,357.5408,355.2728,359.0154,0,0,0,0.383833,1.138655,26.17251,-0.082335,0.042907,0.995681,0.342802,1.160037,26.6687,-995,0,0,0.5,0.5,0.5,0.5,1,1,Invalid
33:26.7,189,2.4507,0.383829,1.138716,26.17265,357.506,355.3341,359.0558,0,0,0,0.383829,1.138716,26.17265,-0.081268,0.043514,0.995742,0.343343,1.160394,26.6687,-995,0,0,0.5,0.5,0.5,0.5,1,1,Invalid
33:26.7,190,2.4619,0.383858,1.138752,26.17278,357.4656,355.4266,359.0956,0,0,0,0.383858,1.138752,26.17278,-0.079658,0.044219,0.995841,0.344189,1.160772,26.6687,-995,0,0,0.5,0.5,0.5,0.5,1,1,Invalid
33:26.7,191,2.4728,0.3839,1.138747,26.17284,357.4331,355.504,359.1476,0,0,0,0.3839,1.138747,26.17284,-0.078312,0.044785,0.995923,0.344909,1.161045,26.6687,-995,0,0,0.5,0.5,0.5,0.5,1,1,Invalid
33:26.7,192,2.484,0.383949,1.138762,26.1729,357.4135,355.5915,359.2096,0,0,0,0.383949,1.138762,26.1729,-0.076789,0.045129,0.996026,0.345726,1.161226,26.6687,-995,0,0,0.5,0.5,0.5,0.5,1,1,Invalid
33:26.7,193,2.495,0.38398,1.138787,26.17298,357.3571,355.6751,359.2537,0,0,0,0.38398,1.138787,26.17298,-0.075331,0.046111,0.996092,0.346491,1.161734,26.66869,-995,0,0,0.5,0.5,0.5,0.5,1,1,Invalid
33:26.7,194,2.5061,0.384022,1.138798,26.17299,357.3452,355.7348,359.2948,0,0,0,0.384022,1.138798,26.17299,-0.074294,0.046318,0.99616,0.347052,1.161847,26.66869,-995,0,0,0.5,0.5,0.5,0.5,1,1,Invalid
33:26.8,195,2.518,0.384052,1.138832,26.17301,357.3042,355.822,359.3376,0,0,0,0.384052,1.138832,26.17301,-0.072775,0.047033,0.996239,0.347844,1.162233,26.66869,-995,0,0,0.5,0.5,0.5,0.5,1,1,Invalid
33:26.8,196,2.5295,0.38409,1.138879,26.17303,357.2608,355.9097,359.3749,0,0,0,0.38409,1.138879,26.17303,-0.071248,0.047791,0.996313,0.348645,1.162655,26.66868,-995,0,0,0.5,0.5,0.5,0.5,1,1,Invalid
33:26.8,197,2.5395,0.384214,1.138946,26.17301,357.202,356.0424,359.434,0,0,0,0.384214,1.138946,26.17301,-0.068935,0.048815,0.996426,0.349923,1.163228,26.66868,-995,0,0,0.5,0.5,0.5,0.5,1,1,Invalid
33:26.8,198,2.5507,0.384258,1.13902,26.17307,357.1571,356.1256,359.4629,0,0,0,0.384258,1.13902,26.17307,-0.067485,0.049598,0.996487,0.350694,1.163687,26.66868,-995,0,0,0.5,0.5,0.5,0.5,1,1,Invalid
33:26.8,199,2.5618,0.384342,1.139071,26.17304,357.121,356.1983,359.4912,0,0,0,0.384342,1.139071,26.17304,-0.066219,0.050226,0.99654,0.351408,1.164052,26.66867,-995,0,0,0.5,0.5,0.5,0.5,1,1,Invalid
33:26.8,200,2.5726,0.384432,1.139102,26.173,357.075,356.2635,359.5194,0,0,0,0.384432,1.139102,26.173,-0.065084,0.051029,0.996574,0.352061,1.164482,26.66867,-995,0,0,0.5,0.5,0.5,0.5,1,1,Invalid
33:26.8,201,2.5839,0.384501,1.139171,26.17299,357.0361,356.323,359.5347,0,0,0,0.384501,1.139171,26.17299,-0.064046,0.051706,0.996607,0.352646,1.164888,26.66867,-995,0,0,0.5,0.5,0.5,0.5,1,1,Invalid
33:26.8,202,2.5958,0.384588,1.139231,26.17295,357.0036,356.3774,359.5505,0,0,0,0.384588,1.139231,26.17295,-0.063097,0.052273,0.996638,0.353204,1.165231,26.66866,-995,0,0,0.5,0.5,0.5,0.5,1,1,Invalid
33:26.8,203,2.6061,0.38467,1.139248,26.17288,356.9353,356.4311,359.5635,0,0,0,0.38467,1.139248,26.17288,-0.06216,0.053464,0.996633,0.353749,1.165843,26.66866,-995,0,0,0.5,0.5,0.5,0.5,1,1,Invalid
33:26.9,204,2.6176,0.384729,1.139372,26.1729,356.9046,356.4691,359.5799,0,0,0,0.384729,1.139372,26.1729,-0.061497,0.053999,0.996646,0.35414,1.166232,26.66866,-995,0,0,0.5,0.5,0.5,0.5,1,1,Invalid
33:26.9,205,2.6285,0.384829,1.139413,26.17285,356.8215,356.5058,359.5725,0,0,0,0.384829,1.139413,26.17285,-0.060853,0.055447,0.996606,0.354555,1.166998,26.66865,-995,0,0,0.5,0.5,0.5,0.5,1,1,Invalid
33:26.9,206,2.6395,0.384892,1.139547,26.17281,356.7874,356.5502,359.5695,0,0,0,0.384892,1.139547,26.17281,-0.060079,0.056041,0.996619,0.355001,1.167428,26.66865,-995,0,0,0.5,0.5,0.5,0.5,1,1,Invalid
33:26.9,207,2.6507,0.384932,1.139658,26.17279,356.7042,356.5843,359.5559,0,0,0,0.384932,1.139658,26.17279,-0.059481,0.057491,0.996573,0.355336,1.168263,26.66864,-995,0,0,0.5,0.5,0.5,0.5,1,1,Invalid
33:26.9,208,2.6617,0.385019,1.139727,26.17273,356.6188,356.6131,359.546,0,0,0,0.385019,1.139727,26.17273,-0.058976,0.058978,0.996516,0.35567,1.169076,26.66863,-995,0,0,0.5,0.5,0.5,0.5,1,1,Invalid
33:26.9,209,2.6726,0.385109,1.139837,26.17267,356.5609,356.6429,359.5258,0,0,0,0.385109,1.139837,26.17267,-0.058453,0.059988,0.996486,0.356017,1.169693,26.66863,-995,0,0,0.5,0.5,0.5,0.5,1,1,Invalid
33:26.9,210,2.6838,0.385128,1.139959,26.17265,356.4977,356.6657,359.5065,0,0,0,0.385128,1.139959,26.17265,-0.058052,0.061089,0.996443,0.356232,1.170366,26.66862,-995,0,0,0.5,0.5,0.5,0.5,1,1,Invalid
33:26.9,211,2.6951,0.38522,1.140033,26.17257,356.4243,356.6805,359.4805,0,0,0,0.38522,1.140033,26.17257,-0.057791,0.062367,0.996379,0.356448,1.171082,26.66862,-995,0,0,0.5,0.5,0.5,0.5,1,1,Invalid
33:26.9,212,2.7062,0.3853,1.140149,26.17251,356.3563,356.6992,359.4575,0,0,0,0.3853,1.140149,26.17251,-0.057461,0.063552,0.996323,0.356688,1.171794,26.66861,-995,0,0,0.5,0.5,0.5,0.5,1,1,Invalid
33:27.0,213,2.7174,0.385332,1.140317,26.17248,356.2787,356.7195,359.426,0,0,0,0.385332,1.140317,26.17248,-0.057103,0.064903,0.996256,0.356895,1.172638,26.66861,-995,0,0,0.5,0.5,0.5,0.5,1,1,Invalid
33:27.0,214,2.7284,0.385412,1.140429,26.17242,356.2034,356.7418,359.4121,0,0,0,0.385412,1.140429,26.17242,-0.056712,0.066214,0.996193,0.357165,1.173408,26.6686,-995,0,0,0.5,0.5,0.5,0.5,1,1,Invalid
33:27.0,215,2.7411,0.385532,1.140525,26.17233,356.1125,356.7523,359.3739,0,0,0,0.385532,1.140525,26.17233,-0.056522,0.067797,0.996097,0.357373,1.174302,26.66859,-995,0,0,0.5,0.5,0.5,0.5,1,1,Invalid
33:27.0,216,2.7509,0.385544,1.140683,26.17226,356.0804,356.772,359.378,0,0,0,0.385544,1.140683,26.17226,-0.056178,0.068356,0.996078,0.357551,1.174744,26.66859,-995,0,0,0.5,0.5,0.5,0.5,1,1,Invalid
33:27.0,217,2.7618,0.38558,1.140685,26.17221,356.0389,356.7903,359.36,0,0,0,0.38558,1.140685,26.17221,-0.055857,0.06908,0.996046,0.357744,1.17511,26.66859,-995,0,0,0.5,0.5,0.5,0.5,1,1,Invalid
33:27.0,218,2.7727,0.385687,1.140771,26.17212,355.9837,356.8067,359.3478,0,0,0,0.385687,1.140771,26.17212,-0.055568,0.070041,0.995995,0.357989,1.175683,26.66858,-995,0,0,0.5,0.5,0.5,0.5,1,1,Invalid
33:27.0,219,2.784,0.385784,1.14087,26.17204,355.9361,356.8353,359.3254,0,0,0,0.385784,1.14087,26.17204,-0.055067,0.07087,0.995964,0.35833,1.176202,26.66858,-995,0,0,0.5,0.5,0.5,0.5,1,1,Invalid
33:27.0,220,2.7953,0.385876,1.140968,26.17196,355.8687,356.866,359.3026,0,0,0,0.385876,1.140968,26.17196,-0.05453,0.072042,0.99591,0.358684,1.176892,26.66857,-995,0,0,0.5,0.5,0.5,0.5,1,1,Invalid
33:27.0,221,2.8062,0.385971,1.141055,26.17189,355.7999,356.8992,359.2873,0,0,0,0.385971,1.141055,26.17189,-0.053947,0.073241,0.995854,0.359065,1.177583,26.66857,-995,0,0,0.5,0.5,0.5,0.5,1,1,Invalid
33:27.1,222,2.8175,0.386135,1.141188,26.17176,355.7,356.9641,359.2521,0,0,0,0.386135,1.141188,26.17176,-0.052812,0.07498,0.995786,0.359787,1.178595,26.66856,-995,0,0,0.5,0.5,0.5,0.5,1,1,Invalid
33:27.1,223,2.8285,0.386231,1.14132,26.17169,355.6447,356.9994,359.2504,0,0,0,0.386231,1.14132,26.17169,-0.052195,0.075942,0.995745,0.360186,1.179214,26.66855,-995,0,0,0.5,0.5,0.5,0.5,1,1,Invalid
33:27.1,224,2.8393,0.386356,1.141433,26.1716,355.595,357.041,359.2478,0,0,0,0.386356,1.141433,26.1716,-0.051469,0.076806,0.995717,0.360669,1.179765,26.66855,-995,0,0,0.5,0.5,0.5,0.5,1,1,Invalid
33:27.1,225,2.8508,0.386423,1.141535,26.17153,355.5482,357.0776,359.2482,0,0,0,0.386423,1.141535,26.17153,-0.050829,0.077621,0.995686,0.361051,1.180281,26.66854,-995,0,0,0.5,0.5,0.5,0.5,1,1,Invalid
33:27.1,226,2.862,0.386543,1.141613,26.17146,355.517,357.1175,359.2549,0,0,0,0.386543,1.141613,26.17146,-0.050134,0.078163,0.995679,0.361514,1.180635,26.66854,-995,0,0,0.5,0.5,0.5,0.5,1,1,Invalid
33:27.1,227,2.8727,0.386665,1.141685,26.17138,355.4925,357.1499,359.2601,0,0,0,0.386665,1.141685,26.17138,-0.049569,0.07859,0.995674,0.361915,1.180926,26.66854,-995,0,0,0.5,0.5,0.5,0.5,1,1,Invalid
33:27.1,228,2.884,0.386747,1.141729,26.17133,355.4784,357.1689,359.263,0,0,0,0.386747,1.141729,26.17133,-0.049238,0.078835,0.995671,0.36216,1.181097,26.66854,-995,0,0,0.5,0.5,0.5,0.5,1,1,Invalid
33:27.1,229,2.8952,0.386833,1.141808,26.17123,355.4991,357.1799,359.285,0,0,0,0.386833,1.141808,26.17123,-0.049049,0.078475,0.995709,0.362336,1.181002,26.66854,-995,0,0,0.5,0.5,0.5,0.5,1,1,Invalid
33:27.1,230,2.9061,0.386942,1.14186,26.17113,355.5741,357.19,359.3235,0,0,0,0.386942,1.14186,26.17113,-0.048879,0.07717,0.995819,0.362527,1.180405,26.66854,-995,0,0,0.5,0.5,0.5,0.5,1,1,Invalid
33:27.2,231,2.9173,0.387022,1.14185,26.171,355.6483,357.1871,359.3407,0,0,0,0.387022,1.14185,26.171,-0.048933,0.075878,0.995916,0.362576,1.179757,26.66855,-995,0,0,0.5,0.5,0.5,0.5,1,1,Invalid
33:27.2,232,2.9285,0.387125,1.141789,26.17086,355.761,357.1689,359.3711,0,0,0,0.387125,1.141789,26.17086,-0.049256,0.073918,0.996047,0.362513,1.178724,26.66856,-995,0,0,0.5,0.5,0.5,0.5,1,1,Invalid
33:27.2,233,2.9395,0.387192,1.141662,26.17073,355.9319,357.1322,359.3654,0,0,0,0.387192,1.141662,26.17073,-0.049905,0.070942,0.996231,0.362253,1.177113,26.66857,-995,0,0,0.5,0.5,0.5,0.5,1,1,Invalid
33:27.2,234,2.9509,0.387268,1.141569,26.17061,356.0836,357.1081,359.3502,0,0,0,0.387268,1.141569,26.17061,-0.050334,0.0683,0.996394,0.362112,1.175704,26.66858,-995,0,0,0.5,0.5,0.5,0.5,1,1,Invalid
33:27.2,235,2.9615,0.38728,1.141366,26.17051,356.3065,357.0258,359.3197,0,0,0,0.38728,1.141366,26.17051,-0.051779,0.06442,0.996579,0.3614,1.173563,26.6686,-995,0,0,0.5,0.5,0.5,0.5,1,1,Invalid
33:27.2,236,2.9728,0.387276,1.141085,26.17042,356.5412,356.9344,359.2632,0,0,0,0.387276,1.141085,26.17042,-0.053383,0.060331,0.99675,0.360594,1.171239,26.66862,-995,0,0,0.5,0.5,0.5,0.5,1,1,Invalid
33:27.2,237,2.9842,0.387272,1.140822,26.17035,356.7736,356.847,359.2071,0,0,0,0.387272,1.140822,26.17035,-0.054915,0.056281,0.996904,0.359824,1.168953,26.66863,-995,0,0,0.5,0.5,0.5,0.5,1,1,Invalid
33:27.2,238,2.9951,0.387207,1.140499,26.17022,357.0754,356.7145,359.1631,0,0,0,0.387207,1.140499,26.17022,-0.057236,0.051022,0.997056,0.358594,1.166005,26.66866,-995,0,0,0.5,0.5,0.5,0.5,1,1,Invalid
33:27.2,239,3.0061,0.387156,1.140013,26.17011,357.4001,356.578,359.1195,0,0,0,0.387156,1.140013,26.17011,-0.059628,0.045361,0.99719,0.357343,1.162692,26.66868,-995,0,0,0.5,0.5,0.5,0.5,1,1,Invalid
33:27.3,240,3.0173,0.387108,1.139552,26.16998,357.7522,356.4372,359.0721,0,0,0,0.387108,1.139552,26.16998,-0.062095,0.039221,0.997299,0.356055,1.159165,26.66871,-995,0,0,0.5,0.5,0.5,0.5,1,1,Invalid
33:27.3,241,3.0285,0.387011,1.13881,26.16982,358.3114,356.2121,359.0111,0,0,0,0.387011,1.13881,26.16982,-0.066034,0.029468,0.997382,0.353977,1.153551,26.66876,-995,0,0,0.5,0.5,0.5,0.5,1,1,Invalid
33:27.3,242,3.0394,0.38689,1.138219,26.16973,358.7659,356.0383,358.9703,0,0,0,0.38689,1.138219,26.16973,-0.069073,0.021538,0.997379,0.352328,1.148996,26.66879,-995,0,0,0.5,0.5,0.5,0.5,1,1,Invalid
33:27.3,243,3.0513,0.38673,1.137612,26.16961,359.2892,355.8458,358.8965,0,0,0,0.38673,1.137612,26.16961,-0.072436,0.012404,0.997296,0.35047,1.143822,26.66883,-995,0,0,0.5,0.5,0.5,0.5,1,1,Invalid
33:27.3,244,3.0616,0.386599,1.136898,26.16949,359.8093,355.6574,358.8402,0,0,0,0.386599,1.136898,26.16949,-0.075719,0.003329,0.997124,0.348676,1.138564,26.66887,-995,0,0,0.5,0.5,0.5,0.5,1,1,Invalid
33:27.3,245,3.0726,0.386457,1.136149,26.16933,0.346982,355.4723,358.7756,0,0,0,0.386457,1.136149,26.16933,-0.078941,-0.006056,0.996861,0.346895,1.133114,26.66892,-995,0,0,0.5,0.5,0.5,0.5,1,1,Invalid
33:27.3,246,3.0841,0.38625,1.135282,26.16905,1.010577,355.2646,358.6995,0,0,0,0.38625,1.135282,26.16905,-0.082542,-0.017637,0.996432,0.359486,1.129564,26.49214,-489,0,0,0.5,0.5,0.5,0.5,1,1,Invalid
33:27.3,247,3.0949,0.386093,1.134344,26.16879,1.68155,355.0489,358.6194,0,0,0,0.386093,1.134344,26.16879,-0.086269,-0.029344,0.99584,0.369094,1.128562,26.36502,-489,0,0,0.5,0.5,0.5,0.5,1,1,Invalid
33:27.3,248,3.1063,0.385899,1.133361,26.16853,2.38991,354.84,358.5208,0,0,0,0.385899,1.133361,26.16853,-0.089859,-0.0417,0.995081,0.374386,1.128019,26.29602,-489,0,0,0.5,0.5,0.5,0.5,1,1,Invalid
33:27.4,249,3.1175,0.38575,1.132453,26.16825,3.047899,354.6287,358.431,0,0,0,0.38575,1.132453,26.16825,-0.093477,-0.053171,0.994201,0.377413,1.127711,26.25693,-489,0,0,0.5,0.5,0.5,0.5,1,1,Invalid
33:27.4,250,3.1288,0.38555,1.131422,26.16795,3.750243,354.4015,358.3236,0,0,0,0.38555,1.131422,26.16795,-0.097348,-0.065407,0.993099,0.379685,1.127482,26.22778,-489,0,0,0.5,0.5,0.5,0.5,1,1,Invalid
33:27.4,251,3.1396,0.385357,1.130551,26.16772,4.343628,354.1714,358.2693,0,0,0,0.385357,1.130551,26.16772,-0.101261,-0.075738,0.991973,0.381063,1.127339,26.20978,-489,0,0,0.5,0.5,0.5,0.5,1,1,Invalid
33:27.4,252,3.1566,0.385014,1.129199,26.16735,5.305709,353.7757,358.1736,0,0,0,0.385014,1.129199,26.16735,-0.107956,-0.09247,0.989846,0.382652,1.127176,26.189,-489,0,0,0.5,0.5,0.5,0.5,1,1,Invalid
33:27.4,253,3.168,0.384779,1.128319,26.16711,5.952451,353.5387,358.0516,0,0,0,0.384779,1.128319,26.16711,-0.111925,-0.103703,0.988291,0.383459,1.127096,26.17877,-489,0,0,0.5,0.5,0.5,0.5,1,1,Invalid
33:27.4,254,3.1802,0.384518,1.127413,26.1669,6.596721,353.2486,358.0199,0,0,0,0.384518,1.127413,26.1669,-0.116784,-0.11488,0.986491,0.384126,1.127028,26.17021,-489,0,0,0.5,0.5,0.5,0.5,1,1,Invalid
33:27.4,255,3.1905,0.38431,1.126567,26.16664,7.258931,352.9417,357.9874,0,0,0,0.38431,1.126567,26.16664,-0.121896,-0.126354,0.984467,0.353843,1.094986,26.4127,-366,0,0,0.5,0.5,0.5,0.5,1,1,Invalid
33:27.4,256,3.2013,0.384016,1.125618,26.16642,7.861809,352.6678,357.928,0,0,0,0.384016,1.125618,26.16642,-0.126422,-0.136784,0.982501,0.355524,1.09479,26.38785,-366,0,0,0.5,0.5,0.5,0.5,1,1,Invalid
33:27.5,257,3.2118,0.383715,1.12464,26.1662,8.449329,352.3665,357.9203,0,0,0,0.383715,1.12464,26.1662,-0.131393,-0.146935,0.980381,0.356872,1.094622,26.36649,-366,0,0,0.5,0.5,0.5,0.5,1,1,Invalid
33:27.5,258,3.2233,0.383555,1.124322,26.16618,8.844652,352.1644,357.8875,0,0,0,0.383555,1.124322,26.16618,-0.13471,-0.153756,0.978883,0.357459,1.094537,26.3558,-366,0,0,0.5,0.5,0.5,0.5,1,1,Invalid
33:27.5,259,3.2343,0.383205,1.123463,26.16605,9.486695,351.8834,357.7745,0,0,0,0.383205,1.123463,26.16605,-0.139258,-0.164819,0.976444,0.358649,1.094399,26.33823,-366,0,0,0.5,0.5,0.5,0.5,1,1,Invalid
33:27.5,260,3.2463,0.382687,1.12231,26.16598,10.38723,351.3599,357.7031,0,0,0,0.382687,1.12231,26.16598,-0.147765,-0.1803,0.972449,0.359678,1.094235,26.31741,-366,0,0,0.5,0.5,0.5,0.5,1,1,Invalid
33:27.5,261,3.2569,0.382292,1.121504,26.16595,10.90724,351.0497,357.6529,0,0,0,0.382292,1.121504,26.16595,-0.152766,-0.18922,0.969979,0.360205,1.094147,26.30619,-366,0,0,0.5,0.5,0.5,0.5,1,1,Invalid
33:27.5,262,3.2677,0.38192,1.120883,26.16603,11.33758,350.7325,357.605,0,0,0,0.38192,1.120883,26.16603,-0.157901,-0.196589,0.967688,0.360394,1.094082,26.29796,-366,0,0,0.5,0.5,0.5,0.5,1,1,Invalid
33:27.5,263,3.2787,0.381617,1.120399,26.16608,11.77705,350.4353,357.5508,0,0,0,0.381617,1.120399,26.16608,-0.162663,-0.204104,0.965341,0.360599,1.094026,26.29081,-366,0,0,0.5,0.5,0.5,0.5,1,1,Invalid
33:27.5,264,3.2898,0.381271,1.119892,26.16616,12.1512,350.1339,357.4983,0,0,0,0.381271,1.119892,26.16616,-0.167508,-0.210492,0.963138,0.360649,1.093978,26.28474,-366,0,0,0.5,0.5,0.5,0.5,1,1,Invalid
33:27.5,265,3.3013,0.38092,1.119463,26.1663,12.44995,349.8403,357.4535,0,0,0,0.38092,1.119463,26.1663,-0.172245,-0.215587,0.961173,0.36053,1.093941,26.28009,-366,0,0,0.5,0.5,0.5,0.5,1,1,Invalid
33:27.6,266,3.312,0.380583,1.119158,26.16648,12.81138,349.4492,357.4017,0,0,0,0.380583,1.119158,26.16648,-0.17855,-0.221742,0.958619,0.36025,1.093906,26.27565,-366,0,0,0.5,0.5,0.5,0.5,1,1,Invalid
33:27.6,267,3.3231,0.380276,1.118881,26.16671,13.04277,349.1675,357.3752,0,0,0,0.380276,1.118881,26.16671,-0.183089,-0.225678,0.956843,0.359995,1.093883,26.2727,-366,0,0,0.5,0.5,0.5,0.5,1,1,Invalid
33:27.6,268,3.3348,0.380028,1.118786,26.16701,13.16826,348.8955,357.3555,0,0,0,0.380028,1.118786,26.16701,-0.187535,-0.227811,0.955475,0.359519,1.093874,26.2715,-366,0,0,0.5,0.5,0.5,0.5,1,1,Invalid
33:27.6,269,3.3454,0.379997,1.118895,26.16728,13.22923,348.6877,357.3494,0,0,0,0.379997,1.118895,26.16728,-0.190952,-0.228848,0.95455,0.35912,1.093875,26.27164,-366,0,0,0.5,0.5,0.5,0.5,1,1,Invalid
33:27.6,270,3.3566,0.379812,1.118838,26.16759,13.31659,348.4648,357.3513,0,0,0,0.379812,1.118838,26.16759,-0.194594,-0.230332,0.953457,0.358717,1.093869,26.27095,-366,0,0,0.5,0.5,0.5,0.5,1,1,Invalid
33:27.6,271,3.3675,0.379763,1.119006,26.16796,13.25988,348.2968,357.3157,0,0,0,0.379763,1.119006,26.16796,-0.197434,-0.229368,0.953105,0.358136,1.093881,26.27236,-366,0,0,0.5,0.5,0.5,0.5,1,1,Invalid
33:27.6,272,3.3791,0.379799,1.119369,26.16828,13.19229,348.143,357.2994,0,0,0,0.379799,1.119369,26.16828,-0.200047,-0.22822,0.952836,0.357473,1.093898,26.27463,-366,0,0,0.5,0.5,0.5,0.5,1,1,Invalid
33:27.6,273,3.3899,0.379808,1.119728,26.1687,13.09306,348.0064,357.2911,0,0,0,0.379808,1.119728,26.1687,-0.2024,-0.226533,0.952742,0.356749,1.093919,26.27725,-366,0,0,0.5,0.5,0.5,0.5,1,1,Invalid
33:27.6,274,3.401,0.379904,1.120251,26.16919,12.94745,347.8818,357.2751,0,0,0,0.379904,1.120251,26.16919,-0.204591,-0.224057,0.952859,0.355886,1.093949,26.28104,-366,0,0,0.5,0.5,0.5,0.5,1,1,Invalid
33:27.7,275,3.4118,0.380087,1.120943,26.16966,12.78654,347.7792,357.2698,0,0,0,0.380087,1.120943,26.16966,-0.20643,-0.22132,0.953103,0.354944,1.093986,26.28575,-366,0,0,0.5,0.5,0.5,0.5,1,1,Invalid
33:27.7,276,3.4233,0.380255,1.121594,26.17017,12.55824,347.7079,357.2694,0,0,0,0.380255,1.121594,26.17017,-0.207802,-0.217432,0.953699,0.353909,1.094028,26.29108,-366,0,0,0.5,0.5,0.5,0.5,1,1,Invalid
33:27.7,277,3.4347,0.380455,1.122367,26.17075,12.3878,347.6328,357.2396,0,0,0,0.380455,1.122367,26.17075,-0.209189,-0.214527,0.954054,0.352864,1.094071,26.29659,-366,0,0,0.5,0.5,0.5,0.5,1,1,Invalid
33:27.7,278,3.4456,0.380503,1.122441,26.17081,12.33763,347.6317,357.2672,0,0,0,0.380503,1.122441,26.17081,-0.209248,-0.213672,0.954233,0.352727,1.094078,26.29748,-366,0,0,0.5,0.5,0.5,0.5,1,1,Invalid
33:27.7,279,3.4565,0.380814,1.123451,26.17145,12.07837,347.5938,357.2674,0,0,0,0.380814,1.123451,26.17145,-0.210086,-0.209249,0.955028,0.351385,1.09414,26.30523,-366,0,0,0.5,0.5,0.5,0.5,1,1,Invalid
33:27.7,280,3.4676,0.381123,1.124317,26.17213,11.79956,347.563,357.2533,0,0,0,0.381123,1.124317,26.17213,-0.210815,-0.204489,0.955898,0.350073,1.0942,26.31292,-366,0,0,0.5,0.5,0.5,0.5,1,1,Invalid
33:27.7,281,3.4789,0.381435,1.125177,26.17285,11.51604,347.5334,357.2373,0,0,0,0.381435,1.125177,26.17285,-0.211525,-0.199642,0.956765,0.348682,1.094264,26.321,-366,0,0,0.5,0.5,0.5,0.5,1,1,Invalid
33:27.7,282,3.4897,0.381817,1.126194,26.17369,11.15529,347.5334,357.2043,0,0,0,0.381817,1.126194,26.17369,-0.211792,-0.193469,0.957974,0.346951,1.094345,26.33139,-366,0,0,0.5,0.5,0.5,0.5,1,1,Invalid
33:27.7,283,3.5009,0.382225,1.127176,26.17453,10.77437,347.5192,357.2265,0,0,0,0.382225,1.127176,26.17453,-0.212303,-0.186942,0.959156,0.382101,1.127067,26.1751,-489,0,0,0.5,0.5,0.5,0.5,1,1,Invalid
33:27.8,284,3.5121,0.382668,1.128099,26.17542,10.40526,347.5294,357.1854,0,0,0,0.382668,1.128099,26.17542,-0.212388,-0.180609,0.96035,0.381504,1.12711,26.18068,-489,0,0,0.5,0.5,0.5,0.5,1,1,Invalid
33:27.8,285,3.5231,0.383295,1.129377,26.17665,9.868996,347.5686,357.137,0,0,0,0.383295,1.129377,26.17665,-0.212085,-0.171396,0.962104,0.380572,1.127176,26.189,-489,0,0,0.5,0.5,0.5,0.5,1,1,Invalid
33:27.8,286,3.5344,0.38382,1.130367,26.17769,9.421379,347.6078,357.1515,0,0,0,0.38382,1.130367,26.17769,-0.211707,-0.163694,0.963527,0.379765,1.127232,26.19614,-489,0,0,0.5,0.5,0.5,0.5,1,1,Invalid
33:27.8,287,3.5458,0.384489,1.131542,26.17901,8.831211,347.6849,357.0804,0,0,0,0.384489,1.131542,26.17901,-0.21076,-0.153524,0.965407,0.378676,1.127307,26.20564,-489,0,0,0.5,0.5,0.5,0.5,1,1,Invalid
33:27.8,288,3.5567,0.385067,1.132618,26.18019,8.353247,347.7743,357.0459,0,0,0,0.385067,1.132618,26.18019,-0.209516,-0.145276,0.966953,0.377514,1.127381,26.21505,-489,0,0,0.5,0.5,0.5,0.5,1,1,Invalid
33:27.8,289,3.5679,0.385651,1.133535,26.1814,7.826991,347.8674,357.0381,0,0,0,0.385651,1.133535,26.1814,-0.208216,-0.136182,0.968556,0.376357,1.127457,26.22463,-489,0,0,0.5,0.5,0.5,0.5,1,1,Invalid
33:27.8,290,3.579,0.386225,1.134474,26.18271,7.281882,347.9823,357.012,0,0,0,0.386225,1.134474,26.18271,-0.206534,-0.126751,0.970195,0.374933,1.127544,26.23575,-489,0,0,0.5,0.5,0.5,0.5,1,1,Invalid
33:27.8,291,3.59,0.386721,1.135465,26.18401,6.77287,348.0914,356.9789,0,0,0,0.386721,1.135465,26.18401,-0.204912,-0.117934,0.97165,0.373132,1.127644,26.24844,-489,0,0,0.5,0.5,0.5,0.5,1,1,Invalid
33:27.8,292,3.6009,0.387301,1.136304,26.18539,6.205828,348.2133,356.9796,0,0,0,0.387301,1.136304,26.18539,-0.203072,-0.108101,0.973178,0.371238,1.127754,26.26237,-489,0,0,0.5,0.5,0.5,0.5,1,1,Invalid
33:27.9,293,3.6118,0.387863,1.137101,26.18678,5.684396,348.3426,356.9476,0,0,0,0.387863,1.137101,26.18678,-0.201066,-0.099049,0.974557,0.369131,1.127874,26.27757,-489,0,0,0.5,0.5,0.5,0.5,1,1,Invalid
33:27.9,294,3.6233,0.388395,1.137961,26.18822,5.130113,348.4749,356.9617,0,0,0,0.388395,1.137961,26.18822,-0.198997,-0.089418,0.975912,0.366279,1.128024,26.29668,-489,0,0,0.5,0.5,0.5,0.5,1,0.854697,Invalid
33:27.9,295,3.6342,0.389029,1.138654,26.18978,4.659214,348.6262,356.9304,0,0,0,0.389029,1.138654,26.18978,-0.196557,-0.081229,0.977122,0.363671,1.128175,26.31584,-489,0,0,0.5,0.5,0.5,0.5,1,0.854697,Invalid
33:27.9,296,3.6451,0.389463,1.139035,26.19084,4.349932,348.7225,356.9553,0,0,0,0.389463,1.139035,26.19084,-0.194998,-0.075848,0.977867,0.361818,1.128282,26.32948,-489,0,0,0.5,0.5,0.5,0.5,1,0.829183,Invalid
33:27.9,297,3.6565,0.390072,1.139647,26.19241,3.950423,348.8838,356.9441,0,0,0,0.390072,1.139647,26.19241,-0.192342,-0.068893,0.978907,0.358827,1.128455,26.35143,-489,0,0,0.5,0.5,0.5,0.5,1,0.829183,Invalid
33:27.9,298,3.6675,0.390692,1.140148,26.19402,3.600734,349.0454,356.9526,0,0,0,0.390692,1.140148,26.19402,-0.189656,-0.062803,0.97984,0.35591,1.12863,26.37371,-489,0,0,0.5,0.5,0.5,0.5,1,0.829183,Invalid
33:27.9,299,3.679,0.391321,1.140491,26.19567,3.300354,349.2353,356.8978,0,0,0,0.391321,1.140491,26.19567,-0.186467,-0.05757,0.980773,0.353447,1.128798,26.39488,-489,0,0,0.5,0.5,0.5,0.5,1,0.890677,Invalid
33:27.9,300,3.6899,0.391911,1.140854,26.19737,3.02392,349.4174,356.8686,0,0,0,0.391911,1.140854,26.19737,-0.183398,-0.052753,0.981622,0.350636,1.128982,26.41829,-489,0,0,0.5,0.5,0.5,0.5,1,0.890677,Invalid
33:27.9,301,3.701,0.392496,1.141234,26.19915,2.744675,349.61,356.8454,0,0,0,0.392496,1.141234,26.19915,-0.18014,-0.047885,0.982475,0.347227,1.129201,26.44605,-489,0,0,0.5,0.5,0.5,0.5,1,0.890677,Invalid
33:28.0,302,3.7121,0.393057,1.141609,26.20095,2.442634,349.8198,356.8349,0,0,0,0.393057,1.141609,26.20095,-0.176584,-0.042619,0.983363,0.342782,1.129475,26.48092,-489,0,0,0.5,0.5,0.5,0.5,1,0.955221,Invalid
33:28.0,303,3.7232,0.393601,1.142175,26.20283,2.116282,350.0512,356.7807,0,0,0,0.393601,1.142175,26.20283,-0.17265,-0.036928,0.984291,0.311834,1.124686,26.66898,-995,0,0,0.5,0.5,0.5,0.5,1,0.955221,Invalid
33:28.0,304,3.7346,0.394156,1.142703,26.20484,1.748598,350.3224,356.7759,0,0,0,0.394156,1.142703,26.20484,-0.168026,-0.030514,0.98531,0.31501,1.12833,26.66895,-995,0,0,0.5,0.5,0.5,0.5,1,0.955221,Invalid
33:28.0,305,3.7453,0.394722,1.143278,26.20689,1.387465,350.6014,356.7948,0,0,0,0.394722,1.143278,26.20689,-0.163254,-0.024213,0.986287,0.318244,1.131935,26.66893,-995,0,0,0.5,0.5,0.5,0.5,1,0.971342,Invalid
33:28.0,306,3.7565,0.395487,1.143965,26.2096,0.90664,351.0055,356.7793,0,0,0,0.395487,1.143965,26.2096,-0.156321,-0.015823,0.98758,0.322788,1.136606,26.66889,-995,0,0,0.5,0.5,0.5,0.5,1,0.971342,Invalid
33:28.0,307,3.7677,0.396059,1.144475,26.21176,0.664591,351.3069,356.8274,0,0,0,0.396059,1.144475,26.21176,-0.151131,-0.011599,0.988446,0.326168,1.139111,26.66887,-995,0,0,0.5,0.5,0.5,0.5,1,0.988262,Invalid
33:28.0,308,3.7784,0.396605,1.1449,26.21388,0.383866,351.6091,356.8522,0,0,0,0.396605,1.1449,26.21388,-0.145923,-0.0067,0.989273,0.329495,1.141819,26.66885,-995,0,0,0.5,0.5,0.5,0.5,1,0.988262,Invalid
33:28.0,309,3.7896,0.397036,1.145418,26.21598,0.116313,351.9268,356.8427,0,0,0,0.397036,1.145418,26.21598,-0.140437,-0.00203,0.990088,0.332802,1.144489,26.66883,-995,0,0,0.5,0.5,0.5,0.5,1,0.988262,Invalid
33:28.0,310,3.8013,0.397381,1.145692,26.21748,359.922,352.1644,356.8194,0,0,0,0.397381,1.145692,26.21748,-0.136331,0.001361,0.990663,0.33527,1.146312,26.66881,-995,0,0,0.5,0.5,0.5,0.5,1,0.995192,Invalid
33:28.1,311,3.8117,0.397806,1.14625,26.21952,359.6554,352.4843,356.7687,0,0,0,0.397806,1.14625,26.21952,-0.130796,0.006014,0.991391,0.338533,1.148976,26.66879,-995,0,0,0.5,0.5,0.5,0.5,1,0.995192,Invalid
33:28.1,312,3.8241,0.398161,1.146973,26.22165,359.3562,352.8149,356.7477,0,0,0,0.398161,1.146973,26.22165,-0.125067,0.011237,0.992085,0.341795,1.152037,26.66877,-995,0,0,0.5,0.5,0.5,0.5,1,0.995192,Invalid
33:28.1,313,3.8343,0.398491,1.147724,26.22372,359.0566,353.1886,356.7046,0,0,0,0.398491,1.147724,26.22372,-0.118585,0.016465,0.992807,0.345335,1.155104,26.66874,-995,0,0,0.5,0.5,0.5,0.5,1,0.998031,Invalid
33:28.1,314,3.8453,0.398836,1.148494,26.22575,358.7363,353.5521,356.6775,0,0,0,0.398836,1.148494,26.22575,-0.112272,0.022054,0.993433,0.348774,1.158328,26.66872,-995,0,0,0.5,0.5,0.5,0.5,1,0.998031,Invalid
33:28.1,315,3.8565,0.399248,1.149642,26.22841,358.3366,354.0591,356.6384,0,0,0,0.399248,1.149642,26.22841,-0.10346,0.029028,0.99421,0.353432,1.162497,26.66869,-995,0,0,0.5,0.5,0.5,0.5,1,0.998031,Invalid
33:28.1,316,3.8677,0.399509,1.150577,26.23034,358.0125,354.4312,356.6463,0,0,0,0.399509,1.150577,26.23034,-0.096982,0.034682,0.994682,0.356773,1.16586,26.66866,-995,0,0,0.5,0.5,0.5,0.5,1,0.998992,Invalid
33:28.1,317,3.8787,0.399794,1.151585,26.23224,357.7254,354.7837,356.6835,0,0,0,0.399794,1.151585,26.23224,-0.090845,0.039689,0.995074,0.359953,1.168991,26.66863,-995,0,0,0.5,0.5,0.5,0.5,1,0.998992,Invalid
33:28.1,318,3.8898,0.399944,1.152662,26.23405,357.429,355.1466,356.7406,0,0,0,0.399944,1.152662,26.23405,-0.084521,0.044857,0.995412,0.363046,1.172245,26.66861,-995,0,0,0.5,0.5,0.5,0.5,1,0.999587,Invalid
33:28.1,319,3.9013,0.400038,1.153798,26.23575,357.1696,355.5045,356.7781,0,0,0,0.400038,1.153798,26.23575,-0.078285,0.04938,0.995707,0.366007,1.175263,26.66858,-995,0,0,0.5,0.5,0.5,0.5,1,0.999587,Invalid
33:28.2,320,3.9123,0.40016,1.155009,26.23744,356.9003,355.8536,356.8257,0,0,0,0.40016,1.155009,26.23744,-0.0722,0.054073,0.995923,0.368906,1.178416,26.66856,-995,0,0,0.5,0.5,0.5,0.5,1,0.999587,Invalid
33:28.2,321,3.9232,0.400188,1.15644,26.2391,356.6437,356.2165,356.8737,0,0,0,0.400188,1.15644,26.2391,-0.065874,0.058545,0.996109,0.371789,1.18168,26.66854,-995,0,0,0.5,0.5,0.5,0.5,1,0.999789,Invalid
33:28.2,322,3.9343,0.400095,1.158034,26.24059,356.3589,356.608,356.8812,0,0,0,0.400095,1.158034,26.24059,-0.059048,0.063507,0.996233,0.374732,1.185312,26.66851,-995,0,0,0.5,0.5,0.5,0.5,1,0.999789,Invalid
33:28.2,323,3.9454,0.400089,1.159395,26.24157,356.1736,356.8581,356.8947,0,0,0,0.400089,1.159395,26.24157,-0.054687,0.066734,0.996271,0.376655,1.187991,26.66849,-995,0,0,0.5,0.5,0.5,0.5,1,0.999865,Invalid
33:28.2,324,3.9567,0.400003,1.161162,26.24297,355.9041,357.2288,356.9086,0,0,0,0.400003,1.161162,26.24297,-0.048225,0.071426,0.996279,0.379408,1.191666,26.66846,-995,0,0,0.5,0.5,0.5,0.5,1,0.999865,Invalid
33:28.2,325,3.9679,0.399784,1.163191,26.24416,355.6639,357.6034,356.9002,0,0,0,0.399784,1.163191,26.24416,-0.041698,0.075607,0.996266,0.382027,1.195389,26.66843,-995,0,0,0.5,0.5,0.5,0.5,1,0.999945,Invalid
33:28.2,326,3.9786,0.399559,1.165195,26.24521,355.4131,357.9787,356.9456,0,0,0,0.399559,1.165195,26.24521,-0.035159,0.079972,0.996177,0.384623,1.199167,26.6684,-995,0,0,0.5,0.5,0.5,0.5,1,0.999945,Invalid
33:28.2,327,3.9896,0.399384,1.167443,26.24605,355.168,358.3237,357.0462,0,0,0,0.399384,1.167443,26.24605,-0.029148,0.084235,0.99602,0.387024,1.203159,26.66837,-995,0,0,0.5,0.5,0.5,0.5,1,0.999945,Invalid
33:28.2,328,4.0012,0.399065,1.169725,26.24679,354.8876,358.6886,357.1559,0,0,0,0.399065,1.169725,26.24679,-0.022796,0.08911,0.995761,0.389415,1.207448,26.66833,-995,0,0,0.5,0.5,0.5,0.5,1,0.999977,Invalid
33:28.3,329,4.0121,0.398726,1.172088,26.24754,354.5796,359.0592,357.2422,0,0,0,0.398726,1.172088,26.24754,-0.016346,0.094463,0.995394,0.391816,1.212017,26.6683,-995,0,0,0.5,0.5,0.5,0.5,1,0.999977,Invalid
33:28.3,330,4.0235,0.398287,1.174414,26.24792,354.2247,359.3923,357.3184,0,0,0,0.398287,1.174414,26.24792,-0.010552,0.100627,0.994868,0.393829,1.216929,26.66826,-995,0,0,0.5,0.5,0.5,0.5,1,0.999977,Invalid
33:28.3,331,4.0361,0.397858,1.17675,26.24845,353.8317,359.7274,357.3877,0,0,0,0.397858,1.17675,26.24845,-0.00473,0.10745,0.994199,0.395861,1.222117,26.66822,-995,0,0,0.5,0.5,0.5,0.5,1,0.999988,Invalid
33:28.3,332,4.0455,0.397335,1.179268,26.24883,353.3753,0.091427,357.4094,0,0,0,0.397335,1.179268,26.24883,0.001585,0.115365,0.993322,0.398004,1.22797,26.66817,-995,0,0,0.5,0.5,0.5,0.5,1,0.999988,Invalid
33:28.3,333,4.0567,0.396757,1.181832,26.24922,352.8723,0.447588,357.4506,0,0,0,0.396757,1.181832,26.24922,0.007751,0.124082,0.992242,0.40003,1.234217,26.66812,-995,0,0,0.5,0.5,0.5,0.5,1,0.999988,Invalid
33:28.3,334,4.0678,0.39617,1.184179,26.24958,352.3875,0.797709,357.476,0,0,0,0.39617,1.184179,26.24958,0.0138,0.132473,0.991091,0.401997,1.240117,26.66808,-995,0,0,0.5,0.5,0.5,0.5,1,0.999994,Invalid
33:28.3,335,4.0786,0.395483,1.186582,26.24987,351.8992,1.149748,357.5151,0,0,0,0.395483,1.186582,26.24987,0.019865,0.140916,0.989822,0.403875,1.246112,26.66803,-995,0,0,0.5,0.5,0.5,0.5,1,0.999994,Invalid
33:28.3,336,4.0898,0.394766,1.188675,26.24989,351.3451,1.479998,357.4679,0,0,0,0.394766,1.188675,26.24989,0.025534,0.150483,0.988283,0.405568,1.252336,26.66798,-995,0,0,0.5,0.5,0.5,0.5,1,0.999994,Invalid
33:28.3,337,4.1011,0.393969,1.190793,26.24997,350.8299,1.762762,357.5224,0,0,0,0.393969,1.190793,26.24997,0.030368,0.159365,0.986753,0.406832,1.258296,26.66793,-995,0,0,0.5,0.5,0.5,0.5,1,0.999998,Invalid
33:28.4,338,4.1127,0.393215,1.19279,26.24996,350.3541,2.022959,357.5685,0,0,0,0.393215,1.19279,26.24996,0.034801,0.167559,0.985248,0.407977,1.263866,26.66789,-995,0,0,0.5,0.5,0.5,0.5,1,0.999998,Invalid
33:28.4,339,4.1248,0.392378,1.194828,26.24998,349.8828,2.266197,357.6508,0,0,0,0.392378,1.194828,26.24998,0.038927,0.175662,0.983681,0.408914,1.269449,26.66784,-995,0,0,0.5,0.5,0.5,0.5,1,0.999999,Invalid
33:28.4,340,4.1348,0.391394,1.19658,26.24993,349.4238,2.502106,357.6537,0,0,0,0.391394,1.19658,26.24993,0.042914,0.183544,0.982074,0.409654,1.274678,26.6678,-995,0,0,0.5,0.5,0.5,0.5,1,0.999999,Invalid
33:28.4,341,4.1454,0.390474,1.198347,26.24992,348.9501,2.699287,357.7091,0,0,0,0.390474,1.198347,26.24992,0.046221,0.191664,0.980372,0.410174,1.280035,26.66776,-995,0,0,0.5,0.5,0.5,0.5,1,0.999999,Invalid
33:28.4,342,4.1564,0.389444,1.200193,26.24983,348.5083,2.925105,357.6782,0,0,0,0.389444,1.200193,26.24983,0.050008,0.199226,0.978677,0.410797,1.285261,26.66772,-995,0,0,0.5,0.5,0.5,0.5,1,0.999999,Invalid
33:28.4,343,4.1682,0.388285,1.201888,26.24977,348.0637,3.115023,357.6476,0,0,0,0.388285,1.201888,26.24977,0.053166,0.206824,0.976933,0.411028,1.290362,26.66768,-995,0,0,0.5,0.5,0.5,0.5,1,0.999999,Invalid
33:28.4,344,4.1785,0.38719,1.203586,26.2497,347.6742,3.289428,357.6433,0,0,0,0.38719,1.203586,26.2497,0.056057,0.21347,0.97534,0.411211,1.295059,26.66764,-995,0,0,0.5,0.5,0.5,0.5,1,1,Invalid
33:28.4,345,4.1897,0.385901,1.205227,26.24946,347.2802,3.452506,357.6509,0,0,0,0.385901,1.205227,26.24946,0.058743,0.220183,0.973688,0.411128,1.299784,26.66761,-995,0,0,0.5,0.5,0.5,0.5,1,1,Invalid
33:28.4,346,4.202,0.384621,1.206453,26.24927,346.9554,3.574841,357.6413,0,0,0,0.384621,1.206453,26.24927,0.060743,0.22571,0.972299,0.410754,1.303559,26.66758,-995,0,0,0.5,0.5,0.5,0.5,1,1,Invalid
33:28.5,347,4.2125,0.383337,1.207497,26.24899,346.6572,3.669756,357.6435,0,0,0,0.383337,1.207497,26.24899,0.062278,0.230777,0.971012,0.410182,1.306974,26.66755,-995,0,0,0.5,0.5,0.5,0.5,1,1,Invalid
33:28.5,348,4.2232,0.381979,1.208647,26.24877,346.375,3.742814,357.6593,0,0,0,0.381979,1.208647,26.24877,0.063441,0.235566,0.969786,0.409373,1.310364,26.66752,-995,0,0,0.5,0.5,0.5,0.5,1,1,Invalid
33:28.5,349,4.2348,0.380467,1.209802,26.24857,346.1375,3.753127,357.6814,0,0,0,0.380467,1.209802,26.24857,0.063551,0.239593,0.968791,0.407947,1.313407,26.6675,-995,0,0,0.5,0.5,0.5,0.5,1,1,Invalid
33:28.5,350,4.2456,0.379046,1.21099,26.24836,345.8907,3.742026,357.6961,0,0,0,0.379046,1.21099,26.24836,0.063295,0.243772,0.967765,0.406457,1.316561,26.66747,-995,0,0,0.5,0.5,0.5,0.5,1,1,Invalid
33:28.5,351,4.2567,0.377501,1.212257,26.24826,345.6155,3.725209,357.7121,0,0,0,0.377501,1.212257,26.24826,0.062935,0.248428,0.966604,0.404793,1.319992,26.66745,-995,0,0,0.5,0.5,0.5,0.5,1,1,Invalid
33:28.5,352,4.2675,0.375937,1.213471,26.24822,345.3529,3.665351,357.7603,0,0,0,0.375937,1.213471,26.24822,0.061851,0.252865,0.965523,0.40279,1.323256,26.66742,-995,0,0,0.5,0.5,0.5,0.5,1,1,Invalid
33:28.5,353,4.2784,0.374353,1.214724,26.24813,345.0662,3.585173,357.7639,0,0,0,0.374353,1.214724,26.24813,0.06042,0.257702,0.964333,0.400622,1.326764,26.66739,-995,0,0,0.5,0.5,0.5,0.5,1,1,Invalid
33:28.5,354,4.2898,0.372088,1.216412,26.24804,344.6974,3.488669,357.7498,0,0,0,0.372088,1.216412,26.24804,0.058694,0.263917,0.962758,0.397651,1.331357,26.66736,-995,0,0,0.5,0.5,0.5,0.5,1,1,Invalid
33:28.5,355,4.3016,0.370256,1.21759,26.24801,344.4454,3.380954,357.7202,0,0,0,0.370256,1.21759,26.24801,0.056815,0.268156,0.961699,0.395029,1.33451,26.66733,-995,0,0,0.5,0.5,0.5,0.5,1,1,Invalid
33:28.6,356,4.3121,0.368412,1.218706,26.24791,344.2603,3.265625,357.7139,0,0,0,0.368412,1.218706,26.24791,0.054829,0.271267,0.960941,0.392342,1.3371,26.66731,-995,0,0,0.5,0.5,0.5,0.5,1,1,Invalid
33:28.6,357,4.3297,0.366512,1.219755,26.24789,344.1014,3.14353,357.6914,0,0,0,0.366512,1.219755,26.24789,0.05274,0.273935,0.960301,0.389546,1.339393,26.66729,-995,0,0,0.5,0.5,0.5,0.5,1,1,Invalid
33:28.6,358,4.3434,0.364374,1.220718,26.24788,343.9485,2.967571,357.6939,0,0,0,0.364374,1.220718,26.24788,0.049752,0.276502,0.959725,0.386116,1.341549,26.66728,-995,0,0,0.5,0.5,0.5,0.5,1,1,Invalid
33:28.6,359,4.3526,0.36198,1.221683,26.24784,343.8083,2.747799,357.7128,0,0,0,0.36198,1.221683,26.24784,0.046038,0.278852,0.95923,0.382111,1.343611,26.66726,-995,0,0,0.5,0.5,0.5,0.5,1,1,Invalid
33:28.6,360,4.3605,0.360048,1.22226,26.24788,343.724,2.557148,357.6977,0,0,0,0.360048,1.22226,26.24788,0.042828,0.280265,0.958967,0.378778,1.344825,26.66725,-995,0,0,0.5,0.5,0.5,0.5,1,1,Invalid
33:28.6,361,4.3689,0.358658,1.222713,26.24791,343.637,2.439986,357.6868,0,0,0,0.358658,1.222713,26.24791,0.040849,0.281722,0.958626,0.376526,1.345945,26.66724,-995,0,0,0.5,0.5,0.5,0.5,1,1,Invalid
33:28.6,362,4.379,0.356451,1.223352,26.2479,343.5383,2.214399,357.7321,0,0,0,0.356451,1.223352,26.2479,0.037055,0.283375,0.958293,0.372666,1.347351,26.66723,-995,0,0,0.5,0.5,0.5,0.5,1,1,Invalid
33:28.6,363,4.3897,0.354561,1.223821,26.24799,343.4503,2.048002,357.7458,0,0,0,0.354561,1.223821,26.24799,0.034256,0.284847,0.957961,0.369552,1.348478,26.66722,-995,0,0,0.5,0.5,0.5,0.5,1,1,Invalid
33:28.6,364,4.4008,0.352293,1.224226,26.24811,343.361,1.818973,357.7969,0,0,0,0.352293,1.224226,26.24811,0.030413,0.286341,0.957645,0.365603,1.349541,26.66721,-995,0,0,0.5,0.5,0.5,0.5,1,1,Invalid
33:28.7,365,4.4121,0.350714,1.22453,26.24818,343.2977,1.689971,357.8145,0,0,0,0.350714,1.22453,26.24818,0.028247,0.287399,0.957394,0.363077,1.350316,26.66721,-995,0,0,0.5,0.5,0.5,0.5,1,1,Invalid
33:28.7,366,4.4234,0.348501,1.224839,26.24827,343.2361,1.482686,357.8703,0,0,0,0.348501,1.224839,26.24827,0.024775,0.288429,0.957181,0.359345,1.351077,26.6672,-995,0,0,0.5,0.5,0.5,0.5,1,1,Invalid
33:28.7,367,4.4345,0.345606,1.225142,26.24842,343.1614,1.22615,357.9865,0,0,0,0.345606,1.225142,26.24842,0.020481,0.289677,0.956905,0.354569,1.351913,26.66719,-995,0,0,0.5,0.5,0.5,0.5,1,1,Invalid
33:28.7,368,4.4457,0.343395,1.225382,26.24845,343.1058,1.031711,358.0537,0,0,0,0.343395,1.225382,26.24845,0.017229,0.290605,0.956688,0.350936,1.35258,26.66719,-995,0,0,0.5,0.5,0.5,0.5,1,1,Invalid
33:28.7,369,4.4568,0.341166,1.225433,26.24861,343.0924,0.875436,358.1495,0,0,0,0.341166,1.225433,26.24861,0.014618,0.290829,0.956664,0.347562,1.352682,26.66719,-995,0,0,0.5,0.5,0.5,0.5,1,1,Invalid
33:28.7,370,4.4678,0.338966,1.225464,26.24876,343.0756,0.703079,358.2092,0,0,0,0.338966,1.225464,26.24876,0.011739,0.29111,0.956617,0.344101,1.352797,26.66719,-995,0,0,0.5,0.5,0.5,0.5,1,1,Invalid
33:28.7,371,4.479,0.336828,1.225451,26.24884,343.083,0.604289,358.2277,0,0,0,0.336828,1.225451,26.24884,0.01009,0.290986,0.956674,0.341241,1.352698,26.66719,-995,0,0,0.5,0.5,0.5,0.5,1,1,Invalid
33:28.7,372,4.49,0.334599,1.225476,26.24903,343.0669,0.521672,358.185,0,0,0,0.334599,1.225476,26.24903,0.00871,0.291255,0.956606,0.338406,1.35279,26.66719,-995,0,0,0.5,0.5,0.5,0.5,1,1,Invalid
33:28.7,373,4.5011,0.332386,1.225724,26.24924,343.0814,0.473073,358.179,0,0,0,0.332386,1.225724,26.24924,0.007899,0.291014,0.956686,0.335837,1.352859,26.66719,-995,0,0,0.5,0.5,0.5,0.5,1,1,Invalid
33:28.8,374,4.5123,0.330248,1.225947,26.24941,343.0788,0.418005,358.227,0,0,0,0.330248,1.225947,26.24941,0.00698,0.291057,0.95668,0.333296,1.353049,26.66718,-995,0,0,0.5,0.5,0.5,0.5,1,1,Invalid
33:28.8,375,4.5229,0.328157,1.225912,26.2495,343.0815,0.425876,358.3063,0,0,0,0.328157,1.225912,26.2495,0.007111,0.29101,0.956694,0.331262,1.352965,26.66718,-995,0,0,0.5,0.5,0.5,0.5,1,1,Invalid
33:28.8,376,4.5349,0.325956,1.225562,26.24982,343.0991,0.395519,358.3611,0,0,0,0.325956,1.225562,26.24982,0.006605,0.290717,0.956786,0.328838,1.352378,26.66719,-995,0,0,0.5,0.5,0.5,0.5,1,1,Invalid
33:28.8,377,4.5452,0.323763,1.22509,26.2501,343.116,0.37251,358.3899,0,0,0,0.323763,1.22509,26.2501,0.006221,0.290435,0.956875,0.326475,1.351688,26.66719,-995,0,0,0.5,0.5,0.5,0.5,1,1,Invalid
33:28.8,378,4.557,0.321457,1.224513,26.25058,343.148,0.364344,358.3836,0,0,0,0.321457,1.224513,26.25058,0.006086,0.2899,0.957037,0.324106,1.350715,26.6672,-995,0,0,0.5,0.5,0.5,0.5,1,1,Invalid
33:28.8,379,4.5674,0.319058,1.223555,26.25126,343.1467,0.399032,358.3387,0,0,0,0.319058,1.223555,26.25126,0.006665,0.289923,0.957027,0.321954,1.349563,26.66721,-995,0,0,0.5,0.5,0.5,0.5,1,1,Invalid
33:28.8,380,4.5788,0.316736,1.222447,26.25204,343.1395,0.468475,358.282,0,0,0,0.316736,1.222447,26.25204,0.007825,0.290043,0.956982,0.320131,1.348281,26.66722,-995,0,0,0.5,0.5,0.5,0.5,1,1,Invalid
33:28.8,381,4.59,0.314287,1.221426,26.25293,343.1599,0.520761,358.2347,0,0,0,0.314287,1.221426,26.25293,0.008699,0.289702,0.957077,0.318053,1.346832,26.66723,-995,0,0,0.5,0.5,0.5,0.5,1,1,Invalid
33:28.8,382,4.6012,0.311743,1.220194,26.25429,343.1699,0.612554,358.1505,0,0,0,0.311743,1.220194,26.25429,0.010233,0.289535,0.957113,0.316158,1.345117,26.66725,-995,0,0,0.5,0.5,0.5,0.5,1,1,Invalid
33:28.9,383,4.6121,0.309164,1.219211,26.25567,343.1828,0.737323,358.1091,0,0,0,0.309164,1.219211,26.25567,0.012318,0.289319,0.957154,0.314461,1.343621,26.66726,-995,0,0,0.5,0.5,0.5,0.5,1,1,Invalid
33:28.9,384,4.6233,0.306517,1.2185,26.25731,343.2329,0.878068,358.1268,0,0,0,0.306517,1.2185,26.25731,0.014673,0.288482,0.957373,0.3128,1.342033,26.66727,-995,0,0,0.5,0.5,0.5,0.5,1,1,Invalid
33:28.9,385,4.6344,0.303907,1.217686,26.25911,343.2154,0.994222,358.2233,0,0,0,0.303907,1.217686,26.25911,0.016612,0.288774,0.957253,0.310991,1.340818,26.66728,-995,0,0,0.5,0.5,0.5,0.5,1,1,Invalid
33:28.9,386,4.6455,0.30127,1.216825,26.26134,343.0928,1.124247,358.3645,0,0,0,0.30127,1.216825,26.26134,0.018772,0.290823,0.956593,0.309236,1.34024,26.66728,-995,0,0,0.5,0.5,0.5,0.5,1,1,Invalid
33:28.9,387,4.6569,0.298569,1.215869,26.26392,342.8973,1.229805,358.5806,0,0,0,0.298569,1.215869,26.26392,0.020513,0.294086,0.955559,0.307228,1.340012,26.66729,-995,0,0,0.5,0.5,0.5,0.5,1,1,Invalid
33:28.9,388,4.6684,0.29587,1.214756,26.26676,342.6339,1.323493,358.8236,0,0,0,0.29587,1.214756,26.26676,0.022044,0.298476,0.954163,0.305123,1.340046,26.66729,-995,0,0,0.5,0.5,0.5,0.5,1,1,Invalid
33:28.9,389,4.6788,0.293083,1.213647,26.26944,342.4343,1.380601,359.0387,0,0,0,0.293083,1.213647,26.26944,0.02297,0.3018,0.953095,0.302672,1.339628,26.66729,-995,0,0,0.5,0.5,0.5,0.5,1,1,Invalid
33:28.9,390,4.69,0.290319,1.211978,26.27326,342.0366,1.490809,359.3196,0,0,0,0.290319,1.211978,26.27326,0.024748,0.308409,0.950932,0.300574,1.339771,26.66729,-995,0,0,0.5,0.5,0.5,0.5,1,1,Invalid
33:28.9,391,4.7012,0.287565,1.210328,26.27684,341.7394,1.495946,359.614,0,0,0,0.287565,1.210328,26.27684,0.024792,0.31334,0.949318,0.297762,1.339204,26.66729,-995,0,0,0.5,0.5,0.5,0.5,1,1,Invalid
33:29.0,392,4.712,0.284723,1.208899,26.28041,341.5239,1.589968,359.8476,0,0,0,0.284723,1.208899,26.28041,0.026316,0.316909,0.948091,0.295462,1.338221,26.6673,-995,0,0,0.5,0.5,0.5,0.5,1,1,Invalid
33:29.0,393,4.7232,0.282078,1.207758,26.28452,341.3345,1.594489,0.242981,0,0,0,0.282078,1.207758,26.28452,0.026362,0.320043,0.947036,0.292733,1.33712,26.66731,-995,0,0,0.5,0.5,0.5,0.5,1,1,Invalid
33:29.0,394,4.7362,0.279221,1.207321,26.28866,341.3076,1.653166,0.628925,0,0,0,0.279221,1.207321,26.28866,0.027327,0.320487,0.946859,0.290149,1.335488,26.66732,-995,0,0,0.5,0.5,0.5,0.5,1,1,Invalid
33:29.0,395,4.7458,0.276653,1.206503,26.29235,341.2291,1.562811,1.033532,0,0,0,0.276653,1.206503,26.29235,0.025822,0.321785,0.946461,0.286884,1.333993,26.66733,-995,0,0,0.5,0.5,0.5,0.5,1,1,Invalid
33:29.0,396,4.7571,0.274008,1.205518,26.29668,341.3807,1.580515,1.421183,0,0,0,0.274008,1.205518,26.29668,0.026138,0.319279,0.9473,0.284236,1.330453,26.66736,-995,0,0,0.5,0.5,0.5,0.5,1,1,Invalid
33:29.0,397,4.7678,0.271601,1.204396,26.30058,341.5024,1.512633,1.676019,0,0,0,0.271601,1.204396,26.30058,0.025034,0.317265,0.948007,0.281287,1.327154,26.66739,-995,0,0,0.5,0.5,0.5,0.5,1,1,Invalid
33:29.0,398,4.779,0.269751,1.203441,26.30358,341.6183,1.523778,1.762007,0,0,0,0.269751,1.203441,26.30358,0.025235,0.315346,0.948641,0.279429,1.324384,26.66741,-995,0,0,0.5,0.5,0.5,0.5,1,1,Invalid
33:29.0,399,4.791,0.267344,1.202248,26.30744,341.7634,1.61927,1.860376,0,0,0,0.267344,1.202248,26.30744,0.026839,0.312941,0.949393,0.27752,1.32091,26.66744,-995,0,0,0.5,0.5,0.5,0.5,1,1,Invalid
33:29.0,400,4.8013,0.265169,1.20092,26.31159,342.0627,1.779478,1.704066,0,0,0,0.265169,1.20092,26.31159,0.029543,0.307975,0.950936,0.276226,1.316178,26.66747,-995,0,0,0.5,0.5,0.5,0.5,1,1,Invalid
33:29.1,401,4.8123,0.262871,1.199729,26.31555,342.2854,1.889767,1.835534,0,0,0,0.262871,1.199729,26.31555,0.031413,0.304276,0.952066,0.274483,1.312213,26.66751,-995,0,0,0.5,0.5,0.5,0.5,1,1,Invalid
33:29.1,402,4.8236,0.26092,1.198371,26.3194,342.5039,2.100727,1.755718,0,0,0,0.26092,1.198371,26.3194,0.034961,0.300641,0.953096,0.27369,1.308187,26.66754,-995,0,0,0.5,0.5,0.5,0.5,1,1,Invalid
33:29.1,403,4.8344,0.258633,1.197573,26.32319,342.7337,2.244187,1.880743,0,0,0,0.258633,1.197573,26.32319,0.037394,0.296813,0.954203,0.272128,1.304693,26.66756,-995,0,0,0.5,0.5,0.5,0.5,1,1,Invalid
33:29.1,404,4.8461,0.256531,1.197083,26.32691,342.991,2.334754,1.987506,0,0,0,0.256531,1.197083,26.32691,0.038956,0.292522,0.955465,0.270421,1.301383,26.66759,-995,0,0,0.5,0.5,0.5,0.5,1,1,Invalid
33:29.1,405,4.8569,0.254467,1.197289,26.33048,343.2097,2.435566,2.007044,0,0,0,0.254467,1.197289,26.33048,0.040684,0.288869,0.956504,0.268806,1.299103,26.66761,-995,0,0,0.5,0.5,0.5,0.5,1,1,Invalid
33:29.1,406,4.8676,0.252461,1.197984,26.3339,343.3838,2.542337,1.980683,0,0,0,0.252461,1.197984,26.3339,0.042505,0.285959,0.957299,0.267278,1.29767,26.66762,-995,0,0,0.5,0.5,0.5,0.5,1,1,Invalid
33:29.1,407,4.8788,0.250013,1.199212,26.33824,343.5279,2.714736,1.949643,0,0,0,0.250013,1.199212,26.33824,0.045419,0.283548,0.957882,0.265632,1.296716,26.66763,-995,0,0,0.5,0.5,0.5,0.5,1,1,Invalid
33:29.1,408,4.8897,0.248255,1.19986,26.34151,343.5705,2.839517,1.985539,0,0,0,0.248255,1.19986,26.34151,0.047516,0.282836,0.957991,0.26443,1.296143,26.66763,-995,0,0,0.5,0.5,0.5,0.5,1,1,Invalid
33:29.1,409,4.9009,0.246885,1.200718,26.34435,343.5595,2.909381,2.100075,0,0,0,0.246885,1.200718,26.34435,0.048681,0.28302,0.957878,0.263315,1.296235,26.66763,-995,0,0,0.5,0.5,0.5,0.5,1,1,Invalid
33:29.2,410,4.9123,0.245497,1.201614,26.34713,343.5538,2.920981,2.199152,0,0,0,0.245497,1.201614,26.34713,0.048874,0.283116,0.95784,0.26185,1.296346,26.66763,-995,0,0,0.5,0.5,0.5,0.5,1,1,Invalid
33:29.2,411,4.9232,0.244576,1.20308,26.34917,343.5707,2.885996,2.240047,0,0,0,0.244576,1.20308,26.34917,0.048293,0.282832,0.957953,0.260629,1.297101,26.66762,-995,0,0,0.5,0.5,0.5,0.5,1,1,Invalid
33:29.2,412,4.935,0.24341,1.204655,26.35143,343.7161,2.851776,2.196973,0,0,0,0.24341,1.204655,26.35143,0.047756,0.280397,0.958696,0.259161,1.297135,26.66762,-995,0,0,0.5,0.5,0.5,0.5,1,1,Invalid
33:29.2,413,4.9453,0.242432,1.206058,26.35344,343.8294,2.850653,2.181232,0,0,0,0.242432,1.206058,26.35344,0.047765,0.278498,0.959248,0.258076,1.297273,26.66762,-995,0,0,0.5,0.5,0.5,0.5,1,0.978556,Invalid
33:29.2,414,4.9566,0.242058,1.20765,26.35468,344.0223,2.824193,2.24406,0,0,0,0.242058,1.20765,26.35468,0.047368,0.275262,0.960202,0.257496,1.297363,26.66762,-995,0,0,0.5,0.5,0.5,0.5,1,0.978556,Invalid
33:29.2,415,4.9675,0.241465,1.209022,26.35623,344.222,2.811285,2.32866,0,0,0,0.241465,1.209022,26.35623,0.047199,0.271912,0.961164,0.256756,1.297114,26.66762,-995,0,0,0.5,0.5,0.5,0.5,1,0.978556,Invalid
33:29.2,416,4.9787,0.241476,1.210305,26.35683,344.496,2.740101,2.520439,0,0,0,0.241476,1.210305,26.35683,0.046066,0.267306,0.96251,0.256351,1.296618,26.66763,-995,0,0,0.5,0.5,0.5,0.5,1,0.982845,Invalid
33:29.2,417,4.9901,0.241428,1.211497,26.35754,344.821,2.598747,2.701047,0,0,0,0.241428,1.211497,26.35754,0.043759,0.261836,0.96412,0.255503,1.295712,26.66763,-995,0,0,0.5,0.5,0.5,0.5,1,0.982845,Invalid
33:29.2,418,5.0009,0.241528,1.212379,26.35793,345.1654,2.442866,2.863733,0,0,0,0.241528,1.212379,26.35793,0.041202,0.25603,0.965791,0.25474,1.294482,26.66764,-995,0,0,0.5,0.5,0.5,0.5,1,0.982845,Invalid
33:29.3,419,5.0122,0.241873,1.213034,26.35787,345.6052,2.21535,2.989075,0,0,0,0.241873,1.213034,26.35787,0.037442,0.248603,0.967882,0.253857,1.292604,26.66766,-995,0,0,0.5,0.5,0.5,0.5,1,0.991216,Invalid
33:29.3,420,5.023,0.242233,1.213384,26.35769,346.0101,1.981634,3.050859,0,0,0,0.242233,1.213384,26.35769,0.033553,0.241751,0.969758,0.252959,1.290659,26.66767,-995,0,0,0.5,0.5,0.5,0.5,1,0.991216,Invalid
33:29.3,421,5.0343,0.24276,1.213358,26.35711,346.453,1.729168,2.998856,0,0,0,0.24276,1.213358,26.35711,0.029336,0.234243,0.971735,0.252136,1.288227,26.66769,-995,0,0,0.5,0.5,0.5,0.5,1,0.991216,Invalid
33:29.3,422,5.0455,0.243273,1.213288,26.35645,346.8129,1.488437,2.917423,0,0,0,0.243273,1.213288,26.35645,0.02529,0.228132,0.973302,0.25136,1.286244,26.66771,-995,0,0,0.5,0.5,0.5,0.5,1,0.997122,Invalid
33:29.3,423,5.0564,0.243998,1.213069,26.35549,347.203,1.22794,2.856791,0,0,0,0.243998,1.213069,26.35549,0.020898,0.221498,0.974937,0.25069,1.284007,26.66773,-995,0,0,0.5,0.5,0.5,0.5,1,0.997122,Invalid
33:29.3,424,5.0675,0.244829,1.212682,26.35427,347.5756,0.964063,2.804173,0,0,0,0.244829,1.212682,26.35427,0.016431,0.215152,0.976442,0.250104,1.281753,26.66774,-995,0,0,0.5,0.5,0.5,0.5,1,0.997122,Invalid
33:29.3,425,5.0788,0.245672,1.212213,26.35294,347.9495,0.715216,2.747476,0,0,0,0.245672,1.212213,26.35294,0.012207,0.208773,0.977888,0.249602,1.279425,26.66776,-995,0,0,0.5,0.5,0.5,0.5,1,0.997698,Invalid
33:29.3,426,5.09,0.246706,1.211218,26.35111,348.3721,0.463428,2.696957,0,0,0,0.246706,1.211218,26.35111,0.007922,0.201555,0.979445,0.249267,1.276384,26.66779,-995,0,0,0.5,0.5,0.5,0.5,1,0.997698,Invalid
33:29.3,427,5.101,0.247793,1.209951,26.34905,348.8659,0.24001,2.578442,0,0,0,0.247793,1.209951,26.34905,0.00411,0.193106,0.981169,0.249128,1.272688,26.66781,-995,0,0,0.5,0.5,0.5,0.5,0.678932,0.638526,Invalid
33:29.4,428,5.1135,0.248724,1.208997,26.34739,349.2785,0.012334,2.462794,0,0,0,0.248724,1.208997,26.34739,0.000212,0.186036,0.982543,0.248793,1.269672,26.66784,-995,0,0,0.5,0.5,0.5,0.5,0.678932,0.638526,Invalid
33:29.4,429,5.1235,0.250109,1.207382,26.34422,349.7708,359.8244,2.206648,0,0,0,0.250109,1.207382,26.34422,-0.003016,0.177586,0.984101,0.249117,1.265787,26.66787,-995,0,0,0.5,0.5,0.5,0.5,0.678932,0.638526,Invalid
33:29.4,430,5.1348,0.250727,1.206905,26.34263,349.9394,359.7156,2.018759,0,0,0,0.250727,1.206905,26.34263,-0.004887,0.174689,0.984612,0.249112,1.26461,26.66788,-995,0,0,0.5,0.5,0.5,0.5,0.434517,0.408657,Invalid
33:29.4,431,5.1453,0.251717,1.206115,26.34008,350.1728,359.5483,1.796845,0,0,0,0.251717,1.206115,26.34008,-0.007768,0.170678,0.985296,0.249132,1.262901,26.66789,-995,0,0,0.5,0.5,0.5,0.5,0.434517,0.408657,Invalid
33:29.4,432,5.1567,0.252672,1.205502,26.33743,350.2977,359.3862,1.567406,0,0,0,0.252672,1.205502,26.33743,-0.01056,0.168528,0.98564,0.249132,1.262007,26.6679,-995,0,0,0.5,0.5,0.5,0.5,0.434517,0.408657,Invalid
33:29.4,433,5.1678,0.254196,1.204917,26.33295,350.3521,359.1043,1.29151,0,0,0,0.254196,1.204917,26.33295,-0.015412,0.167593,0.985736,0.248959,1.261865,26.6679,-995,0,0,0.5,0.5,0.5,0.5,0.191559,0.133909,Invalid
33:29.4,434,5.1787,0.255173,1.204674,26.3301,350.4073,358.9423,1.17615,0,0,0,0.255173,1.204674,26.3301,-0.018202,0.166643,0.985849,0.248936,1.261774,26.6679,-995,0,0,0.5,0.5,0.5,0.5,0.191559,0.133909,Invalid
33:29.4,435,5.1896,0.256172,1.20437,26.32706,350.4735,358.8237,1.072087,0,0,0,0.256172,1.20437,26.32706,-0.020246,0.165504,0.986001,0.249173,1.261582,26.6679,-995,0,0,0.5,0.5,0.5,0.5,0.191559,0.133909,Invalid
33:29.4,436,5.2014,0.25724,1.204034,26.32385,350.5887,358.7599,0.882106,0,0,0,0.25724,1.204034,26.32385,-0.021351,0.16352,0.986309,0.249792,1.261075,26.66791,-995,0,0,0.5,0.5,0.5,0.5,0.202424,0,Invalid
33:29.5,437,5.2123,0.258257,1.203821,26.32064,350.7444,358.7704,0.634447,0,0,0,0.258257,1.203821,26.32064,-0.021179,0.160839,0.986753,0.250803,1.260425,26.66791,-995,0,0,0.5,0.5,0.5,0.5,0.202424,0,Invalid
33:29.5,438,5.2232,0.259279,1.203642,26.31737,350.88,358.8232,0.36958,0,0,0,0.259279,1.203642,26.31737,-0.020277,0.158503,0.98715,0.252079,1.259928,26.66792,-995,0,0,0.5,0.5,0.5,0.5,0.202424,0,Invalid
33:29.5,439,5.2341,0.260302,1.203616,26.31405,350.968,358.9037,0.069717,0,0,0,0.260302,1.203616,26.31405,-0.018895,0.156986,0.98742,0.25353,1.259876,26.66792,-995,0,0,0.5,0.5,0.5,0.5,0.202424,0,Invalid
33:29.5,440,5.2453,0.261292,1.203538,26.31074,350.9723,359.064,359.8341,0,0,0,0.261292,1.203538,26.31074,-0.016134,0.156912,0.987481,0.255456,1.260293,26.66791,-995,0,0,0.5,0.5,0.5,0.5,0.202424,0,Invalid
33:29.5,441,5.257,0.262318,1.203537,26.30739,350.9488,359.1909,359.6642,0,0,0,0.262318,1.203537,26.30739,-0.013946,0.157318,0.98745,0.257226,1.260973,26.66791,-995,0,0,0.5,0.5,0.5,0.5,0.202424,0.423226,Invalid
33:29.5,442,5.2677,0.263268,1.203679,26.30418,350.8735,359.2745,359.5661,0,0,0,0.263268,1.203679,26.30418,-0.012502,0.158615,0.987261,0.258662,1.262115,26.6679,-995,0,0,0.5,0.5,0.5,0.5,0.202424,0.423226,Invalid
33:29.5,443,5.279,0.264175,1.204031,26.30086,350.6918,359.3753,359.5048,0,0,0,0.264175,1.204031,26.30086,-0.01076,0.161745,0.986774,0.260173,1.26419,26.66788,-995,0,0,0.5,0.5,0.5,0.5,0.202424,0.423226,Invalid
33:29.5,444,5.29,0.265066,1.204554,26.29764,350.4583,359.4591,359.4771,0,0,0,0.265066,1.204554,26.29764,-0.00931,0.165765,0.986121,0.261571,1.266787,26.66786,-995,0,0,0.5,0.5,0.5,0.5,0.202424,0.53858,Invalid
33:29.5,445,5.3011,0.265934,1.205098,26.29447,350.2545,359.5333,359.4401,0,0,0,0.265934,1.205098,26.29447,-0.008028,0.169272,0.985537,0.262892,1.269227,26.66784,-995,0,0,0.5,0.5,0.5,0.5,0.202424,0.53858,Invalid
33:29.6,446,5.3121,0.266758,1.205979,26.29131,349.8922,359.6207,359.4091,0,0,0,0.266758,1.205979,26.29131,-0.006517,0.175501,0.984458,0.264266,1.273099,26.66781,-995,0,0,0.5,0.5,0.5,0.5,0.202424,0.53858,Invalid
33:29.6,447,5.3234,0.267284,1.20658,26.28927,349.6549,359.6838,359.4014,0,0,0,0.267284,1.20658,26.28927,-0.005428,0.179576,0.983729,0.265196,1.275677,26.66779,-995,0,0,0.5,0.5,0.5,0.5,0.202424,0.53858,Invalid
33:29.6,448,5.3345,0.268078,1.207546,26.28623,349.3387,359.765,359.3857,0,0,0,0.268078,1.207546,26.28623,-0.004031,0.185003,0.98273,0.266513,1.27937,26.66776,-995,0,0,0.5,0.5,0.5,0.5,0.591641,0.811003,Invalid
33:29.6,449,5.3454,0.268827,1.208628,26.28321,349.007,359.8459,359.4114,0,0,0,0.268827,1.208628,26.28321,-0.00264,0.19069,0.981647,0.267793,1.283324,26.66773,-995,0,0,0.5,0.5,0.5,0.5,0.591641,0.811003,Invalid
33:29.6,450,5.3566,0.269623,1.209703,26.28009,348.7088,359.9284,359.4583,0,0,0,0.269623,1.209703,26.28009,-0.001225,0.195796,0.980644,0.269139,1.287093,26.6677,-995,0,0,0.5,0.5,0.5,0.5,0.591641,0.811003,Invalid
33:29.6,451,5.3678,0.270401,1.210629,26.27713,348.4526,0.005552,359.5212,0,0,0,0.270401,1.210629,26.27713,0.000095,0.200178,0.97976,0.270439,1.290422,26.66768,-995,0,0,0.5,0.5,0.5,0.5,0.79092,0.903233,Invalid
33:29.6,452,5.3787,0.271231,1.211597,26.27423,348.2459,0.066106,359.5909,0,0,0,0.271231,1.211597,26.27423,0.00113,0.203712,0.97903,0.271685,1.293458,26.66765,-995,0,0,0.5,0.5,0.5,0.5,0.79092,0.903233,Invalid
33:29.6,453,5.3896,0.272104,1.212545,26.27132,348.0472,0.121316,359.6561,0,0,0,0.272104,1.212545,26.27132,0.002071,0.207106,0.978316,0.272943,1.296443,26.66763,-995,0,0,0.5,0.5,0.5,0.5,0.79092,0.903233,Invalid
33:29.6,454,5.401,0.273081,1.213531,26.26838,347.9493,0.178893,359.7581,0,0,0,0.273081,1.213531,26.26838,0.003053,0.208777,0.977959,0.274327,1.29876,26.66761,-995,0,0,0.5,0.5,0.5,0.5,0.914361,0.960364,Invalid
33:29.7,455,5.412,0.274054,1.21438,26.26548,347.825,0.230127,359.8241,0,0,0,0.274054,1.21438,26.26548,0.003926,0.210899,0.9775,0.275668,1.301137,26.66759,-995,0,0,0.5,0.5,0.5,0.5,0.945191,0.974633,Invalid
33:29.7,456,5.4232,0.27515,1.21511,26.26254,347.7498,0.302653,359.8829,0,0,0,0.27515,1.21511,26.26254,0.005162,0.212181,0.977217,0.27729,1.303054,26.66758,-995,0,0,0.5,0.5,0.5,0.5,0.945191,0.974633,Invalid
33:29.7,457,5.4382,0.276445,1.215931,26.25935,347.6822,0.393677,359.9207,0,0,0,0.276445,1.215931,26.25935,0.006713,0.213334,0.976956,0.27925,1.305071,26.66756,-995,0,0,0.5,0.5,0.5,0.5,0.945191,0.974633,Invalid
33:29.7,458,5.4485,0.277279,1.216459,26.25741,347.6438,0.437242,359.9579,0,0,0,0.277279,1.216459,26.25741,0.007454,0.213989,0.976808,0.280409,1.306308,26.66755,-995,0,0,0.5,0.5,0.5,0.5,0.971938,0.987012,Invalid
33:29.7,459,5.4586,0.278471,1.217195,26.2549,347.5342,0.541532,359.9442,0,0,0,0.278471,1.217195,26.2549,0.009229,0.215857,0.976382,0.282371,1.308419,26.66753,-995,0,0,0.5,0.5,0.5,0.5,0.97755,0.98961,Invalid
33:29.7,460,5.4681,0.279724,1.217918,26.2524,347.4385,0.628987,359.9764,0,0,0,0.279724,1.217918,26.2524,0.010715,0.217488,0.976004,0.284281,1.310421,26.66752,-995,0,0,0.5,0.5,0.5,0.5,0.97755,0.98961,Invalid
33:29.7,461,5.479,0.281208,1.218879,26.24971,347.2848,0.711135,359.9587,0,0,0,0.281208,1.218879,26.24971,0.012107,0.220106,0.975401,0.286394,1.313155,26.6675,-995,0,0,0.5,0.5,0.5,0.5,0.97755,0.98961,Invalid
33:29.7,462,5.4898,0.282482,1.219619,26.24729,347.1342,0.774118,359.9399,0,0,0,0.282482,1.219619,26.24729,0.013171,0.222668,0.974805,0.28816,1.315599,26.66748,-995,0,0,0.5,0.5,0.5,0.5,0.990805,0.995744,Invalid
33:29.7,463,5.5009,0.283814,1.220366,26.24514,347.0378,0.816987,359.8841,0,0,0,0.283814,1.220366,26.24514,0.013895,0.224308,0.974419,0.289836,1.317583,26.66746,-995,0,0,0.5,0.5,0.5,0.5,0.990805,0.995744,Invalid
33:29.8,464,5.5128,0.284824,1.220907,26.24371,346.9602,0.845843,359.798,0,0,0,0.284824,1.220907,26.24371,0.014382,0.225628,0.974107,0.29108,1.319056,26.66745,-995,0,0,0.5,0.5,0.5,0.5,0.990805,0.995744,Invalid
33:29.8,465,5.5232,0.286123,1.221576,26.24174,346.8601,0.892656,359.6917,0,0,0,0.286123,1.221576,26.24174,0.015171,0.227329,0.9737,0.292756,1.320962,26.66744,-995,0,0,0.5,0.5,0.5,0.5,0.995292,0.997821,Invalid
33:29.8,466,5.5345,0.287802,1.222357,26.2393,346.7247,0.931121,359.5061,0,0,0,0.287802,1.222357,26.2393,0.015816,0.22963,0.973149,0.29476,1.323378,26.66742,-995,0,0,0.5,0.5,0.5,0.5,0.995292,0.997821,Invalid
33:29.8,467,5.5454,0.289078,1.223018,26.23778,346.6699,0.935834,359.3264,0,0,0,0.289078,1.223018,26.23778,0.015893,0.230562,0.972928,0.296096,1.32483,26.66741,-995,0,0,0.5,0.5,0.5,0.5,0.995292,0.997821,Invalid
33:29.8,468,5.5567,0.290325,1.2236,26.23621,346.5902,0.967008,359.0825,0,0,0,0.290325,1.2236,26.23621,0.016417,0.231914,0.972598,0.297603,1.326414,26.66739,-995,0,0,0.5,0.5,0.5,0.5,0.99759,0.998884,Invalid
33:29.8,469,5.5679,0.291527,1.224217,26.2347,346.4926,1.012164,358.8283,0,0,0,0.291527,1.224217,26.2347,0.017176,0.233571,0.972188,0.299171,1.328171,26.66738,-995,0,0,0.5,0.5,0.5,0.5,0.99759,0.998884,Invalid
33:29.8,470,5.5786,0.292719,1.224985,26.23361,346.4026,1.059395,358.5568,0,0,0,0.292719,1.224985,26.23361,0.017971,0.235098,0.971806,0.300742,1.329947,26.66749,-995,0,0,0.5,0.5,0.5,0.5,0.998766,0.999429,Invalid
33:29.8,471,5.59,0.293913,1.225486,26.23243,346.3112,1.112677,358.2951,0,0,0,0.293913,1.225486,26.23243,0.018867,0.236647,0.971412,0.302363,1.331479,26.66752,-995,0,0,0.5,0.5,0.5,0.5,0.998766,0.999429,Invalid
33:29.8,472,5.6008,0.295095,1.225958,26.23142,346.1984,1.211998,358.0212,0,0,0,0.295095,1.225958,26.23142,0.020541,0.23856,0.970911,0.304326,1.333156,26.6677,-995,0,0,0.5,0.5,0.5,0.5,0.998766,0.999429,Invalid
33:29.9,473,5.6118,0.296196,1.226541,26.23079,346.1125,1.303959,357.7561,0,0,0,0.296196,1.226541,26.23079,0.022091,0.240015,0.970518,0.306146,1.334645,26.66792,-995,0,0,0.5,0.5,0.5,0.5,0.999494,0.999766,Invalid
33:29.9,474,5.6237,0.297285,1.227088,26.23024,346.0026,1.395595,357.4825,0,0,0,0.297285,1.227088,26.23024,0.023632,0.241878,0.970019,0.307956,1.336305,26.66824,-995,0,0,0.5,0.5,0.5,0.5,0.999494,0.999766,Invalid
33:29.9,475,5.6342,0.29834,1.227602,26.22971,345.8949,1.514262,357.2354,0,0,0,0.29834,1.227602,26.22971,0.025629,0.243702,0.969512,0.309942,1.337922,26.66859,-995,0,0,0.5,0.5,0.5,0.5,0.999494,0.999766,Invalid
33:29.9,476,5.6455,0.299318,1.228121,26.22976,345.788,1.600763,357.0009,0,0,0,0.299318,1.228121,26.22976,0.02708,0.245511,0.969016,0.311599,1.339458,26.6692,-995,0,0,0.5,0.5,0.5,0.5,0.999793,0.999904,Invalid
33:29.9,477,5.6566,0.300215,1.228539,26.23002,345.697,1.691629,356.8051,0,0,0,0.300215,1.228539,26.23002,0.028605,0.24705,0.968581,0.31321,1.340777,26.67006,-995,0,0,0.5,0.5,0.5,0.5,0.999793,0.999904,Invalid
33:29.9,478,5.6682,0.301031,1.228911,26.23072,345.5928,1.795239,356.6288,0,0,0,0.301031,1.228911,26.23072,0.030343,0.248812,0.968076,0.31484,1.342146,26.6713,-995,0,0,0.5,0.5,0.5,0.5,0.999793,0.999904,Invalid
33:29.9,479,5.6794,0.301802,1.229343,26.23179,345.5039,1.879238,356.4532,0,0,0,0.301802,1.229343,26.23179,0.031749,0.250314,0.967644,0.316271,1.343421,26.67278,-995,0,0,0.5,0.5,0.5,0.5,0.999915,0.999961,Invalid
33:29.9,480,5.6899,0.302477,1.22972,26.23348,345.4282,1.966029,356.2906,0,0,0,0.302477,1.22972,26.23348,0.033203,0.251594,0.967263,0.317627,1.34452,26.67484,-995,0,0,0.5,0.5,0.5,0.5,0.999915,0.999961,Invalid
33:29.9,481,5.7015,0.303076,1.230118,26.23562,345.3482,2.05749,356.1507,0,0,0,0.303076,1.230118,26.23562,0.034735,0.252944,0.966857,0.318942,1.345658,26.67726,-995,0,0,0.5,0.5,0.5,0.5,0.999915,0.999961,Invalid
33:30.0,482,5.7123,0.303692,1.230551,26.23802,345.2967,2.144209,356.0183,0,0,0,0.303692,1.230551,26.23802,0.03619,0.253813,0.966576,0.32024,1.346611,26.68,-995,0,0,0.5,0.5,0.5,0.5,0.999965,0.999984,Invalid
33:30.0,483,5.7232,0.304117,1.230852,26.24105,345.243,2.257337,355.9256,0,0,0,0.304117,1.230852,26.24105,0.038089,0.254719,0.966265,0.321543,1.347388,26.68313,-995,0,0,0.5,0.5,0.5,0.5,0.999965,0.999984,Invalid
33:30.0,484,5.7344,0.304544,1.231131,26.24451,345.2049,2.370181,355.8426,0,0,0,0.304544,1.231131,26.24451,0.039985,0.255363,0.966018,0.322847,1.348019,26.68668,-995,0,0,0.5,0.5,0.5,0.5,0.999982,0.999992,Invalid
33:30.0,485,5.7456,0.30497,1.231436,26.24844,345.1664,2.477738,355.7657,0,0,0,0.30497,1.231436,26.24844,0.04179,0.256012,0.96577,0.324106,1.348663,26.69067,-995,0,0,0.5,0.5,0.5,0.5,0.999982,0.999992,Invalid
33:30.0,486,5.7565,0.305239,1.231681,26.25289,345.1772,2.583428,355.7334,0,0,0,0.305239,1.231681,26.25289,0.043574,0.255831,0.965739,0.325193,1.348833,26.69513,-995,0,0,0.5,0.5,0.5,0.5,0.999982,0.999992,Invalid
33:30.0,487,5.7684,0.305473,1.231893,26.25781,345.2094,2.683993,355.7188,0,0,0,0.305473,1.231893,26.25781,0.045276,0.255287,0.965805,0.326204,1.348782,26.70003,-995,0,0,0.5,0.5,0.5,0.5,0.999993,0.999997,Invalid
33:30.0,488,5.7788,0.305622,1.231966,26.26323,345.2299,2.776498,355.7121,0,0,0,0.305622,1.231966,26.26323,0.046839,0.254941,0.965822,0.327062,1.348659,26.70531,-995,0,0,0.5,0.5,0.5,0.5,0.999993,0.999997,Invalid
33:30.0,489,5.79,0.305738,1.232076,26.26899,345.2497,2.881105,355.6989,0,0,0,0.305738,1.232076,26.26899,0.048607,0.254608,0.965822,0.327981,1.348583,26.71094,-995,0,0,0.5,0.5,0.5,0.5,0.999993,0.999997,Invalid
33:30.0,490,5.8011,0.305786,1.232176,26.27529,345.2769,2.988564,355.6908,0,0,0,0.305786,1.232176,26.27529,0.050425,0.254148,0.96585,0.32885,1.348421,26.71706,-995,0,0,0.5,0.5,0.5,0.5,0.999996,0.999998,Invalid
33:30.1,491,5.8123,0.305697,1.2322,26.28214,345.2701,3.124398,355.6831,0,0,0,0.305697,1.2322,26.28214,0.052713,0.254262,0.965698,0.329793,1.348431,26.72359,-995,0,0,0.5,0.5,0.5,0.5,0.999996,0.999998,Invalid
33:30.1,492,5.8232,0.305672,1.23228,26.28932,345.2506,3.244623,355.6761,0,0,0,0.305672,1.23228,26.28932,0.054734,0.254592,0.965498,0.330681,1.348612,26.73049,-995,0,0,0.5,0.5,0.5,0.5,0.999996,0.999998,Invalid
33:30.1,493,5.8346,0.30546,1.232342,26.29718,345.2201,3.397147,355.649,0,0,0,0.30546,1.232342,26.29718,0.057296,0.255106,0.965214,0.331619,1.348814,26.73786,-995,0,0,0.5,0.5,0.5,0.5,0.999998,0.999999,Invalid
33:30.1,494,5.8455,0.305258,1.23245,26.3054,345.2005,3.534235,355.6392,0,0,0,0.305258,1.23245,26.3054,0.0596,0.255438,0.964987,0.332444,1.348966,26.74557,-995,0,0,0.5,0.5,0.5,0.5,0.999998,0.999999,Invalid
33:30.1,495,5.8583,0.304981,1.232506,26.31409,345.1648,3.678833,355.5966,0,0,0,0.304981,1.232506,26.31409,0.062025,0.25604,0.964674,0.333248,1.349193,26.75373,-995,0,0,0.5,0.5,0.5,0.5,0.999999,1,Invalid
33:30.1,496,5.8682,0.304606,1.232547,26.32323,345.139,3.828084,355.5668,0,0,0,0.304606,1.232547,26.32323,0.06453,0.256474,0.964395,0.333985,1.349315,26.7623,-995,0,0,0.5,0.5,0.5,0.5,0.999999,1,Invalid
33:30.1,497,5.8792,0.304274,1.2326,26.33275,345.1291,3.946851,355.5657,0,0,0,0.304274,1.2326,26.33275,0.066526,0.256642,0.964214,0.334529,1.349318,26.77127,-995,0,0,0.5,0.5,0.5,0.5,0.999999,1,Invalid
33:30.1,498,5.8907,0.303822,1.232597,26.34257,345.1407,4.039575,355.5559,0,0,0,0.303822,1.232597,26.34257,0.06809,0.256446,0.964157,0.334759,1.349118,26.78065,-995,0,0,0.5,0.5,0.5,0.5,1,1,Invalid
33:30.1,499,5.9036,0.303293,1.232555,26.353,345.1147,4.16387,355.5229,0,0,0,0.303293,1.232555,26.353,0.070173,0.256885,0.963891,0.335139,1.349135,26.79044,-995,0,0,0.5,0.5,0.5,0.5,1,1,Invalid
33:30.2,500,5.9118,0.302694,1.232587,26.36374,345.167,4.230171,355.5328,0,0,0,0.302694,1.232587,26.36374,0.071305,0.256002,0.964043,0.335009,1.348606,26.80064,-995,0,0,0.5,0.5,0.5,0.5,1,1,Invalid
33:30.2,501,5.9234,0.302046,1.232625,26.37493,345.1932,4.30548,355.5614,0,0,0,0.302046,1.232625,26.37493,0.072581,0.25556,0.964065,0.334894,1.348284,26.81124,-995,0,0,0.5,0.5,0.5,0.5,1,1,Invalid
33:30.2,502,5.9343,0.301394,1.232685,26.38656,345.2227,4.376595,355.5954,0,0,0,0.301394,1.232685,26.38656,0.073788,0.255062,0.964105,0.334739,1.34795,26.82225,-995,0,0,0.5,0.5,0.5,0.5,1,1,Invalid
33:30.2,503,5.9455,0.300697,1.23269,26.39856,345.2112,4.450344,355.6235,0,0,0,0.300697,1.23269,26.39856,0.075025,0.255256,0.963958,0.334561,1.347905,26.83366,-995,0,0,0.5,0.5,0.5,0.5,1,1,Invalid
33:30.2,504,5.9567,0.29995,1.232749,26.41109,345.2089,4.529601,355.6605,0,0,0,0.29995,1.232749,26.41109,0.076357,0.255296,0.963843,0.334363,1.347807,26.84548,-995,0,0,0.5,0.5,0.5,0.5,1,1,Invalid
33:30.2,505,5.9676,0.29921,1.232739,26.42405,345.1324,4.612618,355.6841,0,0,0,0.29921,1.232739,26.42405,0.077726,0.256587,0.963391,0.334198,1.348241,26.85771,-995,0,0,0.5,0.5,0.5,0.5,1,1,Invalid
33:30.2,506,5.9785,0.2985,1.232837,26.43737,345.1291,4.708496,355.7131,0,0,0,0.2985,1.232837,26.43737,0.079337,0.256642,0.963245,0.334162,1.348197,26.87035,-995,0,0,0.5,0.5,0.5,0.5,1,1,Invalid
33:30.2,507,5.9898,0.297775,1.232908,26.45113,345.113,4.812527,355.7246,0,0,0,0.297775,1.232908,26.45113,0.08108,0.256913,0.963027,0.334169,1.348227,26.8834,-995,0,0,0.5,0.5,0.5,0.5,1,1,Invalid
33:30.2,508,6.0019,0.297342,1.233075,26.46489,345.0002,4.868634,355.7427,0,0,0,0.297342,1.233075,26.46489,0.08198,0.258817,0.962441,0.334136,1.349236,26.89684,-995,0,0,0.5,0.5,0.5,0.5,1,1,Invalid
33:30.3,509,6.0121,0.296623,1.233209,26.47949,344.8965,4.934711,355.8348,0,0,0,0.296623,1.233209,26.47949,0.083049,0.260563,0.961878,0.333854,1.350018,26.9107,-995,0,0,0.5,0.5,0.5,0.5,1,1,Invalid
33:30.3,510,6.0231,0.295906,1.233294,26.4945,344.8301,5.047178,355.862,0,0,0,0.295906,1.233294,26.4945,0.08491,0.261683,0.961412,0.333925,1.350462,26.92497,-995,0,0,0.5,0.5,0.5,0.5,1,1,Invalid
33:30.3,511,6.0346,0.294758,1.233449,26.5105,344.7396,5.261127,355.9066,0,0,0,0.294758,1.233449,26.5105,0.088462,0.263207,0.960675,0.334275,1.351029,26.93965,-995,0,0,0.5,0.5,0.5,0.5,1,1,Invalid
33:30.3,512,6.0456,0.294096,1.233543,26.52628,344.7291,5.373973,355.9303,0,0,0,0.294096,1.233543,26.52628,0.090349,0.263383,0.960451,0.334401,1.351039,26.95474,-995,0,0,0.5,0.5,0.5,0.5,1,1,Invalid
33:30.3,513,6.0568,0.293417,1.233629,26.54256,344.6924,5.484186,355.9707,0,0,0,0.293417,1.233629,26.54256,0.09218,0.264002,0.960107,0.334479,1.351229,26.97024,-995,0,0,0.5,0.5,0.5,0.5,1,1,Invalid
33:30.3,514,6.0677,0.29274,1.233706,26.55927,344.6864,5.632374,356.0154,0,0,0,0.29274,1.233706,26.55927,0.094661,0.264102,0.959838,0.334839,1.351161,26.98615,-995,0,0,0.5,0.5,0.5,0.5,1,1,Invalid
33:30.3,515,6.0788,0.29213,1.233711,26.57635,344.6446,5.777649,356.0812,0,0,0,0.29213,1.233711,26.57635,0.097075,0.264805,0.959403,0.335245,1.351323,27.00247,-995,0,0,0.5,0.5,0.5,0.5,1,1,Invalid
33:30.3,516,6.0901,0.291515,1.233741,26.59386,344.6079,5.924803,356.145,0,0,0,0.291515,1.233741,26.59386,0.099521,0.265422,0.958982,0.335655,1.351461,27.01919,-995,0,0,0.5,0.5,0.5,0.5,1,1,Invalid
33:30.3,517,6.1016,0.290829,1.23376,26.61192,344.5543,6.100722,356.2273,0,0,0,0.290829,1.23376,26.61192,0.102438,0.266325,0.958424,0.33619,1.351692,27.03632,-995,0,0,0.5,0.5,0.5,0.5,1,1,Invalid
33:30.4,518,6.1122,0.290211,1.233803,26.63027,344.5174,6.256216,356.2803,0,0,0,0.290211,1.233803,26.63027,0.10502,0.266946,0.957972,0.336649,1.351842,27.05387,-995,0,0,0.5,0.5,0.5,0.5,1,1,Invalid
33:30.4,519,6.1235,0.289803,1.233824,26.64866,344.5126,6.340893,356.3504,0,0,0,0.289803,1.233824,26.64866,0.106433,0.267027,0.957794,0.336825,1.351798,27.07182,-995,0,0,0.5,0.5,0.5,0.5,1,1,Invalid
33:30.4,520,6.1344,0.2892,1.233842,26.66782,344.4758,6.479949,356.4623,0,0,0,0.2892,1.233842,26.66782,0.108738,0.267646,0.957362,0.337171,1.351919,27.09017,-995,0,0,0.5,0.5,0.5,0.5,1,1,Invalid
33:30.4,521,6.1456,0.288599,1.233817,26.68739,344.5108,6.645255,356.5276,0,0,0,0.288599,1.233817,26.68739,0.111519,0.267057,0.957207,0.337712,1.351428,27.10894,-995,0,0,0.5,0.5,0.5,0.5,1,1,Invalid
33:30.4,522,6.1567,0.287979,1.233763,26.70736,344.5288,6.793039,356.6297,0,0,0,0.287979,1.233763,26.70736,0.113997,0.266754,0.956999,0.338099,1.351044,27.12812,-995,0,0,0.5,0.5,0.5,0.5,1,1,Invalid
33:30.4,523,6.1678,0.287367,1.233684,26.72773,344.5577,6.949059,356.7178,0,0,0,0.287367,1.233684,26.72773,0.116619,0.266267,0.956819,0.338553,1.350554,27.1477,-995,0,0,0.5,0.5,0.5,0.5,1,1,Invalid
33:30.4,524,6.1815,0.286543,1.233429,26.74898,344.6601,7.267678,356.7809,0,0,0,0.286543,1.233429,26.74898,0.121998,0.264545,0.956626,0.339942,1.349222,27.1677,-995,0,0,0.5,0.5,0.5,0.5,1,1,Invalid
33:30.4,525,6.1909,0.285975,1.23329,26.77016,344.716,7.458703,356.8595,0,0,0,0.285975,1.23329,26.77016,0.12522,0.263604,0.956469,0.340692,1.348477,27.18811,-995,0,0,0.5,0.5,0.5,0.5,1,1,Invalid
33:30.4,526,6.2015,0.285395,1.233165,26.79181,344.7713,7.655203,356.9509,0,0,0,0.285395,1.233165,26.79181,0.128534,0.262672,0.956286,0.341458,1.347735,27.20892,-995,0,0,0.5,0.5,0.5,0.5,1,1,Invalid
33:30.5,527,6.212,0.284914,1.232991,26.81377,344.7989,7.845444,357.0231,0,0,0,0.284914,1.232991,26.81377,0.131725,0.262208,0.955979,0.342286,1.347193,27.23013,-995,0,0,0.5,0.5,0.5,0.5,1,1,Invalid
33:30.5,528,6.2237,0.284386,1.232895,26.83622,344.8363,8.037931,357.0954,0,0,0,0.284386,1.232895,26.83622,0.13496,0.261577,0.9557,0.343066,1.346628,27.25176,-995,0,0,0.5,0.5,0.5,0.5,1,1,Invalid
33:30.5,529,6.2345,0.283897,1.232806,26.8591,344.8231,8.285113,357.1027,0,0,0,0.283897,1.232806,26.8591,0.139073,0.261801,0.955049,0.344284,1.346482,27.27379,-995,0,0,0.5,0.5,0.5,0.5,1,1,Invalid
33:30.5,530,6.2459,0.28351,1.232682,26.88231,344.7861,8.530835,357.1822,0,0,0,0.28351,1.232682,26.88231,0.143143,0.262424,0.954277,0.345598,1.346508,27.29623,-995,0,0,0.5,0.5,0.5,0.5,1,1,Invalid
33:30.5,531,6.2569,0.283125,1.232592,26.90598,344.7803,8.818533,357.2397,0,0,0,0.283125,1.232592,26.90598,0.147929,0.262521,0.95352,0.347213,1.346326,27.31908,-995,0,0,0.5,0.5,0.5,0.5,1,1,Invalid
33:30.5,532,6.2677,0.282763,1.232494,26.93007,344.7939,9.13121,357.2974,0,0,0,0.282763,1.232494,26.93007,0.15314,0.262291,0.95276,0.349027,1.345989,27.34233,-995,0,0,0.5,0.5,0.5,0.5,1,1,Invalid
33:30.5,533,6.2788,0.282454,1.232324,26.95447,344.8388,9.414672,357.361,0,0,0,0.282454,1.232324,26.95447,0.157885,0.261536,0.952193,0.35069,1.345358,27.366,-995,0,0,0.5,0.5,0.5,0.5,1,1,Invalid
33:30.5,534,6.2897,0.282082,1.232209,26.97929,344.8986,9.665456,357.4738,0,0,0,0.282082,1.232209,26.97929,0.162097,0.260529,0.951761,0.352044,1.344656,27.39007,-995,0,0,0.5,0.5,0.5,0.5,1,1,Invalid
33:30.5,535,6.3011,0.281672,1.232016,27.00451,344.9691,9.90394,357.577,0,0,0,0.281672,1.232016,27.00451,0.166112,0.259339,0.951394,0.353266,1.343791,27.41456,-995,0,0,0.5,0.5,0.5,0.5,1,1,Invalid
33:30.6,536,6.3126,0.281298,1.231789,27.0301,345.0581,10.12084,357.6732,0,0,0,0.281298,1.231789,27.0301,0.169783,0.25784,0.951153,0.354367,1.342754,27.43945,-995,0,0,0.5,0.5,0.5,0.5,1,1,Invalid
33:30.6,537,6.3239,0.280857,1.231548,27.05616,345.1182,10.33631,357.7886,0,0,0,0.280857,1.231548,27.05616,0.173407,0.256826,0.950774,0.355377,1.341916,27.46474,-995,0,0,0.5,0.5,0.5,0.5,1,1,Invalid
33:30.6,538,6.3345,0.28046,1.231349,27.08259,345.1559,10.51877,357.8682,0,0,0,0.28046,1.231349,27.08259,0.176465,0.256191,0.950382,0.356189,1.341292,27.49044,-995,0,0,0.5,0.5,0.5,0.5,1,1,Invalid
33:30.6,539,6.3453,0.280109,1.23118,27.10943,345.1924,10.71179,357.9777,0,0,0,0.280109,1.23118,27.10943,0.179696,0.255575,0.949943,0.357122,1.340712,27.51655,-995,0,0,0.5,0.5,0.5,0.5,1,1,Invalid
33:30.6,540,6.3567,0.279717,1.231054,27.13674,345.1943,10.91673,358.0605,0,0,0,0.279717,1.231054,27.13674,0.183094,0.255541,0.949303,0.358086,1.340433,27.54306,-995,0,0,0.5,0.5,0.5,0.5,1,1,Invalid
33:30.6,541,6.3676,0.27932,1.231023,27.16442,345.2304,11.1197,358.1429,0,0,0,0.27932,1.231023,27.16442,0.186487,0.254933,0.948806,0.359033,1.339993,27.56998,-995,0,0,0.5,0.5,0.5,0.5,1,1,Invalid
33:30.6,542,6.3785,0.278988,1.230866,27.19242,345.2502,11.302,358.2337,0,0,0,0.278988,1.230866,27.19242,0.189522,0.2546,0.948294,0.359909,1.339574,27.59731,-995,0,0,0.5,0.5,0.5,0.5,1,1,Invalid
33:30.6,543,6.3899,0.278593,1.23079,27.22071,345.2605,11.41696,358.3178,0,0,0,0.278593,1.23079,27.22071,0.191434,0.254425,0.947956,0.360246,1.339311,27.62504,-995,0,0,0.5,0.5,0.5,0.5,1,1,Invalid
33:30.6,544,6.4013,0.278168,1.230642,27.24955,345.281,11.54688,358.4112,0,0,0,0.278168,1.230642,27.24955,0.193601,0.254079,0.947609,0.360632,1.338867,27.65318,-995,0,0,0.5,0.5,0.5,0.5,1,1,Invalid
33:30.7,545,6.4121,0.277693,1.230497,27.27882,345.3149,11.68422,358.4869,0,0,0,0.277693,1.230497,27.27882,0.195902,0.253506,0.947289,0.361014,1.338319,27.68172,-995,0,0,0.5,0.5,0.5,0.5,1,1,Invalid
33:30.7,546,6.4235,0.277201,1.230298,27.3084,345.3684,11.78477,358.5544,0,0,0,0.277201,1.230298,27.3084,0.197613,0.252604,0.947175,0.361129,1.337581,27.71067,-995,0,0,0.5,0.5,0.5,0.5,1,1,Invalid
33:30.7,547,6.4348,0.27665,1.230138,27.33844,345.4022,11.86486,358.6619,0,0,0,0.27665,1.230138,27.33844,0.198967,0.252032,0.947044,0.361018,1.337009,27.74002,-995,0,0,0.5,0.5,0.5,0.5,1,1,Invalid
33:30.7,548,6.4452,0.276045,1.229986,27.36881,345.4473,11.95731,358.7108,0,0,0,0.276045,1.229986,27.36881,0.200536,0.25127,0.946915,0.360961,1.336386,27.76978,-995,0,0,0.5,0.5,0.5,0.5,1,1,Invalid
33:30.7,549,6.4567,0.275381,1.229854,27.3996,345.4761,12.02529,358.8047,0,0,0,0.275381,1.229854,27.3996,0.201686,0.250783,0.9468,0.360661,1.335893,27.79993,-995,0,0,0.5,0.5,0.5,0.5,1,1,Invalid
33:30.7,550,6.4676,0.27466,1.229719,27.43077,345.4968,12.09696,358.8682,0,0,0,0.27466,1.229719,27.43077,0.202888,0.250434,0.946636,0.360331,1.335466,27.83049,-995,0,0,0.5,0.5,0.5,0.5,1,1,Invalid
33:30.7,551,6.4787,0.273899,1.229624,27.46231,345.5488,12.16205,358.9439,0,0,0,0.273899,1.229624,27.46231,0.204012,0.249556,0.946626,0.359921,1.33485,27.86145,-995,0,0,0.5,0.5,0.5,0.5,1,1,Invalid
33:30.7,552,6.49,0.273098,1.229477,27.49395,345.5617,12.1788,359.0073,0,0,0,0.273098,1.229477,27.49395,0.2043,0.249337,0.946622,0.359181,1.334536,27.89282,-995,0,0,0.5,0.5,0.5,0.5,1,1,Invalid
33:30.7,553,6.501,0.272223,1.229361,27.52623,345.625,12.22173,359.0806,0,0,0,0.272223,1.229361,27.52623,0.205068,0.248267,0.946737,0.358507,1.333822,27.92458,-995,0,0,0.5,0.5,0.5,0.5,1,1,Invalid
33:30.8,554,6.5123,0.271292,1.229197,27.55884,345.6757,12.26364,359.1196,0,0,0,0.271292,1.229197,27.55884,0.205807,0.247411,0.946801,0.357786,1.333175,27.95675,-995,0,0,0.5,0.5,0.5,0.5,1,1,Invalid
33:30.8,555,6.524,0.270313,1.229059,27.59186,345.7305,12.29808,359.1589,0,0,0,0.270313,1.229059,27.59186,0.206426,0.246483,0.946908,0.356961,1.33252,27.98932,-995,0,0,0.5,0.5,0.5,0.5,1,1,Invalid
33:30.8,556,6.5344,0.269291,1.228932,27.62544,345.8264,12.35997,359.1868,0,0,0,0.269291,1.228932,27.62544,0.207537,0.244861,0.947086,0.356256,1.331537,28.0223,-995,0,0,0.5,0.5,0.5,0.5,1,1,Invalid
33:30.8,557,6.5454,0.26823,1.228834,27.65919,345.8756,12.38736,359.2334,0,0,0,0.26823,1.228834,27.65919,0.208035,0.244027,0.947192,0.355312,1.330982,28.05568,-995,0,0,0.5,0.5,0.5,0.5,1,1,Invalid
33:30.8,558,6.5567,0.267139,1.228714,27.69328,345.9067,12.41368,359.2281,0,0,0,0.267139,1.228714,27.69328,0.208498,0.243501,0.947225,0.354343,1.330557,28.08945,-995,0,0,0.5,0.5,0.5,0.5,1,1,Invalid
33:30.8,559,6.5679,0.26598,1.22857,27.72786,345.9148,12.45158,359.2556,0,0,0,0.26598,1.22857,27.72786,0.209132,0.243365,0.947121,0.35337,1.330266,28.12364,-995,0,0,0.5,0.5,0.5,0.5,1,1,Invalid
33:30.8,560,6.5795,0.264814,1.228552,27.76275,345.9628,12.44674,359.2266,0,0,0,0.264814,1.228552,27.76275,0.209096,0.242552,0.947337,0.352101,1.329805,28.15822,-995,0,0,0.5,0.5,0.5,0.5,1,1,Invalid
33:30.8,561,6.5901,0.263573,1.228472,27.7979,345.9843,12.43794,359.2301,0,0,0,0.263573,1.228472,27.7979,0.20897,0.242188,0.947458,0.350761,1.32952,28.1932,-995,0,0,0.5,0.5,0.5,0.5,1,1,Invalid
33:30.8,562,6.601,0.262291,1.228401,27.83359,346.0215,12.43398,359.2196,0,0,0,0.262291,1.228401,27.83359,0.208938,0.241559,0.947626,0.349384,1.329091,28.22859,-995,0,0,0.5,0.5,0.5,0.5,1,1,Invalid
33:30.9,563,6.6126,0.26096,1.228319,27.86969,346.0613,12.42471,359.208,0,0,0,0.26096,1.228319,27.86969,0.208821,0.240883,0.947823,0.347916,1.328626,28.26438,-995,0,0,0.5,0.5,0.5,0.5,1,1,Invalid
33:30.9,564,6.6232,0.259602,1.228249,27.90614,346.1042,12.38754,359.2008,0,0,0,0.259602,1.228249,27.90614,0.208245,0.240158,0.948134,0.346233,1.328156,28.30058,-995,0,0,0.5,0.5,0.5,0.5,1,1,Invalid
33:30.9,565,6.6344,0.258188,1.228175,27.943,346.147,12.35281,359.2009,0,0,0,0.258188,1.228175,27.943,0.207708,0.239432,0.948435,0.344513,1.327684,28.33717,-995,0,0,0.5,0.5,0.5,0.5,1,1,Invalid
33:30.9,566,6.6456,0.256741,1.228079,27.98027,346.1547,12.31106,359.1817,0,0,0,0.256741,1.228079,27.98027,0.207024,0.239301,0.948618,0.342703,1.327444,28.37417,-995,0,0,0.5,0.5,0.5,0.5,1,1,Invalid
33:30.9,567,6.6576,0.25528,1.227977,28.0179,346.1674,12.26165,359.1718,0,0,0,0.25528,1.227977,28.0179,0.206217,0.239086,0.948848,0.340836,1.327171,28.41157,-995,0,0,0.5,0.5,0.5,0.5,1,1,Invalid
33:30.9,568,6.6679,0.25374,1.22791,28.05595,346.1642,12.21538,359.1622,0,0,0,0.25374,1.22791,28.05595,0.205448,0.239141,0.949001,0.338911,1.327048,28.44937,-995,0,0,0.5,0.5,0.5,0.5,1,1,Invalid
33:30.9,569,6.6788,0.252165,1.227903,28.09437,346.1603,12.14814,359.1501,0,0,0,0.252165,1.227903,28.09437,0.204331,0.239206,0.949226,0.336804,1.326989,28.48757,-995,0,0,0.5,0.5,0.5,0.5,1,1,Invalid
33:30.9,570,6.69,0.250526,1.227908,28.13321,346.1639,12.08586,359.136,0,0,0,0.250526,1.227908,28.13321,0.203302,0.239145,0.949462,0.334669,1.326885,28.52617,-995,0,0,0.5,0.5,0.5,0.5,1,1,Invalid
33:30.9,571,6.701,0.248848,1.227885,28.17242,346.1588,12.01424,359.1144,0,0,0,0.248848,1.227885,28.17242,0.202111,0.239232,0.949695,0.332433,1.326822,28.56518,-995,0,0,0.5,0.5,0.5,0.5,1,1,Invalid
33:31.0,572,6.7121,0.247116,1.22784,28.21203,346.1498,11.95556,359.0802,0,0,0,0.247116,1.22784,28.21203,0.20113,0.239385,0.949864,0.330238,1.326771,28.60459,-995,0,0,0.5,0.5,0.5,0.5,1,1,Invalid
33:31.0,573,6.7236,0.24534,1.227809,28.252,346.1684,11.88079,359.0694,0,0,0,0.24534,1.227809,28.252,0.199906,0.239069,0.950202,0.327893,1.326534,28.6444,-995,0,0,0.5,0.5,0.5,0.5,1,1,Invalid
33:31.0,574,6.7354,0.243492,1.227798,28.29239,346.1848,11.81595,359.0419,0,0,0,0.243492,1.227798,28.29239,0.198845,0.238792,0.950494,0.325544,1.326334,28.68461,-995,0,0,0.5,0.5,0.5,0.5,1,1,Invalid
33:31.0,575,6.7459,0.241625,1.227735,28.33313,346.1784,11.72939,359.0267,0,0,0,0.241625,1.227735,28.33313,0.197403,0.2389,0.950768,0.323033,1.326256,28.72523,-995,0,0,0.5,0.5,0.5,0.5,1,1,Invalid
33:31.0,576,6.7566,0.239712,1.227685,28.37428,346.168,11.65339,358.9992,0,0,0,0.239712,1.227685,28.37428,0.196133,0.239075,0.950986,0.320551,1.326224,28.76624,-995,0,0,0.5,0.5,0.5,0.5,1,1,Invalid
33:31.0,577,6.7686,0.237808,1.227686,28.41593,346.1691,11.55593,358.9761,0,0,0,0.237808,1.227686,28.41593,0.194516,0.239058,0.951323,0.317906,1.326126,28.80766,-995,0,0,0.5,0.5,0.5,0.5,1,1,Invalid
33:31.0,578,6.7789,0.235838,1.227667,28.4579,346.1573,11.47697,358.9704,0,0,0,0.235838,1.227667,28.4579,0.193195,0.239256,0.951542,0.315344,1.32613,28.84949,-995,0,0,0.5,0.5,0.5,0.5,1,1,Invalid
33:31.0,579,6.79,0.233851,1.22766,28.50028,346.1505,11.39309,358.9503,0,0,0,0.233851,1.22766,28.50028,0.191796,0.239372,0.951796,0.312731,1.326107,28.89173,-995,0,0,0.5,0.5,0.5,0.5,1,1,Invalid
33:31.0,580,6.8012,0.231848,1.227627,28.54305,346.1376,11.30199,358.9572,0,0,0,0.231848,1.227627,28.54305,0.190272,0.239591,0.952047,0.310054,1.326105,28.93437,-995,0,0,0.5,0.5,0.5,0.5,1,1,Invalid
33:31.1,581,6.812,0.229834,1.227608,28.58621,346.1464,11.21264,358.9699,0,0,0,0.229834,1.227608,28.58621,0.188794,0.239442,0.952378,0.307384,1.325963,28.97741,-995,0,0,0.5,0.5,0.5,0.5,1,1,Invalid
33:31.1,582,6.8233,0.227869,1.227563,28.62983,346.1058,11.09907,358.9674,0,0,0,0.227869,1.227563,28.62983,0.186874,0.24013,0.952584,0.30458,1.326136,29.02086,-995,0,0,0.5,0.5,0.5,0.5,1,1,Invalid
33:31.1,583,6.8342,0.225851,1.227592,28.67377,346.1312,11.02603,358.9748,0,0,0,0.225851,1.227592,28.67377,0.185679,0.239699,0.952926,0.30203,1.325934,29.06473,-995,0,0,0.5,0.5,0.5,0.5,1,1,Invalid
33:31.1,584,6.8454,0.223862,1.227622,28.71814,346.1666,10.9362,359.0037,0,0,0,0.223862,1.227622,28.71814,0.184213,0.239099,0.953361,0.299385,1.325647,29.109,-995,0,0,0.5,0.5,0.5,0.5,1,1,Invalid
33:31.1,585,6.8567,0.221911,1.227542,28.76286,346.1736,10.82503,359.0262,0,0,0,0.221911,1.227542,28.76286,0.182369,0.238981,0.953745,0.296639,1.325469,29.15367,-995,0,0,0.5,0.5,0.5,0.5,1,1,Invalid
33:31.1,586,6.8728,0.220017,1.227524,28.80806,346.1934,10.73056,358.9975,0,0,0,0.220017,1.227524,28.80806,0.180811,0.238646,0.954126,0.294057,1.325247,29.19876,-995,0,0,0.5,0.5,0.5,0.5,1,1,Invalid
33:31.1,587,6.8811,0.218145,1.227494,28.8536,346.2057,10.67247,358.9785,0,0,0,0.218145,1.227494,28.8536,0.179853,0.238436,0.954359,0.291769,1.325099,29.24427,-995,0,0,0.5,0.5,0.5,0.5,1,1,Invalid
33:31.1,588,6.8897,0.216394,1.227445,28.8996,346.223,10.58428,358.9642,0,0,0,0.216394,1.227445,28.8996,0.178397,0.238143,0.954705,0.289379,1.324872,29.29018,-995,0,0,0.5,0.5,0.5,0.5,1,1,Invalid
33:31.1,589,6.9013,0.214747,1.227453,28.94601,346.2626,10.49628,358.9608,0,0,0,0.214747,1.227453,28.94601,0.176961,0.237472,0.95514,0.287094,1.324539,29.3365,-995,0,0,0.5,0.5,0.5,0.5,1,1,Invalid
33:31.2,590,6.9123,0.213182,1.227379,28.99284,346.2243,10.42998,358.9506,0,0,0,0.213182,1.227379,28.99284,0.175826,0.238121,0.955188,0.285045,1.324702,29.38323,-995,0,0,0.5,0.5,0.5,0.5,1,1,Invalid
33:31.2,591,6.9231,0.2117,1.227399,29.04008,346.2568,10.36021,358.9583,0,0,0,0.2117,1.227399,29.04008,0.174687,0.237571,0.955534,0.283053,1.324437,29.43038,-995,0,0,0.5,0.5,0.5,0.5,1,1,Invalid
33:31.2,592,6.9346,0.210312,1.227404,29.0877,346.2451,10.31664,358.9475,0,0,0,0.210312,1.227404,29.0877,0.173952,0.237768,0.955619,0.281347,1.324499,29.47793,-995,0,0,0.5,0.5,0.5,0.5,1,1,Invalid
33:31.2,593,6.9483,0.20904,1.227405,29.13575,346.2417,10.2629,358.9481,0,0,0,0.20904,1.227405,29.13575,0.173053,0.237826,0.955767,0.27968,1.324485,29.5259,-995,0,0,0.5,0.5,0.5,0.5,1,1,Invalid
33:31.2,594,6.958,0.207851,1.227423,29.18422,346.2486,10.21315,358.9349,0,0,0,0.207851,1.227423,29.18422,0.172228,0.23771,0.955945,0.278125,1.324415,29.57427,-995,0,0,0.5,0.5,0.5,0.5,1,1,Invalid
33:31.2,595,6.9681,0.20676,1.227419,29.23307,346.2467,10.17661,358.9285,0,0,0,0.20676,1.227419,29.23307,0.171617,0.237742,0.956047,0.276766,1.324397,29.62305,-995,0,0,0.5,0.5,0.5,0.5,1,1,Invalid
33:31.2,596,6.9791,0.205732,1.227385,29.28231,346.2424,10.15564,358.9041,0,0,0,0.205732,1.227385,29.28231,0.171264,0.237815,0.956093,0.275581,1.324376,29.67225,-995,0,0,0.5,0.5,0.5,0.5,1,1,Invalid
33:31.2,597,6.99,0.204912,1.227338,29.33194,346.2816,10.11493,358.8758,0,0,0,0.204912,1.227338,29.33194,0.170613,0.237151,0.956374,0.274471,1.324023,29.72185,-995,0,0,0.5,0.5,0.5,0.5,1,1,Invalid
33:31.2,598,7.0012,0.204081,1.227286,29.38196,346.3283,10.12517,358.8387,0,0,0,0.204081,1.227286,29.38196,0.170818,0.236358,0.956534,0.273709,1.32363,29.77186,-995,0,0,0.5,0.5,0.5,0.5,1,1,Invalid
33:31.3,599,7.0122,0.203289,1.227191,29.4324,346.3461,10.13136,358.8182,0,0,0,0.203289,1.227191,29.4324,0.170934,0.236057,0.956587,0.272958,1.323403,29.82228,-995,0,0,0.5,0.5,0.5,0.5,1,1,Invalid
33:31.3,600,7.0234,0.202585,1.227157,29.48323,346.3783,10.15479,358.789,0,0,0,0.202585,1.227157,29.48323,0.171349,0.23551,0.956648,0.272419,1.323139,29.87311,-995,0,0,0.5,0.5,0.5,0.5,1,1,Invalid
33:31.3,601,7.0343,0.20196,1.227145,29.53445,346.3965,10.17851,358.7678,0,0,0,0.20196,1.227145,29.53445,0.171758,0.235201,0.95665,0.271963,1.323005,29.92435,-995,0,0,0.5,0.5,0.5,0.5,1,1,Invalid
33:31.3,602,7.0454,0.201412,1.227138,29.58608,346.4136,10.21317,358.7511,0,0,0,0.201412,1.227138,29.58608,0.172349,0.234912,0.956615,0.271661,1.322887,29.97599,-995,0,0,0.5,0.5,0.5,0.5,1,1,Invalid
33:31.3,603,7.0565,0.200918,1.227123,29.63812,346.4199,10.2596,358.7314,0,0,0,0.200918,1.227123,29.63812,0.173129,0.234805,0.9565,0.271494,1.322841,30.02804,-995,0,0,0.5,0.5,0.5,0.5,1,1,Invalid
33:31.3,604,7.068,0.200506,1.227131,29.69058,346.4235,10.31923,358.6962,0,0,0,0.200506,1.227131,29.69058,0.174127,0.234743,0.956334,0.271502,1.322842,30.0805,-995,0,0,0.5,0.5,0.5,0.5,1,1,Invalid
33:31.3,605,7.0787,0.200146,1.22714,29.74342,346.4398,10.35638,358.692,0,0,0,0.200146,1.22714,29.74342,0.174759,0.234467,0.956287,0.271406,1.322747,30.13336,-995,0,0,0.5,0.5,0.5,0.5,1,1,Invalid
33:31.3,606,7.0898,0.199707,1.22711,29.7967,346.4181,10.41224,358.6785,0,0,0,0.199707,1.22711,29.7967,0.175675,0.234835,0.956029,0.271358,1.32289,30.18662,-995,0,0,0.5,0.5,0.5,0.5,1,1,Invalid
33:31.3,607,7.1009,0.199394,1.227101,29.85036,346.4283,10.46166,358.6469,0,0,0,0.199394,1.227101,29.85036,0.176507,0.234662,0.955918,0.271394,1.322823,30.24029,-995,0,0,0.5,0.5,0.5,0.5,1,1,Invalid
33:31.4,608,7.1124,0.199104,1.227067,29.90442,346.4281,10.51812,358.6175,0,0,0,0.199104,1.227067,29.90442,0.177449,0.234666,0.955743,0.271504,1.322811,30.29436,-995,0,0,0.5,0.5,0.5,0.5,1,1,Invalid
33:31.4,609,7.1233,0.198809,1.227015,29.95885,346.4274,10.5774,358.5624,0,0,0,0.198809,1.227015,29.95885,0.178437,0.234677,0.955556,0.271634,1.322793,30.34884,-995,0,0,0.5,0.5,0.5,0.5,1,1,Invalid
33:31.4,610,7.1345,0.198538,1.227015,30.01371,346.4337,10.64775,358.5152,0,0,0,0.198538,1.227015,30.01371,0.179615,0.234569,0.955361,0.271864,1.322775,30.40373,-995,0,0,0.5,0.5,0.5,0.5,1,1,Invalid
33:31.4,611,7.1457,0.198277,1.226972,30.06897,346.4366,10.7313,358.4764,0,0,0,0.198277,1.226972,30.06897,0.18101,0.234521,0.95511,0.272197,1.322744,30.45902,-995,0,0,0.5,0.5,0.5,0.5,1,1,Invalid
33:31.4,612,7.1576,0.198118,1.22695,30.12461,346.4546,10.82287,358.425,0,0,0,0.198118,1.22695,30.12461,0.182551,0.234216,0.954892,0.272696,1.322634,30.51472,-995,0,0,0.5,0.5,0.5,0.5,1,1,Invalid
33:31.4,613,7.1677,0.197842,1.22702,30.18073,346.4372,10.90407,358.3772,0,0,0,0.197842,1.22702,30.18073,0.18389,0.234511,0.954562,0.272997,1.322864,30.57086,-995,0,0,0.5,0.5,0.5,0.5,1,1,Invalid
33:31.4,614,7.1791,0.197445,1.227107,30.23719,346.4601,10.98137,358.351,0,0,0,0.197445,1.227107,30.23719,0.185196,0.234122,0.954405,0.273149,1.322811,30.62733,-995,0,0,0.5,0.5,0.5,0.5,1,1,Invalid
33:31.4,615,7.19,0.197128,1.22711,30.29405,346.4772,11.09146,358.3005,0,0,0,0.197128,1.22711,30.29405,0.187043,0.233832,0.954116,0.273626,1.322744,30.68427,-995,0,0,0.5,0.5,0.5,0.5,1,1,Invalid
33:31.4,616,7.2012,0.196798,1.227118,30.3513,346.4847,11.18817,358.2572,0,0,0,0.196798,1.227118,30.3513,0.188659,0.233705,0.953829,0.273991,1.322743,30.74158,-995,0,0,0.5,0.5,0.5,0.5,1,1,Invalid
33:31.5,617,7.2122,0.196425,1.227114,30.409,346.5449,11.29453,358.2238,0,0,0,0.196425,1.227114,30.409,0.190477,0.232684,0.953717,0.27438,1.322343,30.79932,-995,0,0,0.5,0.5,0.5,0.5,1,1,Invalid
33:31.5,618,7.2234,0.196045,1.227079,30.46704,346.5745,11.38053,358.2052,0,0,0,0.196045,1.227079,30.46704,0.191932,0.232181,0.953548,0.274626,1.322138,30.85744,-995,0,0,0.5,0.5,0.5,0.5,1,1,Invalid
33:31.5,619,7.2343,0.195513,1.227072,30.52555,346.6237,11.46285,358.1779,0,0,0,0.195513,1.227072,30.52555,0.193341,0.231346,0.953467,0.274682,1.321803,30.91598,-995,0,0,0.5,0.5,0.5,0.5,1,1,Invalid
33:31.5,620,7.2453,0.195282,1.226952,30.58437,346.7031,11.60778,358.1349,0,0,0,0.195282,1.226952,30.58437,0.195817,0.229998,0.953287,0.275506,1.32118,30.97492,-995,0,0,0.5,0.5,0.5,0.5,1,1,Invalid
33:31.5,621,7.2568,0.194838,1.226887,30.64365,346.7375,11.70294,358.108,0,0,0,0.194838,1.226887,30.64365,0.197428,0.229414,0.953096,0.275752,1.320911,31.03427,-995,0,0,0.5,0.5,0.5,0.5,1,1,Invalid
33:31.5,622,7.2676,0.194397,1.226862,30.70333,346.7899,11.81009,358.0739,0,0,0,0.194397,1.226862,30.70333,0.199253,0.228522,0.95293,0.276085,1.32055,31.09401,-995,0,0,0.5,0.5,0.5,0.5,1,1,Invalid
33:31.5,623,7.2787,0.193913,1.226818,30.76347,346.8055,11.90864,358.046,0,0,0,0.193913,1.226818,30.76347,0.200904,0.228257,0.952647,0.276306,1.320428,31.15416,-995,0,0,0.5,0.5,0.5,0.5,1,1,Invalid
33:31.5,624,7.29,0.193378,1.226778,30.82397,346.8001,11.9712,358.0371,0,0,0,0.193378,1.226778,30.82397,0.20194,0.228348,0.952406,0.276227,1.320461,31.2147,-995,0,0,0.5,0.5,0.5,0.5,1,1,Invalid
33:31.5,625,7.3011,0.192932,1.226741,30.88485,346.8238,12.07443,358.0067,0,0,0,0.192932,1.226741,30.88485,0.203675,0.227947,0.952133,0.276531,1.320302,31.27566,-995,0,0,0.5,0.5,0.5,0.5,1,1,Invalid
33:31.6,626,7.3122,0.192419,1.226704,30.94616,346.8475,12.15725,357.988,0,0,0,0.192419,1.226704,30.94616,0.205071,0.227543,0.95193,0.276619,1.32013,31.33701,-995,0,0,0.5,0.5,0.5,0.5,1,1,Invalid
33:31.6,627,7.323,0.191923,1.22666,31.00787,346.8731,12.25432,357.9779,0,0,0,0.191923,1.22666,31.00787,0.206705,0.227108,0.95168,0.276827,1.319944,31.39877,-995,0,0,0.5,0.5,0.5,0.5,1,1,Invalid
33:31.6,628,7.3344,0.191439,1.226612,31.06993,346.8822,12.30727,357.956,0,0,0,0.191439,1.226612,31.06993,0.207592,0.226954,0.951524,0.27674,1.319869,31.46092,-995,0,0,0.5,0.5,0.5,0.5,1,1,Invalid
33:31.6,629,7.3456,0.190914,1.226561,31.13247,346.8989,12.37117,357.9504,0,0,0,0.190914,1.226561,31.13247,0.208668,0.226671,0.951356,0.276679,1.319726,31.52349,-995,0,0,0.5,0.5,0.5,0.5,1,1,Invalid
33:31.6,630,7.3569,0.19043,1.226546,31.19537,346.9282,12.42444,357.9333,0,0,0,0.19043,1.226546,31.19537,0.209577,0.226172,0.951275,0.27659,1.319529,31.58645,-995,0,0,0.5,0.5,0.5,0.5,1,1,Invalid
33:31.6,631,7.3682,0.189903,1.226531,31.25869,346.9236,12.47303,357.9351,0,0,0,0.189903,1.226531,31.25869,0.21038,0.226251,0.951079,0.27642,1.319574,31.64981,-995,0,0,0.5,0.5,0.5,0.5,1,1,Invalid
33:31.6,632,7.3787,0.189379,1.226535,31.32242,346.9155,12.52415,357.9353,0,0,0,0.189379,1.226535,31.32242,0.211221,0.226388,0.95086,0.27627,1.319666,31.71358,-995,0,0,0.5,0.5,0.5,0.5,1,1,Invalid
33:31.6,633,7.39,0.188892,1.226522,31.38659,346.894,12.55385,357.9392,0,0,0,0.188892,1.226522,31.38659,0.211695,0.226753,0.950667,0.275997,1.319823,31.77775,-995,0,0,0.5,0.5,0.5,0.5,1,1,Invalid
33:31.6,634,7.4009,0.188383,1.226514,31.45114,346.8596,12.58261,357.9429,0,0,0,0.188383,1.226514,31.45114,0.212143,0.227338,0.950428,0.275698,1.320084,31.84232,-995,0,0,0.5,0.5,0.5,0.5,1,1,Invalid
33:31.7,635,7.4119,0.187891,1.226542,31.5161,346.8414,12.60845,357.9306,0,0,0,0.187891,1.226542,31.5161,0.212556,0.227648,0.950261,0.275393,1.320257,31.90729,-995,0,0,0.5,0.5,0.5,0.5,1,1,Invalid
33:31.7,636,7.423,0.18737,1.226557,31.58152,346.813,12.61083,357.9435,0,0,0,0.18737,1.226557,31.58152,0.212571,0.22813,0.950142,0.274881,1.320473,31.97267,-995,0,0,0.5,0.5,0.5,0.5,1,1,Invalid
33:31.7,637,7.4343,0.186861,1.226571,31.64731,346.7971,12.61385,357.9443,0,0,0,0.186861,1.226571,31.64731,0.212607,0.228401,0.950069,0.27439,1.320602,32.03845,-995,0,0,0.5,0.5,0.5,0.5,1,1,Invalid
33:31.7,638,7.4456,0.186327,1.226568,31.71352,346.7727,12.59895,357.9615,0,0,0,0.186327,1.226568,31.71352,0.212338,0.228815,0.95003,0.273743,1.320767,32.10463,-995,0,0,0.5,0.5,0.5,0.5,1,1,Invalid
33:31.7,639,7.4565,0.185804,1.226574,31.78012,346.752,12.56602,357.9683,0,0,0,0.185804,1.226574,31.78012,0.211774,0.229166,0.950071,0.272979,1.320907,32.17121,-995,0,0,0.5,0.5,0.5,0.5,1,1,Invalid
33:31.7,640,7.4686,0.185263,1.226604,31.84713,346.7708,12.52705,357.9841,0,0,0,0.185263,1.226604,31.84713,0.211144,0.228848,0.950288,0.272153,1.320779,32.2382,-995,0,0,0.5,0.5,0.5,0.5,1,1,Invalid
33:31.7,641,7.4786,0.184712,1.22658,31.91456,346.7387,12.46726,358.0066,0,0,0,0.184712,1.22658,31.91456,0.210125,0.229393,0.950382,0.271166,1.320962,32.30559,-995,0,0,0.5,0.5,0.5,0.5,1,1,Invalid
33:31.7,642,7.4906,0.184155,1.22665,31.98245,346.7738,12.36485,358.0298,0,0,0,0.184155,1.22665,31.98245,0.208456,0.228796,0.950894,0.269855,1.320713,32.37338,-995,0,0,0.5,0.5,0.5,0.5,1,1,Invalid
33:31.7,643,7.5012,0.183559,1.226641,32.05069,346.7594,12.24603,358.0479,0,0,0,0.183559,1.226641,32.05069,0.206471,0.229041,0.951268,0.268398,1.320753,32.44157,-995,0,0,0.5,0.5,0.5,0.5,1,1,Invalid
33:31.8,644,7.512,0.182982,1.226633,32.11935,346.7426,12.12116,358.039,0,0,0,0.182982,1.226633,32.11935,0.204384,0.229326,0.95165,0.266917,1.320811,32.51017,-995,0,0,0.5,0.5,0.5,0.5,1,1,Invalid
33:31.8,645,7.523,0.182339,1.226648,32.18848,346.7557,11.9359,358.0339,0,0,0,0.182339,1.226648,32.18848,0.201316,0.229103,0.952357,0.258576,1.313407,32.54913,触发点,0,0,0.5,0.5,0.5,0.5,1,1,Invalid
33:31.8,646,7.5344,0.181681,1.226622,32.25797,346.7737,11.74315,358.0165,0,0,0,0.181681,1.226622,32.25797,0.198126,0.228798,0.953099,0.240021,1.293994,32.53862,触发点,0,0,0.5,0.5,0.5,0.5,1,1,Invalid
33:31.8,647,7.5455,0.181089,1.226568,32.32787,346.7821,11.58156,358.0071,0,0,0,0.181089,1.226568,32.32787,0.195444,0.228655,0.953687,0.222355,1.274846,32.52922,触发点,0,0,0.5,0.5,0.5,0.5,1,1,Invalid
33:31.8,648,7.5565,0.180464,1.22651,32.39819,346.7928,11.36628,357.9958,0,0,0,0.180464,1.22651,32.39819,0.191868,0.228473,0.954456,0.205097,1.255843,32.52073,触发点,0,0,0.5,0.5,0.5,0.5,1,1,Invalid
33:31.8,649,7.5678,0.179829,1.226462,32.46893,346.8351,11.15882,357.9535,0,0,0,0.179829,1.226462,32.46893,0.188443,0.227754,0.95531,0.18855,1.237002,32.51314,触发点,0,0,0.5,0.5,0.5,0.5,1,1,Invalid
33:31.8,650,7.5791,0.179258,1.226426,32.54006,346.8597,10.941,357.938,0,0,0,0.179258,1.226426,32.54006,0.184829,0.227335,0.956116,0.254682,1.319195,32.93023,-995,0,0,0.5,0.5,0.5,0.5,1,1,Invalid
33:31.8,651,7.59,0.178642,1.226377,32.61161,346.8826,10.70736,357.9091,0,0,0,0.178642,1.226377,32.61161,0.180945,0.226948,0.95695,0.252394,1.318878,33.00165,-995,0,0,0.5,0.5,0.5,0.5,0.836797,0.4096,Invalid
33:31.8,652,7.601,0.17804,1.226352,32.68357,346.91,10.44216,357.8947,0,0,0,0.17804,1.226352,32.68357,0.176533,0.226481,0.957884,0.249898,1.318541,33.07348,-995,0,0,0.5,0.5,0.5,0.5,0.836797,0.4096,Invalid
33:31.9,653,7.6118,0.177492,1.226333,32.75593,346.9439,10.17615,357.8721,0,0,0,0.177492,1.226333,32.75593,0.172108,0.225905,0.958825,0.247457,1.318167,33.14571,-995,0,0,0.5,0.5,0.5,0.5,0.836797,0.4096,Invalid
33:31.9,654,7.623,0.176926,1.226295,32.8287,346.9653,9.910483,357.8441,0,0,0,0.176926,1.226295,32.8287,0.167675,0.225541,0.959696,0.245005,1.317869,33.21835,-995,0,0,0.5,0.5,0.5,0.5,0.782151,0.557552,Invalid
33:31.9,655,7.6359,0.176373,1.226279,32.90187,346.993,9.636558,357.8013,0,0,0,0.176373,1.226279,32.90187,0.163103,0.22507,0.960594,0.24251,1.317544,33.29139,-995,0,0,0.5,0.5,0.5,0.5,0.782151,0.557552,Invalid
33:31.9,656,7.6457,0.175844,1.226215,32.97545,346.9809,9.394757,357.7806,0,0,0,0.175844,1.226215,32.97545,0.15904,0.225276,0.961227,0.24027,1.317473,33.36484,-995,0,0,0.5,0.5,0.5,0.5,0.782151,0.557552,Invalid
33:31.9,657,7.6562,0.175369,1.226205,33.04943,347.0032,9.132647,357.7169,0,0,0,0.175369,1.226205,33.04943,0.154655,0.224896,0.962031,0.237946,1.317203,33.43869,-995,0,0,0.5,0.5,0.5,0.5,0.782151,0.62547,Invalid
33:31.9,658,7.6677,0.174856,1.226202,33.12383,347.0201,8.849833,357.6975,0,0,0,0.174856,1.226202,33.12383,0.149914,0.224609,0.962848,0.23544,1.316972,33.51294,-995,0,0,0.5,0.5,0.5,0.5,0.782151,0.62547,Invalid
33:31.9,659,7.6786,0.174393,1.226172,33.19858,346.9901,8.581725,357.6594,0,0,0,0.174393,1.226172,33.19858,0.14539,0.225119,0.963423,0.233099,1.317073,33.5876,-995,0,0,0.5,0.5,0.5,0.5,0.782151,0.62547,Invalid
33:31.9,660,7.6898,0.173941,1.226231,33.27377,347.0125,8.315002,357.5905,0,0,0,0.173941,1.226231,33.27377,0.140916,0.224738,0.964176,0.230777,1.316876,33.66266,-995,0,0,0.5,0.5,0.5,0.5,0.910769,0.808241,Invalid
33:31.9,661,7.7014,0.173523,1.226238,33.34937,347.0019,8.055488,357.5421,0,0,0,0.173523,1.226238,33.34937,0.136542,0.224919,0.964763,0.228544,1.316872,33.73813,-995,0,0,0.5,0.5,0.5,0.5,0.910769,0.808241,Invalid
33:32.0,662,7.7121,0.173155,1.226222,33.42534,346.99,7.812321,357.5036,0,0,0,0.173155,1.226222,33.42534,0.132439,0.225122,0.965288,0.22648,1.316864,33.814,-995,0,0,0.5,0.5,0.5,0.5,0.910769,0.808241,Invalid
33:32.0,663,7.7234,0.172848,1.22623,33.50166,347.0195,7.569008,357.4737,0,0,0,0.172848,1.22623,33.50166,0.128354,0.22462,0.965956,0.224487,1.316598,33.89028,-995,0,0,0.5,0.5,0.5,0.5,0.954314,0.901819,Invalid
33:32.0,664,7.7433,0.1723,1.226189,33.57847,347.0013,7.151433,357.5032,0,0,0,0.1723,1.226189,33.57847,0.121302,0.224929,0.966795,0.221043,1.316573,33.96696,-995,0,0,0.5,0.5,0.5,0.5,0.954314,0.901819,Invalid
33:32.0,665,7.7503,0.172216,1.226171,33.65554,347.0221,7.041127,357.3965,0,0,0,0.172216,1.226171,33.65554,0.119451,0.224576,0.967108,0.220201,1.316386,34.04404,-995,0,0,0.5,0.5,0.5,0.5,0.981287,0.959785,Invalid
33:32.0,666,7.7567,0.172161,1.22616,33.73308,347.0208,6.903111,357.422,0,0,0,0.172161,1.22616,33.73308,0.11712,0.224598,0.967388,0.21919,1.316345,34.12153,-995,0,0,0.5,0.5,0.5,0.5,0.981287,0.959785,Invalid
33:32.0,667,7.7676,0.172083,1.226155,33.81105,347.019,6.67214,357.4477,0,0,0,0.172083,1.226155,33.81105,0.113219,0.224629,0.967845,0.217516,1.316296,34.19943,-995,0,0,0.5,0.5,0.5,0.5,0.981287,0.959785,Invalid
33:32.0,668,7.7786,0.172081,1.226161,33.88942,347.0121,6.426153,357.4604,0,0,0,0.172081,1.226161,33.88942,0.109059,0.224745,0.968295,0.215817,1.316289,34.27773,-995,0,0,0.5,0.5,0.5,0.5,0.992335,0.983528,Invalid
33:32.0,669,7.7917,0.17219,1.226163,33.96815,347.0035,6.189754,357.4606,0,0,0,0.17219,1.226163,33.96815,0.10506,0.224891,0.968704,0.2143,1.316305,34.35644,-995,0,0,0.5,0.5,0.5,0.5,0.992335,0.983528,Invalid
33:32.0,670,7.8017,0.172396,1.226168,34.04735,346.9669,5.970829,357.4391,0,0,0,0.172396,1.226168,34.04735,0.101343,0.225513,0.968955,0.212997,1.316516,34.43555,-995,0,0,0.5,0.5,0.5,0.5,0.992335,0.983528,Invalid
33:32.1,671,7.8123,0.172754,1.226203,34.12695,346.9466,5.767841,357.4255,0,0,0,0.172754,1.226203,34.12695,0.097901,0.225859,0.969228,0.211958,1.316647,34.51506,-995,0,0,0.5,0.5,0.5,0.5,0.99686,0.993253,Invalid
33:32.1,672,7.8229,0.173264,1.226253,34.20682,346.9362,5.604783,357.4245,0,0,0,0.173264,1.226253,34.20682,0.095138,0.226036,0.969462,0.211357,1.316757,34.59499,-995,0,0,0.5,0.5,0.5,0.5,0.99686,0.993253,Invalid
33:32.1,673,7.8344,0.173933,1.226303,34.28726,346.9045,5.453685,357.4497,0,0,0,0.173933,1.226303,34.28726,0.092569,0.226575,0.969585,0.210982,1.316985,34.67531,-995,0,0,0.5,0.5,0.5,0.5,0.99686,0.993253,Invalid
33:32.1,674,7.8454,0.174717,1.226361,34.36808,346.8839,5.294649,357.4496,0,0,0,0.174717,1.226361,34.36808,0.08987,0.226925,0.969757,0.210671,1.317147,34.75605,-995,0,0,0.5,0.5,0.5,0.5,0.998393,0.996546,Invalid
33:32.1,675,7.8829,0.177671,1.22645,34.61152,346.7455,4.657004,357.5984,0,0,0,0.177671,1.22645,34.61152,0.079028,0.229276,0.970148,0.209267,1.318115,34.99939,-995,0,0,0.5,0.5,0.5,0.5,0.999177,0.998231,Invalid
33:32.1,676,7.8911,0.179016,1.226468,34.69351,346.7537,4.584227,357.4065,0,0,0,0.179016,1.226468,34.69351,0.077798,0.229138,0.97028,0.210112,1.318054,35.08133,-995,0,0,0.5,0.5,0.5,0.5,0.999177,0.998231,Invalid
33:32.1,677,7.9013,0.180357,1.226537,34.77545,346.7653,4.407833,357.4417,0,0,0,0.180357,1.226537,34.77545,0.074814,0.228941,0.970561,0.210246,1.318,35.1632,-995,0,0,0.5,0.5,0.5,0.5,0.999663,0.999276,Invalid
33:32.2,678,7.9121,0.18182,1.226549,34.85787,346.7415,4.248116,357.436,0,0,0,0.18182,1.226549,34.85787,0.072101,0.229345,0.970671,0.210617,1.318149,35.24556,-995,0,0,0.5,0.5,0.5,0.5,0.999663,0.999276,Invalid
33:32.2,679,7.9237,0.183462,1.226508,34.94017,346.7097,4.121039,357.4195,0,0,0,0.183462,1.226508,34.94017,0.069939,0.229885,0.970702,0.211393,1.318313,35.32782,-995,0,0,0.5,0.5,0.5,0.5,0.999663,0.999276,Invalid
33:32.2,680,7.9353,0.18512,1.226551,35.02299,346.7151,4.000884,357.4575,0,0,0,0.18512,1.226551,35.02299,0.067905,0.229794,0.970868,0.212228,1.318289,35.41058,-995,0,0,0.5,0.5,0.5,0.5,0.999827,0.999629,Invalid
33:32.2,681,7.9458,0.186943,1.226573,35.10571,346.7036,3.916011,357.4646,0,0,0,0.186943,1.226573,35.10571,0.066463,0.22999,0.970921,0.21347,1.318369,35.49324,-995,0,0,0.5,0.5,0.5,0.5,0.999827,0.999629,Invalid
33:32.2,682,7.9566,0.188751,1.226582,35.18887,346.6725,3.749736,357.4693,0,0,0,0.188751,1.226582,35.18887,0.063637,0.230516,0.970985,0.214149,1.318581,35.57639,-995,0,0,0.5,0.5,0.5,0.5,0.999827,0.999629,Invalid
33:32.2,683,7.968,0.190586,1.226616,35.27198,346.6441,3.576706,357.454,0,0,0,0.190586,1.226616,35.27198,0.060698,0.230999,0.971059,0.214806,1.318791,35.65946,-995,0,0,0.5,0.5,0.5,0.5,0.999929,0.999848,Invalid
33:32.2,684,7.9789,0.192362,1.226654,35.35561,346.5844,3.303658,357.4686,0,0,0,0.192362,1.226654,35.35561,0.056055,0.232012,0.971097,0.214725,1.319215,35.74302,-995,0,0,0.5,0.5,0.5,0.5,0.999929,0.999848,Invalid
33:32.2,685,7.9904,0.194296,1.22668,35.43913,346.5384,3.145076,357.4365,0,0,0,0.194296,1.22668,35.43913,0.053357,0.232794,0.971061,0.21558,1.319542,35.82648,-995,0,0,0.5,0.5,0.5,0.5,0.999971,0.999938,Invalid
33:32.2,686,8.0013,0.196306,1.226763,35.52313,346.5129,2.996827,357.4389,0,0,0,0.196306,1.226763,35.52313,0.050839,0.233226,0.971093,0.216582,1.319779,35.91043,-995,0,0,0.5,0.5,0.5,0.5,0.999971,0.999938,Invalid
33:32.3,687,8.0121,0.198347,1.226821,35.60704,346.4825,2.875458,357.4178,0,0,0,0.198347,1.226821,35.60704,0.048776,0.233743,0.971074,0.217797,1.320031,35.99428,-995,0,0,0.5,0.5,0.5,0.5,0.999971,0.999938,Invalid
33:32.3,688,8.0231,0.200455,1.226878,35.69134,346.4367,2.749221,357.3979,0,0,0,0.200455,1.226878,35.69134,0.046627,0.23452,0.970993,0.219051,1.320413,36.07861,-995,0,0,0.5,0.5,0.5,0.5,0.999985,0.999968,Invalid
33:32.3,689,8.0344,0.202644,1.226878,35.77563,346.4078,2.69894,357.385,0,0,0,0.202644,1.226878,35.77563,0.045769,0.23501,0.970915,0.220897,1.320601,36.16283,-995,0,0,0.5,0.5,0.5,0.5,0.999985,0.999968,Invalid
33:32.3,690,8.0452,0.204731,1.226916,35.8604,346.3669,2.521328,357.3866,0,0,0,0.204731,1.226916,35.8604,0.042752,0.235705,0.970884,0.221779,1.320908,36.24756,-995,0,0,0.5,0.5,0.5,0.5,0.999991,0.99998,Invalid
33:32.3,691,8.0569,0.206913,1.226971,35.945,346.3465,2.393198,357.3764,0,0,0,0.206913,1.226971,35.945,0.040577,0.23605,0.970893,0.223095,1.321106,36.33218,-995,0,0,0.5,0.5,0.5,0.5,0.999991,0.99998,Invalid
33:32.3,692,8.0677,0.209002,1.226997,36.03016,346.3135,2.271961,357.389,0,0,0,0.209002,1.226997,36.03016,0.038517,0.236609,0.970841,0.22436,1.321343,36.41727,-995,0,0,0.5,0.5,0.5,0.5,0.999996,0.999992,Invalid
33:32.3,693,8.0788,0.211067,1.227067,36.11522,346.3006,2.153302,357.3658,0,0,0,0.211067,1.227067,36.11522,0.036504,0.236827,0.970866,0.225621,1.321485,36.50228,-995,0,0,0.5,0.5,0.5,0.5,0.999996,0.999992,Invalid
33:32.3,694,8.0898,0.213074,1.227033,36.20066,346.2478,2.044324,357.3464,0,0,0,0.213074,1.227033,36.20066,0.03465,0.237724,0.970715,0.22689,1.321824,36.58773,-995,0,0,0.5,0.5,0.5,0.5,0.999996,0.999992,Invalid
33:32.3,695,8.1013,0.215014,1.227077,36.28608,346.2158,1.94678,357.3141,0,0,0,0.215014,1.227077,36.28608,0.032993,0.238265,0.97064,0.228168,1.322079,36.6731,-995,0,0,0.5,0.5,0.5,0.5,0.999998,0.999997,Invalid
33:32.4,696,8.112,0.216812,1.227104,36.37194,346.1809,1.833382,357.2982,0,0,0,0.216812,1.227104,36.37194,0.031067,0.238857,0.970558,0.229199,1.322338,36.7589,-995,0,0,0.5,0.5,0.5,0.5,0.999998,0.999997,Invalid
33:32.4,697,8.1234,0.218575,1.227097,36.45765,346.157,1.753136,357.2687,0,0,0,0.218575,1.227097,36.45765,0.029705,0.239261,0.970501,0.230419,1.322498,36.84462,-995,0,0,0.5,0.5,0.5,0.5,0.999998,0.999997,Invalid
33:32.4,698,8.1341,0.220156,1.2271,36.54384,346.1264,1.67349,357.2375,0,0,0,0.220156,1.2271,36.54384,0.028352,0.23978,0.970413,0.23146,1.322704,36.93076,-995,0,0,0.5,0.5,0.5,0.5,0.999999,0.999998,Invalid
33:32.4,699,8.1461,0.221569,1.227138,36.62996,346.1164,1.578282,357.2139,0,0,0,0.221569,1.227138,36.62996,0.026738,0.239951,0.970417,0.232228,1.322794,37.01681,-995,0,0,0.5,0.5,0.5,0.5,0.999999,0.999998,Invalid
33:32.4,700,8.1568,0.22296,1.227156,36.71646,346.1093,1.50179,357.1715,0,0,0,0.22296,1.227156,36.71646,0.025442,0.240071,0.970422,0.233101,1.322854,37.1033,-995,0,0,0.5,0.5,0.5,0.5,0.999999,0.999998,Invalid
33:32.4,701,8.1678,0.224098,1.227144,36.80291,346.0836,1.460767,357.1332,0,0,0,0.224098,1.227144,36.80291,0.024744,0.240507,0.970332,0.233961,1.323011,37.18968,-995,0,0,0.5,0.5,0.5,0.5,1,0.999999,Invalid
33:32.4,702,8.1789,0.225107,1.227173,36.8898,346.0691,1.386782,357.0954,0,0,0,0.225107,1.227173,36.8898,0.02349,0.240752,0.970302,0.234469,1.323121,37.2765,-995,0,0,0.5,0.5,0.5,0.5,1,0.999999,Invalid
33:32.4,703,8.1907,0.226038,1.22716,36.97655,346.0348,1.300293,357.0663,0,0,0,0.226038,1.22716,36.97655,0.022022,0.241333,0.970192,0.234815,1.323346,37.36323,-995,0,0,0.5,0.5,0.5,0.5,1,1,Invalid
33:32.4,704,8.2012,0.226786,1.227204,37.06379,346.0411,1.211979,357.0419,0,0,0,0.226786,1.227204,37.06379,0.020527,0.241226,0.970252,0.234965,1.323322,37.45039,-995,0,0,0.5,0.5,0.5,0.5,1,1,Invalid
33:32.5,705,8.2119,0.227352,1.227187,37.15092,346.0104,1.114859,357.0175,0,0,0,0.227352,1.227187,37.15092,0.01888,0.241746,0.970156,0.234874,1.323506,37.53746,-995,0,0,0.5,0.5,0.5,0.5,1,1,Invalid
33:32.5,706,8.2232,0.227787,1.227158,37.23845,346.0117,1.038997,356.9888,0,0,0,0.227787,1.227158,37.23845,0.017595,0.241723,0.970186,0.234797,1.323459,37.62496,-995,0,0,0.5,0.5,0.5,0.5,1,1,Invalid
33:32.5,707,8.2346,0.228022,1.227157,37.32593,346.0225,0.952568,356.9672,0,0,0,0.228022,1.227157,37.32593,0.016132,0.241541,0.970257,0.234447,1.323363,37.71238,-995,0,0,0.5,0.5,0.5,0.5,1,1,Invalid
33:32.5,708,8.2455,0.228117,1.227122,37.41385,346.0122,0.860694,356.9318,0,0,0,0.228117,1.227122,37.41385,0.014576,0.241716,0.970238,0.233921,1.323381,37.80022,-995,0,0,0.5,0.5,0.5,0.5,1,1,Invalid
33:32.5,709,8.2565,0.228119,1.227114,37.5016,346.0351,0.761742,356.8908,0,0,0,0.228119,1.227114,37.5016,0.012902,0.241328,0.970358,0.233256,1.32321,37.888,-995,0,0,0.5,0.5,0.5,0.5,1,1,Invalid
33:32.5,710,8.2678,0.227902,1.227086,37.58989,346.0441,0.669536,356.8591,0,0,0,0.227902,1.227086,37.58989,0.01134,0.241176,0.970415,0.232416,1.323089,37.97618,-995,0,0,0.5,0.5,0.5,0.5,1,1,Invalid
33:32.5,711,8.2791,0.227541,1.227067,37.67809,346.0446,0.579232,356.8221,0,0,0,0.227541,1.227067,37.67809,0.009811,0.241166,0.970434,0.231446,1.323046,38.0643,-995,0,0,0.5,0.5,0.5,0.5,1,1,Invalid
33:32.5,712,8.2903,0.227039,1.227052,37.76667,346.0546,0.4965,356.7852,0,0,0,0.227039,1.227052,37.76667,0.00841,0.240997,0.970489,0.230386,1.32295,38.15284,-995,0,0,0.5,0.5,0.5,0.5,1,1,Invalid
33:32.5,713,8.301,0.226374,1.227024,37.85522,346.039,0.397434,356.7629,0,0,0,0.226374,1.227024,37.85522,0.006732,0.241261,0.970437,0.229052,1.32301,38.24131,-995,0,0,0.5,0.5,0.5,0.5,1,1,Invalid
33:32.6,714,8.3121,0.225521,1.227025,37.9442,346.0519,0.303647,356.7469,0,0,0,0.225521,1.227025,37.9442,0.005143,0.241042,0.970501,0.227567,1.322897,38.33021,-995,0,0,0.5,0.5,0.5,0.5,1,1,Invalid
33:32.6,715,8.3231,0.224541,1.226999,38.03307,346.0521,0.200547,356.7355,0,0,0,0.224541,1.226999,38.03307,0.003397,0.24104,0.970509,0.225892,1.322859,38.41904,-995,0,0,0.5,0.5,0.5,0.5,1,1,Invalid
33:32.6,716,8.3347,0.223362,1.226986,38.12241,346.0553,0.096441,356.7343,0,0,0,0.223362,1.226986,38.12241,0.001634,0.240985,0.970527,0.224011,1.3228,38.50829,-995,0,0,0.5,0.5,0.5,0.5,1,1,Invalid
33:32.6,717,8.3455,0.222012,1.226971,38.21169,346.0522,359.987,356.7318,0,0,0,0.222012,1.226971,38.21169,-0.00022,0.241039,0.970515,0.221924,1.322786,38.59748,-995,0,0,0.5,0.5,0.5,0.5,1,1,Invalid
33:32.6,718,8.3566,0.220532,1.22696,38.30134,346.0368,359.8824,356.7303,0,0,0,0.220532,1.22696,38.30134,-0.001992,0.241299,0.970449,0.219739,1.322872,38.68708,-995,0,0,0.5,0.5,0.5,0.5,1,1,Invalid
33:32.6,719,8.3678,0.218832,1.226982,38.39098,346.0442,359.7739,356.7231,0,0,0,0.218832,1.226982,38.39098,-0.003829,0.241174,0.970474,0.21731,1.322818,38.77662,-995,0,0,0.5,0.5,0.5,0.5,1,1,Invalid
33:32.6,720,8.3787,0.216953,1.226972,38.481,346.0489,359.6626,356.7072,0,0,0,0.216953,1.226972,38.481,-0.005715,0.241094,0.970485,0.214683,1.322762,38.86659,-995,0,0,0.5,0.5,0.5,0.5,1,1,Invalid
33:32.6,721,8.3897,0.214897,1.226959,38.57098,346.0523,359.5552,356.6801,0,0,0,0.214897,1.226959,38.57098,-0.007535,0.241036,0.970487,0.211904,1.322707,38.95649,-995,0,0,0.5,0.5,0.5,0.5,1,1,Invalid
33:32.6,722,8.4017,0.212633,1.226935,38.66139,346.0521,359.4439,356.6516,0,0,0,0.212633,1.226935,38.66139,-0.00942,0.241039,0.97047,0.208892,1.322665,39.04682,-995,0,0,0.5,0.5,0.5,0.5,1,1,Invalid
33:32.7,723,8.412,0.21019,1.226934,38.75171,346.0627,359.3286,356.6335,0,0,0,0.21019,1.226934,38.75171,-0.011374,0.24086,0.970493,0.205673,1.322579,39.13708,-995,0,0,0.5,0.5,0.5,0.5,1,1,Invalid
33:32.7,724,8.4232,0.207541,1.226899,38.84245,346.047,359.2101,356.611,0,0,0,0.207541,1.226899,38.84245,-0.01338,0.241126,0.970402,0.202228,1.32264,39.22776,-995,0,0,0.5,0.5,0.5,0.5,1,1,Invalid
33:32.7,725,8.4346,0.204722,1.22688,38.93317,346.0563,359.0961,356.5868,0,0,0,0.204722,1.22688,38.93317,-0.01531,0.240969,0.970412,0.198644,1.322533,39.31839,-995,0,0,0.5,0.5,0.5,0.5,1,1,Invalid
33:32.7,726,8.4456,0.201654,1.22686,39.02428,346.064,358.9597,356.5574,0,0,0,0.201654,1.22686,39.02428,-0.017621,0.240838,0.970405,0.194661,1.322444,39.40941,-995,0,0,0.5,0.5,0.5,0.5,1,1,Invalid
33:32.7,727,8.4569,0.198429,1.226823,39.1153,346.0705,358.8394,356.5392,0,0,0,0.198429,1.226823,39.1153,-0.019658,0.240728,0.970394,0.190628,1.322355,39.50039,-995,0,0,0.5,0.5,0.5,0.5,1,1,Invalid
33:32.7,728,8.468,0.194944,1.226776,39.20676,346.0601,358.7222,356.504,0,0,0,0.194944,1.226776,39.20676,-0.021643,0.240905,0.970307,0.186356,1.322365,39.59178,-995,0,0,0.5,0.5,0.5,0.5,1,1,Invalid
33:32.7,729,8.4788,0.19124,1.226755,39.29817,346.059,358.5956,356.4818,0,0,0,0.19124,1.226755,39.29817,-0.023786,0.240923,0.970253,0.181803,1.322339,39.68311,-995,0,0,0.5,0.5,0.5,0.5,1,1,Invalid
33:32.7,730,8.4901,0.187389,1.226746,39.38993,346.0713,358.4833,356.4395,0,0,0,0.187389,1.226746,39.38993,-0.025689,0.240714,0.970256,0.177198,1.322243,39.77486,-995,0,0,0.5,0.5,0.5,0.5,1,1,Invalid
33:32.7,731,8.5012,0.183224,1.226732,39.48168,346.0659,358.3573,356.4227,0,0,0,0.183224,1.226732,39.48168,-0.027823,0.240805,0.970175,0.172186,1.322259,39.86655,-995,0,0,0.5,0.5,0.5,0.5,1,1,Invalid
33:32.8,732,8.5122,0.178879,1.226707,39.57384,346.0635,358.2408,356.3981,0,0,0,0.178879,1.226707,39.57384,-0.029795,0.240846,0.970106,0.16706,1.322241,39.95864,-995,0,0,0.5,0.5,0.5,0.5,1,1,Invalid
33:32.8,733,8.5233,0.174402,1.226708,39.66589,346.076,358.1306,356.3721,0,0,0,0.174402,1.226708,39.66589,-0.031663,0.240635,0.970099,0.161842,1.322163,40.05071,-995,0,0,0.5,0.5,0.5,0.5,1,1,Invalid
33:32.8,734,8.5345,0.169754,1.226682,39.75797,346.0859,358.0173,356.3612,0,0,0,0.169754,1.226682,39.75797,-0.033582,0.240467,0.970076,0.156434,1.322065,40.14276,-995,0,0,0.5,0.5,0.5,0.5,1,1,Invalid
33:32.8,735,8.5458,0.164988,1.226706,39.85044,346.1048,357.9079,356.3376,0,0,0,0.164988,1.226706,39.85044,-0.035438,0.240147,0.970089,0.150931,1.32196,40.23523,-995,0,0,0.5,0.5,0.5,0.5,1,1,Invalid
33:32.8,736,8.5569,0.16004,1.226699,39.94289,346.0908,357.8006,356.3112,0,0,0,0.16004,1.226699,39.94289,-0.037252,0.240383,0.969963,0.145262,1.322057,40.32767,-995,0,0,0.5,0.5,0.5,0.5,1,1,Invalid
33:32.8,737,8.5679,0.154934,1.226697,40.03538,346.0936,357.6953,356.3042,0,0,0,0.154934,1.226697,40.03538,-0.039035,0.240336,0.969905,0.13945,1.32203,40.4201,-995,0,0,0.5,0.5,0.5,0.5,1,1,Invalid
33:32.8,738,8.5787,0.149725,1.22671,40.12825,346.0794,357.5765,356.2899,0,0,0,0.149725,1.22671,40.12825,-0.041044,0.240576,0.969762,0.133443,1.322145,40.51295,-995,0,0,0.5,0.5,0.5,0.5,1,1,Invalid
33:32.8,739,8.5898,0.1444,1.226734,40.22107,346.0809,357.473,356.2844,0,0,0,0.1444,1.226734,40.22107,-0.042796,0.240552,0.969692,0.12742,1.322172,40.60579,-995,0,0,0.5,0.5,0.5,0.5,1,1,Invalid
33:32.8,740,8.6015,0.139011,1.226744,40.31392,346.0641,357.3831,356.2695,0,0,0,0.139011,1.226744,40.31392,-0.044313,0.240835,0.969554,0.121428,1.322306,40.69863,-995,0,0,0.5,0.5,0.5,0.5,1,1,Invalid
33:32.9,741,8.6122,0.133558,1.226774,40.40679,346.061,357.3176,356.2458,0,0,0,0.133558,1.226774,40.40679,-0.045421,0.240889,0.969489,0.115535,1.322358,40.79148,-995,0,0,0.5,0.5,0.5,0.5,1,0.970643,Invalid
33:32.9,742,8.6234,0.128107,1.226777,40.49958,346.0301,357.2443,356.2141,0,0,0,0.128107,1.226777,40.49958,-0.046656,0.241412,0.969301,0.109587,1.322604,40.88434,-995,0,0,0.5,0.5,0.5,0.5,1,0.970643,Invalid
33:32.9,743,8.6345,0.122444,1.226823,40.59246,346.0341,357.178,356.1833,0,0,0,0.122444,1.226823,40.59246,-0.047778,0.241344,0.969263,0.10348,1.322619,40.97719,-995,0,0,0.5,0.5,0.5,0.5,1,0.970643,Invalid
33:32.9,744,8.6455,0.116695,1.226822,40.68531,346.012,357.1153,356.1809,0,0,0,0.116695,1.226822,40.68531,-0.048834,0.241719,0.969117,0.097309,1.322781,41.07004,-995,0,0,0.5,0.5,0.5,0.5,1,0.970643,Invalid
33:32.9,745,8.6564,0.110964,1.226921,40.7781,345.9987,357.0604,356.1708,0,0,0,0.110964,1.226921,40.7781,-0.04976,0.241944,0.969014,0.091204,1.322999,41.1629,-995,0,0,0.5,0.5,0.5,0.5,1,0.970643,Invalid
33:32.9,746,8.6676,0.105173,1.226948,40.87096,345.9669,357.0142,356.1578,0,0,0,0.105173,1.226948,40.87096,-0.050534,0.242482,0.968839,0.085101,1.32326,41.25577,-995,0,0,0.5,0.5,0.5,0.5,1,0.970643,Invalid
33:32.9,747,8.6796,0.099392,1.227032,40.96379,345.9431,356.9807,356.1536,0,0,0,0.099392,1.227032,40.96379,-0.051095,0.242885,0.968709,0.079092,1.323528,41.34866,-995,0,0,0.5,0.5,0.5,0.5,1,0.984969,Invalid
33:32.9,748,8.69,0.09359,1.227078,41.05666,345.9077,356.9489,356.1504,0,0,0,0.09359,1.227078,41.05666,-0.051624,0.243484,0.96853,0.073075,1.323838,41.44155,-995,0,0,0.5,0.5,0.5,0.5,1,0.984969,Invalid
33:32.9,749,8.7008,0.087822,1.227108,41.14952,345.8601,356.9325,356.1422,0,0,0,0.087822,1.227108,41.14952,-0.051891,0.24429,0.968313,0.067193,1.324221,41.53446,-995,0,0,0.5,0.5,0.5,0.5,1,0.993843,Invalid
33:33.0,750,8.7137,0.082029,1.227156,41.2424,345.8306,356.9345,356.1318,0,0,0,0.082029,1.227156,41.2424,-0.05185,0.244789,0.968189,0.061412,1.32449,41.62738,-995,0,0,0.5,0.5,0.5,0.5,1,0.993843,Invalid
33:33.0,751,8.7234,0.076298,1.227196,41.33526,345.8154,356.9118,356.136,0,0,0,0.076298,1.227196,41.33526,-0.05223,0.245048,0.968103,0.055524,1.324658,41.7203,-995,0,0,0.5,0.5,0.5,0.5,1,0.993843,Invalid
33:33.0,752,8.7347,0.070553,1.227214,41.42814,345.7583,356.9326,356.126,0,0,0,0.070553,1.227214,41.42814,-0.051866,0.246014,0.967878,0.049916,1.325101,41.81325,-995,0,0,0.5,0.5,0.5,0.5,1,0.997478,Invalid
33:33.0,753,8.7453,0.06485,1.227304,41.52105,345.7534,356.9337,356.1153,0,0,0,0.06485,1.227304,41.52105,-0.051846,0.246097,0.967858,0.044218,1.325236,41.9062,-995,0,0,0.5,0.5,0.5,0.5,1,0.997478,Invalid
33:33.0,754,8.7565,0.059227,1.227297,41.61387,345.7026,356.9468,356.1054,0,0,0,0.059227,1.227297,41.61387,-0.051614,0.246954,0.967652,0.038676,1.325625,41.99915,-995,0,0,0.5,0.5,0.5,0.5,1,0.997478,Invalid
33:33.0,755,8.7676,0.053591,1.227346,41.7068,345.6724,356.9746,356.0884,0,0,0,0.053591,1.227346,41.7068,-0.051138,0.247466,0.967546,0.033225,1.3259,42.09212,-995,0,0,0.5,0.5,0.5,0.5,1,0.998967,Invalid
33:33.0,756,8.7787,0.048019,1.227397,41.79972,345.6535,357.0063,356.0825,0,0,0,0.048019,1.227397,41.79972,-0.050597,0.247786,0.967493,0.027865,1.326098,42.18511,-995,0,0,0.5,0.5,0.5,0.5,1,0.998967,Invalid
33:33.0,757,8.7899,0.042534,1.227404,41.89264,345.6259,357.0343,356.0779,0,0,0,0.042534,1.227404,41.89264,-0.050119,0.248252,0.967398,0.022564,1.32632,42.2781,-995,0,0,0.5,0.5,0.5,0.5,1,0.998967,Invalid
33:33.0,758,8.8017,0.037123,1.227458,41.98556,345.6146,357.0745,356.0893,0,0,0,0.037123,1.227458,41.98556,-0.049438,0.248444,0.967384,0.01742,1.326471,42.37109,-995,0,0,0.5,0.5,0.5,0.5,1,0.999339,Invalid
33:33.1,759,8.8121,0.031782,1.227478,42.07847,345.5935,357.1307,356.0802,0,0,0,0.031782,1.227478,42.07847,-0.048483,0.2488,0.967341,0.012454,1.326662,42.4641,-995,0,0,0.5,0.5,0.5,0.5,1,0.999339,Invalid
33:33.1,760,8.823,0.026537,1.227529,42.17138,345.5721,357.1965,356.0752,0,0,0,0.026537,1.227529,42.17138,-0.047369,0.249161,0.967303,0.007647,1.32689,42.55713,-995,0,0,0.5,0.5,0.5,0.5,1,0.999339,Invalid
33:33.1,761,8.8344,0.021332,1.227553,42.26433,345.546,357.2568,356.0614,0,0,0,0.021332,1.227553,42.26433,-0.046345,0.249603,0.967239,0.002845,1.327115,42.65014,-995,0,0,0.5,0.5,0.5,0.5,1,0.999783,Invalid
33:33.1,762,8.8455,0.01622,1.227592,42.35728,345.5295,357.3179,356.057,0,0,0,0.01622,1.227592,42.35728,-0.04531,0.249881,0.967216,-0.001857,1.327285,42.74316,-995,0,0,0.5,0.5,0.5,0.5,1,0.999783,Invalid
33:33.1,763,8.8575,0.011242,1.227601,42.45021,345.5215,357.3904,356.0583,0,0,0,0.011242,1.227601,42.45021,-0.044084,0.250016,0.967238,-0.00635,1.327372,42.8362,-995,0,0,0.5,0.5,0.5,0.5,1,0.999889,Invalid
33:33.1,764,8.8679,0.006296,1.227623,42.54318,345.4975,357.4568,356.0577,0,0,0,0.006296,1.227623,42.54318,-0.042959,0.250422,0.967183,-0.010851,1.327577,42.92923,-995,0,0,0.5,0.5,0.5,0.5,1,0.999889,Invalid
33:33.1,765,8.8791,0.001472,1.227654,42.63615,345.4795,357.5358,356.063,0,0,0,0.001472,1.227654,42.63615,-0.041622,0.250727,0.967163,-0.015144,1.327752,43.02227,-995,0,0,0.5,0.5,0.5,0.5,1,0.999889,Invalid
33:33.1,766,8.89,-0.003288,1.227682,42.72912,345.4587,357.6103,356.0641,0,0,0,-0.003288,1.227682,42.72912,-0.04036,0.251078,0.967125,-0.019404,1.327939,43.1153,-995,0,0,0.5,0.5,0.5,0.5,1,0.999943,Invalid
33:33.1,767,8.9012,-0.00798,1.227725,42.8221,345.4352,357.6938,356.0506,0,0,0,-0.00798,1.227725,42.8221,-0.038946,0.251476,0.96708,-0.023535,1.328159,43.20833,-995,0,0,0.5,0.5,0.5,0.5,1,0.999943,Invalid
33:33.2,768,8.9123,-0.01255,1.227742,42.91505,345.4164,357.7772,356.0504,0,0,0,-0.01255,1.227742,42.91505,-0.037536,0.251793,0.967053,-0.027545,1.328327,43.30137,-995,0,0,0.5,0.5,0.5,0.5,1,0.999943,Invalid
33:33.2,769,8.9233,-0.01708,1.227773,43.00803,345.3914,357.8688,356.0496,0,0,0,-0.01708,1.227773,43.00803,-0.035986,0.252215,0.967002,-0.031459,1.328548,43.39441,-995,0,0,0.5,0.5,0.5,0.5,1,0.999971,Invalid
33:33.2,770,8.9345,-0.021564,1.22782,43.10101,345.3853,357.9615,356.0528,0,0,0,-0.021564,1.22782,43.10101,-0.034421,0.252318,0.967032,-0.035319,1.328648,43.48743,-995,0,0,0.5,0.5,0.5,0.5,1,0.999971,Invalid
33:33.2,771,8.9456,-0.025932,1.227833,43.19397,345.3716,358.0562,356.05,0,0,0,-0.025932,1.227833,43.19397,-0.03282,0.25255,0.967027,-0.03905,1.328771,43.58047,-995,0,0,0.5,0.5,0.5,0.5,1,0.999985,Invalid
33:33.2,772,8.9571,-0.030319,1.227855,43.28693,345.3449,358.1494,356.0521,0,0,0,-0.030319,1.227855,43.28693,-0.031243,0.252999,0.966962,-0.042809,1.328994,43.67348,-995,0,0,0.5,0.5,0.5,0.5,1,0.999985,Invalid
33:33.2,773,8.9678,-0.034693,1.22789,43.37991,345.333,358.239,356.0684,0,0,0,-0.034693,1.22789,43.37991,-0.029729,0.2532,0.966957,-0.046579,1.329121,43.7665,-995,0,0,0.5,0.5,0.5,0.5,1,0.999985,Invalid
33:33.2,774,8.9787,-0.03898,1.227904,43.47287,345.3072,358.3178,356.081,0,0,0,-0.03898,1.227904,43.47287,-0.028395,0.253636,0.966883,-0.050335,1.329328,43.8595,-995,0,0,0.5,0.5,0.5,0.5,1,0.999994,Invalid
33:33.2,775,8.99,-0.043291,1.227936,43.56582,345.2837,358.4035,356.0851,0,0,0,-0.043291,1.227936,43.56582,-0.026946,0.254033,0.96682,-0.054068,1.329534,43.95249,-995,0,0,0.5,0.5,0.5,0.5,1,0.999994,Invalid
33:33.2,776,9.0027,-0.047588,1.227968,43.65877,345.2769,358.4833,356.0957,0,0,0,-0.047588,1.227968,43.65877,-0.025599,0.254148,0.966827,-0.057827,1.329619,44.04547,-995,0,0,0.5,0.5,0.5,0.5,1,0.999994,Invalid
33:33.3,777,9.0133,-0.051878,1.227989,43.75171,345.2705,358.5646,356.0883,0,0,0,-0.051878,1.227989,43.75171,-0.024226,0.254255,0.966834,-0.061569,1.32969,44.13844,-995,0,0,0.5,0.5,0.5,0.5,1,0.999997,Invalid
33:33.3,778,9.0237,-0.056055,1.228008,43.84466,345.2857,358.6459,356.1014,0,0,0,-0.056055,1.228008,43.84466,-0.022856,0.253999,0.966935,-0.065197,1.329602,44.23141,-995,0,0,0.5,0.5,0.5,0.5,1,0.999997,Invalid
33:33.3,779,9.0346,-0.060345,1.227985,43.93758,345.2906,358.7155,356.0936,0,0,0,-0.060345,1.227985,43.93758,-0.021683,0.253917,0.966983,-0.069017,1.329547,44.32436,-995,0,0,0.5,0.5,0.5,0.5,1,0.999997,Invalid
33:33.3,780,9.0461,-0.064636,1.227989,44.03049,345.3076,358.7952,356.0888,0,0,0,-0.064636,1.227989,44.03049,-0.020338,0.25363,0.967088,-0.072771,1.329431,44.41729,-995,0,0,0.5,0.5,0.5,0.5,1,0.999999,Invalid
33:33.3,781,9.0572,-0.068878,1.227959,44.12336,345.3264,358.8697,356.0848,0,0,0,-0.068878,1.227959,44.12336,-0.019083,0.253313,0.967196,-0.076511,1.329277,44.51021,-995,0,0,0.5,0.5,0.5,0.5,1,0.999999,Invalid
33:33.3,782,9.0682,-0.073164,1.227947,44.21624,345.3364,358.937,356.0786,0,0,0,-0.073164,1.227947,44.21624,-0.017948,0.253143,0.967262,-0.080343,1.329195,44.60311,-995,0,0,0.5,0.5,0.5,0.5,1,0.999999,Invalid
33:33.3,783,9.0792,-0.077454,1.227921,44.30911,345.3517,359.0019,356.0904,0,0,0,-0.077454,1.227921,44.30911,-0.016854,0.252884,0.96735,-0.084194,1.329061,44.696,-995,0,0,0.5,0.5,0.5,0.5,1,0.999999,Invalid
33:33.3,784,9.0901,-0.081673,1.227854,44.40197,345.3652,359.0509,356.1079,0,0,0,-0.081673,1.227854,44.40197,-0.016027,0.252657,0.967423,-0.088083,1.328899,44.78887,-995,0,0,0.5,0.5,0.5,0.5,1,0.999999,Invalid
33:33.3,785,9.1012,-0.085913,1.227843,44.49484,345.3901,359.0948,356.125,0,0,0,-0.085913,1.227843,44.49484,-0.015287,0.252236,0.967545,-0.092026,1.328706,44.88173,-995,0,0,0.5,0.5,0.5,0.5,1,0.999999,Invalid
33:33.4,786,9.1122,-0.090111,1.227797,44.58769,345.378,359.1448,356.1293,0,0,0,-0.090111,1.227797,44.58769,-0.014443,0.252441,0.967505,-0.095886,1.328744,44.97458,-995,0,0,0.5,0.5,0.5,0.5,1,1,Invalid
33:33.4,787,9.1236,-0.094254,1.227777,44.68053,345.3996,359.1905,356.1557,0,0,0,-0.094254,1.227777,44.68053,-0.013672,0.252076,0.967611,-0.09972,1.328568,45.06743,-995,0,0,0.5,0.5,0.5,0.5,1,1,Invalid
33:33.4,788,9.1342,-0.098429,1.227767,44.77339,345.408,359.2283,356.1609,0,0,0,-0.098429,1.227767,44.77339,-0.013033,0.251934,0.967657,-0.103639,1.328489,45.16026,-995,0,0,0.5,0.5,0.5,0.5,1,1,Invalid
33:33.4,789,9.1457,-0.102549,1.227724,44.86621,345.4085,359.2617,356.1684,0,0,0,-0.102549,1.227724,44.86621,-0.012469,0.251926,0.967666,-0.107534,1.328439,45.25307,-995,0,0,0.5,0.5,0.5,0.5,1,1,Invalid
33:33.4,790,9.1566,-0.106592,1.227723,44.95903,345.4444,359.2964,356.1688,0,0,0,-0.106592,1.227723,44.95903,-0.011886,0.25132,0.967831,-0.111343,1.328177,45.34588,-995,0,0,0.5,0.5,0.5,0.5,1,1,Invalid
33:33.4,791,9.1678,-0.11064,1.227697,45.05186,345.4661,359.3244,356.169,0,0,0,-0.11064,1.227697,45.05186,-0.011414,0.250954,0.967932,-0.115201,1.327987,45.43867,-995,0,0,0.5,0.5,0.5,0.5,1,1,Invalid
33:33.4,792,9.1793,-0.114651,1.227651,45.14467,345.4659,359.3573,356.1645,0,0,0,-0.114651,1.227651,45.14467,-0.010857,0.250955,0.967938,-0.11899,1.327935,45.53147,-995,0,0,0.5,0.5,0.5,0.5,1,1,Invalid
33:33.4,793,9.19,-0.118578,1.227651,45.2375,345.4758,359.381,356.1674,0,0,0,-0.118578,1.227651,45.2375,-0.010459,0.250788,0.967986,-0.122757,1.327852,45.62425,-995,0,0,0.5,0.5,0.5,0.5,1,1,Invalid
33:33.4,794,9.2021,-0.122505,1.227634,45.3303,345.4807,359.4046,356.1712,0,0,0,-0.122505,1.227634,45.3303,-0.010059,0.250707,0.968011,-0.126524,1.32779,45.71702,-995,0,0,0.5,0.5,0.5,0.5,1,1,Invalid
33:33.5,795,9.2121,-0.126387,1.227633,45.42309,345.5029,359.4152,356.1742,0,0,0,-0.126387,1.227633,45.42309,-0.009881,0.250331,0.96811,-0.130334,1.32762,45.80978,-995,0,0,0.5,0.5,0.5,0.5,1,1,Invalid
33:33.5,796,9.2234,-0.130177,1.227557,45.51583,345.5094,359.4289,356.1856,0,0,0,-0.130177,1.227557,45.51583,-0.00965,0.250221,0.968141,-0.134031,1.327499,45.90253,-995,0,0,0.5,0.5,0.5,0.5,1,1,Invalid
33:33.5,797,9.235,-0.133957,1.227537,45.60859,345.5349,359.4406,356.1939,0,0,0,-0.133957,1.227537,45.60859,-0.009455,0.24979,0.968254,-0.137733,1.327293,45.99528,-995,0,0,0.5,0.5,0.5,0.5,1,1,Invalid
33:33.5,798,9.2455,-0.13769,1.227485,45.70132,345.5416,359.4413,356.2121,0,0,0,-0.13769,1.227485,45.70132,-0.009442,0.249676,0.968283,-0.14146,1.327193,46.08801,-995,0,0,0.5,0.5,0.5,0.5,1,1,Invalid
33:33.5,799,9.2871,-0.148661,1.227432,45.97951,345.5883,359.4313,356.2789,0,0,0,-0.148661,1.227432,45.97951,-0.009613,0.248888,0.968485,-0.152499,1.326795,46.36616,-995,0,0,0.5,0.5,0.5,0.5,1,1,Invalid
33:33.5,800,9.2959,-0.152195,1.227437,46.07222,345.5982,359.4359,356.2715,0,0,0,-0.152195,1.227437,46.07222,-0.009535,0.248721,0.968528,-0.156002,1.326728,46.45886,-995,0,0,0.5,0.5,0.5,0.5,1,1,Invalid
33:33.5,801,9.3047,-0.155649,1.227431,46.16492,345.5825,359.4397,356.273,0,0,0,-0.155649,1.227431,46.16492,-0.009471,0.248986,0.968461,-0.159431,1.326835,46.55156,-995,0,0,0.5,0.5,0.5,0.5,1,1,Invalid
33:33.6,802,9.313,-0.159084,1.227459,46.25762,345.5958,359.4488,356.2957,0,0,0,-0.159084,1.227459,46.25762,-0.009318,0.24876,0.96852,-0.162804,1.326764,46.64425,-995,0,0,0.5,0.5,0.5,0.5,1,1,Invalid
33:33.6,803,9.3232,-0.162481,1.227483,46.3503,345.6059,359.4406,356.3139,0,0,0,-0.162481,1.227483,46.3503,-0.009456,0.24859,0.968563,-0.166256,1.326715,46.73693,-995,0,0,0.5,0.5,0.5,0.5,1,0.974702,Invalid
33:33.6,804,9.3347,-0.165836,1.227473,46.44297,345.5982,359.4496,356.3192,0,0,0,-0.165836,1.227473,46.44297,-0.009304,0.248721,0.968531,-0.169551,1.326761,46.82961,-995,0,0,0.5,0.5,0.5,0.5,1,0.974702,Invalid
33:33.6,805,9.3455,-0.169079,1.227494,46.53565,345.574,359.4555,356.3209,0,0,0,-0.169079,1.227494,46.53565,-0.009203,0.24913,0.968426,-0.172753,1.326954,46.92227,-995,0,0,0.5,0.5,0.5,0.5,1,0.974702,Invalid
33:33.6,806,9.3568,-0.17231,1.22753,46.62831,345.5671,359.466,356.3248,0,0,0,-0.17231,1.22753,46.62831,-0.009026,0.249246,0.968398,-0.175913,1.327039,47.01493,-995,0,0,0.5,0.5,0.5,0.5,1,0.979762,Invalid
33:33.6,807,9.3679,-0.175491,1.227555,46.72097,345.5506,359.4794,356.3333,0,0,0,-0.175491,1.227555,46.72097,-0.008799,0.249525,0.968329,-0.179004,1.327182,47.10759,-995,0,0,0.5,0.5,0.5,0.5,1,0.98381,Invalid
33:33.6,808,9.3788,-0.178543,1.22761,46.81359,345.5446,359.4927,356.3333,0,0,0,-0.178543,1.22761,46.81359,-0.008574,0.249627,0.968304,-0.181967,1.327288,47.20024,-995,0,0,0.5,0.5,0.5,0.5,1,0.98381,Invalid
33:33.6,809,9.39,-0.181603,1.227629,46.90622,345.5327,359.5098,356.3282,0,0,0,-0.181603,1.227629,46.90622,-0.008284,0.249828,0.968255,-0.184911,1.327395,47.29288,-995,0,0,0.5,0.5,0.5,0.5,1,0.98381,Invalid
33:33.6,810,9.4011,-0.184576,1.227648,46.99883,345.5175,359.5421,356.315,0,0,0,-0.184576,1.227648,46.99883,-0.007738,0.250083,0.968193,-0.187666,1.327528,47.38552,-995,0,0,0.5,0.5,0.5,0.5,1,0.993368,Invalid
33:33.7,811,9.4129,-0.187508,1.227668,47.09143,345.5019,359.5598,356.3151,0,0,0,-0.187508,1.227668,47.09143,-0.007439,0.250348,0.968128,-0.190479,1.327669,47.47815,-995,0,0,0.5,0.5,0.5,0.5,1,0.993368,Invalid
33:33.7,812,9.4234,-0.190424,1.227688,47.18402,345.5026,359.5914,356.3282,0,0,0,-0.190424,1.227688,47.18402,-0.006905,0.250336,0.968135,-0.193182,1.327692,47.57078,-995,0,0,0.5,0.5,0.5,0.5,1,0.993368,Invalid
33:33.7,813,9.4347,-0.193289,1.227714,47.27661,345.5088,359.6175,356.3451,0,0,0,-0.193289,1.227714,47.27661,-0.006464,0.250231,0.968165,-0.195871,1.327681,47.66339,-995,0,0,0.5,0.5,0.5,0.5,1,0.997284,Invalid
33:33.7,814,9.4454,-0.196074,1.227744,47.36919,345.5103,359.6345,356.356,0,0,0,-0.196074,1.227744,47.36919,-0.006177,0.250207,0.968173,-0.198541,1.327708,47.756,-995,0,0,0.5,0.5,0.5,0.5,1,0.997284,Invalid
33:33.7,815,9.4566,-0.198849,1.227704,47.46175,345.4675,359.6679,356.3365,0,0,0,-0.198849,1.227704,47.46175,-0.00561,0.250928,0.967989,-0.201091,1.327986,47.8486,-995,0,0,0.5,0.5,0.5,0.5,1,0.998262,Invalid
33:33.7,816,9.4677,-0.201553,1.227751,47.55432,345.4712,359.6908,356.3409,0,0,0,-0.201553,1.227751,47.55432,-0.005224,0.250866,0.968008,-0.203641,1.328014,47.9412,-995,0,0,0.5,0.5,0.5,0.5,1,0.998262,Invalid
33:33.7,817,9.4788,-0.204203,1.227806,47.64689,345.4804,359.7247,356.3408,0,0,0,-0.204203,1.227806,47.64689,-0.004651,0.250711,0.968051,-0.206062,1.328007,48.03379,-995,0,0,0.5,0.5,0.5,0.5,1,0.99911,Invalid
33:33.7,818,9.4907,-0.206823,1.227829,47.73943,345.4647,359.754,356.3377,0,0,0,-0.206823,1.227829,47.73943,-0.004156,0.250977,0.967984,-0.208485,1.328152,48.12637,-995,0,0,0.5,0.5,0.5,0.5,1,0.99911,Invalid
33:33.7,819,9.5013,-0.209381,1.227828,47.83197,345.4352,359.7851,356.3344,0,0,0,-0.209381,1.227828,47.83197,-0.003631,0.251475,0.967857,-0.210833,1.328374,48.21894,-995,0,0,0.5,0.5,0.5,0.5,1,0.99943,Invalid
33:33.8,820,9.5126,-0.21188,1.227862,47.92448,345.4315,359.8181,356.3358,0,0,0,-0.21188,1.227862,47.92448,-0.003072,0.251537,0.967843,-0.213108,1.328447,48.3115,-995,0,0,0.5,0.5,0.5,0.5,1,0.99943,Invalid
33:33.8,821,9.5234,-0.214352,1.227893,48.01701,345.4288,359.8446,356.3363,0,0,0,-0.214352,1.227893,48.01701,-0.002625,0.251582,0.967832,-0.215402,1.328506,48.40406,-995,0,0,0.5,0.5,0.5,0.5,1,0.999708,Invalid
33:33.8,822,9.5348,-0.216785,1.227874,48.10953,345.4007,359.8843,356.3255,0,0,0,-0.216785,1.227874,48.10953,-0.001954,0.252057,0.96771,-0.217567,1.328699,48.49662,-995,0,0,0.5,0.5,0.5,0.5,1,0.999708,Invalid
33:33.8,823,9.5457,-0.219124,1.227887,48.20203,345.3873,359.9054,356.3192,0,0,0,-0.219124,1.227887,48.20203,-0.001598,0.252284,0.967652,-0.219763,1.328819,48.58916,-995,0,0,0.5,0.5,0.5,0.5,1,0.999708,Invalid
33:33.8,824,9.5567,-0.221468,1.227917,48.29453,345.3757,359.9418,356.3078,0,0,0,-0.221468,1.227917,48.29453,-0.000983,0.25248,0.967602,-0.221861,1.328943,48.6817,-995,0,0,0.5,0.5,0.5,0.5,1,0.999851,Invalid
33:33.8,825,9.568,-0.223742,1.227972,48.38703,345.3705,359.9693,356.3076,0,0,0,-0.223742,1.227972,48.38703,-0.000519,0.252567,0.967579,-0.223949,1.329043,48.77423,-995,0,0,0.5,0.5,0.5,0.5,1,0.999851,Invalid
33:33.8,826,9.5789,-0.226013,1.228024,48.47953,345.3723,0.020613,356.2958,0,0,0,-0.226013,1.228024,48.47953,0.000348,0.252536,0.967587,-0.225874,1.329087,48.86675,-995,0,0,0.5,0.5,0.5,0.5,1,0.999851,Invalid
33:33.8,827,9.5897,-0.228184,1.228032,48.572,345.3648,0.052022,356.3055,0,0,0,-0.228184,1.228032,48.572,0.000878,0.252664,0.967554,-0.227832,1.329163,48.95927,-995,0,0,0.5,0.5,0.5,0.5,1,0.999939,Invalid
33:33.8,828,9.601,-0.230326,1.22804,48.66447,345.3454,0.078336,356.2953,0,0,0,-0.230326,1.22804,48.66447,0.001323,0.252992,0.967468,-0.229796,1.329321,49.05178,-995,0,0,0.5,0.5,0.5,0.5,1,0.999939,Invalid
33:33.9,829,9.6125,-0.232441,1.228054,48.75695,345.3413,0.131635,356.2901,0,0,0,-0.232441,1.228054,48.75695,0.002223,0.25306,0.967448,-0.231551,1.329372,49.14428,-995,0,0,0.5,0.5,0.5,0.5,1,0.999939,Invalid
33:33.9,830,9.6238,-0.234524,1.228073,48.84942,345.3332,0.16321,356.3098,0,0,0,-0.234524,1.228073,48.84942,0.002756,0.253197,0.967411,-0.233421,1.329454,49.23678,-995,0,0,0.5,0.5,0.5,0.5,1,0.999969,Invalid
33:33.9,831,9.6345,-0.236563,1.22811,48.94189,345.3299,0.192404,356.3247,0,0,0,-0.236563,1.22811,48.94189,0.003249,0.253253,0.967395,-0.235262,1.329521,49.32926,-995,0,0,0.5,0.5,0.5,0.5,1,0.999969,Invalid
33:33.9,832,9.6455,-0.238529,1.228123,49.03433,345.3196,0.226404,356.3334,0,0,0,-0.238529,1.228123,49.03433,0.003822,0.253426,0.967347,-0.236999,1.329616,49.42174,-995,0,0,0.5,0.5,0.5,0.5,1,0.999969,Invalid
33:33.9,833,9.6567,-0.240479,1.228157,49.12679,345.3249,0.251524,356.3294,0,0,0,-0.240479,1.228157,49.12679,0.004247,0.253337,0.967369,-0.238778,1.329616,49.51421,-995,0,0,0.5,0.5,0.5,0.5,1,0.999987,Invalid
33:33.9,834,9.668,-0.242413,1.228115,49.21923,345.2921,0.300646,356.317,0,0,0,-0.242413,1.228115,49.21923,0.005075,0.253891,0.967219,-0.24038,1.329818,49.60667,-995,0,0,0.5,0.5,0.5,0.5,1,0.999987,Invalid
33:33.9,835,9.6788,-0.244268,1.228092,49.31167,345.3055,0.33446,356.3115,0,0,0,-0.244268,1.228092,49.31167,0.005646,0.253665,0.967276,-0.242007,1.329702,49.69913,-995,0,0,0.5,0.5,0.5,0.5,1,0.999993,Invalid
33:33.9,836,9.69,-0.2461,1.22806,49.40408,345.291,0.366364,356.3052,0,0,0,-0.2461,1.22806,49.40408,0.006185,0.25391,0.967208,-0.243622,1.329785,49.79158,-995,0,0,0.5,0.5,0.5,0.5,1,0.999993,Invalid
33:33.9,837,9.7026,-0.2479,1.228092,49.4965,345.3214,0.389062,356.3141,0,0,0,-0.2479,1.228092,49.4965,0.006569,0.253396,0.96734,-0.245269,1.329603,49.88402,-995,0,0,0.5,0.5,0.5,0.5,1,0.999996,Invalid
33:34.0,838,9.7144,-0.249649,1.228071,49.5889,345.3255,0.40923,356.3126,0,0,0,-0.249649,1.228071,49.5889,0.006909,0.253327,0.967356,-0.246881,1.329563,49.97646,-995,0,0,0.5,0.5,0.5,0.5,1,0.999996,Invalid
33:34.0,839,9.7249,-0.251383,1.228077,49.6813,345.3294,0.428301,356.3189,0,0,0,-0.251383,1.228077,49.6813,0.007231,0.253261,0.967371,-0.248486,1.329547,50.06888,-995,0,0,0.5,0.5,0.5,0.5,1,0.999998,Invalid
33:34.0,840,9.7345,-0.253079,1.228116,49.77371,345.336,0.438482,356.3302,0,0,0,-0.253079,1.228116,49.77371,0.007404,0.253149,0.967399,-0.250112,1.32954,50.1613,-995,0,0,0.5,0.5,0.5,0.5,1,0.999998,Invalid
33:34.0,841,9.7455,-0.254728,1.228139,49.8661,345.3342,0.452618,356.3265,0,0,0,-0.254728,1.228139,49.8661,0.007642,0.25318,0.967389,-0.251666,1.329582,50.25371,-995,0,0,0.5,0.5,0.5,0.5,1,0.999998,Invalid
33:34.0,842,9.7565,-0.256353,1.228148,49.95849,345.313,0.465346,356.3322,0,0,0,-0.256353,1.228148,49.95849,0.007856,0.253539,0.967293,-0.253205,1.329747,50.34611,-995,0,0,0.5,0.5,0.5,0.5,1,0.902999,Invalid
33:34.0,843,9.7698,-0.257938,1.228161,50.05088,345.3152,0.474373,356.3282,0,0,0,-0.257938,1.228161,50.05088,0.008009,0.253501,0.967302,-0.254729,1.329746,50.4385,-995,0,0,0.5,0.5,0.5,0.5,1,0.902999,Invalid
33:34.0,844,9.7794,-0.259499,1.228152,50.14325,345.3095,0.489861,356.3309,0,0,0,-0.259499,1.228152,50.14325,0.00827,0.253597,0.967275,-0.256185,1.329781,50.53089,-995,0,0,0.5,0.5,0.5,0.5,1,0.902999,Invalid
33:34.0,845,9.79,-0.261005,1.228173,50.23562,345.3107,0.498266,356.3353,0,0,0,-0.261005,1.228173,50.23562,0.008412,0.253577,0.967279,-0.257634,1.329796,50.62326,-995,0,0,0.5,0.5,0.5,0.5,0.95315,0.781306,Invalid
33:34.0,846,9.8015,-0.262478,1.228169,50.32797,345.2918,0.511677,356.3315,0,0,0,-0.262478,1.228169,50.32797,0.008638,0.253897,0.967193,-0.259016,1.329936,50.71564,-995,0,0,0.5,0.5,0.5,0.5,0.95315,0.781306,Invalid
33:34.1,847,9.8123,-0.263887,1.228189,50.4203,345.3126,0.530011,356.3304,0,0,0,-0.263887,1.228189,50.4203,0.008948,0.253545,0.967282,-0.260301,1.329813,50.808,-995,0,0,0.5,0.5,0.5,0.5,0.95315,0.812726,Invalid
33:34.1,848,9.8235,-0.265278,1.228249,50.51264,345.3252,0.535329,356.3368,0,0,0,-0.265278,1.228249,50.51264,0.009038,0.253333,0.967337,-0.261655,1.329787,50.90035,-995,0,0,0.5,0.5,0.5,0.5,0.95315,0.812726,Invalid
33:34.1,849,9.8355,-0.266626,1.228185,50.60497,345.2905,0.554763,356.3494,0,0,0,-0.266626,1.228185,50.60497,0.009365,0.253918,0.967181,-0.262872,1.329976,50.9927,-995,0,0,0.5,0.5,0.5,0.5,0.976013,0.812726,Invalid
33:34.1,850,9.8459,-0.267906,1.22817,50.69732,345.2953,0.564639,356.3699,0,0,0,-0.267906,1.22817,50.69732,0.009532,0.253837,0.9672,-0.264085,1.329925,51.08504,-995,0,0,0.5,0.5,0.5,0.5,0.976013,0.812726,Invalid
33:34.1,851,9.8567,-0.269152,1.228176,50.78965,345.2747,0.577029,356.3715,0,0,0,-0.269152,1.228176,50.78965,0.00974,0.254185,0.967107,-0.265247,1.330082,51.17738,-995,0,0,0.5,0.5,0.5,0.5,0.976013,0.812726,Invalid
33:34.1,852,9.8678,-0.270367,1.228216,50.88198,345.2721,0.591904,356.3784,0,0,0,-0.270367,1.228216,50.88198,0.009991,0.254229,0.967093,-0.266361,1.33014,51.2697,-995,0,0,0.5,0.5,0.5,0.5,0.987719,0.904116,Invalid
33:34.1,853,9.8788,-0.271521,1.228191,50.97431,345.2438,0.605082,356.3933,0,0,0,-0.271521,1.228191,50.97431,0.010212,0.254706,0.966965,-0.267426,1.330317,51.36202,-995,0,0,0.5,0.5,0.5,0.5,0.987719,0.904116,Invalid
33:34.1,854,9.89,-0.27265,1.228262,51.06662,345.2463,0.626734,356.3795,0,0,0,-0.27265,1.228262,51.06662,0.010578,0.254664,0.966972,-0.268409,1.330371,51.45433,-995,0,0,0.5,0.5,0.5,0.5,0.987719,0.904116,Invalid
33:34.1,855,9.901,-0.273724,1.228264,51.15891,345.2427,0.647468,356.3691,0,0,0,-0.273724,1.228264,51.15891,0.010927,0.254725,0.966952,-0.269342,1.330402,51.54663,-995,0,0,0.5,0.5,0.5,0.5,0.993712,0.950907,Invalid
33:34.2,856,9.9132,-0.27474,1.228271,51.25119,345.2465,0.677239,356.341,0,0,0,-0.27474,1.228271,51.25119,0.01143,0.254661,0.966963,-0.270157,1.330385,51.63893,-995,0,0,0.5,0.5,0.5,0.5,0.993712,0.950907,Invalid
33:34.2,857,9.9233,-0.275724,1.22827,51.34346,345.2446,0.712446,356.3261,0,0,0,-0.275724,1.22827,51.34346,0.012024,0.254693,0.966947,-0.270903,1.330403,51.73121,-995,0,0,0.5,0.5,0.5,0.5,0.993712,0.950907,Invalid
33:34.2,858,9.9345,-0.276676,1.228287,51.43573,345.261,0.746817,356.3168,0,0,0,-0.276676,1.228287,51.43573,0.012605,0.254417,0.967013,-0.271622,1.330307,51.8235,-995,0,0,0.5,0.5,0.5,0.5,0.997424,0.979892,Invalid
33:34.2,859,9.9455,-0.277567,1.228263,51.52797,345.2763,0.784384,356.3102,0,0,0,-0.277567,1.228263,51.52797,0.01324,0.254158,0.967072,-0.272258,1.330182,51.91577,-995,0,0,0.5,0.5,0.5,0.5,0.998352,0.987131,Invalid
33:34.2,860,9.957,-0.278435,1.228251,51.6202,345.2962,0.810239,356.3002,0,0,0,-0.278435,1.228251,51.6202,0.013678,0.253822,0.967154,-0.27295,1.330035,52.00804,-995,0,0,0.5,0.5,0.5,0.5,0.998352,0.987131,Invalid
33:34.2,861,9.9678,-0.279265,1.228232,51.71242,345.3179,0.835822,356.2986,0,0,0,-0.279265,1.228232,51.71242,0.014111,0.253456,0.967244,-0.273606,1.329871,52.1003,-995,0,0,0.5,0.5,0.5,0.5,0.998352,0.987131,Invalid
33:34.2,862,9.9794,-0.28005,1.228208,51.80464,345.3419,0.863975,356.2859,0,0,0,-0.28005,1.228208,51.80464,0.014588,0.25305,0.967343,-0.274201,1.329682,52.19255,-995,0,0,0.5,0.5,0.5,0.5,0.999156,0.993411,Invalid
33:34.2,863,9.9901,-0.280813,1.228182,51.89685,345.3485,0.904412,356.2792,0,0,0,-0.280813,1.228182,51.89685,0.015271,0.252939,0.967362,-0.274689,1.329618,52.28479,-995,0,0,0.5,0.5,0.5,0.5,0.999156,0.993411,Invalid
33:34.2,864,10.001,-0.281529,1.228161,51.98904,345.3425,0.939301,356.2847,0,0,0,-0.281529,1.228161,51.98904,0.01586,0.25304,0.967326,-0.275167,1.329651,52.37702,-995,0,0,0.5,0.5,0.5,0.5,0.999156,0.993411,Invalid
33:34.3,865,10.0125,-0.282204,1.228157,52.08123,345.3378,0.97435,356.2965,0,0,0,-0.282204,1.228157,52.08123,0.016451,0.25312,0.967295,-0.275605,1.329692,52.46925,-995,0,0,0.5,0.5,0.5,0.5,0.999568,0.996626,Invalid
33:34.3,866,10.0234,-0.282847,1.228171,52.17343,345.3256,1.002896,356.3062,0,0,0,-0.282847,1.228171,52.17343,0.016932,0.253326,0.967233,-0.276054,1.329802,52.56147,-995,0,0,0.5,0.5,0.5,0.5,0.999568,0.996626,Invalid
33:34.3,867,10.0345,-0.283444,1.228194,52.2656,345.3195,1.026463,356.3051,0,0,0,-0.283444,1.228194,52.2656,0.017329,0.253429,0.967199,-0.27649,1.32988,52.65368,-995,0,0,0.5,0.5,0.5,0.5,0.999823,0.998618,Invalid
33:34.3,868,10.0461,-0.284006,1.228222,52.35776,345.3209,1.054154,356.3188,0,0,0,-0.284006,1.228222,52.35776,0.017797,0.253406,0.967196,-0.276865,1.329909,52.74588,-995,0,0,0.5,0.5,0.5,0.5,0.999823,0.998618,Invalid
33:34.3,869,10.0568,-0.284533,1.228241,52.44991,345.3141,1.075358,356.3283,0,0,0,-0.284533,1.228241,52.44991,0.018154,0.25352,0.96716,-0.277246,1.329991,52.83808,-995,0,0,0.5,0.5,0.5,0.5,0.999823,0.998618,Invalid
33:34.3,870,10.0679,-0.285025,1.228238,52.54205,345.2988,1.095085,356.3214,0,0,0,-0.285025,1.228238,52.54205,0.018486,0.253779,0.967086,-0.277604,1.330111,52.93026,-995,0,0,0.5,0.5,0.5,0.5,0.999928,0.999434,Invalid
33:34.3,871,10.0791,-0.285461,1.228224,52.6342,345.311,1.115841,356.3291,0,0,0,-0.285461,1.228224,52.6342,0.018837,0.253573,0.967133,-0.2779,1.330017,53.02244,-995,0,0,0.5,0.5,0.5,0.5,0.999928,0.999434,Invalid
33:34.3,872,10.09,-0.285877,1.228239,52.72631,345.3266,1.12953,356.3403,0,0,0,-0.285877,1.228239,52.72631,0.01907,0.253308,0.967198,-0.278222,1.329933,53.11461,-995,0,0,0.5,0.5,0.5,0.5,0.999928,0.999434,Invalid
33:34.3,873,10.1011,-0.286251,1.228253,52.8184,345.323,1.138042,356.3439,0,0,0,-0.286251,1.228253,52.8184,0.019213,0.25337,0.967179,-0.278536,1.329993,53.20677,-995,0,0,0.5,0.5,0.5,0.5,0.999963,0.99971,Invalid
33:34.4,874,10.1125,-0.286541,1.228217,52.91051,345.3095,1.141959,356.3728,0,0,0,-0.286541,1.228217,52.91051,0.019278,0.253598,0.967118,-0.278799,1.330066,53.29892,-995,0,0,0.5,0.5,0.5,0.5,0.999976,0.999815,Invalid
33:34.4,875,10.1237,-0.286852,1.228257,53.00261,345.3156,1.147674,356.3693,0,0,0,-0.286852,1.228257,53.00261,0.019375,0.253495,0.967143,-0.27907,1.330073,53.39106,-995,0,0,0.5,0.5,0.5,0.5,0.999976,0.999815,Invalid
33:34.4,876,10.1345,-0.287113,1.228276,53.09469,345.3123,1.146179,356.3763,0,0,0,-0.287113,1.228276,53.09469,0.01935,0.25355,0.967129,-0.27934,1.33013,53.4832,-995,0,0,0.5,0.5,0.5,0.5,0.999976,0.999815,Invalid
33:34.4,877,10.1459,-0.287323,1.228268,53.18676,345.2953,1.153502,356.362,0,0,0,-0.287323,1.228268,53.18676,0.019472,0.253838,0.967051,-0.279499,1.33026,53.57533,-995,0,0,0.5,0.5,0.5,0.5,0.99999,0.999924,Invalid
33:34.4,878,10.1567,-0.287495,1.228328,53.27883,345.3007,1.146923,356.3644,0,0,0,-0.287495,1.228328,53.27883,0.019361,0.253746,0.967077,-0.279715,1.330295,53.66745,-995,0,0,0.5,0.5,0.5,0.5,0.999992,0.999939,Invalid
33:34.4,879,10.1681,-0.287643,1.228333,53.37088,345.2803,1.157885,356.3579,0,0,0,-0.287643,1.228333,53.37088,0.019544,0.25409,0.966983,-0.279788,1.330465,53.75956,-995,0,0,0.5,0.5,0.5,0.5,0.999992,0.999939,Invalid
33:34.4,880,10.179,-0.287739,1.228305,53.46292,345.277,1.166492,356.3511,0,0,0,-0.287739,1.228305,53.46292,0.019689,0.254146,0.966966,-0.279823,1.33048,53.85167,-995,0,0,0.5,0.5,0.5,0.5,0.999992,0.999939,Invalid
33:34.4,881,10.1903,-0.287796,1.22832,53.55494,345.2638,1.168251,356.355,0,0,0,-0.287796,1.22832,53.55494,0.019718,0.254369,0.966906,-0.279867,1.330611,53.94377,-995,0,0,0.5,0.5,0.5,0.5,0.999997,0.999975,Invalid
33:34.4,882,10.2011,-0.287825,1.228355,53.64696,345.2661,1.174404,356.355,0,0,0,-0.287825,1.228355,53.64696,0.019822,0.254329,0.966915,-0.279852,1.330648,54.03585,-995,0,0,0.5,0.5,0.5,0.5,0.999997,0.999975,Invalid
33:34.5,883,10.2123,-0.287771,1.228364,53.73892,345.2735,1.180173,356.3672,0,0,0,-0.287771,1.228364,53.73892,0.01992,0.254206,0.966945,-0.279757,1.330635,54.12793,-995,0,0,0.5,0.5,0.5,0.5,0.999998,0.999984,Invalid
33:34.5,884,10.2231,-0.287695,1.228361,53.83091,345.2502,1.187483,356.3576,0,0,0,-0.287695,1.228361,53.83091,0.020041,0.254599,0.966839,-0.27963,1.330823,54.22001,-995,0,0,0.5,0.5,0.5,0.5,0.999998,0.999984,Invalid
33:34.5,885,10.2346,-0.287624,1.22832,53.9229,345.2016,1.230099,356.3393,0,0,0,-0.287624,1.22832,53.9229,0.020756,0.255418,0.966608,-0.279268,1.331154,54.31207,-995,0,0,0.5,0.5,0.5,0.5,0.999999,0.999992,Invalid
33:34.5,886,10.2462,-0.287426,1.228401,54.01489,345.2242,1.232003,356.3578,0,0,0,-0.287426,1.228401,54.01489,0.02079,0.255037,0.966708,-0.279055,1.33109,54.40413,-995,0,0,0.5,0.5,0.5,0.5,0.999999,0.999992,Invalid
33:34.5,887,10.2565,-0.28723,1.228445,54.10686,345.2046,1.252185,356.3537,0,0,0,-0.28723,1.228445,54.10686,0.021128,0.255369,0.966613,-0.27872,1.331296,54.49617,-995,0,0,0.5,0.5,0.5,0.5,0.999999,0.999992,Invalid
33:34.5,888,10.2681,-0.286987,1.228515,54.19884,345.2061,1.278873,356.3502,0,0,0,-0.286987,1.228515,54.19884,0.021579,0.255343,0.96661,-0.278295,1.331373,54.58821,-995,0,0,0.5,0.5,0.5,0.5,1,0.999997,Invalid
33:34.5,889,10.2788,-0.286709,1.228486,54.29079,345.1724,1.309947,356.3456,0,0,0,-0.286709,1.228486,54.29079,0.0221,0.255912,0.966447,-0.277803,1.331613,54.68025,-995,0,0,0.5,0.5,0.5,0.5,1,0.999997,Invalid
33:34.5,890,10.29,-0.28639,1.228525,54.38273,345.1663,1.344672,356.3395,0,0,0,-0.28639,1.228525,54.38273,0.022685,0.256015,0.966407,-0.277247,1.33172,54.77227,-995,0,0,0.5,0.5,0.5,0.5,1,0.999997,Invalid
33:34.5,891,10.3016,-0.286028,1.228582,54.47466,345.1825,1.373937,356.3376,0,0,0,-0.286028,1.228582,54.47466,0.02318,0.255742,0.966467,-0.276683,1.331682,54.86428,-995,0,0,0.5,0.5,0.5,0.5,1,0.999997,Invalid
33:34.6,892,10.3124,-0.285646,1.228552,54.56655,345.1729,1.417594,356.3318,0,0,0,-0.285646,1.228552,54.56655,0.023915,0.255903,0.966407,-0.276002,1.331754,54.95629,-995,0,0,0.5,0.5,0.5,0.5,1,0.999999,Invalid
33:34.6,893,10.3234,-0.285212,1.228547,54.65844,345.1629,1.453157,356.336,0,0,0,-0.285212,1.228547,54.65844,0.024514,0.256072,0.966347,-0.275322,1.331851,55.04829,-995,0,0,0.5,0.5,0.5,0.5,1,0.999999,Invalid
33:34.6,894,10.3345,-0.284754,1.228589,54.75035,345.1656,1.496672,356.3295,0,0,0,-0.284754,1.228589,54.75035,0.025248,0.256027,0.96634,-0.274566,1.331897,55.14027,-995,0,0,0.5,0.5,0.5,0.5,1,0.999999,Invalid
33:34.6,895,10.3453,-0.284237,1.22857,54.84224,345.1428,1.541412,356.3297,0,0,0,-0.284237,1.22857,54.84224,0.026,0.256411,0.966218,-0.273742,1.332071,55.23226,-995,0,0,0.5,0.5,0.5,0.5,1,1,Invalid
33:34.6,896,10.3568,-0.283676,1.228611,54.93411,345.1287,1.581114,356.3253,0,0,0,-0.283676,1.228611,54.93411,0.026668,0.256649,0.966137,-0.272908,1.332244,55.32423,-995,0,0,0.5,0.5,0.5,0.5,1,1,Invalid
33:34.6,897,10.3681,-0.283096,1.228648,55.02599,345.1208,1.626366,356.3362,0,0,0,-0.283096,1.228648,55.02599,0.02743,0.256783,0.96608,-0.272018,1.332362,55.41619,-995,0,0,0.5,0.5,0.5,0.5,1,1,Invalid
33:34.6,898,10.3792,-0.28249,1.228642,55.11784,345.0977,1.673317,356.3392,0,0,0,-0.28249,1.228642,55.11784,0.028219,0.257171,0.965954,-0.271088,1.332556,55.50814,-995,0,0,0.5,0.5,0.5,0.5,1,1,Invalid
33:34.6,899,10.3898,-0.281822,1.22867,55.20969,345.078,1.711861,356.3466,0,0,0,-0.281822,1.22867,55.20969,0.028866,0.257503,0.965846,-0.270155,1.332754,55.60009,-995,0,0,0.5,0.5,0.5,0.5,1,1,Invalid
33:34.6,900,10.4013,-0.281128,1.228715,55.30155,345.0649,1.758997,356.339,0,0,0,-0.281128,1.228715,55.30155,0.029659,0.257725,0.965763,-0.269137,1.332918,55.69203,-995,0,0,0.5,0.5,0.5,0.5,1,1,Invalid
33:34.7,901,10.4122,-0.280407,1.228733,55.3934,345.037,1.813891,356.3289,0,0,0,-0.280407,1.228733,55.3934,0.03058,0.258194,0.965609,-0.268039,1.333163,55.78395,-995,0,0,0.5,0.5,0.5,0.5,1,1,Invalid
33:34.7,902,10.4233,-0.279631,1.22878,55.48524,345.0358,1.858359,356.3261,0,0,0,-0.279631,1.22878,55.48524,0.031329,0.258216,0.965579,-0.266956,1.333242,55.87587,-995,0,0,0.5,0.5,0.5,0.5,1,1,Invalid
33:34.7,903,10.4345,-0.278818,1.228819,55.57708,345.0281,1.916903,356.3152,0,0,0,-0.278818,1.228819,55.57708,0.032314,0.258345,0.965512,-0.265742,1.333361,55.96779,-995,0,0,0.5,0.5,0.5,0.5,1,1,Invalid
33:34.7,904,10.4458,-0.277927,1.228845,55.66891,345.0119,1.97202,356.3073,0,0,0,-0.277927,1.228845,55.66891,0.033241,0.258619,0.965407,-0.264472,1.33353,56.05969,-995,0,0,0.5,0.5,0.5,0.5,1,1,Invalid
33:34.7,905,10.4572,-0.277012,1.228875,55.76073,344.9712,2.042912,356.2968,0,0,0,-0.277012,1.228875,55.76073,0.034429,0.259305,0.965182,-0.26307,1.333881,56.15158,-995,0,0,0.5,0.5,0.5,0.5,1,1,Invalid
33:34.7,906,10.4686,-0.276026,1.228928,55.85255,344.9487,2.128781,356.2929,0,0,0,-0.276026,1.228928,55.85255,0.035871,0.259684,0.965027,-0.261495,1.33412,56.24347,-995,0,0,0.5,0.5,0.5,0.5,1,1,Invalid
33:34.7,907,10.4795,-0.274929,1.228958,55.94436,344.9133,2.266,356.2961,0,0,0,-0.274929,1.228958,55.94436,0.038176,0.260281,0.964778,-0.259458,1.334436,56.33533,-995,0,0,0.5,0.5,0.5,0.5,1,1,Invalid
33:34.7,908,10.4906,-0.273764,1.229002,56.03616,344.8904,2.435495,356.3219,0,0,0,-0.273764,1.229002,56.03616,0.041026,0.260667,0.964557,-0.257132,1.334676,56.42719,-995,0,0,0.5,0.5,0.5,0.5,1,1,Invalid
33:34.7,909,10.5013,-0.272469,1.229039,56.12791,344.8576,2.680458,356.3369,0,0,0,-0.272469,1.229039,56.12791,0.045142,0.261219,0.964224,-0.254158,1.334995,56.51902,-995,0,0,0.5,0.5,0.5,0.5,1,1,Invalid
33:34.8,910,10.5123,-0.271048,1.229107,56.2197,344.8836,2.967971,356.3221,0,0,0,-0.271048,1.229107,56.2197,0.049986,0.260781,0.964103,-0.250768,1.33491,56.61086,-995,0,0,0.5,0.5,0.5,0.5,1,1,Invalid
33:34.8,911,10.5238,-0.269646,1.229095,56.31145,344.875,3.242578,356.3542,0,0,0,-0.269646,1.229095,56.31145,0.054604,0.260926,0.963813,-0.247481,1.335007,56.70267,-995,0,0,0.5,0.5,0.5,0.5,1,1,Invalid
33:34.8,912,10.5345,-0.268185,1.229093,56.40319,344.8907,3.5051,356.3846,0,0,0,-0.268185,1.229093,56.40319,0.059024,0.260661,0.963624,-0.244217,1.334938,56.79448,-995,0,0,0.5,0.5,0.5,0.5,1,1,Invalid
33:34.8,913,10.5457,-0.26668,1.229012,56.49492,344.955,3.842444,356.355,0,0,0,-0.26668,1.229012,56.49492,0.064716,0.259578,0.963551,-0.240394,1.334444,56.88628,-995,0,0,0.5,0.5,0.5,0.5,1,1,Invalid
33:34.8,914,10.5568,-0.26508,1.22898,56.58664,344.9712,4.152184,356.314,0,0,0,-0.26508,1.22898,56.58664,0.069929,0.259304,0.963261,-0.236663,1.33435,56.97807,-995,0,0,0.5,0.5,0.5,0.5,1,1,Invalid
33:34.8,915,10.5678,-0.263481,1.228968,56.67836,345.0089,4.449343,356.3745,0,0,0,-0.263481,1.228968,56.67836,0.074937,0.25867,0.963055,-0.233019,1.334119,57.06984,-995,0,0,0.5,0.5,0.5,0.5,1,1,Invalid
33:34.8,916,10.5789,-0.261747,1.22887,56.77007,345.0667,4.811447,356.3474,0,0,0,-0.261747,1.22887,56.77007,0.081044,0.257695,0.962822,-0.22879,1.333663,57.16161,-995,0,0,0.5,0.5,0.5,0.5,1,1,Invalid
33:34.8,917,10.5898,-0.259998,1.228797,56.86178,345.1103,5.19412,356.3227,0,0,0,-0.259998,1.228797,56.86178,0.087491,0.25696,0.962454,-0.224403,1.33334,57.25335,-995,0,0,0.5,0.5,0.5,0.5,1,1,Invalid
33:34.8,918,10.6017,-0.258171,1.228723,56.95348,345.1348,5.578283,356.3597,0,0,0,-0.258171,1.228723,56.95348,0.093952,0.256546,0.961955,-0.219923,1.333163,57.34509,-995,0,0,0.5,0.5,0.5,0.5,1,1,Invalid
33:34.9,919,10.6123,-0.256218,1.228665,57.04516,345.1997,6.006995,356.3699,0,0,0,-0.256218,1.228665,57.04516,0.101178,0.255451,0.961513,-0.215006,1.332715,57.43681,-995,0,0,0.5,0.5,0.5,0.5,1,1,Invalid
33:34.9,920,10.6236,-0.254252,1.228605,57.13684,345.2424,6.42603,356.3846,0,0,0,-0.254252,1.228605,57.13684,0.108228,0.25473,0.960937,-0.210138,1.332433,57.52851,-995,0,0,0.5,0.5,0.5,0.5,1,1,Invalid
33:34.9,921,10.6346,-0.252276,1.228544,57.22853,345.2795,6.81728,356.3943,0,0,0,-0.252276,1.228544,57.22853,0.114807,0.254104,0.960339,-0.205451,1.332182,57.62021,-995,0,0,0.5,0.5,0.5,0.5,1,1,Invalid
33:34.9,922,10.6457,-0.250231,1.228491,57.3202,345.3173,7.233873,356.3912,0,0,0,-0.250231,1.228491,57.3202,0.121808,0.253466,0.959645,-0.200512,1.33195,57.7119,-995,0,0,0.5,0.5,0.5,0.5,1,1,Invalid
33:34.9,923,10.6571,-0.248167,1.228464,57.41186,345.3728,7.63597,356.3962,0,0,0,-0.248167,1.228464,57.41186,0.128572,0.252528,0.959009,-0.195651,1.331611,57.80358,-995,0,0,0.5,0.5,0.5,0.5,1,1,Invalid
33:34.9,924,10.668,-0.246046,1.228411,57.50351,345.3952,8.059896,356.38,0,0,0,-0.246046,1.228411,57.50351,0.135678,0.25215,0.958129,-0.190575,1.331501,57.89523,-995,0,0,0.5,0.5,0.5,0.5,1,1,Invalid
33:34.9,925,10.6788,-0.2439,1.228385,57.59516,345.4408,8.477061,356.3456,0,0,0,-0.2439,1.228385,57.59516,0.14268,0.25138,0.957314,-0.185517,1.331248,57.98689,-995,0,0,0.5,0.5,0.5,0.5,1,1,Invalid
33:34.9,926,10.6901,-0.241882,1.228332,57.68681,345.4457,8.750758,356.3745,0,0,0,-0.241882,1.228332,57.68681,0.147254,0.251297,0.956643,-0.181582,1.331237,58.07855,-995,0,0,0.5,0.5,0.5,0.5,1,1,Invalid
33:34.9,927,10.7014,-0.239685,1.228285,57.77842,345.4962,9.169814,356.3112,0,0,0,-0.239685,1.228285,57.77842,0.154282,0.250445,0.955759,-0.176447,1.330938,58.17017,-995,0,0,0.5,0.5,0.5,0.5,1,1,Invalid
33:35.0,928,10.7123,-0.237425,1.228277,57.87004,345.5328,9.558307,356.3627,0,0,0,-0.237425,1.228277,57.87004,0.160786,0.249825,0.954848,-0.171458,1.330775,58.26179,-995,0,0,0.5,0.5,0.5,0.5,1,1,Invalid
33:35.0,929,10.7235,-0.235157,1.228181,57.96162,345.5784,9.973732,356.2843,0,0,0,-0.235157,1.228181,57.96162,0.167739,0.249054,0.953853,-0.166262,1.330475,58.3534,-995,0,0,0.5,0.5,0.5,0.5,1,1,Invalid
33:35.0,930,10.7344,-0.232853,1.228128,58.0532,345.6217,10.35058,356.3169,0,0,0,-0.232853,1.228128,58.0532,0.174043,0.248323,0.952914,-0.161293,1.330228,58.445,-995,0,0,0.5,0.5,0.5,0.5,1,1,Invalid
33:35.0,931,10.7455,-0.230518,1.228078,58.14479,345.6633,10.70458,356.3099,0,0,0,-0.230518,1.228078,58.14479,0.179961,0.24762,0.951997,-0.156454,1.329989,58.53659,-995,0,0,0.5,0.5,0.5,0.5,1,1,Invalid
33:35.0,932,10.7568,-0.228285,1.228038,58.23639,345.6776,10.96708,356.3877,0,0,0,-0.228285,1.228038,58.23639,0.184332,0.247378,0.951223,-0.152362,1.329929,58.62819,-995,0,0,0.5,0.5,0.5,0.5,1,1,Invalid
33:35.0,933,10.769,-0.225918,1.227974,58.32795,345.7104,11.31659,356.2817,0,0,0,-0.225918,1.227974,58.32795,0.190159,0.246824,0.95022,-0.147511,1.329746,58.71975,-995,0,0,0.5,0.5,0.5,0.5,1,1,Invalid
33:35.0,934,10.7813,-0.223352,1.227916,58.41947,345.7527,11.77574,356.2506,0,0,0,-0.223352,1.227916,58.41947,0.197805,0.246107,0.948844,-0.14167,1.329545,58.81129,-995,0,0,0.5,0.5,0.5,0.5,1,1,Invalid
33:35.0,935,10.7903,-0.22105,1.227865,58.51103,345.765,12.00857,356.2658,0,0,0,-0.22105,1.227865,58.51103,0.20167,0.245899,0.948084,-0.137704,1.329491,58.90286,-995,0,0,0.5,0.5,0.5,0.5,1,1,Invalid
33:35.0,936,10.8012,-0.218622,1.227811,58.60257,345.783,12.30133,356.2685,0,0,0,-0.218622,1.227811,58.60257,0.206528,0.245595,0.947116,-0.133179,1.329418,58.9944,-995,0,0,0.5,0.5,0.5,0.5,1,1,Invalid
33:35.1,937,10.8121,-0.216198,1.227788,58.6941,345.8245,12.56147,356.2335,0,0,0,-0.216198,1.227788,58.6941,0.210865,0.244893,0.946342,-0.128888,1.329188,59.08594,-995,0,0,0.5,0.5,0.5,0.5,1,1,Invalid
33:35.1,938,10.8235,-0.213739,1.227706,58.78564,345.8449,12.82673,356.2165,0,0,0,-0.213739,1.227706,58.78564,0.215263,0.244547,0.945441,-0.124525,1.329057,59.17747,-995,0,0,0.5,0.5,0.5,0.5,1,1,Invalid
33:35.1,939,10.8344,-0.211287,1.227665,58.87718,345.8717,13.06762,356.2121,0,0,0,-0.211287,1.227665,58.87718,0.219262,0.244094,0.944639,-0.120341,1.328911,59.269,-995,0,0,0.5,0.5,0.5,0.5,1,1,Invalid
33:35.1,940,10.8457,-0.208807,1.227645,58.96869,345.8926,13.26854,356.202,0,0,0,-0.208807,1.227645,58.96869,0.222593,0.243741,0.943951,-0.116411,1.328819,59.36052,-995,0,0,0.5,0.5,0.5,0.5,1,1,Invalid
33:35.1,941,10.8573,-0.206347,1.227621,59.06022,345.9066,13.44507,356.2299,0,0,0,-0.206347,1.227621,59.06022,0.225515,0.243503,0.943318,-0.112678,1.328761,59.45203,-995,0,0,0.5,0.5,0.5,0.5,1,1,Invalid
33:35.1,942,10.8684,-0.203823,1.227658,59.15173,345.9262,13.61162,356.2721,0,0,0,-0.203823,1.227658,59.15173,0.228275,0.243171,0.94274,-0.108952,1.32872,59.54354,-995,0,0,0.5,0.5,0.5,0.5,1,1,Invalid
33:35.1,943,10.8793,-0.201321,1.227705,59.24323,345.9195,13.73555,356.3723,0,0,0,-0.201321,1.227705,59.24323,0.230307,0.243285,0.942216,-0.105551,1.328871,59.63504,-995,0,0,0.5,0.5,0.5,0.5,1,1,Invalid
33:35.1,944,10.89,-0.198875,1.227729,59.33474,345.908,13.82724,356.516,0,0,0,-0.198875,1.227729,59.33474,0.231803,0.243479,0.941799,-0.102443,1.329019,59.72654,-995,0,0,0.5,0.5,0.5,0.5,1,1,Invalid
33:35.1,945,10.9021,-0.196398,1.227785,59.42621,345.8731,13.87776,356.6959,0,0,0,-0.196398,1.227785,59.42621,0.232598,0.244071,0.94145,-0.099593,1.329364,59.81804,-995,0,0,0.5,0.5,0.5,0.5,1,1,Invalid
33:35.2,946,10.9123,-0.193937,1.22786,59.51769,345.8463,13.90285,356.8512,0,0,0,-0.193937,1.22786,59.51769,0.232982,0.244524,0.941237,-0.096947,1.329656,59.90953,-995,0,0,0.5,0.5,0.5,0.5,1,1,Invalid
33:35.2,947,10.9232,-0.191572,1.227955,59.60917,345.7906,13.88274,356.9966,0,0,0,-0.191572,1.227955,59.60917,0.232595,0.245466,0.941088,-0.094724,1.330162,60.00102,-995,0,0,0.5,0.5,0.5,0.5,1,1,Invalid
33:35.2,948,10.941,-0.189175,1.228044,59.70064,345.739,13.85924,357.0938,0,0,0,-0.189175,1.228044,59.70064,0.232156,0.246338,0.940968,-0.092493,1.330632,60.09251,-995,0,0,0.5,0.5,0.5,0.5,1,1,Invalid
33:35.2,949,10.9586,-0.184263,1.228131,59.8836,345.7135,13.89003,357.2049,0,0,0,-0.184263,1.228131,59.8836,0.232635,0.246771,0.940737,-0.087364,1.330919,60.27545,-995,0,0,0.5,0.5,0.5,0.5,1,1,Invalid
33:35.2,950,10.9697,-0.181892,1.228331,59.97507,345.6279,13.82589,357.3218,0,0,0,-0.181892,1.228331,59.97507,0.231494,0.248218,0.940637,-0.085459,1.331732,60.36691,-995,0,0,0.5,0.5,0.5,0.5,1,1,Invalid
33:35.2,951,10.9791,-0.179394,1.228424,60.06647,345.5603,13.78155,357.3715,0,0,0,-0.179394,1.228424,60.06647,0.230696,0.249361,0.940531,-0.083268,1.332327,60.45837,-995,0,0,0.5,0.5,0.5,0.5,1,1,Invalid
33:35.2,952,10.9915,-0.176928,1.228544,60.15791,345.4957,13.71824,357.4389,0,0,0,-0.176928,1.228544,60.15791,0.229589,0.250452,0.940512,-0.081257,1.332909,60.54982,-995,0,0,0.5,0.5,0.5,0.5,1,1,Invalid
33:35.2,953,11.0014,-0.17437,1.228618,60.24934,345.4597,13.67897,357.4769,0,0,0,-0.17437,1.228618,60.24934,0.228907,0.251061,0.940516,-0.078981,1.333238,60.64126,-995,0,0,0.5,0.5,0.5,0.5,1,1,Invalid
33:35.3,954,11.0122,-0.171782,1.228708,60.34079,345.4037,13.60178,357.5242,0,0,0,-0.171782,1.228708,60.34079,0.227582,0.252007,0.940584,-0.076954,1.333713,60.7327,-995,0,0,0.5,0.5,0.5,0.5,1,1,Invalid
33:35.3,955,11.0257,-0.169161,1.228795,60.43219,345.3655,13.54084,357.5547,0,0,0,-0.169161,1.228795,60.43219,0.226542,0.252652,0.940662,-0.074769,1.334065,60.82413,-995,0,0,0.5,0.5,0.5,0.5,1,1,Invalid
33:35.3,956,11.0351,-0.166515,1.228875,60.52358,345.3116,13.4582,357.5661,0,0,0,-0.166515,1.228875,60.52358,0.22513,0.253562,0.940757,-0.072713,1.334524,60.91555,-995,0,0,0.5,0.5,0.5,0.5,1,1,Invalid
33:35.3,957,11.0456,-0.163805,1.228973,60.61496,345.2824,13.38035,357.5601,0,0,0,-0.163805,1.228973,60.61496,0.223822,0.254054,0.940936,-0.070558,1.334816,61.00697,-995,0,0,0.5,0.5,0.5,0.5,1,1,Invalid
33:35.3,958,11.057,-0.161024,1.229024,60.70641,345.2493,13.33006,357.5638,0,0,0,-0.161024,1.229024,60.70641,0.222962,0.254614,0.940989,-0.068152,1.33508,61.09837,-995,0,0,0.5,0.5,0.5,0.5,1,1,Invalid
33:35.3,959,11.0684,-0.158234,1.229067,60.79775,345.2291,13.27627,357.5569,0,0,0,-0.158234,1.229067,60.79775,0.222058,0.254955,0.94111,-0.065737,1.335266,61.18976,-995,0,0,0.5,0.5,0.5,0.5,1,1,Invalid
33:35.3,960,11.0796,-0.155392,1.229124,60.88911,345.2176,13.22701,357.5333,0,0,0,-0.155392,1.229124,60.88911,0.221237,0.255149,0.941251,-0.063247,1.335393,61.28114,-995,0,0,0.5,0.5,0.5,0.5,1,1,Invalid
33:35.3,961,11.0903,-0.152491,1.229125,60.9805,345.1985,13.16741,357.5289,0,0,0,-0.152491,1.229125,60.9805,0.220238,0.255472,0.941398,-0.06078,1.335508,61.37252,-995,0,0,0.5,0.5,0.5,0.5,1,1,Invalid
33:35.3,962,11.1044,-0.149597,1.229144,61.07183,345.1771,13.10376,357.52,0,0,0,-0.149597,1.229144,61.07183,0.21917,0.255833,0.941549,-0.058337,1.33567,61.46389,-995,0,0,0.5,0.5,0.5,0.5,1,1,Invalid
33:35.4,963,11.1141,-0.146626,1.229161,61.16318,345.1783,13.07554,357.5139,0,0,0,-0.146626,1.229161,61.16318,0.218708,0.255813,0.941662,-0.055568,1.335667,61.55523,-995,0,0,0.5,0.5,0.5,0.5,1,1,Invalid
33:35.4,964,11.1235,-0.14361,1.229158,61.25454,345.1819,13.02207,357.498,0,0,0,-0.14361,1.229158,61.25454,0.217833,0.255751,0.941882,-0.052939,1.335612,61.64658,-995,0,0,0.5,0.5,0.5,0.5,1,1,Invalid
33:35.4,965,11.1349,-0.140581,1.229175,61.34587,345.1755,12.97706,357.4886,0,0,0,-0.140581,1.229175,61.34587,0.217086,0.255859,0.942024,-0.050233,1.335659,61.73792,-995,0,0,0.5,0.5,0.5,0.5,1,1,Invalid
33:35.4,966,11.1458,-0.137487,1.229193,61.43719,345.171,12.92828,357.4569,0,0,0,-0.137487,1.229193,61.43719,0.21628,0.255935,0.942189,-0.047488,1.335694,61.82925,-995,0,0,0.5,0.5,0.5,0.5,1,1,Invalid
33:35.4,967,11.1568,-0.134354,1.229193,61.52854,345.1635,12.89263,357.4474,0,0,0,-0.134354,1.229193,61.52854,0.215686,0.256062,0.942291,-0.044621,1.335724,61.92057,-995,0,0,0.5,0.5,0.5,0.5,1,1,Invalid
33:35.4,968,11.168,-0.131176,1.229212,61.61985,345.1716,12.85762,357.4182,0,0,0,-0.131176,1.229212,61.61985,0.215118,0.255926,0.942458,-0.041696,1.335667,62.01188,-995,0,0,0.5,0.5,0.5,0.5,1,1,Invalid
33:35.4,969,11.1789,-0.127951,1.229211,61.71116,345.1605,12.81495,357.4024,0,0,0,-0.127951,1.229211,61.71116,0.214405,0.256112,0.942569,-0.038778,1.33573,62.10318,-995,0,0,0.5,0.5,0.5,0.5,1,1,Invalid
33:35.4,970,11.19,-0.124666,1.229195,61.8025,345.1519,12.79606,357.3885,0,0,0,-0.124666,1.229195,61.8025,0.214086,0.256257,0.942603,-0.035643,1.335753,62.19446,-995,0,0,0.5,0.5,0.5,0.5,1,1,Invalid
33:35.4,971,11.2014,-0.121349,1.229186,61.89381,345.149,12.78262,357.356,0,0,0,-0.121349,1.229186,61.89381,0.213862,0.256307,0.94264,-0.032432,1.335751,62.28574,-995,0,0,0.5,0.5,0.5,0.5,1,1,Invalid
33:35.5,972,11.2124,-0.118027,1.229207,61.98512,345.1528,12.72782,357.3708,0,0,0,-0.118027,1.229207,61.98512,0.212964,0.256242,0.942861,-0.029511,1.335711,62.37701,-995,0,0,0.5,0.5,0.5,0.5,1,1,Invalid
33:35.5,973,11.2237,-0.114655,1.229187,62.07642,345.1536,12.67546,357.3629,0,0,0,-0.114655,1.229187,62.07642,0.212103,0.256229,0.943058,-0.026522,1.335655,62.46828,-995,0,0,0.5,0.5,0.5,0.5,1,1,Invalid
33:35.5,974,11.2347,-0.111248,1.229163,62.16772,345.154,12.61789,357.3485,0,0,0,-0.111248,1.229163,62.16772,0.211156,0.256223,0.943273,-0.023537,1.335595,62.55954,-995,0,0,0.5,0.5,0.5,0.5,1,1,Invalid
33:35.5,975,11.2459,-0.10784,1.229179,62.25903,345.1627,12.49385,357.3488,0,0,0,-0.10784,1.229179,62.25903,0.209122,0.256075,0.943766,-0.021026,1.335485,62.65081,-995,0,0,0.5,0.5,0.5,0.5,1,1,Invalid
33:35.5,976,11.2564,-0.104338,1.229115,62.35032,345.1712,12.44479,357.3443,0,0,0,-0.104338,1.229115,62.35032,0.208322,0.255932,0.943982,-0.017888,1.335323,62.74205,-995,0,0,0.5,0.5,0.5,0.5,1,1,Invalid
33:35.5,977,11.2677,-0.100813,1.229095,62.4416,345.1778,12.39258,357.3245,0,0,0,-0.100813,1.229095,62.4416,0.207468,0.255821,0.9442,-0.014748,1.335219,62.83329,-995,0,0,0.5,0.5,0.5,0.5,1,1,Invalid
33:35.5,978,11.2791,-0.097246,1.229073,62.53286,345.1922,12.34304,357.3089,0,0,0,-0.097246,1.229073,62.53286,0.206665,0.255577,0.944442,-0.011545,1.335057,62.92451,-995,0,0,0.5,0.5,0.5,0.5,1,1,Invalid
33:35.5,979,11.2898,-0.09366,1.229074,62.62413,345.2202,12.29954,357.2885,0,0,0,-0.09366,1.229074,62.62413,0.205974,0.255104,0.94472,-0.008283,1.334817,63.01572,-995,0,0,0.5,0.5,0.5,0.5,1,1,Invalid
33:35.5,980,11.3016,-0.090019,1.229042,62.71537,345.2238,12.23873,357.2808,0,0,0,-0.090019,1.229042,62.71537,0.204975,0.255043,0.944954,-0.005085,1.334723,63.10693,-995,0,0,0.5,0.5,0.5,0.5,1,1,Invalid
33:35.6,981,11.3121,-0.086355,1.228991,62.80662,345.2425,12.19301,357.269,0,0,0,-0.086355,1.228991,62.80662,0.204238,0.254729,0.945198,-0.00176,1.3345,63.19812,-995,0,0,0.5,0.5,0.5,0.5,1,1,Invalid
33:35.6,982,11.3235,-0.082649,1.228948,62.89787,345.2527,12.13358,357.26,0,0,0,-0.082649,1.228948,62.89787,0.203267,0.254556,0.945454,0.00151,1.334343,63.28931,-995,0,0,0.5,0.5,0.5,0.5,1,1,Invalid
33:35.6,983,11.3348,-0.078901,1.22896,62.9891,345.284,12.07463,357.2499,0,0,0,-0.078901,1.22896,62.9891,0.202324,0.254029,0.945798,0.004825,1.334083,63.3805,-995,0,0,0.5,0.5,0.5,0.5,1,1,Invalid
33:35.6,984,11.3459,-0.075108,1.228941,63.08032,345.2772,12.02109,357.2424,0,0,0,-0.075108,1.228941,63.08032,0.201434,0.254143,0.945958,0.008226,1.33408,63.47166,-995,0,0,0.5,0.5,0.5,0.5,1,1,Invalid
33:35.6,985,11.3565,-0.071272,1.228921,63.17159,345.287,11.96344,357.246,0,0,0,-0.071272,1.228921,63.17159,0.200491,0.253978,0.946202,0.011627,1.333936,63.56282,-995,0,0,0.5,0.5,0.5,0.5,1,1,Invalid
33:35.6,986,11.3681,-0.067404,1.228944,63.2628,345.3112,11.90098,357.2269,0,0,0,-0.067404,1.228944,63.2628,0.199481,0.25357,0.946525,0.015037,1.333738,63.65397,-995,0,0,0.5,0.5,0.5,0.5,1,1,Invalid
33:35.6,987,11.3795,-0.063499,1.228914,63.354,345.3018,11.83949,357.2016,0,0,0,-0.063499,1.228914,63.354,0.198457,0.253727,0.946698,0.018492,1.33374,63.74512,-995,0,0,0.5,0.5,0.5,0.5,1,1,Invalid
33:35.6,988,11.3903,-0.059582,1.228907,63.44518,345.3164,11.78623,357.1685,0,0,0,-0.059582,1.228907,63.44518,0.19759,0.253481,0.946946,0.022019,1.333589,63.83625,-995,0,0,0.5,0.5,0.5,0.5,0.945187,0.857269,Invalid
33:35.6,989,11.4014,-0.055613,1.2289,63.53635,345.324,11.72235,357.1343,0,0,0,-0.055613,1.2289,63.53635,0.196541,0.253352,0.947198,0.025526,1.333492,63.92738,-995,0,0,0.5,0.5,0.5,0.5,0.945187,0.857269,Invalid
33:35.7,990,11.4121,-0.051643,1.228899,63.6275,345.3354,11.66596,357.0971,0,0,0,-0.051643,1.228899,63.6275,0.195619,0.25316,0.94744,0.029085,1.333375,64.01849,-995,0,0,0.5,0.5,0.5,0.5,0.830241,0.557461,Invalid
33:35.7,991,11.426,-0.04764,1.228892,63.71864,345.3456,11.60788,357.0609,0,0,0,-0.04764,1.228892,63.71864,0.194667,0.252989,0.947682,0.032669,1.333262,64.1096,-995,0,0,0.5,0.5,0.5,0.5,0.830241,0.557461,Invalid
33:35.7,992,11.4357,-0.043575,1.228858,63.80978,345.3333,11.56343,357.0358,0,0,0,-0.043575,1.228858,63.80978,0.193921,0.253195,0.94778,0.036409,1.333291,64.2007,-995,0,0,0.5,0.5,0.5,0.5,0.830241,0.557461,Invalid
33:35.7,993,11.446,-0.039457,1.228915,63.90089,345.3712,11.48367,357.0136,0,0,0,-0.039457,1.228915,63.90089,0.192635,0.252556,0.948213,0.039956,1.333031,64.29179,-995,0,0,0.5,0.5,0.5,0.5,0.850629,0.682102,Invalid
33:35.7,994,11.457,-0.035322,1.228852,63.99203,345.3438,11.43617,357.001,0,0,0,-0.035322,1.228852,63.99203,0.191825,0.253019,0.948254,0.04374,1.333136,64.38286,-995,0,0,0.5,0.5,0.5,0.5,0.850629,0.682102,Invalid
33:35.7,995,11.4679,-0.031128,1.228866,64.08309,345.3345,11.42288,356.9749,0,0,0,-0.031128,1.228866,64.08309,0.191596,0.253175,0.948258,0.047837,1.33321,64.47392,-995,0,0,0.5,0.5,0.5,0.5,0.850629,0.682102,Invalid
33:35.7,996,11.4796,-0.026901,1.22889,64.17416,345.3187,11.3942,356.9527,0,0,0,-0.026901,1.22889,64.17416,0.191108,0.253442,0.948285,0.051858,1.333338,64.56496,-995,0,0,0.5,0.5,0.5,0.5,0.908373,0.788383,Invalid
33:35.7,997,11.4901,-0.022638,1.228891,64.2652,345.2781,11.37382,356.9314,0,0,0,-0.022638,1.228891,64.2652,0.190735,0.254127,0.948177,0.055975,1.333632,64.656,-995,0,0,0.5,0.5,0.5,0.5,0.908373,0.788383,Invalid
33:35.7,998,11.5016,-0.018303,1.228932,64.35622,345.2463,11.35626,356.9172,0,0,0,-0.018303,1.228932,64.35622,0.190417,0.254664,0.948097,0.060186,1.333904,64.74702,-995,0,0,0.5,0.5,0.5,0.5,0.908373,0.788383,Invalid
33:35.8,999,11.5127,-0.013926,1.228978,64.44722,345.2066,11.34947,356.9076,0,0,0,-0.013926,1.228978,64.44722,0.19027,0.255335,0.947946,0.064515,1.334242,64.83802,-995,0,0,0.5,0.5,0.5,0.5,0.941358,0.830706,Invalid
33:35.8,1000,11.5233,-0.009544,1.228996,64.5382,345.1606,11.34329,356.9069,0,0,0,-0.009544,1.228996,64.5382,0.190127,0.256111,0.947765,0.068857,1.334606,64.92902,-995,0,0,0.5,0.5,0.5,0.5,0.941358,0.830706,Invalid
33:35.8,1001,11.5346,-0.005095,1.229071,64.62918,345.1041,11.32981,356.901,0,0,0,-0.005095,1.229071,64.62918,0.189854,0.257063,0.947562,0.073214,1.3351,65.02002,-995,0,0,0.5,0.5,0.5,0.5,0.962469,0.930657,Invalid
33:35.8,1002,11.5457,-0.000618,1.229171,64.72015,345.0731,11.3172,356.8922,0,0,0,-0.000618,1.229171,64.72015,0.189618,0.257587,0.947467,0.077604,1.335431,65.111,-995,0,0,0.5,0.5,0.5,0.5,0.962469,0.930657,Invalid
33:35.8,1003,11.5568,0.00388,1.229238,64.8111,345.021,11.29448,356.9135,0,0,0,0.00388,1.229238,64.8111,0.189197,0.258465,0.947312,0.081944,1.335884,65.20197,-995,0,0,0.5,0.5,0.5,0.5,0.969976,0.944526,Invalid
33:35.8,1004,11.568,0.008425,1.229322,64.90204,344.954,11.27774,356.9095,0,0,0,0.008425,1.229322,64.90204,0.188861,0.259595,0.94707,0.086376,1.336468,65.29294,-995,0,0,0.5,0.5,0.5,0.5,0.969976,0.944526,Invalid
33:35.8,1005,11.5792,0.013016,1.229414,64.99297,344.91,11.2571,356.9072,0,0,0,0.013016,1.229414,64.99297,0.188481,0.260336,0.946943,0.090825,1.336887,65.38389,-995,0,0,0.5,0.5,0.5,0.5,0.969976,0.944526,Invalid
33:35.8,1006,11.5902,0.017605,1.229474,65.08391,344.8698,11.24203,356.9195,0,0,0,0.017605,1.229474,65.08391,0.188196,0.261013,0.946813,0.095307,1.337241,65.47483,-995,0,0,0.5,0.5,0.5,0.5,0.980784,0.964497,Invalid
33:35.8,1007,11.6012,0.022268,1.22958,65.17481,344.8455,11.22307,356.9126,0,0,0,0.022268,1.22958,65.17481,0.187861,0.261422,0.946767,0.099843,1.337531,65.56577,-995,0,0,0.5,0.5,0.5,0.5,0.980784,0.964497,Invalid
33:35.9,1008,11.6125,0.02697,1.229615,65.26569,344.7978,11.20739,356.9116,0,0,0,0.02697,1.229615,65.26569,0.18756,0.262226,0.946604,0.10444,1.337926,65.65668,-995,0,0,0.5,0.5,0.5,0.5,0.992129,0.985458,Invalid
33:35.9,1009,11.6234,0.031694,1.229597,65.35655,344.7585,11.18764,356.9021,0,0,0,0.031694,1.229597,65.35655,0.187198,0.262888,0.946492,0.109036,1.338211,65.7476,-995,0,0,0.5,0.5,0.5,0.5,0.992129,0.985458,Invalid
33:35.9,1010,11.6345,0.036463,1.229663,65.44743,344.756,11.17716,356.8912,0,0,0,0.036463,1.229663,65.44743,0.187023,0.262931,0.946515,0.113736,1.338299,65.83851,-995,0,0,0.5,0.5,0.5,0.5,0.992129,0.985458,Invalid
33:35.9,1011,11.6458,0.041277,1.229683,65.5383,344.7231,11.15951,356.8912,0,0,0,0.041277,1.229683,65.5383,0.186702,0.263485,0.946424,0.11843,1.338567,65.92941,-995,0,0,0.5,0.5,0.5,0.5,0.99597,0.992554,Invalid
33:35.9,1012,11.6576,0.046095,1.229701,65.6292,344.6907,11.13429,356.8911,0,0,0,0.046095,1.229701,65.6292,0.186257,0.26403,0.94636,0.123069,1.338816,66.02029,-995,0,0,0.5,0.5,0.5,0.5,0.99597,0.992554,Invalid
33:35.9,1013,11.6679,0.050974,1.229761,65.72007,344.6781,11.11038,356.8792,0,0,0,0.050974,1.229761,65.72007,0.185851,0.264241,0.946381,0.127779,1.338962,66.11118,-995,0,0,0.5,0.5,0.5,0.5,0.99597,0.992554,Invalid
33:35.9,1014,11.6796,0.055882,1.229779,65.81094,344.6528,11.08811,356.8716,0,0,0,0.055882,1.229779,65.81094,0.18546,0.264667,0.946338,0.132529,1.339161,66.20205,-995,0,0,0.5,0.5,0.5,0.5,0.997937,0.996188,Invalid
33:35.9,1015,11.69,0.060822,1.229824,65.9018,344.6154,11.04377,356.8728,0,0,0,0.060822,1.229824,65.9018,0.184695,0.265297,0.946312,0.137155,1.33947,66.29291,-995,0,0,0.5,0.5,0.5,0.5,0.997937,0.996188,Invalid
33:35.9,1016,11.7011,0.065823,1.229867,65.99265,344.5866,11.01166,356.8611,0,0,0,0.065823,1.229867,65.99265,0.184139,0.265781,0.946284,0.141931,1.33972,66.38377,-995,0,0,0.5,0.5,0.5,0.5,0.997937,0.996188,Invalid
33:36.0,1017,11.7122,0.070845,1.229933,66.08351,344.5939,10.99024,356.8574,0,0,0,0.070845,1.229933,66.08351,0.183792,0.265658,0.946386,0.146797,1.339716,66.4746,-995,0,0,0.5,0.5,0.5,0.5,0.998944,0.998048,Invalid
33:36.0,1018,11.7236,0.075886,1.22988,66.17435,344.557,10.97623,356.8387,0,0,0,0.075886,1.22988,66.17435,0.183528,0.266279,0.946263,0.151737,1.339933,66.56544,-995,0,0,0.5,0.5,0.5,0.5,0.998944,0.998048,Invalid
33:36.0,1019,11.7347,0.080971,1.229901,66.26519,344.5487,10.95444,356.809,0,0,0,0.080971,1.229901,66.26519,0.18316,0.26642,0.946294,0.156663,1.340001,66.65625,-995,0,0,0.5,0.5,0.5,0.5,0.998944,0.998048,Invalid
33:36.0,1020,11.7466,0.086088,1.229919,66.35603,344.5284,10.90245,356.8091,0,0,0,0.086088,1.229919,66.35603,0.182284,0.266761,0.946368,0.16141,1.340148,66.74708,-995,0,0,0.5,0.5,0.5,0.5,0.999567,0.999201,Invalid
33:36.0,1021,11.7568,0.091259,1.229885,66.44731,344.5197,10.8769,356.7864,0,0,0,0.091259,1.229885,66.44731,0.181854,0.266907,0.946409,0.16639,1.340154,66.83831,-995,0,0,0.5,0.5,0.5,0.5,0.999723,0.999488,Invalid
33:36.0,1022,11.768,0.096485,1.229887,66.53855,344.4999,10.84125,356.7643,0,0,0,0.096485,1.229887,66.53855,0.181248,0.267241,0.946431,0.171357,1.340282,66.92951,-995,0,0,0.5,0.5,0.5,0.5,0.999823,0.999673,Invalid
33:36.0,1023,11.7789,0.101727,1.229885,66.62979,344.484,10.80745,356.7273,0,0,0,0.101727,1.229885,66.62979,0.180675,0.267507,0.946465,0.176352,1.340375,67.02071,-995,0,0,0.5,0.5,0.5,0.5,0.999823,0.999673,Invalid
33:36.0,1024,11.7903,0.106993,1.229858,66.72102,344.462,10.77315,356.7071,0,0,0,0.106993,1.229858,66.72102,0.18009,0.267877,0.946472,0.181368,1.340489,67.11191,-995,0,0,0.5,0.5,0.5,0.5,0.999823,0.999673,Invalid
33:36.0,1025,11.8011,0.112312,1.229889,66.81227,344.4736,10.7262,356.6975,0,0,0,0.112312,1.229889,66.81227,0.179324,0.267682,0.946673,0.186344,1.340398,67.20309,-995,0,0,0.5,0.5,0.5,0.5,0.999927,0.999866,Invalid
33:36.1,1026,11.8129,0.117676,1.229889,66.9035,344.4693,10.68557,356.6861,0,0,0,0.117676,1.229889,66.9035,0.178649,0.267755,0.94678,0.191411,1.340401,67.29427,-995,0,0,0.5,0.5,0.5,0.5,0.999927,0.999866,Invalid
33:36.1,1027,11.8235,0.123055,1.229875,66.99471,344.4426,10.63562,356.6652,0,0,0,0.123055,1.229875,66.99471,0.177801,0.268203,0.946813,0.196429,1.340558,67.38544,-995,0,0,0.5,0.5,0.5,0.5,0.999927,0.999866,Invalid
33:36.1,1028,11.8348,0.128473,1.229881,67.08591,344.4709,10.58133,356.6734,0,0,0,0.128473,1.229881,67.08591,0.176928,0.267728,0.947111,0.201456,1.340319,67.47659,-995,0,0,0.5,0.5,0.5,0.5,0.999963,0.999931,Invalid
33:36.1,1029,11.8456,0.133938,1.229855,67.17708,344.4633,10.56703,356.6494,0,0,0,0.133938,1.229855,67.17708,0.176685,0.267855,0.94712,0.206812,1.340333,67.56773,-995,0,0,0.5,0.5,0.5,0.5,0.999963,0.999931,Invalid
33:36.1,1030,11.8567,0.139458,1.229818,67.26827,344.4781,10.51941,356.6447,0,0,0,0.139458,1.229818,67.26827,0.17591,0.267606,0.947335,0.211985,1.340152,67.65886,-995,0,0,0.5,0.5,0.5,0.5,0.999963,0.999931,Invalid
33:36.1,1031,11.8679,0.144983,1.229825,67.35945,344.5041,10.47313,356.6449,0,0,0,0.144983,1.229825,67.35945,0.175167,0.26717,0.947595,0.217175,1.339934,67.74998,-995,0,0,0.5,0.5,0.5,0.5,0.999985,0.999972,Invalid
33:36.1,1032,11.8793,0.150539,1.229779,67.45061,344.4886,10.43284,356.6386,0,0,0,0.150539,1.229779,67.45061,0.174487,0.26743,0.947647,0.22244,1.339977,67.8411,-995,0,0,0.5,0.5,0.5,0.5,0.999985,0.999972,Invalid
33:36.1,1033,11.8902,0.156136,1.229804,67.54176,344.5187,10.38462,356.6346,0,0,0,0.156136,1.229804,67.54176,0.173715,0.266924,0.947932,0.227687,1.339747,67.93221,-995,0,0,0.5,0.5,0.5,0.5,0.999985,0.999972,Invalid
33:36.1,1034,11.9013,0.161764,1.229765,67.63291,344.5142,10.34657,356.6217,0,0,0,0.161764,1.229765,67.63291,0.173082,0.266999,0.948027,0.233038,1.339713,68.0233,-995,0,0,0.5,0.5,0.5,0.5,0.999994,0.999988,Invalid
33:36.2,1035,11.9177,0.167389,1.229682,67.72408,344.5134,10.25128,356.6232,0,0,0,0.167389,1.229682,67.72408,0.171504,0.267013,0.948309,0.237982,1.339587,68.11441,-995,0,0,0.5,0.5,0.5,0.5,0.999994,0.999988,Invalid
33:36.2,1036,11.9287,0.173098,1.229666,67.81522,344.4987,10.22282,356.602,0,0,0,0.173098,1.229666,67.81522,0.171021,0.26726,0.948327,0.243477,1.33965,68.20547,-995,0,0,0.5,0.5,0.5,0.5,0.999997,0.999994,Invalid
33:36.2,1037,11.9396,0.178858,1.229657,67.90633,344.5034,10.18793,356.5917,0,0,0,0.178858,1.229657,67.90633,0.170447,0.267182,0.948452,0.248982,1.339579,68.29654,-995,0,0,0.5,0.5,0.5,0.5,0.999997,0.999994,Invalid
33:36.2,1038,11.9515,0.184654,1.229651,67.99742,344.5102,10.16456,356.584,0,0,0,0.184654,1.229651,67.99742,0.170066,0.267068,0.948553,0.254606,1.339502,68.38758,-995,0,0,0.5,0.5,0.5,0.5,0.999997,0.999994,Invalid
33:36.2,1039,11.962,0.190506,1.22962,68.0885,344.4766,10.15585,356.5697,0,0,0,0.190506,1.22962,68.0885,0.169894,0.267632,0.948425,0.260387,1.339702,68.47861,-995,0,0,0.5,0.5,0.5,0.5,0.999998,0.999997,Invalid
33:36.2,1040,11.9893,0.208305,1.229656,68.36166,344.451,10.14235,356.5606,0,0,0,0.208305,1.229656,68.36166,0.16965,0.268062,0.948347,0.278064,1.339881,68.75162,-995,0,0,0.5,0.5,0.5,0.5,0.999999,0.999999,Invalid
33:36.2,1041,11.9989,0.208286,1.229654,68.36171,344.4347,10.12941,356.5229,0,0,0,0.208286,1.229654,68.36171,0.169422,0.268336,0.94831,0.277947,1.339986,68.75163,-995,0,0,0.5,0.5,0.5,0.5,0.999999,0.999999,Invalid
33:36.2,1042,12.0072,0.214287,1.229666,68.45274,344.4286,10.14119,356.5107,0,0,0,0.214287,1.229666,68.45274,0.169612,0.268439,0.948247,0.284021,1.340032,68.84261,-995,0,0,0.5,0.5,0.5,0.5,0.999999,0.999999,Invalid
33:36.3,1043,12.0182,0.220348,1.229668,68.54376,344.4095,10.138,356.4991,0,0,0,0.220348,1.229668,68.54376,0.169543,0.26876,0.948168,0.290052,1.340161,68.93358,-995,0,0,0.5,0.5,0.5,0.5,1,1,Invalid
33:36.3,1044,12.0286,0.226425,1.229685,68.63478,344.3939,10.1422,356.4821,0,0,0,0.226425,1.229685,68.63478,0.1696,0.269023,0.948084,0.296146,1.340278,69.02453,-995,0,0,0.5,0.5,0.5,0.5,1,1,Invalid
33:36.3,1045,12.0395,0.232533,1.229724,68.7258,344.3855,10.13367,356.4791,0,0,0,0.232533,1.229724,68.7258,0.169452,0.269163,0.94807,0.302182,1.340357,69.11548,-995,0,0,0.5,0.5,0.5,0.5,1,1,Invalid
33:36.3,1046,12.0508,0.23867,1.229713,68.8168,344.3654,10.12186,356.4865,0,0,0,0.23867,1.229713,68.8168,0.16924,0.269502,0.948012,0.308228,1.340478,69.20643,-995,0,0,0.5,0.5,0.5,0.5,1,1,Invalid
33:36.3,1047,12.0628,0.244839,1.229707,68.90778,344.3466,10.11275,356.4789,0,0,0,0.244839,1.229707,68.90778,0.169074,0.269818,0.947952,0.314323,1.340594,69.29736,-995,0,0,0.5,0.5,0.5,0.5,1,1,Invalid
33:36.3,1048,12.0877,0.257275,1.229772,69.08978,344.2972,10.07928,356.4919,0,0,0,0.257275,1.229772,69.08978,0.168479,0.270647,0.947821,0.326498,1.340974,69.47921,-995,0,0,0.5,0.5,0.5,0.5,1,1,Invalid
33:36.3,1049,12.0964,0.26355,1.229794,69.18073,344.2823,10.07857,356.4758,0,0,0,0.26355,1.229794,69.18073,0.168455,0.270897,0.947754,0.332757,1.341087,69.5701,-995,0,0,0.5,0.5,0.5,0.5,1,1,Invalid
33:36.3,1050,12.1065,0.269859,1.229834,69.2717,344.273,10.06447,356.4737,0,0,0,0.269859,1.229834,69.2717,0.168214,0.271054,0.947752,0.338955,1.341172,69.661,-995,0,0,0.5,0.5,0.5,0.5,1,1,Invalid
33:36.4,1051,12.1182,0.276192,1.229806,69.36263,344.2379,10.05255,356.4666,0,0,0,0.276192,1.229806,69.36263,0.167988,0.271644,0.947623,0.345197,1.341391,69.75188,-995,0,0,0.5,0.5,0.5,0.5,1,1,Invalid
33:36.4,1052,12.1285,0.282545,1.229829,69.45358,344.2243,10.03896,356.4579,0,0,0,0.282545,1.229829,69.45358,0.167752,0.271872,0.9476,0.351442,1.341489,69.84276,-995,0,0,0.5,0.5,0.5,0.5,1,1,Invalid
33:36.4,1053,12.1397,0.288937,1.229858,69.54451,344.2129,10.01564,356.4567,0,0,0,0.288937,1.229858,69.54451,0.167357,0.272064,0.947614,0.357658,1.341576,69.93362,-995,0,0,0.5,0.5,0.5,0.5,1,1,Invalid
33:36.4,1054,12.1516,0.295399,1.229866,69.63541,344.2046,9.992594,356.469,0,0,0,0.295399,1.229866,69.63541,0.166969,0.272204,0.947643,0.363953,1.341627,70.02449,-995,0,0,0.5,0.5,0.5,0.5,1,1,Invalid
33:36.4,1055,12.1618,0.30183,1.229884,69.72633,344.1906,9.951406,356.4706,0,0,0,0.30183,1.229884,69.72633,0.166276,0.272439,0.947697,0.370085,1.341717,70.11536,-995,0,0,0.5,0.5,0.5,0.5,1,1,Invalid
33:36.4,1056,12.1735,0.308294,1.22989,69.81725,344.1851,9.915032,356.4595,0,0,0,0.308294,1.22989,69.81725,0.16567,0.272531,0.947777,0.376283,1.341733,70.20621,-995,0,0,0.5,0.5,0.5,0.5,1,1,Invalid
33:36.4,1057,12.1848,0.314835,1.229856,69.90815,344.1738,9.873082,356.4636,0,0,0,0.314835,1.229856,69.90815,0.164967,0.272721,0.947845,0.382519,1.34175,70.29704,-995,0,0,0.5,0.5,0.5,0.5,1,1,Invalid
33:36.4,1058,12.1953,0.321358,1.229859,69.99904,344.1924,9.838199,356.4544,0,0,0,0.321358,1.229859,69.99904,0.164405,0.272408,0.948032,0.388788,1.341587,70.38787,-995,0,0,0.5,0.5,0.5,0.5,1,1,Invalid
33:36.4,1059,12.2066,0.327927,1.229861,70.08993,344.211,9.79619,356.456,0,0,0,0.327927,1.229861,70.08993,0.163725,0.272096,0.948239,0.395053,1.341419,70.47871,-995,0,0,0.5,0.5,0.5,0.5,1,1,Invalid
33:36.5,1060,12.2175,0.334534,1.229792,70.18076,344.2054,9.765241,356.4501,0,0,0,0.334534,1.229792,70.18076,0.163208,0.272189,0.948302,0.401439,1.341373,70.5695,-995,0,0,0.5,0.5,0.5,0.5,1,1,Invalid
33:36.5,1061,12.2288,0.341175,1.229768,70.27163,344.2043,9.714645,356.4493,0,0,0,0.341175,1.229768,70.27163,0.162369,0.272207,0.948441,0.407717,1.341323,70.66032,-995,0,0,0.5,0.5,0.5,0.5,1,1,Invalid
33:36.5,1062,12.2407,0.347826,1.22976,70.3625,344.2119,9.683666,356.4454,0,0,0,0.347826,1.22976,70.3625,0.161863,0.27208,0.948564,0.414136,1.341221,70.7511,-995,0,0,0.5,0.5,0.5,0.5,1,1,Invalid
33:36.5,1063,12.2508,0.354561,1.229724,70.45331,344.2044,9.632684,356.4517,0,0,0,0.354561,1.229724,70.45331,0.161013,0.272206,0.948672,0.420511,1.341219,70.84188,-995,0,0,0.5,0.5,0.5,0.5,1,1,Invalid
33:36.5,1064,12.2619,0.361282,1.229687,70.54417,344.1769,9.593238,356.4469,0,0,0,0.361282,1.229687,70.54417,0.160338,0.272668,0.948654,0.426944,1.341351,70.93266,-995,0,0,0.5,0.5,0.5,0.5,1,1,Invalid
33:36.5,1065,12.2732,0.368065,1.229733,70.63499,344.2006,9.520759,356.4893,0,0,0,0.368065,1.229733,70.63499,0.159156,0.272271,0.948967,0.433212,1.341182,71.02344,-995,0,0,0.5,0.5,0.5,0.5,1,1,Invalid
33:36.5,1066,12.2854,0.374895,1.229705,70.72579,344.2084,9.457806,356.4972,0,0,0,0.374895,1.229705,70.72579,0.158119,0.272139,0.949178,0.439598,1.341066,71.1142,-995,0,0,0.5,0.5,0.5,0.5,1,1,Invalid
33:36.5,1067,12.2961,0.381706,1.229697,70.81662,344.2177,9.410553,356.4975,0,0,0,0.381706,1.229697,70.81662,0.157344,0.271983,0.949351,0.446066,1.340949,71.20494,-995,0,0,0.5,0.5,0.5,0.5,1,1,Invalid
33:36.5,1068,12.307,0.38859,1.229685,70.9074,344.2318,9.337906,356.5318,0,0,0,0.38859,1.229685,70.9074,0.156151,0.271746,0.949616,0.452439,1.340801,71.29569,-995,0,0,0.5,0.5,0.5,0.5,1,1,Invalid
33:36.6,1069,12.3177,0.39555,1.229641,70.99814,344.2508,9.285481,356.5209,0,0,0,0.39555,1.229641,70.99814,0.155296,0.271427,0.949848,0.459031,1.340593,71.38641,-995,0,0,0.5,0.5,0.5,0.5,1,1,Invalid
33:36.6,1070,12.3285,0.402481,1.229615,71.08893,344.2316,9.223367,356.5345,0,0,0,0.402481,1.229615,71.08893,0.154252,0.27175,0.949925,0.465518,1.340669,71.47713,-995,0,0,0.5,0.5,0.5,0.5,1,1,Invalid
33:36.6,1071,12.3397,0.40954,1.22962,71.18011,344.2433,9.188827,356.5295,0,0,0,0.40954,1.22962,71.18011,0.153688,0.271552,0.950073,0.472329,1.340562,71.56826,-995,0,0,0.5,0.5,0.5,0.5,1,1,Invalid
33:36.6,1072,12.3508,0.416632,1.229596,71.27124,344.2406,9.12434,356.5289,0,0,0,0.416632,1.229596,71.27124,0.152617,0.271598,0.950233,0.478968,1.340531,71.65936,-995,0,0,0.5,0.5,0.5,0.5,1,1,Invalid
33:36.6,1073,12.3621,0.42371,1.22957,71.3624,344.233,9.058999,356.5163,0,0,0,0.42371,1.22957,71.3624,0.151527,0.271726,0.950371,0.485582,1.340521,71.75046,-995,0,0,0.5,0.5,0.5,0.5,1,1,Invalid
33:36.6,1074,12.3732,0.430849,1.229557,71.45354,344.2383,9.006703,356.5134,0,0,0,0.430849,1.229557,71.45354,0.150664,0.271636,0.950534,0.492351,1.34044,71.84155,-995,0,0,0.5,0.5,0.5,0.5,1,1,Invalid
33:36.6,1075,12.3858,0.438017,1.229583,71.54467,344.2664,8.946683,356.5206,0,0,0,0.438017,1.229583,71.54467,0.149689,0.271165,0.950822,0.499093,1.340225,71.93263,-995,0,0,0.5,0.5,0.5,0.5,1,1,Invalid
33:36.7,1076,12.4361,0.47468,1.229496,72.00002,344.3022,8.708161,356.5605,0,0,0,0.47468,1.229496,72.00002,0.145755,0.270564,0.951604,0.534076,1.339752,72.3878,-995,0,0,0.5,0.5,0.5,0.5,1,1,Invalid
33:36.7,1077,12.4459,0.482122,1.229491,72.09105,344.3359,8.700123,356.4566,0,0,0,0.482122,1.229491,72.09105,0.145645,0.269998,0.951782,0.541455,1.339482,72.47878,-995,0,0,0.5,0.5,0.5,0.5,1,1,Invalid
33:36.7,1078,12.4545,0.482084,1.229472,72.09107,344.3518,8.637499,356.4402,0,0,0,0.482084,1.229472,72.09107,0.144616,0.26973,0.952015,0.540986,1.339332,72.47883,-995,0,0,0.5,0.5,0.5,0.5,1,1,Invalid
33:36.7,1079,12.4637,0.489584,1.229476,72.18208,344.3622,8.600975,356.4265,0,0,0,0.489584,1.229476,72.18208,0.144017,0.269556,0.952155,0.548228,1.33924,72.5698,-995,0,0,0.5,0.5,0.5,0.5,1,1,Invalid
33:36.7,1080,12.473,0.497068,1.229407,72.27311,344.3291,8.579419,356.4077,0,0,0,0.497068,1.229407,72.27311,0.143635,0.270112,0.952055,0.555554,1.339392,72.66077,-995,0,0,0.5,0.5,0.5,0.5,1,1,Invalid
33:36.7,1081,12.4843,0.504637,1.229403,72.3641,344.3371,8.530228,356.3895,0,0,0,0.504637,1.229403,72.3641,0.142823,0.269977,0.952215,0.56278,1.339311,72.75174,-995,0,0,0.5,0.5,0.5,0.5,1,1,Invalid
33:36.7,1082,12.4956,0.512222,1.229389,72.45509,344.3386,8.500068,356.3528,0,0,0,0.512222,1.229389,72.45509,0.142323,0.269952,0.952297,0.570152,1.339267,72.8427,-995,0,0,0.5,0.5,0.5,0.5,1,1,Invalid
33:36.8,1083,12.5109,0.519812,1.229389,72.5461,344.3526,8.444232,356.3195,0,0,0,0.519812,1.229389,72.5461,0.141405,0.269716,0.952501,0.577347,1.339133,72.93365,-995,0,0,0.5,0.5,0.5,0.5,1,1,Invalid
33:36.8,1084,12.5196,0.52751,1.229359,72.63703,344.3594,8.422286,356.3074,0,0,0,0.52751,1.229359,72.63703,0.141044,0.269602,0.952587,0.584891,1.339042,73.02457,-995,0,0,0.5,0.5,0.5,0.5,1,1,Invalid
33:36.8,1085,12.5286,0.535231,1.229344,72.72798,344.3784,8.408001,356.2804,0,0,0,0.535231,1.229344,72.72798,0.14082,0.269282,0.95271,0.592507,1.338871,73.11548,-995,0,0,0.5,0.5,0.5,0.5,1,1,Invalid
33:36.8,1086,12.54,0.542982,1.229332,72.81892,344.3944,8.393372,356.2689,0,0,0,0.542982,1.229332,72.81892,0.140588,0.269014,0.95282,0.60015,1.338723,73.20638,-995,0,0,0.5,0.5,0.5,0.5,1,1,Invalid
33:36.8,1087,12.5511,0.550783,1.229317,72.90985,344.4094,8.373427,356.252,0,0,0,0.550783,1.229317,72.90985,0.140266,0.268762,0.952939,0.607808,1.338581,73.29726,-995,0,0,0.5,0.5,0.5,0.5,1,1,Invalid
33:36.8,1088,12.5619,0.558662,1.229315,73.00073,344.4268,8.368008,356.2454,0,0,0,0.558662,1.229315,73.00073,0.140188,0.268468,0.953033,0.615646,1.338443,73.38812,-995,0,0,0.5,0.5,0.5,0.5,1,1,Invalid
33:36.8,1089,12.5737,0.566567,1.229296,73.09163,344.4308,8.371943,356.2297,0,0,0,0.566567,1.229296,73.09163,0.140256,0.268403,0.953042,0.623571,1.338382,73.47897,-995,0,0,0.5,0.5,0.5,0.5,1,1,Invalid
33:36.8,1090,12.5855,0.574497,1.229261,73.18252,344.4251,8.378681,356.2074,0,0,0,0.574497,1.229261,73.18252,0.140364,0.268498,0.952999,0.631539,1.338376,73.5698,-995,0,0,0.5,0.5,0.5,0.5,1,1,Invalid
33:36.8,1091,12.5956,0.582501,1.229198,73.27332,344.4338,8.383224,356.2076,0,0,0,0.582501,1.229198,73.27332,0.140446,0.268352,0.953028,0.639577,1.338254,73.66063,-995,0,0,0.5,0.5,0.5,0.5,1,1,Invalid
33:36.8,1092,12.6066,0.590523,1.229194,73.36419,344.4522,8.392249,356.1946,0,0,0,0.590523,1.229194,73.36419,0.140609,0.268042,0.953091,0.647653,1.338101,73.75143,-995,0,0,0.5,0.5,0.5,0.5,1,1,Invalid
33:36.9,1093,12.6201,0.59862,1.229161,73.45501,344.4668,8.41056,356.1718,0,0,0,0.59862,1.229161,73.45501,0.140923,0.267796,0.953114,0.655872,1.337957,73.84222,-995,0,0,0.5,0.5,0.5,0.5,1,1,Invalid
33:36.9,1094,12.6293,0.606737,1.229126,73.54583,344.4808,8.444512,356.1601,0,0,0,0.606737,1.229126,73.54583,0.141498,0.267561,0.953095,0.664216,1.337814,73.93299,-995,0,0,0.5,0.5,0.5,0.5,1,1,Invalid
33:36.9,1095,12.6399,0.614904,1.22912,73.63666,344.5142,8.472963,356.1607,0,0,0,0.614904,1.22912,73.63666,0.141994,0.267,0.953178,0.672569,1.33755,74.02375,-995,0,0,0.5,0.5,0.5,0.5,1,1,Invalid
33:36.9,1096,12.651,0.623095,1.229054,73.72747,344.4916,8.511616,356.146,0,0,0,0.623095,1.229054,73.72747,0.142621,0.267379,0.952978,0.681016,1.337643,74.11449,-995,0,0,0.5,0.5,0.5,0.5,1,1,Invalid
33:36.9,1097,12.6621,0.631445,1.229045,73.81824,344.5135,8.561924,356.1261,0,0,0,0.631445,1.229045,73.81824,0.143473,0.267012,0.952953,0.689705,1.337471,74.20522,-995,0,0,0.5,0.5,0.5,0.5,1,1,Invalid
33:36.9,1098,12.6729,0.639681,1.229035,73.90903,344.5192,8.593299,356.1287,0,0,0,0.639681,1.229035,73.90903,0.143999,0.266916,0.952901,0.698149,1.337413,74.29594,-995,0,0,0.5,0.5,0.5,0.5,1,1,Invalid
33:36.9,1099,12.6852,0.64801,1.229036,73.99982,344.5289,8.636987,356.1074,0,0,0,0.64801,1.229036,73.99982,0.144732,0.266753,0.952836,0.706769,1.337333,74.38665,-995,0,0,0.5,0.5,0.5,0.5,1,1,Invalid
33:36.9,1100,12.6957,0.656412,1.228988,74.09053,344.5256,8.694135,356.0992,0,0,0,0.656412,1.228988,74.09053,0.14568,0.266808,0.952676,0.715561,1.337317,74.47733,-995,0,0,0.5,0.5,0.5,0.5,1,1,Invalid
33:36.9,1101,12.7065,0.664841,1.228954,74.18127,344.5192,8.740691,356.0952,0,0,0,0.664841,1.228954,74.18127,0.14645,0.266916,0.952527,0.724301,1.337326,74.56801,-995,0,0,0.5,0.5,0.5,0.5,1,1,Invalid
33:37.0,1102,12.7179,0.673323,1.228936,74.27198,344.5163,8.800513,356.0711,0,0,0,0.673323,1.228936,74.27198,0.147442,0.266965,0.952361,0.733188,1.337331,74.65867,-995,0,0,0.5,0.5,0.5,0.5,1,1,Invalid
33:37.0,1103,12.7299,0.681809,1.228947,74.36271,344.5166,8.84576,356.0709,0,0,0,0.681809,1.228947,74.36271,0.148194,0.266959,0.952245,0.741975,1.337333,74.74932,-995,0,0,0.5,0.5,0.5,0.5,1,1,Invalid
33:37.0,1104,12.7398,0.690321,1.228936,74.45345,344.4946,8.883987,356.0511,0,0,0,0.690321,1.228936,74.45345,0.148814,0.267329,0.952045,0.750739,1.337471,74.83997,-995,0,0,0.5,0.5,0.5,0.5,1,1,Invalid
33:37.0,1105,12.7509,0.698868,1.228927,74.54411,344.4886,8.918423,356.0347,0,0,0,0.698868,1.228927,74.54411,0.149382,0.267429,0.951928,0.75952,1.337508,74.93062,-995,0,0,0.5,0.5,0.5,0.5,1,1,Invalid
33:37.0,1106,12.762,0.707436,1.228922,74.63483,344.4861,8.951003,356.0214,0,0,0,0.707436,1.228922,74.63483,0.149921,0.267473,0.951831,0.768299,1.337509,75.02125,-995,0,0,0.5,0.5,0.5,0.5,1,1,Invalid
33:37.0,1107,12.7739,0.716034,1.228903,74.72552,344.4736,8.978162,356.0118,0,0,0,0.716034,1.228903,74.72552,0.150363,0.267683,0.951702,0.777074,1.337569,75.11187,-995,0,0,0.5,0.5,0.5,0.5,1,1,Invalid
33:37.0,1108,12.7846,0.724684,1.228905,74.81616,344.485,8.999244,356.0084,0,0,0,0.724684,1.228905,74.81616,0.150722,0.26749,0.9517,0.785867,1.337488,75.20249,-995,0,0,0.5,0.5,0.5,0.5,1,1,Invalid
33:37.0,1109,12.7952,0.733357,1.228892,74.90682,344.4984,9.013412,356.0057,0,0,0,0.733357,1.228892,74.90682,0.150967,0.267265,0.951724,0.794628,1.337366,75.29309,-995,0,0,0.5,0.5,0.5,0.5,1,1,Invalid
33:37.0,1110,12.8063,0.74205,1.22883,74.99749,344.5043,9.02912,356.0091,0,0,0,0.74205,1.22883,74.99749,0.151232,0.267167,0.951709,0.803421,1.337247,75.3837,-995,0,0,0.5,0.5,0.5,0.5,1,1,Invalid
33:37.1,1111,12.8173,0.750799,1.228796,75.08814,344.5136,9.037519,356.007,0,0,0,0.750799,1.228796,75.08814,0.151378,0.26701,0.95173,0.812218,1.337131,75.47429,-995,0,0,0.5,0.5,0.5,0.5,1,1,Invalid
33:37.1,1112,12.832,0.759581,1.228765,75.17876,344.5259,9.041397,356.0138,0,0,0,0.759581,1.228765,75.17876,0.151452,0.266803,0.951777,0.821021,1.337,75.56487,-995,0,0,0.5,0.5,0.5,0.5,1,1,Invalid
33:37.1,1113,12.8406,0.768372,1.228782,75.26939,344.538,9.057829,356.0138,0,0,0,0.768372,1.228782,75.26939,0.151733,0.266599,0.951789,0.829914,1.336913,75.65543,-995,0,0,0.5,0.5,0.5,0.5,1,1,Invalid
33:37.1,1114,12.851,0.777239,1.228775,75.35998,344.5384,9.058521,356.0223,0,0,0,0.777239,1.228775,75.35998,0.151745,0.266593,0.951789,0.838782,1.336897,75.74599,-995,0,0,0.5,0.5,0.5,0.5,1,1,Invalid
33:37.1,1115,12.8619,0.786112,1.228773,75.45059,344.532,9.066061,356.0018,0,0,0,0.786112,1.228773,75.45059,0.151866,0.2667,0.951739,0.847697,1.336926,75.83654,-995,0,0,0.5,0.5,0.5,0.5,1,1,Invalid
33:37.1,1116,12.8729,0.795019,1.22879,75.54121,344.5326,9.065236,355.9804,0,0,0,0.795019,1.22879,75.54121,0.151853,0.26669,0.951744,0.856587,1.336919,75.92709,-995,0,0,0.5,0.5,0.5,0.5,1,1,Invalid
33:37.1,1117,12.8842,0.803976,1.228761,75.63177,344.5337,9.080884,355.9591,0,0,0,0.803976,1.228761,75.63177,0.152113,0.266671,0.951708,0.865645,1.336873,76.0176,-995,0,0,0.5,0.5,0.5,0.5,1,1,Invalid
33:37.1,1118,12.896,0.81295,1.228758,75.72235,344.5386,9.094652,355.9586,0,0,0,0.81295,1.228758,75.72235,0.152346,0.266589,0.951694,0.874702,1.336817,76.10811,-995,0,0,0.5,0.5,0.5,0.5,1,1,Invalid
33:37.1,1119,12.9066,0.822023,1.228748,75.81335,344.5283,9.092945,355.9523,0,0,0,0.822023,1.228748,75.81335,0.15231,0.266763,0.951651,0.883752,1.336864,76.19904,-995,0,0,0.5,0.5,0.5,0.5,1,1,Invalid
33:37.2,1120,12.9176,0.831121,1.228749,75.90425,344.5282,9.09257,355.94,0,0,0,0.831121,1.228749,75.90425,0.152303,0.266764,0.951652,0.892847,1.336863,76.28994,-995,0,0,0.5,0.5,0.5,0.5,1,1,Invalid
33:37.2,1121,12.9288,0.840231,1.228727,75.99521,344.5121,9.09644,355.9262,0,0,0,0.840231,1.228727,75.99521,0.152356,0.267035,0.951567,0.901972,1.336942,76.38083,-995,0,0,0.5,0.5,0.5,0.5,1,1,Invalid
33:37.2,1122,12.9446,0.858582,1.228753,76.17706,344.5206,9.096446,355.9165,0,0,0,0.858582,1.228753,76.17706,0.152362,0.266891,0.951606,0.920307,1.336877,76.56258,-995,0,0,0.5,0.5,0.5,0.5,1,1,Invalid
33:37.2,1123,12.9539,0.858582,1.228737,76.17706,344.5185,9.093157,355.9115,0,0,0,0.858582,1.228737,76.17706,0.152306,0.266927,0.951606,0.920285,1.336876,76.56258,-995,0,0,0.5,0.5,0.5,0.5,1,1,Invalid
33:37.2,1124,12.9625,0.867811,1.228735,76.26795,344.5252,9.09614,355.9005,0,0,0,0.867811,1.228735,76.26795,0.15236,0.266815,0.951628,0.929528,1.336814,76.65343,-995,0,0,0.5,0.5,0.5,0.5,1,1,Invalid
33:37.2,1125,12.973,0.877068,1.228719,76.35886,344.5281,9.095655,355.8975,0,0,0,0.877068,1.228719,76.35886,0.152355,0.266765,0.951643,0.938771,1.336759,76.74428,-995,0,0,0.5,0.5,0.5,0.5,1,1,Invalid
33:37.2,1126,12.9849,0.886354,1.228698,76.44973,344.5323,9.096599,355.8876,0,0,0,0.886354,1.228698,76.44973,0.152373,0.266696,0.95166,0.948059,1.336698,76.83511,-995,0,0,0.5,0.5,0.5,0.5,1,1,Invalid
33:37.2,1127,12.996,0.895666,1.228696,76.54063,344.541,9.081146,355.8778,0,0,0,0.895666,1.228696,76.54063,0.152123,0.26655,0.951741,0.957254,1.33661,76.92594,-995,0,0,0.5,0.5,0.5,0.5,1,1,Invalid
33:37.2,1128,13.0068,0.905033,1.228686,76.63151,344.5247,9.076263,355.8716,0,0,0,0.905033,1.228686,76.63151,0.15203,0.266823,0.951679,0.966578,1.336701,77.01676,-995,0,0,0.5,0.5,0.5,0.5,1,1,Invalid
33:37.3,1129,13.0178,0.914448,1.228662,76.7223,344.4944,9.072818,355.8671,0,0,0,0.914448,1.228662,76.7223,0.15195,0.267332,0.951549,0.975969,1.336899,77.10756,-995,0,0,0.5,0.5,0.5,0.5,1,1,Invalid
33:37.3,1130,13.0286,0.923885,1.228706,76.81316,344.496,9.06501,355.8664,0,0,0,0.923885,1.228706,76.81316,0.151822,0.267306,0.951576,0.985341,1.336909,77.19836,-995,0,0,0.5,0.5,0.5,0.5,1,1,Invalid
33:37.3,1131,13.0403,0.933369,1.228706,76.90401,344.4817,9.055561,355.8723,0,0,0,0.933369,1.228706,76.90401,0.151655,0.267546,0.951536,0.994748,1.33699,77.28913,-995,0,0,0.5,0.5,0.5,0.5,1,1,Invalid
33:37.3,1132,13.051,0.942923,1.228692,76.99481,344.4597,9.045838,355.8633,0,0,0,0.942923,1.228692,76.99481,0.151477,0.267916,0.95146,1.00423,1.337126,77.3799,-995,0,0,0.5,0.5,0.5,0.5,1,1,Invalid
33:37.3,1133,13.0619,0.952469,1.228699,77.08565,344.4535,9.039666,355.8642,0,0,0,0.952469,1.228699,77.08565,0.15137,0.268021,0.951447,1.013721,1.337154,77.47066,-995,0,0,0.5,0.5,0.5,0.5,1,1,Invalid
33:37.3,1134,13.0731,0.962042,1.228724,77.17647,344.461,9.023517,355.8626,0,0,0,0.962042,1.228724,77.17647,0.151107,0.267894,0.951525,1.023172,1.337101,77.56141,-995,0,0,0.5,0.5,0.5,0.5,1,1,Invalid
33:37.3,1135,13.0844,0.971638,1.22874,77.26724,344.4569,9.018824,355.8448,0,0,0,0.971638,1.22874,77.26724,0.151026,0.267963,0.951518,1.032728,1.337132,77.65214,-995,0,0,0.5,0.5,0.5,0.5,1,1,Invalid
33:37.3,1136,13.0955,0.981182,1.228717,77.35802,344.4455,9.013935,355.8254,0,0,0,0.981182,1.228717,77.35802,0.150937,0.268155,0.951478,1.04223,1.337176,77.74286,-995,0,0,0.5,0.5,0.5,0.5,1,1,Invalid
33:37.3,1137,13.1093,0.990686,1.228696,77.44879,344.4401,9.002525,355.8028,0,0,0,0.990686,1.228696,77.44879,0.150743,0.268246,0.951483,1.051648,1.337177,77.83358,-995,0,0,0.5,0.5,0.5,0.5,1,1,Invalid
33:37.4,1138,13.1187,1.000143,1.22871,77.53951,344.4522,8.987103,355.7874,0,0,0,1.000143,1.22871,77.53951,0.150496,0.268042,0.95158,1.060998,1.337096,77.92429,-995,0,0,0.5,0.5,0.5,0.5,1,1,Invalid
33:37.4,1139,13.1286,1.009516,1.228688,77.63023,344.4468,8.978194,355.7732,0,0,0,1.009516,1.228688,77.63023,0.150344,0.268134,0.951578,1.070304,1.337103,78.01498,-995,0,0,0.5,0.5,0.5,0.5,1,1,Invalid
33:37.4,1140,13.1401,1.018803,1.228684,77.72098,344.4533,8.950275,355.7682,0,0,0,1.018803,1.228684,77.72098,0.149885,0.268023,0.951682,1.079392,1.33703,78.10569,-995,0,0,0.5,0.5,0.5,0.5,1,1,Invalid
33:37.4,1141,13.1513,1.027998,1.228708,77.81171,344.4777,8.910363,355.7755,0,0,0,1.027998,1.228708,77.81171,0.14924,0.267614,0.951898,1.088307,1.336853,78.19639,-995,0,0,0.5,0.5,0.5,0.5,1,1,Invalid
33:37.4,1142,13.162,1.037132,1.228679,77.90278,344.4612,8.867827,355.7622,0,0,0,1.037132,1.228679,77.90278,0.148521,0.267892,0.951933,1.097157,1.336947,78.2875,-995,0,0,0.5,0.5,0.5,0.5,1,1,Invalid
33:37.4,1143,13.1733,1.046129,1.228679,77.99388,344.4667,8.825233,355.7469,0,0,0,1.046129,1.228679,77.99388,0.147817,0.267798,0.952068,1.105858,1.336889,78.37859,-995,0,0,0.5,0.5,0.5,0.5,1,1,Invalid
33:37.4,1144,13.1843,1.055027,1.228698,78.08495,344.4695,8.779574,355.7219,0,0,0,1.055027,1.228698,78.08495,0.147061,0.267752,0.952199,1.114443,1.336876,78.46967,-995,0,0,0.5,0.5,0.5,0.5,1,1,Invalid
33:37.4,1145,13.1956,1.063745,1.228693,78.17604,344.4756,8.736222,355.7053,0,0,0,1.063745,1.228693,78.17604,0.146344,0.267649,0.952338,1.12286,1.336808,78.56073,-995,0,0,0.5,0.5,0.5,0.5,1,1,Invalid
33:37.4,1146,13.2066,1.072359,1.228698,78.26751,344.4874,8.670617,355.7008,0,0,0,1.072359,1.228698,78.26751,0.145262,0.26745,0.95256,1.131026,1.336712,78.65221,-995,0,0,0.5,0.5,0.5,0.5,1,1,Invalid
33:37.5,1147,13.2176,1.080809,1.228703,78.35892,344.4917,8.610361,355.6808,0,0,0,1.080809,1.228703,78.35892,0.144263,0.267378,0.952731,1.139068,1.336682,78.74367,-995,0,0,0.5,0.5,0.5,0.5,1,1,Invalid
33:37.5,1148,13.2286,1.089067,1.228681,78.45035,344.4809,8.53672,355.6721,0,0,0,1.089067,1.228681,78.45035,0.143031,0.26756,0.952866,1.146825,1.336725,78.83513,-995,0,0,0.5,0.5,0.5,0.5,1,1,Invalid
33:37.5,1149,13.2399,1.097136,1.228696,78.54176,344.4969,8.453196,355.6642,0,0,0,1.097136,1.228696,78.54176,0.141653,0.26729,0.953148,1.154324,1.336607,78.92657,-995,0,0,0.5,0.5,0.5,0.5,1,1,Invalid
33:37.5,1150,13.2511,1.105103,1.228713,78.63355,344.4918,8.367058,355.6529,0,0,0,1.105103,1.228713,78.63355,0.140216,0.267376,0.953336,1.161708,1.336653,79.01842,-995,0,0,0.5,0.5,0.5,0.5,1,1,Invalid
33:37.5,1151,13.2618,1.112829,1.228714,78.72533,344.4888,8.272956,355.6438,0,0,0,1.112829,1.228714,78.72533,0.138649,0.267427,0.953551,1.168795,1.336661,79.11024,-995,0,0,0.5,0.5,0.5,0.5,1,1,Invalid
33:37.5,1152,13.2733,1.120375,1.228732,78.8171,344.4875,8.164991,355.6391,0,0,0,1.120375,1.228732,78.8171,0.136851,0.267448,0.953805,1.175608,1.336675,79.20206,-995,0,0,0.5,0.5,0.5,0.5,1,1,Invalid
33:37.5,1153,13.2856,1.127718,1.228757,78.9088,344.4931,8.065484,355.645,0,0,0,1.127718,1.228757,78.9088,0.135198,0.267354,0.954067,1.182283,1.336659,79.29385,-995,0,0,0.5,0.5,0.5,0.5,1,1,Invalid
33:37.5,1154,13.2958,1.134861,1.228752,79.00096,344.4696,7.944728,355.6373,0,0,0,1.134861,1.228752,79.00096,0.133171,0.267749,0.954241,1.188605,1.336807,79.38606,-995,0,0,0.5,0.5,0.5,0.5,1,1,Invalid
33:37.5,1155,13.3068,1.141777,1.228759,79.09307,344.4575,7.829009,355.6245,0,0,0,1.141777,1.228759,79.09307,0.131236,0.267953,0.954452,1.194736,1.33689,79.47823,-995,0,0,0.5,0.5,0.5,0.5,1,1,Invalid
33:37.6,1156,13.3175,1.148481,1.228725,79.18513,344.4536,7.700236,355.6166,0,0,0,1.148481,1.228725,79.18513,0.129088,0.26802,0.954726,1.200574,1.336882,79.5704,-995,0,0,0.5,0.5,0.5,0.5,1,1,Invalid
33:37.6,1157,13.3289,1.154932,1.22873,79.27721,344.4633,7.571075,355.6129,0,0,0,1.154932,1.22873,79.27721,0.126942,0.267855,0.95506,1.206149,1.3368,79.66254,-995,0,0,0.5,0.5,0.5,0.5,1,1,Invalid
33:37.6,1158,13.3399,1.161165,1.228761,79.36967,344.4839,7.430511,355.6111,0,0,0,1.161165,1.228761,79.36967,0.124611,0.267509,0.955464,1.211431,1.33667,79.75509,-995,0,0,0.5,0.5,0.5,0.5,1,1,Invalid
33:37.6,1159,13.351,1.1672,1.22875,79.46208,344.462,7.298794,355.5999,0,0,0,1.1672,1.22875,79.46208,0.122401,0.267877,0.955647,1.216575,1.336808,79.84758,-995,0,0,0.5,0.5,0.5,0.5,1,1,Invalid
33:37.6,1160,13.3623,1.172945,1.228752,79.55448,344.461,7.145629,355.6056,0,0,0,1.172945,1.228752,79.55448,0.119845,0.267894,0.955966,1.221284,1.336806,79.94007,-995,0,0,0.5,0.5,0.5,0.5,1,1,Invalid
33:37.6,1161,13.3732,1.178453,1.228773,79.64729,344.4757,6.983468,355.6062,0,0,0,1.178453,1.228773,79.64729,0.117147,0.267647,0.956369,1.225695,1.336707,80.03296,-995,0,0,0.5,0.5,0.5,0.5,1,1,Invalid
33:37.6,1162,13.3844,1.183735,1.228761,79.74001,344.4732,6.826234,355.5978,0,0,0,1.183735,1.228761,79.74001,0.114521,0.267689,0.956675,1.229917,1.33671,80.1258,-995,0,0,0.5,0.5,0.5,0.5,1,1,Invalid
33:37.6,1163,13.3952,1.188745,1.228755,79.83273,344.4718,6.665857,355.5967,0,0,0,1.188745,1.228755,79.83273,0.111842,0.267712,0.956986,1.233844,1.336706,80.21863,-995,0,0,0.5,0.5,0.5,0.5,1,1,Invalid
33:37.6,1164,13.4081,1.193487,1.228737,79.92546,344.4507,6.504464,355.5898,0,0,0,1.193487,1.228737,79.92546,0.109135,0.268068,0.957198,1.237493,1.336829,80.31142,-995,0,0,0.5,0.5,0.5,0.5,1,1,Invalid
33:37.7,1165,13.4177,1.197996,1.228735,80.01855,344.4377,6.337305,355.5789,0,0,0,1.197996,1.228735,80.01855,0.106335,0.268286,0.957453,1.240873,1.336914,80.40462,-995,0,0,0.5,0.5,0.5,0.5,1,1,Invalid
33:37.7,1166,13.4289,1.20233,1.228729,80.11157,344.4352,6.158928,355.5728,0,0,0,1.20233,1.228729,80.11157,0.103352,0.268329,0.957767,1.244005,1.336929,80.49778,-995,0,0,0.5,0.5,0.5,0.5,1,1,Invalid
33:37.7,1167,13.44,1.206264,1.228767,80.20467,344.4186,5.999997,355.5699,0,0,0,1.206264,1.228767,80.20467,0.100687,0.268607,0.957973,1.246861,1.337069,80.59093,-995,0,0,0.5,0.5,0.5,0.5,1,1,Invalid
33:37.7,1168,13.4512,1.210039,1.22874,80.29768,344.3846,5.823194,355.5667,0,0,0,1.210039,1.22874,80.29768,0.097714,0.269179,0.958121,1.249442,1.337286,80.68404,-995,0,0,0.5,0.5,0.5,0.5,1,1,Invalid
33:37.7,1169,13.4629,1.213495,1.228797,80.39111,344.3983,5.640686,355.5503,0,0,0,1.213495,1.228797,80.39111,0.094668,0.268949,0.958491,1.251664,1.337232,80.77755,-995,0,0,0.5,0.5,0.5,0.5,1,1,Invalid
33:37.7,1170,13.4772,1.216648,1.22879,80.4845,344.3777,5.46549,355.534,0,0,0,1.216648,1.22879,80.4845,0.091728,0.269294,0.95868,1.25363,1.337363,80.87102,-995,0,0,0.5,0.5,0.5,0.5,1,1,Invalid
33:37.7,1171,13.4874,1.219559,1.228761,80.57784,344.3834,5.281188,355.5245,0,0,0,1.219559,1.228761,80.57784,0.088646,0.269199,0.958996,1.255298,1.337294,80.96448,-995,0,0,0.5,0.5,0.5,0.5,1,1,Invalid
33:37.7,1172,13.4978,1.222191,1.228734,80.67117,344.3855,5.101242,355.5156,0,0,0,1.222191,1.228734,80.67117,0.085634,0.269164,0.95928,1.256715,1.337249,81.05791,-995,0,0,0.5,0.5,0.5,0.5,1,1,Invalid
33:37.7,1173,13.5076,1.224545,1.228729,80.76492,344.4056,4.917341,355.5126,0,0,0,1.224545,1.228729,80.76492,0.082563,0.268826,0.959644,1.257825,1.337091,81.15175,-995,0,0,0.5,0.5,0.5,0.5,1,1,Invalid
33:37.8,1174,13.518,1.226723,1.228714,80.8586,344.4085,4.733426,355.5062,0,0,0,1.226723,1.228714,80.8586,0.079483,0.268777,0.959917,1.258762,1.337057,81.24554,-995,0,0,0.5,0.5,0.5,0.5,1,1,Invalid
33:37.8,1175,13.5287,1.228556,1.228733,80.95232,344.4091,4.550564,355.4998,0,0,0,1.228556,1.228733,80.95232,0.07642,0.268768,0.960169,1.259357,1.337062,81.33933,-995,0,0,0.5,0.5,0.5,0.5,1,1,Invalid
33:37.8,1176,13.5398,1.230173,1.228766,81.04604,344.416,4.361605,355.5061,0,0,0,1.230173,1.228766,81.04604,0.073255,0.268652,0.960448,1.259695,1.337034,81.4331,-995,0,0,0.5,0.5,0.5,0.5,1,1,Invalid
33:37.8,1177,13.5516,1.231617,1.228745,81.13972,344.4106,4.172248,355.5124,0,0,0,1.231617,1.228745,81.13972,0.070079,0.268742,0.96066,1.259859,1.337047,81.52687,-995,0,0,0.5,0.5,0.5,0.5,1,1,Invalid
33:37.8,1178,13.5623,1.232788,1.228723,81.23344,344.3925,3.98651,355.5176,0,0,0,1.232788,1.228723,81.23344,0.066958,0.269047,0.960797,1.259771,1.337144,81.62062,-995,0,0,0.5,0.5,0.5,0.5,1,1,Invalid
33:37.8,1179,13.573,1.233744,1.228734,81.32714,344.3804,3.804086,355.5322,0,0,0,1.233744,1.228734,81.32714,0.063895,0.269249,0.960949,1.259491,1.33723,81.71436,-995,0,0,0.5,0.5,0.5,0.5,1,1,Invalid
33:37.8,1180,13.5963,1.235119,1.228795,81.51447,344.3567,3.441141,355.5408,0,0,0,1.235119,1.228795,81.51447,0.0578,0.269648,0.961223,1.25841,1.337454,81.90181,-995,0,0,0.5,0.5,0.5,0.5,1,1,Invalid
33:37.8,1181,13.6065,1.23547,1.228806,81.60816,344.3409,3.272389,355.5448,0,0,0,1.23547,1.228806,81.60816,0.054964,0.269913,0.961315,1.257618,1.337568,81.99552,-995,0,0,0.5,0.5,0.5,0.5,1,1,Invalid
33:37.9,1182,13.6176,1.235731,1.228805,81.70177,344.3474,3.094697,355.5279,0,0,0,1.235731,1.228805,81.70177,0.051984,0.269805,0.961511,1.25668,1.337531,82.08924,-995,0,0,0.5,0.5,0.5,0.5,1,1,Invalid
33:37.9,1183,13.6288,1.235708,1.228783,81.79546,344.3399,2.930851,355.5122,0,0,0,1.235708,1.228783,81.79546,0.049233,0.26993,0.961621,1.255547,1.337552,82.18295,-995,0,0,0.5,0.5,0.5,0.5,1,1,Invalid
33:37.9,1184,13.6403,1.235571,1.228766,81.88909,344.3665,2.777701,355.5124,0,0,0,1.235571,1.228766,81.88909,0.046668,0.269483,0.961874,1.254374,1.337345,82.27664,-995,0,0,0.5,0.5,0.5,0.5,1,1,Invalid
33:37.9,1185,13.6509,1.235229,1.228763,81.98276,344.3727,2.635879,355.5001,0,0,0,1.235229,1.228763,81.98276,0.044289,0.269379,0.962015,1.253072,1.33729,82.37034,-995,0,0,0.5,0.5,0.5,0.5,1,1,Invalid
33:37.9,1186,13.6619,1.234732,1.228756,82.07644,344.3675,2.492277,355.5021,0,0,0,1.234732,1.228756,82.07644,0.041876,0.269467,0.962099,1.251602,1.337313,82.46403,-995,0,0,0.5,0.5,0.5,0.5,1,1,Invalid
33:37.9,1187,13.6731,1.234123,1.228735,82.17007,344.3508,2.351278,355.4989,0,0,0,1.234123,1.228735,82.17007,0.039505,0.269746,0.962121,1.25004,1.337415,82.55771,-995,0,0,0.5,0.5,0.5,0.5,1,1,Invalid
33:37.9,1188,13.6844,1.233355,1.228754,82.26376,344.3674,2.209483,355.4979,0,0,0,1.233355,1.228754,82.26376,0.037127,0.269467,0.962294,1.248311,1.337305,82.6514,-995,0,0,0.5,0.5,0.5,0.5,1,1,Invalid
33:37.9,1189,13.6971,1.232435,1.228742,82.35745,344.3699,2.089083,355.4888,0,0,0,1.232435,1.228742,82.35745,0.035105,0.269426,0.962381,1.246575,1.337265,82.74509,-995,0,0,0.5,0.5,0.5,0.5,1,1,Invalid
33:37.9,1190,13.7078,1.231426,1.228694,82.45112,344.3725,1.978035,355.4815,0,0,0,1.231426,1.228694,82.45112,0.03324,0.269382,0.96246,1.244815,1.337197,82.83878,-995,0,0,0.5,0.5,0.5,0.5,1,1,Invalid
33:38.0,1191,13.7193,1.230293,1.22867,82.5448,344.3896,1.870315,355.4815,0,0,0,1.230293,1.22867,82.5448,0.031433,0.269094,0.962601,1.242953,1.337044,82.93247,-995,0,0,0.5,0.5,0.5,0.5,1,1,Invalid
33:38.0,1192,13.7769,1.222973,1.228612,83.01325,344.4611,1.372287,355.4767,0,0,0,1.222973,1.228612,83.01325,0.023073,0.267893,0.963172,1.23226,1.336444,83.40095,-995,0,0,0.5,0.5,0.5,0.5,1,1,Invalid
33:38.0,1193,13.7883,1.221127,1.228589,83.10695,344.4596,1.281122,355.5005,0,0,0,1.221127,1.228589,83.10695,0.021541,0.267918,0.963201,1.229796,1.336423,83.49463,-995,0,0,0.5,0.5,0.5,0.5,1,1,Invalid
33:38.0,1194,13.7982,1.219152,1.228562,83.20065,344.4673,1.190992,355.5114,0,0,0,1.219152,1.228562,83.20065,0.020026,0.267789,0.96327,1.227212,1.336331,83.58831,-995,0,0,0.5,0.5,0.5,0.5,1,1,Invalid
33:38.1,1195,13.8288,1.212599,1.228573,83.4817,344.5041,0.934729,355.5109,0,0,0,1.212599,1.228573,83.4817,0.01572,0.26717,0.963521,1.218923,1.336053,83.86932,-995,0,0,0.5,0.5,0.5,0.5,1,1,Invalid
33:38.1,1196,13.839,1.210173,1.228551,83.57539,344.4893,0.860365,355.5093,0,0,0,1.210173,1.228551,83.57539,0.014469,0.267418,0.963472,1.215993,1.33613,83.96297,-995,0,0,0.5,0.5,0.5,0.5,1,1,Invalid
33:38.1,1197,13.8503,1.207649,1.228546,83.66906,344.5087,0.782485,355.5046,0,0,0,1.207649,1.228546,83.66906,0.01316,0.267092,0.963581,1.212942,1.335975,84.05663,-995,0,0,0.5,0.5,0.5,0.5,1,1,Invalid
33:38.1,1198,13.8613,1.205015,1.228529,83.76274,344.5189,0.707981,355.489,0,0,0,1.205015,1.228529,83.76274,0.011908,0.266921,0.963645,1.209804,1.335875,84.15028,-995,0,0,0.5,0.5,0.5,0.5,1,1,Invalid
33:38.1,1199,13.8716,1.202288,1.228499,83.85638,344.5349,0.644104,355.4872,0,0,0,1.202288,1.228499,83.85638,0.010834,0.266652,0.963732,1.206645,1.335726,84.24393,-995,0,0,0.5,0.5,0.5,0.5,1,1,Invalid
33:38.1,1200,13.8833,1.199472,1.228462,83.95004,344.5377,0.573816,355.4901,0,0,0,1.199472,1.228462,83.95004,0.009652,0.266604,0.963758,1.203354,1.335662,84.33755,-995,0,0,0.5,0.5,0.5,0.5,1,1,Invalid
33:38.1,1201,13.8937,1.196543,1.228453,84.0437,344.5497,0.513244,355.497,0,0,0,1.196543,1.228453,84.0437,0.008634,0.266402,0.963823,1.200014,1.335554,84.43118,-995,0,0,0.5,0.5,0.5,0.5,1,1,Invalid
33:38.1,1202,13.9042,1.193542,1.228436,84.13733,344.5546,0.448276,355.4927,0,0,0,1.193542,1.228436,84.13733,0.007541,0.26632,0.963855,1.196574,1.335501,84.52482,-995,0,0,0.5,0.5,0.5,0.5,1,1,Invalid
33:38.2,1203,13.9153,1.190435,1.228395,84.23096,344.5507,0.384316,355.5074,0,0,0,1.190435,1.228395,84.23096,0.006465,0.266386,0.963845,1.193034,1.335484,84.61843,-995,0,0,0.5,0.5,0.5,0.5,1,1,Invalid
33:38.2,1204,13.9265,1.187216,1.228422,84.32461,344.57,0.326429,355.5049,0,0,0,1.187216,1.228422,84.32461,0.005492,0.26606,0.963941,1.189423,1.335356,84.71203,-995,0,0,0.5,0.5,0.5,0.5,1,1,Invalid
33:38.2,1205,13.9384,1.183928,1.228387,84.41825,344.5331,0.277264,355.4944,0,0,0,1.183928,1.228387,84.41825,0.004664,0.266681,0.963774,1.185802,1.335577,84.80563,-995,0,0,0.5,0.5,0.5,0.5,1,1,Invalid
33:38.2,1206,13.951,1.180571,1.228421,84.51184,344.5658,0.230405,355.5039,0,0,0,1.180571,1.228421,84.51184,0.003876,0.266131,0.963929,1.182128,1.335375,84.89922,-995,0,0,0.5,0.5,0.5,0.5,1,1,Invalid
33:38.2,1207,13.9626,1.177099,1.228403,84.60547,344.5476,0.177684,355.4904,0,0,0,1.177099,1.228403,84.60547,0.002989,0.266438,0.963848,1.1783,1.335475,84.99281,-995,0,0,0.5,0.5,0.5,0.5,1,1,Invalid
33:38.2,1208,13.9747,1.173523,1.228444,84.6991,344.578,0.136988,355.475,0,0,0,1.173523,1.228444,84.6991,0.002305,0.265927,0.96399,1.174449,1.335282,85.08639,-995,0,0,0.5,0.5,0.5,0.5,1,1,Invalid
33:38.2,1209,13.9862,1.16991,1.22838,84.79263,344.5594,0.096282,355.4709,0,0,0,1.16991,1.22838,84.79263,0.00162,0.266239,0.963906,1.170561,1.335361,85.17995,-995,0,0,0.5,0.5,0.5,0.5,1,1,Invalid
33:38.2,1210,13.9981,1.166183,1.228391,84.88623,344.5789,0.049767,355.4637,0,0,0,1.166183,1.228391,84.88623,0.000837,0.265911,0.963997,1.16652,1.335218,85.27351,-995,0,0,0.5,0.5,0.5,0.5,1,1,Invalid
33:38.2,1211,14.0096,1.162397,1.228364,84.97976,344.6024,0.008886,355.4601,0,0,0,1.162397,1.228364,84.97976,0.00015,0.265516,0.964107,1.162457,1.335024,85.36705,-995,0,0,0.5,0.5,0.5,0.5,1,1,Invalid
33:38.3,1212,14.0221,1.158497,1.228323,85.07333,344.6102,359.9783,355.4592,0,0,0,1.158497,1.228323,85.07333,-0.000365,0.265385,0.964142,1.15835,1.334917,85.46059,-995,0,0,0.5,0.5,0.5,0.5,1,1,Invalid
33:38.3,1213,14.0345,1.150408,1.228303,85.26041,344.6125,359.9035,355.4409,0,0,0,1.150408,1.228303,85.26041,-0.001623,0.265345,0.964152,1.149756,1.334868,85.64762,-995,0,0,0.5,0.5,0.5,0.5,1,1,Invalid
33:38.3,1214,14.046,1.146292,1.228295,85.35391,344.6337,359.8774,355.4355,0,0,0,1.146292,1.228295,85.35391,-0.002064,0.26499,0.964249,1.145463,1.334709,85.74113,-995,0,0,0.5,0.5,0.5,0.5,1,1,Invalid
33:38.3,1215,14.0578,1.14209,1.228261,85.44746,344.6272,359.8499,355.4192,0,0,0,1.14209,1.228261,85.44746,-0.002526,0.265099,0.964218,1.141076,1.334711,85.83463,-995,0,0,0.5,0.5,0.5,0.5,1,1,Invalid
33:38.3,1216,14.0701,1.137794,1.228267,85.541,344.6444,359.8339,355.4075,0,0,0,1.137794,1.228267,85.541,-0.002795,0.264808,0.964297,1.136672,1.334574,85.92812,-995,0,0,0.5,0.5,0.5,0.5,1,1,Invalid
33:38.3,1217,14.0823,1.133425,1.228231,85.63448,344.6428,359.8131,355.3959,0,0,0,1.133425,1.228231,85.63448,-0.003145,0.264836,0.964289,1.132162,1.33455,86.0216,-995,0,0,0.5,0.5,0.5,0.5,1,1,Invalid
33:38.3,1218,14.0944,1.128994,1.228215,85.728,344.6406,359.7986,355.3813,0,0,0,1.128994,1.228215,85.728,-0.003389,0.264872,0.964278,1.127633,1.334534,86.11507,-995,0,0,0.5,0.5,0.5,0.5,1,1,Invalid
33:38.3,1219,14.1064,1.124483,1.228239,85.82153,344.6758,359.7805,355.3849,0,0,0,1.124483,1.228239,85.82153,-0.003695,0.26428,0.964439,1.123,1.334287,86.20853,-995,0,0,0.5,0.5,0.5,0.5,1,1,Invalid
33:38.4,1220,14.1188,1.119907,1.228164,85.91495,344.6563,359.7682,355.3836,0,0,0,1.119907,1.228164,85.91495,-0.003901,0.264609,0.964348,1.118342,1.334361,86.30197,-995,0,0,0.5,0.5,0.5,0.5,1,1,Invalid
33:38.4,1221,14.1313,1.115257,1.228168,86.00844,344.6786,359.7446,355.3827,0,0,0,1.115257,1.228168,86.00844,-0.004299,0.264234,0.964449,1.113532,1.334187,86.3954,-995,0,0,0.5,0.5,0.5,0.5,1,1,Invalid
33:38.4,1222,14.1436,1.11054,1.228135,86.10186,344.6878,359.732,355.3913,0,0,0,1.11054,1.228135,86.10186,-0.004512,0.264079,0.964491,1.10873,1.334088,86.48883,-995,0,0,0.5,0.5,0.5,0.5,1,1,Invalid
33:38.4,1223,14.1566,1.100864,1.228114,86.28872,344.703,359.6772,355.397,0,0,0,1.100864,1.228114,86.28872,-0.005435,0.263823,0.964556,1.098684,1.333941,86.67563,-995,0,0,0.5,0.5,0.5,0.5,1,1,Invalid
33:38.4,1224,14.1695,1.095951,1.228107,86.38217,344.7207,359.6571,355.3976,0,0,0,1.095951,1.228107,86.38217,-0.005774,0.263524,0.964636,1.093636,1.333787,86.76902,-995,0,0,0.5,0.5,0.5,0.5,1,1,Invalid
33:38.4,1225,14.1843,1.090967,1.228077,86.47554,344.7426,359.6343,355.3906,0,0,0,1.090967,1.228077,86.47554,-0.006157,0.263156,0.964734,1.088498,1.333601,86.8624,-995,0,0,0.5,0.5,0.5,0.5,1,1,Invalid
33:38.4,1226,14.1977,1.085926,1.228027,86.56896,344.7461,359.6078,355.3818,0,0,0,1.085926,1.228027,86.56896,-0.006604,0.263098,0.964747,1.083278,1.333512,86.95576,-995,0,0,0.5,0.5,0.5,0.5,1,1,Invalid
33:38.5,1227,14.2123,1.075594,1.227981,86.75568,344.7579,359.5526,355.3725,0,0,0,1.075594,1.227981,86.75568,-0.007534,0.262898,0.964794,1.072574,1.333371,87.14244,-995,0,0,0.5,0.5,0.5,0.5,1,1,Invalid
33:38.5,1228,14.2252,1.070362,1.227947,86.84906,344.7698,359.5248,355.3646,0,0,0,1.070362,1.227947,86.84906,-0.008002,0.262697,0.964845,1.067155,1.333236,87.23577,-995,0,0,0.5,0.5,0.5,0.5,1,1,Invalid
33:38.5,1229,14.2345,1.065041,1.227941,86.94243,344.7892,359.4945,355.357,0,0,0,1.065041,1.227941,86.94243,-0.008514,0.262371,0.96493,1.061629,1.333075,87.32908,-995,0,0,0.5,0.5,0.5,0.5,1,1,Invalid
33:38.5,1230,14.2482,1.059677,1.227849,87.03577,344.8059,359.461,355.3409,0,0,0,1.059677,1.227849,87.03577,-0.009079,0.262089,0.965001,1.05604,1.332851,87.42239,-995,0,0,0.5,0.5,0.5,0.5,1,1,Invalid
33:38.5,1231,14.2623,1.054247,1.227802,87.12914,344.8414,359.4213,355.356,0,0,0,1.054247,1.227802,87.12914,-0.009749,0.261491,0.965157,1.050342,1.332527,87.51567,-995,0,0,0.5,0.5,0.5,0.5,1,1,Invalid
33:38.5,1232,14.2759,1.048754,1.227738,87.22247,344.8371,359.3921,355.3441,0,0,0,1.048754,1.227738,87.22247,-0.01024,0.261565,0.965132,1.044653,1.332482,87.60896,-995,0,0,0.5,0.5,0.5,0.5,1,1,Invalid
33:38.5,1233,14.2906,1.037588,1.227688,87.40903,344.862,359.3314,355.3512,0,0,0,1.037588,1.227688,87.40903,-0.011264,0.261145,0.965234,1.033078,1.332242,87.79548,-995,0,0,0.5,0.5,0.5,0.5,1,1,Invalid
33:38.5,1234,14.3053,1.031927,1.227662,87.50234,344.8948,359.3026,355.3463,0,0,0,1.031927,1.227662,87.50234,-0.011751,0.260592,0.965378,1.027224,1.33196,87.88872,-995,0,0,0.5,0.5,0.5,0.5,1,1,Invalid
33:38.6,1235,14.3195,1.026226,1.2276,87.5956,344.9075,359.2767,355.35,0,0,0,1.026226,1.2276,87.5956,-0.012188,0.260379,0.96543,1.021349,1.3318,87.98196,-995,0,0,0.5,0.5,0.5,0.5,1,1,Invalid
33:38.6,1236,14.3383,1.014641,1.227499,87.78215,344.9436,359.2127,355.3852,0,0,0,1.014641,1.227499,87.78215,-0.013269,0.25977,0.96558,1.009333,1.331409,88.16839,-995,0,0,0.5,0.5,0.5,0.5,1,1,Invalid
33:38.6,1237,14.3528,1.008801,1.227487,87.87537,344.9781,359.1666,355.409,0,0,0,1.008801,1.227487,87.87537,-0.014049,0.259188,0.965725,1.003182,1.33114,88.26158,-995,0,0,0.5,0.5,0.5,0.5,1,1,Invalid
33:38.6,1238,14.3672,0.996918,1.22749,88.06184,345.0028,359.1065,355.4234,0,0,0,0.996918,1.22749,88.06184,-0.015063,0.258771,0.965821,0.990896,1.330942,88.44795,-995,0,0,0.5,0.5,0.5,0.5,1,1,Invalid
33:38.6,1239,14.3823,0.990915,1.227434,88.15504,345.0188,359.0798,355.4175,0,0,0,0.990915,1.227434,88.15504,-0.015514,0.258502,0.965886,0.984714,1.330759,88.54111,-995,0,0,0.5,0.5,0.5,0.5,1,1,Invalid
33:38.6,1240,14.3974,0.984875,1.22738,88.24827,345.0425,359.0552,355.4108,0,0,0,0.984875,1.22738,88.24827,-0.01593,0.258103,0.965986,0.978509,1.330518,88.63428,-995,0,0,0.5,0.5,0.5,0.5,1,1,Invalid
33:38.7,1241,14.4183,0.972654,1.227319,88.43461,345.1167,359.0037,355.4163,0,0,0,0.972654,1.227319,88.43461,-0.016805,0.256852,0.966305,0.965942,1.329908,88.82056,-995,0,0,0.5,0.5,0.5,0.5,0.990291,1,Invalid
33:38.7,1242,14.4334,0.960226,1.22725,88.62088,345.1482,358.9515,355.4134,0,0,0,0.960226,1.22725,88.62088,-0.017688,0.25632,0.96643,0.953163,1.329602,89.00679,-995,0,0,0.5,0.5,0.5,0.5,0.990291,1,Invalid
33:38.7,1243,14.4467,0.953978,1.227181,88.71399,345.1967,358.9118,355.407,0,0,0,0.953978,1.227181,88.71399,-0.018361,0.255502,0.966634,0.946648,1.329181,89.09988,-995,0,0,0.5,0.5,0.5,0.5,0.992233,1,Invalid
33:38.7,1244,14.4617,0.947674,1.227173,88.80711,345.2693,358.8757,355.3978,0,0,0,0.947674,1.227173,88.80711,-0.018976,0.254277,0.966945,0.940101,1.328643,89.19298,-995,0,0,0.5,0.5,0.5,0.5,0.992233,1,Invalid
33:38.7,1245,14.4772,0.941355,1.227118,88.90019,345.2897,358.8571,355.3872,0,0,0,0.941355,1.227118,88.90019,-0.019292,0.253931,0.96703,0.933657,1.328443,89.28606,-995,0,0,0.5,0.5,0.5,0.5,0.995029,1,Invalid
33:38.7,1246,14.4933,0.928679,1.227064,89.08635,345.3157,358.8118,355.3818,0,0,0,0.928679,1.227064,89.08635,-0.020059,0.253493,0.967129,0.920676,1.3282,89.47221,-995,0,0,0.5,0.5,0.5,0.5,0.996819,1,Invalid
33:38.7,1247,14.5089,0.922405,1.227075,89.17941,345.3316,358.7877,355.3767,0,0,0,0.922405,1.227075,89.17941,-0.020467,0.253225,0.967191,0.91424,1.328099,89.56527,-995,0,0,0.5,0.5,0.5,0.5,0.996819,1,Invalid
33:38.8,1248,14.5236,0.90991,1.227058,89.36555,345.3247,358.7709,355.3681,0,0,0,0.90991,1.227058,89.36555,-0.02075,0.253341,0.967155,0.901632,1.328136,89.75143,-995,0,0,0.5,0.5,0.5,0.5,0.998697,1,Invalid
33:38.8,1249,14.5394,0.903786,1.22706,89.45863,345.3134,358.7678,355.3589,0,0,0,0.903786,1.22706,89.45863,-0.020801,0.253531,0.967104,0.895486,1.328222,89.84451,-995,0,0,0.5,0.5,0.5,0.5,0.998697,1,Invalid
33:38.8,1250,14.555,0.89776,1.227057,89.55169,345.3009,358.774,355.3468,0,0,0,0.89776,1.227057,89.55169,-0.020696,0.253743,0.96705,0.889501,1.328313,89.93759,-995,0,0,0.5,0.5,0.5,0.5,0.999333,1,Invalid
33:38.8,1251,14.5718,0.885849,1.227048,89.73785,345.2899,358.7888,355.3417,0,0,0,0.885849,1.227048,89.73785,-0.020445,0.253928,0.967007,0.877689,1.328389,90.12377,-995,0,0,0.5,0.5,0.5,0.5,0.999333,1,Invalid
33:38.8,1252,14.5878,0.880077,1.227047,89.83092,345.2688,358.8138,355.3296,0,0,0,0.880077,1.227047,89.83092,-0.020021,0.254285,0.966922,0.872086,1.328545,90.21687,-995,0,0,0.5,0.5,0.5,0.5,0.999727,1,Invalid
33:38.8,1253,14.6041,0.868679,1.227069,90.01712,345.2537,358.8688,355.3296,0,0,0,0.868679,1.227069,90.01712,-0.019091,0.254539,0.966874,0.861058,1.328675,90.40308,-995,0,0,0.5,0.5,0.5,0.5,0.999825,1,Invalid
33:38.9,1254,14.6289,0.857752,1.22703,90.20335,345.2033,358.9483,355.2799,0,0,0,0.857752,1.22703,90.20335,-0.017746,0.25539,0.966675,0.850667,1.328997,90.5893,-995,0,0,0.5,0.5,0.5,0.5,0.999911,1,Invalid
33:38.9,1255,14.6463,0.84717,1.227021,90.38958,345.188,359.0537,355.2586,0,0,0,0.84717,1.227021,90.38958,-0.015966,0.255648,0.966638,0.840795,1.329095,90.77554,-995,0,0,0.5,0.5,0.5,0.5,0.999911,1,Invalid
33:38.9,1256,14.6893,0.827288,1.226887,90.762,345.212,359.2909,355.2435,0,0,0,0.827288,1.226887,90.762,-0.011966,0.255243,0.966803,0.82251,1.328797,91.14801,-995,0,0,0.5,0.5,0.5,0.5,0.999977,1,Invalid
33:38.9,1257,14.6985,0.827324,1.226852,90.76201,345.2216,359.2983,355.2465,0,0,0,0.827324,1.226852,90.76201,-0.011842,0.255081,0.966847,0.822596,1.328693,91.14802,-995,0,0,0.5,0.5,0.5,0.5,0.999977,1,Invalid
33:39.0,1258,14.7142,0.817995,1.226787,90.94823,345.2447,359.4426,355.2341,0,0,0,0.817995,1.226787,90.94823,-0.009408,0.254692,0.966976,0.814239,1.328461,91.33425,-995,0,0,0.5,0.5,0.5,0.5,0.999988,1,Invalid
33:39.0,1259,14.7467,0.804926,1.226671,91.22758,345.267,359.6857,355.224,0,0,0,0.804926,1.226671,91.22758,-0.005306,0.254315,0.967107,0.802808,1.328185,91.61362,-995,0,0,0.5,0.5,0.5,0.5,0.999995,1,Invalid
33:39.0,1260,14.7621,0.800814,1.226644,91.32072,345.2575,359.779,355.2227,0,0,0,0.800814,1.226644,91.32072,-0.003731,0.254475,0.967072,0.799325,1.328218,91.70673,-995,0,0,0.5,0.5,0.5,0.5,0.999995,1,Invalid
33:39.1,1261,14.8283,0.778721,1.226611,91.87945,345.2997,0.371596,355.2256,0,0,0,0.778721,1.226611,91.87945,0.006273,0.253764,0.967246,0.781224,1.32785,92.26533,-995,0,0,0.5,0.5,0.5,0.5,0.999999,1,Invalid
33:39.1,1262,14.8464,0.772362,1.226562,92.06564,345.3232,0.579181,355.2482,0,0,0,0.772362,1.226562,92.06564,0.009779,0.253366,0.967321,0.776262,1.327626,92.45148,-995,0,0,0.5,0.5,0.5,0.5,1,1,Invalid
33:39.1,1263,14.8637,0.769339,1.22655,92.15874,345.344,0.682071,355.258,0,0,0,0.769339,1.22655,92.15874,0.011517,0.253016,0.967394,0.773932,1.32746,92.54456,-995,0,0,0.5,0.5,0.5,0.5,1,1,Invalid
33:39.1,1264,14.8802,0.763571,1.226508,92.3449,345.3413,0.883521,355.2649,0,0,0,0.763571,1.226508,92.3449,0.014918,0.25306,0.967336,0.76952,1.327426,92.73067,-995,0,0,0.5,0.5,0.5,0.5,1,1,Invalid
33:39.1,1265,14.8891,0.760803,1.22649,92.43798,345.3388,0.983024,355.2676,0,0,0,0.760803,1.22649,92.43798,0.016598,0.253103,0.967297,0.767422,1.327421,92.82372,-995,0,0,0.5,0.5,0.5,0.5,1,1,Invalid
33:39.1,1266,14.9051,0.758076,1.226507,92.53109,345.3371,1.082693,355.275,0,0,0,0.758076,1.226507,92.53109,0.01828,0.253132,0.967259,0.765364,1.327433,92.91674,-995,0,0,0.5,0.5,0.5,0.5,1,1,Invalid
33:39.2,1267,14.9422,0.750326,1.226508,92.81029,345.2966,1.332684,355.2786,0,0,0,0.750326,1.226508,92.81029,0.022496,0.253815,0.966991,0.759294,1.327687,93.19576,-995,0,0,0.5,0.5,0.5,0.5,1,1,Invalid
33:39.2,1268,14.9588,0.745491,1.226523,92.99635,345.2937,1.483352,355.2745,0,0,0,0.745491,1.226523,92.99635,0.025038,0.253864,0.966916,0.75547,1.327702,93.38172,-995,0,0,0.5,0.5,0.5,0.5,1,1,Invalid
33:39.2,1269,14.9746,0.743134,1.226526,93.08941,345.2978,1.549233,355.2731,0,0,0,0.743134,1.226526,93.08941,0.026151,0.253796,0.966904,0.753553,1.327653,93.47468,-995,0,0,0.5,0.5,0.5,0.5,1,1,Invalid
33:39.2,1270,14.9943,0.738621,1.226509,93.27542,345.2979,1.679145,355.2718,0,0,0,0.738621,1.226509,93.27542,0.028343,0.253793,0.966843,0.749911,1.327607,93.66056,-995,0,0,0.5,0.5,0.5,0.5,1,1,Invalid
33:39.3,1271,15.0102,0.736431,1.226483,93.36843,345.3039,1.730969,355.2686,0,0,0,0.736431,1.226483,93.36843,0.029218,0.253693,0.966844,0.748068,1.327521,93.75349,-995,0,0,0.5,0.5,0.5,0.5,1,1,Invalid
33:39.3,1272,15.0263,0.732256,1.226447,93.55436,345.3036,1.843663,355.2603,0,0,0,0.732256,1.226447,93.55436,0.03112,0.253698,0.966783,0.744647,1.327465,93.93932,-995,0,0,0.5,0.5,0.5,0.5,1,1,Invalid
33:39.3,1273,15.0417,0.730206,1.22643,93.64738,345.312,1.875018,355.2603,0,0,0,0.730206,1.22643,93.64738,0.03165,0.253555,0.966803,0.742804,1.327357,94.03221,-995,0,0,0.5,0.5,0.5,0.5,1,1,Invalid
33:39.3,1274,15.0581,0.726341,1.226393,93.83327,345.3195,1.962679,355.277,0,0,0,0.726341,1.226393,93.83327,0.03313,0.253428,0.966787,0.739524,1.327233,94.21796,-995,0,0,0.5,0.5,0.5,0.5,1,1,Invalid
33:39.3,1275,15.0751,0.72444,1.226339,93.92627,345.3293,1.973595,355.3056,0,0,0,0.72444,1.226339,93.92627,0.033316,0.253263,0.966824,0.737691,1.327071,94.31081,-995,0,0,0.5,0.5,0.5,0.5,1,1,Invalid
33:39.3,1276,15.0911,0.720915,1.226342,94.11211,345.3416,2.037296,355.3305,0,0,0,0.720915,1.226342,94.11211,0.034393,0.253055,0.96684,0.734588,1.326949,94.4965,-995,0,0,0.5,0.5,0.5,0.5,1,1,Invalid
33:39.3,1277,15.1009,0.719246,1.226336,94.20503,345.3454,2.062308,355.337,0,0,0,0.719246,1.226336,94.20503,0.034816,0.252992,0.966842,0.733084,1.326895,94.58933,-995,0,0,0.5,0.5,0.5,0.5,1,1,Invalid
33:39.4,1278,15.1184,0.717619,1.226302,94.298,345.3813,2.07865,355.3434,0,0,0,0.717619,1.226302,94.298,0.035097,0.252386,0.96699,0.731562,1.326566,94.68216,-995,0,0,0.5,0.5,0.5,0.5,1,1,Invalid
33:39.4,1279,15.1348,0.714626,1.226256,94.48375,345.4076,2.149449,355.3453,0,0,0,0.714626,1.226256,94.48375,0.036296,0.251941,0.967062,0.72904,1.326303,94.86777,-995,0,0,0.5,0.5,0.5,0.5,1,1,Invalid
33:39.4,1280,15.1507,0.713249,1.226219,94.57665,345.4241,2.179255,355.3524,0,0,0,0.713249,1.226219,94.57665,0.036802,0.251663,0.967115,0.727858,1.326121,94.96056,-995,0,0,0.5,0.5,0.5,0.5,1,1,Invalid
33:39.4,1281,15.1675,0.710676,1.226191,94.76234,345.4474,2.24315,355.3671,0,0,0,0.710676,1.226191,94.76234,0.037885,0.251269,0.967176,0.725709,1.325896,95.14612,-995,0,0,0.5,0.5,0.5,0.5,1,1,Invalid
33:39.4,1282,15.1848,0.709511,1.22615,94.8552,345.4729,2.269544,355.3672,0,0,0,0.709511,1.22615,94.8552,0.038335,0.250838,0.96727,0.724717,1.325649,95.23889,-995,0,0,0.5,0.5,0.5,0.5,1,1,Invalid
33:39.4,1283,15.2018,0.707357,1.226123,95.0408,345.5103,2.337838,355.3693,0,0,0,0.707357,1.226123,95.0408,0.039494,0.250207,0.967387,0.723017,1.325334,95.42439,-995,0,0,0.5,0.5,0.5,0.5,1,1,Invalid
33:39.5,1284,15.2193,0.706419,1.226056,95.13361,345.5391,2.381925,355.3719,0,0,0,0.706419,1.226056,95.13361,0.040244,0.249719,0.967482,0.722372,1.325047,95.51713,-995,0,0,0.5,0.5,0.5,0.5,1,1,Invalid
33:39.5,1285,15.237,0.704655,1.226003,95.31914,345.5606,2.459558,355.3722,0,0,0,0.704655,1.226003,95.31914,0.041559,0.249356,0.96752,0.721125,1.324825,95.70258,-995,0,0,0.5,0.5,0.5,0.5,1,1,Invalid
33:39.5,1286,15.2538,0.703917,1.225923,95.41191,345.5723,2.499964,355.368,0,0,0,0.703917,1.225923,95.41191,0.042243,0.249159,0.967541,0.720655,1.324649,95.79529,-995,0,0,0.5,0.5,0.5,0.5,1,1,Invalid
33:39.5,1287,15.2712,0.702536,1.225904,95.59737,345.5917,2.565889,355.3593,0,0,0,0.702536,1.225904,95.59737,0.04336,0.248831,0.967576,0.719713,1.324479,95.98068,-995,0,0,0.5,0.5,0.5,0.5,1,1,Invalid
33:39.5,1288,15.2891,0.701401,1.225919,95.78281,345.6147,2.632442,355.3541,0,0,0,0.701401,1.225919,95.78281,0.044489,0.248442,0.967625,0.71902,1.324314,96.16605,-995,0,0,0.5,0.5,0.5,0.5,1,1,Invalid
33:39.5,1289,15.3054,0.700945,1.225902,95.87553,345.6161,2.662837,355.3557,0,0,0,0.700945,1.225902,95.87553,0.045002,0.248419,0.967607,0.718766,1.324275,96.25871,-995,0,0,0.5,0.5,0.5,0.5,1,1,Invalid
33:39.6,1290,15.3146,0.700539,1.225879,95.96822,345.617,2.693614,355.3529,0,0,0,0.700539,1.225879,95.96822,0.045522,0.248403,0.967587,0.718564,1.324241,96.35136,-995,0,0,0.5,0.5,0.5,0.5,1,1,Invalid
33:39.6,1291,15.3315,0.700188,1.225893,96.06093,345.6175,2.719823,355.3558,0,0,0,0.700188,1.225893,96.06093,0.045965,0.248395,0.967568,0.718387,1.32424,96.44402,-995,0,0,0.5,0.5,0.5,0.5,1,1,Invalid
33:39.6,1292,15.3478,0.699619,1.225842,96.24625,345.5905,2.76729,355.3404,0,0,0,0.699619,1.225842,96.24625,0.046761,0.24885,0.967413,0.718134,1.324372,96.6293,-995,0,0,0.5,0.5,0.5,0.5,1,1,Invalid
33:39.6,1293,15.3646,0.699432,1.22586,96.33892,345.6087,2.787353,355.321,0,0,0,0.699432,1.22586,96.33892,0.047103,0.248542,0.967475,0.718079,1.324251,96.72192,-995,0,0,0.5,0.5,0.5,0.5,1,1,Invalid
33:39.6,1294,15.3816,0.699184,1.225863,96.52417,345.6335,2.837434,355.3187,0,0,0,0.699184,1.225863,96.52417,0.047954,0.248123,0.967541,0.718165,1.324072,96.90713,-995,0,0,0.5,0.5,0.5,0.5,1,1,Invalid
33:39.6,1295,15.3982,0.699158,1.225864,96.61678,345.6469,2.854263,355.3187,0,0,0,0.699158,1.225864,96.61678,0.048241,0.247897,0.967585,0.718251,1.323976,96.99973,-995,0,0,0.5,0.5,0.5,0.5,1,1,Invalid
33:39.7,1296,15.4149,0.699228,1.225855,96.80198,345.6486,2.893208,355.3151,0,0,0,0.699228,1.225855,96.80198,0.048899,0.247869,0.967559,0.71858,1.323947,97.18488,-995,0,0,0.5,0.5,0.5,0.5,1,1,Invalid
33:39.7,1297,15.4392,0.699472,1.225889,96.98714,345.6259,2.940162,355.293,0,0,0,0.699472,1.225889,96.98714,0.049687,0.248251,0.967421,0.719137,1.324139,97.37002,-995,0,0,0.5,0.5,0.5,0.5,1,1,Invalid
33:39.7,1298,15.4557,0.699921,1.225902,97.17226,345.6027,2.994629,355.287,0,0,0,0.699921,1.225902,97.17226,0.050602,0.248644,0.967272,0.719949,1.324318,97.55511,-995,0,0,0.5,0.5,0.5,0.5,1,1,Invalid
33:39.7,1299,15.4711,0.700235,1.225977,97.26482,345.6083,3.024004,355.2867,0,0,0,0.700235,1.225977,97.26482,0.051099,0.248549,0.967271,0.72046,1.32435,97.64765,-995,0,0,0.5,0.5,0.5,0.5,1,1,Invalid
33:39.7,1300,15.4875,0.700642,1.225947,97.35732,345.5876,3.049173,355.2824,0,0,0,0.700642,1.225947,97.35732,0.051519,0.248899,0.967158,0.721036,1.324476,97.74017,-995,0,0,0.5,0.5,0.5,0.5,1,1,Invalid
33:39.7,1301,15.5041,0.701471,1.225965,97.54234,345.573,3.10724,355.2688,0,0,0,0.701471,1.225965,97.54234,0.052496,0.249146,0.967042,0.722255,1.324604,97.9252,-995,0,0,0.5,0.5,0.5,0.5,1,1,Invalid
33:39.8,1302,15.5195,0.702032,1.225956,97.63483,345.5616,3.149362,355.2559,0,0,0,0.702032,1.225956,97.63483,0.053204,0.249338,0.966954,0.723099,1.324683,98.0177,-995,0,0,0.5,0.5,0.5,0.5,1,1,Invalid
33:39.8,1303,15.5336,0.703119,1.225989,97.81982,345.5508,3.215511,355.2433,0,0,0,0.703119,1.225989,97.81982,0.054318,0.249521,0.966845,0.724628,1.324795,98.20267,-995,0,0,0.5,0.5,0.5,0.5,1,1,Invalid
33:39.8,1304,15.5548,0.703838,1.226012,97.91229,345.5132,3.267343,355.227,0,0,0,0.703838,1.226012,97.91229,0.055183,0.250157,0.966631,0.725694,1.32509,98.29514,-995,0,0,0.5,0.5,0.5,0.5,1,1,Invalid
33:39.8,1305,15.5727,0.705221,1.22607,98.09724,345.4895,3.344585,355.2153,0,0,0,0.705221,1.22607,98.09724,0.05648,0.250557,0.966453,0.727593,1.325318,98.48006,-995,0,0,0.5,0.5,0.5,0.5,1,1,Invalid
33:39.8,1306,15.5919,0.706791,1.22611,98.28217,345.4731,3.416041,355.1997,0,0,0,0.706791,1.22611,98.28217,0.057681,0.250834,0.96631,0.72964,1.325473,98.66496,-995,0,0,0.5,0.5,0.5,0.5,1,1,Invalid
33:39.9,1307,15.6126,0.708536,1.22613,98.46703,345.4494,3.501631,355.1844,0,0,0,0.708536,1.22613,98.46703,0.059118,0.251235,0.966119,0.731958,1.325667,98.8498,-995,0,0,0.5,0.5,0.5,0.5,1,1,Invalid
33:39.9,1308,15.6328,0.709539,1.226168,98.55946,345.4432,3.5395,355.1815,0,0,0,0.709539,1.226168,98.55946,0.059755,0.251339,0.966053,0.733214,1.325748,98.94221,-995,0,0,0.5,0.5,0.5,0.5,1,1,Invalid
33:39.9,1309,15.653,0.7115,1.22613,98.74428,345.421,3.616748,355.1577,0,0,0,0.7115,1.22613,98.74428,0.061051,0.251714,0.965874,0.735692,1.325873,99.12701,-995,0,0,0.5,0.5,0.5,0.5,1,1,Invalid
33:39.9,1310,15.6728,0.713621,1.226146,98.9291,345.4119,3.678365,355.1574,0,0,0,0.713621,1.226146,98.9291,0.062087,0.251868,0.965768,0.738223,1.325947,99.31178,-995,0,0,0.5,0.5,0.5,0.5,1,1,Invalid
33:39.9,1311,15.6947,0.715918,1.226145,99.1139,345.3926,3.74353,355.1503,0,0,0,0.715918,1.226145,99.1139,0.06318,0.252195,0.965612,0.740952,1.326074,99.49651,-995,0,0,0.5,0.5,0.5,0.5,1,1,Invalid
33:40.0,1312,15.7151,0.718361,1.226131,99.29866,345.3734,3.802525,355.1457,0,0,0,0.718361,1.226131,99.29866,0.064169,0.252518,0.965462,0.743786,1.326184,99.6812,-995,0,0,0.5,0.5,0.5,0.5,1,1,Invalid
33:40.0,1313,15.7352,0.720942,1.226117,99.48339,345.3596,3.851007,355.1361,0,0,0,0.720942,1.226117,99.48339,0.064981,0.252752,0.965347,0.746687,1.326257,99.86586,-995,0,0,0.5,0.5,0.5,0.5,1,1,Invalid
33:40.0,1314,15.7459,0.722279,1.226104,99.57574,345.366,3.874456,355.1306,0,0,0,0.722279,1.226104,99.57574,0.065378,0.252644,0.965348,0.748179,1.326192,99.95818,-995,0,0,0.5,0.5,0.5,0.5,1,1,Invalid
33:40.0,1315,15.7671,0.725073,1.226094,99.76041,345.3771,3.9144,355.1243,0,0,0,0.725073,1.226094,99.76041,0.066055,0.252456,0.965351,0.751237,1.326092,100.1428,-995,0,0,0.5,0.5,0.5,0.5,1,1,Invalid
33:40.0,1316,15.787,0.726534,1.226073,99.85275,345.3745,3.93532,355.1157,0,0,0,0.726534,1.226073,99.85275,0.066406,0.252499,0.965316,0.752836,1.326081,100.2351,-995,0,0,0.5,0.5,0.5,0.5,1,1,Invalid
33:40.0,1317,15.8062,0.729555,1.226025,100.0374,345.3743,3.976779,355.1232,0,0,0,0.729555,1.226025,100.0374,0.067105,0.252504,0.965266,0.75613,1.326021,100.4196,-995,0,0,0.5,0.5,0.5,0.5,1,1,Invalid
33:40.1,1318,15.8266,0.732731,1.225976,100.222,345.3771,4.009335,355.1357,0,0,0,0.732731,1.225976,100.222,0.067654,0.252456,0.96524,0.759516,1.325926,100.6042,-995,0,0,0.5,0.5,0.5,0.5,1,1,Invalid
33:40.1,1319,15.8472,0.736055,1.225928,100.4066,345.3775,4.050494,355.1466,0,0,0,0.736055,1.225928,100.4066,0.068348,0.252449,0.965193,0.76311,1.325856,100.7886,-995,0,0,0.5,0.5,0.5,0.5,1,1,Invalid
33:40.1,1320,15.8668,0.739546,1.225901,100.5911,345.3784,4.091548,355.1389,0,0,0,0.739546,1.225901,100.5911,0.06904,0.252435,0.965148,0.766867,1.325798,100.9731,-995,0,0,0.5,0.5,0.5,0.5,1,1,Invalid
33:40.1,1321,15.8873,0.741358,1.225854,100.6835,345.396,4.121535,355.1137,0,0,0,0.741358,1.225854,100.6835,0.06955,0.252138,0.965189,0.768873,1.325603,101.0653,-995,0,0,0.5,0.5,0.5,0.5,1,1,Invalid
33:40.1,1322,15.9091,0.745073,1.225814,100.868,345.4303,4.180622,355.1046,0,0,0,0.745073,1.225814,100.868,0.070557,0.251558,0.965267,0.772975,1.325294,101.2497,-995,0,0,0.5,0.5,0.5,0.5,1,1,Invalid
33:40.2,1323,15.9194,0.746986,1.225796,100.9602,345.4454,4.205446,355.1074,0,0,0,0.746986,1.225796,100.9602,0.07098,0.251302,0.965303,0.77505,1.325156,101.3419,-995,0,0,0.5,0.5,0.5,0.5,1,1,Invalid
33:40.2,1324,15.9304,0.74892,1.225761,101.0525,345.4742,4.221161,355.1035,0,0,0,0.74892,1.225761,101.0525,0.071254,0.250815,0.965409,0.777083,1.324894,101.4341,-995,0,0,0.5,0.5,0.5,0.5,1,1,Invalid
33:40.2,1325,15.9411,0.750914,1.22571,101.1447,345.4806,4.239008,355.0995,0,0,0,0.750914,1.22571,101.1447,0.071556,0.250708,0.965415,0.779194,1.324793,101.5262,-995,0,0,0.5,0.5,0.5,0.5,1,1,Invalid
33:40.2,1326,15.9714,0.757044,1.225621,101.4213,345.5207,4.317828,355.1053,0,0,0,0.757044,1.225621,101.4213,0.072898,0.250031,0.96549,0.785839,1.324383,101.8027,-995,0,0,0.5,0.5,0.5,0.5,1,1,Invalid
33:40.2,1327,15.9898,0.761334,1.225594,101.6056,345.5366,4.354965,355.1145,0,0,0,0.761334,1.225594,101.6056,0.073529,0.249761,0.965512,0.790373,1.324234,101.9869,-995,0,0,0.5,0.5,0.5,0.5,1,1,Invalid
33:40.2,1328,16.0091,0.763495,1.225543,101.6978,345.5496,4.364765,355.1386,0,0,0,0.763495,1.225543,101.6978,0.073698,0.249543,0.965555,0.792593,1.324073,102.079,-995,0,0,0.5,0.5,0.5,0.5,1,1,Invalid
33:40.3,1329,16.0283,0.767956,1.225528,101.8821,345.5599,4.394292,355.1451,0,0,0,0.767956,1.225528,101.8821,0.074199,0.249367,0.965562,0.797246,1.323967,102.2633,-995,0,0,0.5,0.5,0.5,0.5,1,1,Invalid
33:40.3,1330,16.0481,0.77252,1.225507,102.0663,345.568,4.412901,355.1539,0,0,0,0.77252,1.225507,102.0663,0.074516,0.249231,0.965573,0.80193,1.323874,102.4474,-995,0,0,0.5,0.5,0.5,0.5,1,1,Invalid
33:40.3,1331,16.0701,0.777042,1.225495,102.2505,345.5849,4.417582,355.1728,0,0,0,0.777042,1.225495,102.2505,0.0746,0.248945,0.96564,0.806479,1.323727,102.6316,-995,0,0,0.5,0.5,0.5,0.5,1,1,Invalid
33:40.3,1332,16.0898,0.781508,1.225513,102.4346,345.5989,4.41346,355.1852,0,0,0,0.781508,1.225513,102.4346,0.074535,0.248708,0.965707,0.810914,1.323635,102.8157,-995,0,0,0.5,0.5,0.5,0.5,1,1,Invalid
33:40.3,1333,16.1087,0.783625,1.225523,102.5267,345.6086,4.392002,355.192,0,0,0,0.783625,1.225523,102.5267,0.074177,0.248544,0.965776,0.812885,1.323564,102.9077,-995,0,0,0.5,0.5,0.5,0.5,1,1,Invalid
33:40.4,1334,16.1276,0.7878,1.22554,102.7107,345.6047,4.378805,355.2013,0,0,0,0.7878,1.22554,102.7107,0.073953,0.24861,0.965776,0.816971,1.323605,103.0917,-995,0,0,0.5,0.5,0.5,0.5,1,1,Invalid
33:40.4,1335,16.1474,0.791712,1.225561,102.8947,345.6146,4.34282,355.2133,0,0,0,0.791712,1.225561,102.8947,0.07335,0.248444,0.965865,0.820643,1.323553,103.2756,-995,0,0,0.5,0.5,0.5,0.5,1,1,Invalid
33:40.4,1336,16.1659,0.793497,1.225544,102.9866,345.5958,4.323077,355.2151,0,0,0,0.793497,1.225544,102.9866,0.073011,0.248761,0.965809,0.822297,1.323671,103.3676,-995,0,0,0.5,0.5,0.5,0.5,1,1,Invalid
33:40.4,1337,16.1895,0.798599,1.225584,103.2623,345.5954,4.24147,355.2192,0,0,0,0.798599,1.225584,103.2623,0.071635,0.248768,0.96591,0.826857,1.323717,103.6433,-995,0,0,0.5,0.5,0.5,0.5,1,1,Invalid
33:40.4,1338,16.2082,0.800158,1.225575,103.3542,345.5713,4.208866,355.2171,0,0,0,0.800158,1.225575,103.3542,0.071078,0.249176,0.965847,0.8282,1.323884,103.7352,-995,0,0,0.5,0.5,0.5,0.5,1,1,Invalid
33:40.5,1339,16.2297,0.802939,1.225643,103.5379,345.5543,4.136286,355.2203,0,0,0,0.802939,1.225643,103.5379,0.069849,0.249462,0.965862,0.830497,1.324068,103.919,-995,0,0,0.5,0.5,0.5,0.5,1,1,Invalid
33:40.5,1340,16.2487,0.805416,1.225662,103.7215,345.5129,4.061611,355.2206,0,0,0,0.805416,1.225662,103.7215,0.068577,0.250161,0.965772,0.832479,1.324385,104.1026,-995,0,0,0.5,0.5,0.5,0.5,1,1,Invalid
33:40.5,1341,16.2677,0.807533,1.22575,103.9051,345.4913,3.969176,355.204,0,0,0,0.807533,1.22575,103.9051,0.067012,0.250527,0.965788,0.83398,1.324622,104.2862,-995,0,0,0.5,0.5,0.5,0.5,1,1,Invalid
33:40.5,1342,16.288,0.808512,1.225748,103.9968,345.448,3.928179,355.203,0,0,0,0.808512,1.225748,103.9968,0.066308,0.251258,0.965646,0.834687,1.324933,104.378,-995,0,0,0.5,0.5,0.5,0.5,1,1,Invalid
33:40.6,1343,16.3096,0.810261,1.225733,104.1812,345.4333,3.827914,355.2043,0,0,0,0.810261,1.225733,104.1812,0.064614,0.251506,0.965697,0.835769,1.325022,104.5624,-995,0,0,0.5,0.5,0.5,0.5,1,1,Invalid
33:40.6,1344,16.3294,0.811752,1.225773,104.3655,345.4439,3.72902,355.1993,0,0,0,0.811752,1.225773,104.3655,0.06295,0.251328,0.965853,0.836601,1.324982,104.7467,-995,0,0,0.5,0.5,0.5,0.5,1,1,Invalid
33:40.6,1345,16.3513,0.813093,1.225786,104.5497,345.4522,3.629028,355.2095,0,0,0,0.813093,1.225786,104.5497,0.061267,0.251188,0.965998,0.837277,1.324937,104.931,-995,0,0,0.5,0.5,0.5,0.5,1,1,Invalid
33:40.6,1346,16.3701,0.814282,1.22577,104.734,345.4281,3.537464,355.2256,0,0,0,0.814282,1.22577,104.734,0.059716,0.251594,0.965989,0.837856,1.325091,105.1153,-995,0,0,0.5,0.5,0.5,0.5,1,1,Invalid
33:40.6,1347,16.3796,0.814854,1.225792,104.8261,345.4382,3.475655,355.2433,0,0,0,0.814854,1.225792,104.8261,0.058677,0.251424,0.966097,0.838016,1.325042,105.2074,-995,0,0,0.5,0.5,0.5,0.5,1,1,Invalid
33:40.6,1348,16.3979,0.815357,1.225821,104.9182,345.4417,3.41677,355.2574,0,0,0,0.815357,1.225821,104.9182,0.057685,0.251364,0.966172,0.838126,1.32504,105.2996,-995,0,0,0.5,0.5,0.5,0.5,1,1,Invalid
33:40.7,1349,16.4154,0.81637,1.225801,105.1024,345.4168,3.310011,355.2664,0,0,0,0.81637,1.225801,105.1024,0.055878,0.251786,0.966169,0.838428,1.325196,105.4838,-995,0,0,0.5,0.5,0.5,0.5,1,1,Invalid
33:40.7,1350,16.4344,0.817287,1.225849,105.2866,345.4103,3.198356,355.273,0,0,0,0.817287,1.225849,105.2866,0.053994,0.251896,0.966247,0.8386,1.325278,105.668,-995,0,0,0.5,0.5,0.5,0.5,1,1,Invalid
33:40.7,1351,16.4529,0.817694,1.225821,105.3787,345.3827,3.124475,355.2941,0,0,0,0.817694,1.225821,105.3787,0.052741,0.252361,0.966195,0.838513,1.325442,105.7601,-995,0,0,0.5,0.5,0.5,0.5,1,1,Invalid
33:40.7,1352,16.4715,0.818459,1.225829,105.5628,345.3786,3.002295,355.3089,0,0,0,0.818459,1.225829,105.5628,0.05068,0.25243,0.966287,0.838465,1.325476,105.9443,-995,0,0,0.5,0.5,0.5,0.5,1,1,Invalid
33:40.7,1353,16.491,0.819077,1.225828,105.7469,345.3726,2.888194,355.3065,0,0,0,0.819077,1.225828,105.7469,0.048754,0.252532,0.966359,0.838322,1.325516,106.1284,-995,0,0,0.5,0.5,0.5,0.5,1,1,Invalid
33:40.7,1354,16.5091,0.819309,1.225807,105.839,345.3867,2.803897,355.3176,0,0,0,0.819309,1.225807,105.839,0.047335,0.252293,0.966493,0.837993,1.325392,106.2205,-995,0,0,0.5,0.5,0.5,0.5,1,1,Invalid
33:40.8,1355,16.5293,0.819752,1.225822,106.023,345.3882,2.693526,355.3214,0,0,0,0.819752,1.225822,106.023,0.045474,0.252268,0.966588,0.837702,1.3254,106.4046,-995,0,0,0.5,0.5,0.5,0.5,1,1,Invalid
33:40.8,1356,16.5474,0.820057,1.225828,106.207,345.3772,2.593801,355.314,0,0,0,0.820057,1.225828,106.207,0.043789,0.252454,0.966618,0.837345,1.325495,106.5887,-995,0,0,0.5,0.5,0.5,0.5,1,1,Invalid
33:40.8,1357,16.5662,0.82012,1.225842,106.2991,345.3552,2.523539,355.3217,0,0,0,0.82012,1.225842,106.2991,0.042599,0.252826,0.966574,0.836939,1.325665,106.6807,-995,0,0,0.5,0.5,0.5,0.5,1,1,Invalid
33:40.8,1358,16.5841,0.820179,1.225849,106.4831,345.3411,2.434189,355.3288,0,0,0,0.820179,1.225849,106.4831,0.041089,0.253064,0.966577,0.836404,1.325775,106.8647,-995,0,0,0.5,0.5,0.5,0.5,1,1,Invalid
33:40.8,1359,16.5941,0.820156,1.22586,106.5751,345.3379,2.384636,355.3235,0,0,0,0.820156,1.22586,106.5751,0.040253,0.253119,0.966597,0.836051,1.325812,106.9567,-995,0,0,0.5,0.5,0.5,0.5,1,1,Invalid
33:40.9,1360,16.6134,0.820017,1.225858,106.759,345.3257,2.304731,355.3173,0,0,0,0.820017,1.225858,106.759,0.038903,0.253324,0.966599,0.835382,1.325914,107.1407,-995,0,0,0.5,0.5,0.5,0.5,1,1,Invalid
33:40.9,1361,16.63,0.819878,1.225872,106.8509,345.3381,2.263515,355.29,0,0,0,0.819878,1.225872,106.8509,0.038209,0.253114,0.966682,0.83497,1.325848,107.2327,-995,0,0,0.5,0.5,0.5,0.5,1,1,Invalid
33:40.9,1362,16.6465,0.819504,1.225908,107.0348,345.3266,2.213582,355.2562,0,0,0,0.819504,1.225908,107.0348,0.037365,0.253309,0.966664,0.834265,1.32598,107.4167,-995,0,0,0.5,0.5,0.5,0.5,1,1,Invalid
33:40.9,1363,16.663,0.819254,1.22596,107.1267,345.3141,2.2068,355.2539,0,0,0,0.819254,1.22596,107.1267,0.037248,0.253521,0.966613,0.833972,1.326132,107.5086,-995,0,0,0.5,0.5,0.5,0.5,1,1,Invalid
33:40.9,1364,16.6802,0.818609,1.226003,107.3105,345.2918,2.155759,355.2536,0,0,0,0.818609,1.226003,107.3105,0.036384,0.253896,0.966547,0.832989,1.326347,107.6925,-995,0,0,0.5,0.5,0.5,0.5,1,1,Invalid
33:40.9,1365,16.6971,0.818243,1.226051,107.4024,345.2619,2.134227,355.2579,0,0,0,0.818243,1.226051,107.4024,0.036015,0.254401,0.966428,0.832481,1.326624,107.7845,-995,0,0,0.5,0.5,0.5,0.5,1,0.999877,Invalid
33:41.0,1366,16.721,0.817394,1.226077,107.5862,345.2415,2.110471,355.2506,0,0,0,0.817394,1.226077,107.5862,0.035611,0.254746,0.966352,0.831478,1.326821,107.9683,-995,0,0,0.5,0.5,0.5,0.5,1,0.999877,Invalid
33:41.0,1367,16.7381,0.816362,1.226102,107.7699,345.2313,2.086374,355.2531,0,0,0,0.816362,1.226102,107.7699,0.035203,0.254917,0.966322,0.830289,1.326949,108.1522,-995,0,0,0.5,0.5,0.5,0.5,1,0.999779,Invalid
33:41.0,1368,16.7555,0.815807,1.226127,107.8617,345.2169,2.09354,355.2452,0,0,0,0.815807,1.226127,107.8617,0.035322,0.255161,0.966253,0.829785,1.327101,108.2441,-995,0,0,0.5,0.5,0.5,0.5,1,0.999823,Invalid
33:41.0,1369,16.7717,0.814539,1.226152,108.0454,345.2086,2.063511,355.2506,0,0,0,0.814539,1.226152,108.0454,0.034814,0.2553,0.966235,0.828319,1.327207,108.4278,-995,0,0,0.5,0.5,0.5,0.5,1,0.999858,Invalid
33:41.0,1370,16.7866,0.813858,1.226192,108.1371,345.1982,2.063908,355.2511,0,0,0,0.813858,1.226192,108.1371,0.034819,0.255476,0.966188,0.827645,1.327349,108.5197,-995,0,0,0.5,0.5,0.5,0.5,1,0.999858,Invalid
33:41.0,1371,16.7953,0.813128,1.226213,108.229,345.1868,2.051717,355.2523,0,0,0,0.813128,1.226213,108.229,0.034612,0.255669,0.966145,0.826834,1.327463,108.6116,-995,0,0,0.5,0.5,0.5,0.5,1,0.999858,Invalid
33:41.1,1372,16.8127,0.81156,1.226299,108.4126,345.175,2.029404,355.2444,0,0,0,0.81156,1.226299,108.4126,0.034234,0.255868,0.966106,0.825122,1.327664,108.7953,-995,0,0,0.5,0.5,0.5,0.5,1,0.999942,Invalid
33:41.1,1373,16.8297,0.810757,1.226354,108.5043,345.1436,2.03721,355.2317,0,0,0,0.810757,1.226354,108.5043,0.03436,0.256398,0.965961,0.824373,1.327957,108.8871,-995,0,0,0.5,0.5,0.5,0.5,1,0.999963,Invalid
33:41.1,1374,16.8463,0.808939,1.226398,108.6879,345.1119,2.013171,355.2384,0,0,0,0.808939,1.226398,108.6879,0.03395,0.256932,0.965833,0.822398,1.328252,109.0708,-995,0,0,0.5,0.5,0.5,0.5,1,0.999981,Invalid
33:41.1,1375,16.8613,0.808014,1.226449,108.7797,345.0932,1.996144,355.2358,0,0,0,0.808014,1.226449,108.7797,0.03366,0.257248,0.965759,0.82136,1.328447,109.1626,-995,0,0,0.5,0.5,0.5,0.5,1,0.999981,Invalid
33:41.1,1376,16.8764,0.807035,1.226454,108.8714,345.0576,1.981496,355.2196,0,0,0,0.807035,1.226454,108.8714,0.033408,0.257849,0.965608,0.820285,1.328719,109.2544,-995,0,0,0.5,0.5,0.5,0.5,1,0.99999,Invalid
33:41.1,1377,16.8909,0.804909,1.226486,109.055,345.0561,1.944389,355.1992,0,0,0,0.804909,1.226486,109.055,0.032782,0.257874,0.965622,0.817912,1.328772,109.438,-995,0,0,0.5,0.5,0.5,0.5,1,0.99999,Invalid
33:41.1,1378,16.9065,0.803825,1.2265,109.1467,345.0717,1.933182,355.1978,0,0,0,0.803825,1.2265,109.1467,0.032595,0.25761,0.965699,0.816755,1.328685,109.5298,-995,0,0,0.5,0.5,0.5,0.5,1,0.99999,Invalid
33:41.2,1379,16.9221,0.802713,1.226488,109.2385,345.0568,1.909912,355.1942,0,0,0,0.802713,1.226488,109.2385,0.032201,0.257861,0.965645,0.815489,1.328789,109.6216,-995,0,0,0.5,0.5,0.5,0.5,1,0.999995,Invalid
33:41.2,1380,16.9374,0.80028,1.226505,109.422,345.0622,1.854128,355.188,0,0,0,0.80028,1.226505,109.422,0.031262,0.25777,0.9657,0.812682,1.328773,109.8051,-995,0,0,0.5,0.5,0.5,0.5,1,0.999998,Invalid
33:41.2,1381,16.9519,0.799028,1.226503,109.5137,345.0538,1.824059,355.1677,0,0,0,0.799028,1.226503,109.5137,0.030754,0.257912,0.965679,0.811231,1.328843,109.8969,-995,0,0,0.5,0.5,0.5,0.5,1,0.999998,Invalid
33:41.2,1382,16.9673,0.79636,1.226495,109.6971,345.04,1.772225,355.1513,0,0,0,0.79636,1.226495,109.6971,0.029878,0.258145,0.965644,0.808217,1.328938,110.0803,-995,0,0,0.5,0.5,0.5,0.5,1,0.999999,Invalid
33:41.2,1383,16.9822,0.794933,1.226504,109.7887,345.0306,1.738734,355.1396,0,0,0,0.794933,1.226504,109.7887,0.029312,0.258303,0.965619,0.806568,1.329035,110.172,-995,0,0,0.5,0.5,0.5,0.5,1,0.999999,Invalid
33:41.2,1384,16.9973,0.79356,1.226528,109.8805,345.041,1.700391,355.1323,0,0,0,0.79356,1.226528,109.8805,0.028667,0.258127,0.965686,0.804938,1.328973,110.2638,-995,0,0,0.5,0.5,0.5,0.5,1,0.999999,Invalid
33:41.2,1385,17.0066,0.792074,1.226518,109.9722,345.0437,1.672839,355.1232,0,0,0,0.792074,1.226518,109.9722,0.028203,0.258083,0.965711,0.803269,1.328956,110.3555,-995,0,0,0.5,0.5,0.5,0.5,1,1,Invalid
33:41.3,1386,17.0214,0.790583,1.226507,110.0638,345.0422,1.64279,355.1187,0,0,0,0.790583,1.226507,110.0638,0.027697,0.258107,0.965719,0.801576,1.328957,110.4472,-995,0,0,0.5,0.5,0.5,0.5,1,1,Invalid
33:41.3,1387,17.0391,0.787449,1.2265,110.2472,345.0374,1.594349,355.1148,0,0,0,0.787449,1.2265,110.2472,0.02688,0.258189,0.96572,0.798119,1.328985,110.6305,-995,0,0,0.5,0.5,0.5,0.5,1,1,Invalid
33:41.3,1388,17.0537,0.785833,1.226515,110.3389,345.0463,1.567842,355.1102,0,0,0,0.785833,1.226515,110.3389,0.026434,0.258039,0.965773,0.796326,1.32894,110.7222,-995,0,0,0.5,0.5,0.5,0.5,1,1,Invalid
33:41.3,1389,17.0677,0.782488,1.226501,110.5222,345.0283,1.526357,355.1103,0,0,0,0.782488,1.226501,110.5222,0.025733,0.258343,0.965711,0.792702,1.32905,110.9055,-995,0,0,0.5,0.5,0.5,0.5,1,1,Invalid
33:41.3,1390,17.0825,0.780773,1.226512,110.6138,345.0334,1.51331,355.1011,0,0,0,0.780773,1.226512,110.6138,0.025513,0.258256,0.96574,0.790901,1.329028,110.9972,-995,0,0,0.5,0.5,0.5,0.5,1,1,Invalid
33:41.3,1391,17.1011,0.777229,1.226502,110.7971,345.0443,1.47595,355.1007,0,0,0,0.777229,1.226502,110.7971,0.024885,0.258072,0.965805,0.787106,1.328935,111.1805,-995,0,0,0.5,0.5,0.5,0.5,1,1,Invalid
33:41.4,1392,17.1166,0.775391,1.226483,110.8887,345.0594,1.467927,355.1045,0,0,0,0.775391,1.226483,110.8887,0.024751,0.257817,0.965877,0.785215,1.328812,111.2721,-995,0,0,0.5,0.5,0.5,0.5,1,1,Invalid
33:41.4,1393,17.1309,0.773518,1.226449,110.9803,345.0513,1.456051,355.1052,0,0,0,0.773518,1.226449,110.9803,0.02455,0.257955,0.965845,0.783262,1.328838,111.3637,-995,0,0,0.5,0.5,0.5,0.5,1,1,Invalid
33:41.4,1394,17.1457,0.76963,1.22646,111.1635,345.0755,1.414223,355.1139,0,0,0,0.76963,1.22646,111.1635,0.023848,0.257547,0.965972,0.779095,1.328679,111.5469,-995,0,0,0.5,0.5,0.5,0.5,1,1,Invalid
33:41.4,1395,17.1588,0.767647,1.226448,111.2551,345.0724,1.395496,355.1135,0,0,0,0.767647,1.226448,111.2551,0.023532,0.257599,0.965965,0.776986,1.328686,111.6385,-995,0,0,0.5,0.5,0.5,0.5,1,1,Invalid
33:41.4,1396,17.1722,0.765616,1.226411,111.3467,345.0443,1.389295,355.1069,0,0,0,0.765616,1.226411,111.3467,0.023424,0.258072,0.965842,0.774913,1.328844,111.73,-995,0,0,0.5,0.5,0.5,0.5,1,1,Invalid
33:41.4,1397,17.1868,0.76354,1.226429,111.4383,345.0579,1.37226,355.1165,0,0,0,0.76354,1.226429,111.4383,0.023138,0.257843,0.96591,0.772724,1.328764,111.8216,-995,0,0,0.5,0.5,0.5,0.5,1,1,Invalid
33:41.4,1398,17.2018,0.759272,1.226443,111.6214,345.0644,1.331527,355.1205,0,0,0,0.759272,1.226443,111.6214,0.022452,0.257734,0.965955,0.768182,1.328723,112.0047,-995,0,0,0.5,0.5,0.5,0.5,1,1,Invalid
33:41.5,1399,17.2108,0.759274,1.22642,111.6214,345.0477,1.323647,355.1232,0,0,0,0.759274,1.22642,111.6214,0.022318,0.258014,0.965883,0.768131,1.32882,112.0047,-995,0,0,0.5,0.5,0.5,0.5,1,1,Invalid
33:41.5,1400,17.2234,0.754871,1.226414,111.8045,345.0523,1.269675,355.1299,0,0,0,0.754871,1.226414,111.8045,0.021408,0.257937,0.965925,0.763367,1.328773,112.1878,-995,0,0,0.5,0.5,0.5,0.5,1,1,Invalid
33:41.5,1401,17.2507,0.750265,1.226395,111.9879,345.0671,1.203124,355.1438,0,0,0,0.750265,1.226395,111.9879,0.020288,0.257688,0.966015,0.758315,1.328644,112.3712,-995,0,0,0.5,0.5,0.5,0.5,1,1,Invalid
33:41.5,1402,17.2632,0.747896,1.226396,112.0803,345.0798,1.173001,355.1377,0,0,0,0.747896,1.226396,112.0803,0.019781,0.257473,0.966083,0.755744,1.328546,112.4636,-995,0,0,0.5,0.5,0.5,0.5,1,1,Invalid
33:41.5,1403,17.2761,0.745495,1.22637,112.1726,345.0781,1.14734,355.138,0,0,0,0.745495,1.22637,112.1726,0.019348,0.257503,0.966084,0.753171,1.328525,112.5559,-995,0,0,0.5,0.5,0.5,0.5,1,1,Invalid
33:41.5,1404,17.289,0.740603,1.226365,112.3573,345.088,1.098322,355.1408,0,0,0,0.740603,1.226365,112.3573,0.018523,0.257335,0.966145,0.74795,1.32844,112.7405,-995,0,0,0.5,0.5,0.5,0.5,1,1,Invalid
33:41.5,1405,17.3021,0.738089,1.226361,112.4496,345.0968,1.069106,355.1535,0,0,0,0.738089,1.226361,112.4496,0.018031,0.257188,0.966193,0.74524,1.328364,112.8328,-995,0,0,0.5,0.5,0.5,0.5,1,1,Invalid
33:41.6,1406,17.3154,0.735535,1.226349,112.5419,345.0903,1.04715,355.1531,0,0,0,0.735535,1.226349,112.5419,0.01766,0.257296,0.966171,0.742538,1.328388,112.9251,-995,0,0,0.5,0.5,0.5,0.5,1,1,Invalid
33:41.6,1407,17.3287,0.732967,1.226369,112.6342,345.084,1.022379,355.1416,0,0,0,0.732967,1.226369,112.6342,0.017242,0.257402,0.966151,0.739805,1.328442,113.0173,-995,0,0,0.5,0.5,0.5,0.5,1,1,Invalid
33:41.6,1408,17.341,0.730345,1.226356,112.7265,345.086,1.010571,355.1501,0,0,0,0.730345,1.226356,112.7265,0.017043,0.25737,0.966163,0.737102,1.328406,113.1096,-995,0,0,0.5,0.5,0.5,0.5,1,1,Invalid
33:41.6,1409,17.3548,0.727728,1.226296,112.8188,345.0808,0.992127,355.1771,0,0,0,0.727728,1.226296,112.8188,0.016731,0.257456,0.966145,0.734362,1.328375,113.2019,-995,0,0,0.5,0.5,0.5,0.5,1,1,Invalid
33:41.7,1410,17.4231,0.708464,1.226236,113.4646,345.1002,0.899415,355.1325,0,0,0,0.708464,1.226236,113.4646,0.015169,0.257129,0.966258,0.714473,1.328098,113.8474,-995,0,0,0.5,0.5,0.5,0.5,1,1,Invalid
33:41.7,1411,17.4366,0.705584,1.22623,113.5568,345.0948,0.910915,355.1333,0,0,0,0.705584,1.22623,113.5568,0.015363,0.25722,0.966231,0.711669,1.328118,113.9396,-995,0,0,0.5,0.5,0.5,0.5,1,1,Invalid
33:41.7,1412,17.4682,0.696728,1.226216,113.8335,345.1215,0.885449,355.1212,0,0,0,0.696728,1.226216,113.8335,0.014935,0.25677,0.966357,0.702641,1.327879,114.2161,-995,0,0,0.5,0.5,0.5,0.5,1,1,Invalid
33:41.7,1413,17.4771,0.696678,1.226198,113.8335,345.1332,0.903476,355.1138,0,0,0,0.696678,1.226198,113.8335,0.01524,0.256573,0.966405,0.702711,1.327768,114.2161,-995,0,0,0.5,0.5,0.5,0.5,1,1,Invalid
33:41.7,1414,17.4887,0.693649,1.226144,113.9257,345.1474,0.890179,355.1103,0,0,0,0.693649,1.226144,113.9257,0.015017,0.256334,0.966472,0.699593,1.327601,114.3082,-995,0,0,0.5,0.5,0.5,0.5,1,1,Invalid
33:41.7,1415,17.5002,0.687479,1.22613,114.11,345.191,0.856471,355.1138,0,0,0,0.687479,1.22613,114.11,0.014451,0.255597,0.966675,0.693197,1.32727,114.4925,-995,0,0,0.5,0.5,0.5,0.5,1,1,Invalid
33:41.7,1416,17.5109,0.68747,1.226068,114.11,345.2047,0.867341,355.1154,0,0,0,0.68747,1.226068,114.11,0.014635,0.255367,0.966733,0.69326,1.327104,114.4925,-995,0,0,0.5,0.5,0.5,0.5,1,1,Invalid
33:41.8,1417,17.5218,0.684313,1.22602,114.2021,345.2283,0.858292,355.1203,0,0,0,0.684313,1.22602,114.2021,0.014484,0.254969,0.966841,0.690042,1.326878,114.5846,-995,0,0,0.5,0.5,0.5,0.5,1,1,Invalid
33:41.8,1418,17.5332,0.68111,1.226,114.2943,345.2683,0.837768,355.1312,0,0,0,0.68111,1.226,114.2943,0.014141,0.254293,0.967024,0.686702,1.326562,114.6767,-995,0,0,0.5,0.5,0.5,0.5,1,1,Invalid
33:41.8,1419,17.5433,0.677881,1.225936,114.3864,345.2669,0.809677,355.132,0,0,0,0.677881,1.225936,114.3864,0.013666,0.254316,0.967025,0.683285,1.326501,114.7688,-995,0,0,0.5,0.5,0.5,0.5,1,1,Invalid
33:41.8,1420,17.5533,0.674631,1.225902,114.4785,345.2669,0.785665,355.1278,0,0,0,0.674631,1.225902,114.4785,0.013261,0.254317,0.96703,0.679875,1.326462,114.8609,-995,0,0,0.5,0.5,0.5,0.5,1,1,Invalid
33:41.8,1421,17.5646,0.671316,1.22588,114.5706,345.285,0.756324,355.1367,0,0,0,0.671316,1.22588,114.5706,0.012767,0.254011,0.967117,0.676364,1.326304,114.953,-995,0,0,0.5,0.5,0.5,0.5,1,1,Invalid
33:41.8,1422,17.5754,0.667969,1.225855,114.6627,345.2987,0.725091,355.1429,0,0,0,0.667969,1.225855,114.6627,0.012241,0.253779,0.967185,0.672807,1.326173,115.045,-995,0,0,0.5,0.5,0.5,0.5,1,1,Invalid
33:41.9,1423,17.6277,0.650652,1.225809,115.123,345.3334,0.506222,355.2233,0,0,0,0.650652,1.225809,115.123,0.008547,0.253194,0.967378,0.654029,1.325842,115.5052,-995,0,0,0.5,0.5,0.5,0.5,1,1,Invalid
33:41.9,1424,17.6387,0.64712,1.225795,115.215,345.3253,0.453482,355.2166,0,0,0,0.64712,1.225795,115.215,0.007656,0.25333,0.96735,0.650144,1.32588,115.5972,-995,0,0,0.5,0.5,0.5,0.5,1,1,Invalid
33:41.9,1425,17.6473,0.643581,1.225793,115.307,345.3383,0.415784,355.2129,0,0,0,0.643581,1.225793,115.307,0.00702,0.253112,0.967411,0.646355,1.325781,115.6892,-995,0,0,0.5,0.5,0.5,0.5,1,1,Invalid
33:41.9,1426,17.6557,0.639994,1.225785,115.399,345.3439,0.381635,355.2073,0,0,0,0.639994,1.225785,115.399,0.006444,0.253016,0.967441,0.642539,1.325727,115.7812,-995,0,0,0.5,0.5,0.5,0.5,1,1,Invalid
33:41.9,1427,17.6653,0.63995,1.225793,115.3991,345.3576,0.36782,355.2165,0,0,0,0.63995,1.225793,115.3991,0.006211,0.252785,0.967503,0.642403,1.325632,115.7812,-995,0,0,0.5,0.5,0.5,0.5,1,1,Invalid
33:41.9,1428,17.6753,0.636339,1.225792,115.4911,345.3719,0.324871,355.2284,0,0,0,0.636339,1.225792,115.4911,0.005486,0.252543,0.96757,0.638506,1.325522,115.8732,-995,0,0,0.5,0.5,0.5,0.5,1,1,Invalid
33:41.9,1429,17.6844,0.6327,1.225742,115.583,345.3351,0.285862,355.219,0,0,0,0.6327,1.225742,115.583,0.004827,0.253165,0.967411,0.634606,1.325735,115.9651,-995,0,0,0.5,0.5,0.5,0.5,1,1,Invalid
33:41.9,1430,17.6974,0.628998,1.22576,115.675,345.3584,0.252205,355.245,0,0,0,0.628998,1.22576,115.675,0.004259,0.252771,0.967517,0.63068,1.325581,116.0571,-995,0,0,0.5,0.5,0.5,0.5,1,1,Invalid
33:41.9,1431,17.7068,0.625279,1.225752,115.767,345.3558,0.220743,355.2412,0,0,0,0.625279,1.225752,115.767,0.003728,0.252815,0.967507,0.62675,1.325591,116.149,-995,0,0,0.5,0.5,0.5,0.5,1,1,Invalid
33:42.0,1432,17.7176,0.62154,1.225758,115.8589,345.3686,0.186197,355.2419,0,0,0,0.62154,1.225758,115.8589,0.003144,0.2526,0.967566,0.622782,1.325505,116.241,-995,0,0,0.5,0.5,0.5,0.5,1,1,Invalid
33:42.0,1433,17.7288,0.617773,1.225746,115.9509,345.3647,0.161317,355.2277,0,0,0,0.617773,1.225746,115.9509,0.002724,0.252666,0.96755,0.618849,1.325521,116.3329,-995,0,0,0.5,0.5,0.5,0.5,1,1,Invalid
33:42.0,1434,17.7399,0.613993,1.225764,116.0428,345.3722,0.143782,355.221,0,0,0,0.613993,1.225764,116.0428,0.002428,0.252538,0.967584,0.614951,1.325485,116.4249,-995,0,0,0.5,0.5,0.5,0.5,1,1,Invalid
33:42.0,1435,17.7513,0.610176,1.225783,116.1347,345.3887,0.12384,355.2159,0,0,0,0.610176,1.225783,116.1347,0.002092,0.25226,0.967657,0.611002,1.325391,116.5168,-995,0,0,0.5,0.5,0.5,0.5,1,1,Invalid
33:42.0,1436,17.762,0.606321,1.225764,116.2266,345.3763,0.11025,355.2183,0,0,0,0.606321,1.225764,116.2266,0.001862,0.252469,0.967603,0.607057,1.325463,116.6087,-995,0,0,0.5,0.5,0.5,0.5,1,1,Invalid
33:42.0,1437,17.7734,0.602438,1.225796,116.3185,345.3989,0.089728,355.2222,0,0,0,0.602438,1.225796,116.3185,0.001515,0.252088,0.967703,0.603036,1.325329,116.7006,-995,0,0,0.5,0.5,0.5,0.5,1,1,Invalid
33:42.0,1438,17.7845,0.598541,1.225769,116.4104,345.3731,0.072615,355.2091,0,0,0,0.598541,1.225769,116.4104,0.001226,0.252524,0.96759,0.599025,1.32549,116.7925,-995,0,0,0.5,0.5,0.5,0.5,1,1,Invalid
33:42.0,1439,17.7957,0.594606,1.225796,116.5023,345.3839,0.056519,355.2055,0,0,0,0.594606,1.225796,116.5023,0.000955,0.252342,0.967638,0.594983,1.325439,116.8844,-995,0,0,0.5,0.5,0.5,0.5,1,1,Invalid
33:42.0,1440,17.8065,0.590639,1.225787,116.5941,345.3801,0.053516,355.1933,0,0,0,0.590639,1.225787,116.5941,0.000904,0.252405,0.967621,0.590996,1.325458,116.9762,-995,0,0,0.5,0.5,0.5,0.5,1,1,Invalid
33:42.1,1441,17.8181,0.586636,1.225789,116.686,345.3801,0.051653,355.192,0,0,0,0.586636,1.225789,116.686,0.000872,0.252405,0.967621,0.58698,1.325463,117.0681,-995,0,0,0.5,0.5,0.5,0.5,1,1,Invalid
33:42.1,1442,17.8293,0.582609,1.225778,116.7778,345.3727,0.044551,355.1927,0,0,0,0.582609,1.225778,116.7778,0.000752,0.25253,0.967589,0.582906,1.325508,117.16,-995,0,0,0.5,0.5,0.5,0.5,1,1,Invalid
33:42.1,1443,17.8405,0.578535,1.22577,116.8697,345.3716,0.040081,355.1948,0,0,0,0.578535,1.22577,116.8697,0.000677,0.252548,0.967584,0.578802,1.325515,117.2518,-995,0,0,0.5,0.5,0.5,0.5,1,1,Invalid
33:42.1,1444,17.8515,0.574432,1.225776,116.9615,345.369,0.031644,355.1901,0,0,0,0.574432,1.225776,116.9615,0.000534,0.252593,0.967573,0.574643,1.325541,117.3437,-995,0,0,0.5,0.5,0.5,0.5,1,1,Invalid
33:42.1,1445,17.8622,0.570292,1.225766,117.0533,345.3579,0.023144,355.1942,0,0,0,0.570292,1.225766,117.0533,0.000391,0.25278,0.967524,0.570446,1.325614,117.4355,-995,0,0,0.5,0.5,0.5,0.5,1,1,Invalid
33:42.1,1446,17.8734,0.566113,1.225837,117.1451,345.3842,0.018294,355.1843,0,0,0,0.566113,1.225837,117.1451,0.000309,0.252336,0.96764,0.566235,1.325495,117.5273,-995,0,0,0.5,0.5,0.5,0.5,1,0.986407,Invalid
33:42.1,1447,17.8843,0.561913,1.225826,117.2369,345.3651,0.00745,355.2028,0,0,0,0.561913,1.225826,117.2369,0.000126,0.252659,0.967556,0.561962,1.325625,117.6191,-995,0,0,0.5,0.5,0.5,0.5,1,0.986407,Invalid
33:42.1,1448,17.8958,0.557669,1.22585,117.3287,345.3571,-0.003435,355.1995,0,0,0,0.557669,1.22585,117.3287,-0.000058,0.252795,0.96752,0.557646,1.325707,117.7109,-995,0,0,0.5,0.5,0.5,0.5,1,0.991301,Invalid
33:42.1,1449,17.9067,0.553406,1.225872,117.4205,345.3431,359.983,355.2026,0,0,0,0.553406,1.225872,117.4205,-0.000287,0.25303,0.967458,0.553293,1.32583,117.8027,-995,0,0,0.5,0.5,0.5,0.5,1,0.991301,Invalid
33:42.2,1450,17.9179,0.549109,1.225886,117.5123,345.3377,359.9608,355.1958,0,0,0,0.549109,1.225886,117.5123,-0.000661,0.253122,0.967434,0.548847,1.325888,117.8945,-995,0,0,0.5,0.5,0.5,0.5,1,0.994432,Invalid
33:42.2,1451,17.9291,0.544752,1.225929,117.604,345.36,359.9544,355.195,0,0,0,0.544752,1.225929,117.604,-0.000771,0.252745,0.967533,0.544448,1.32577,117.9862,-995,0,0,0.5,0.5,0.5,0.5,1,0.994432,Invalid
33:42.2,1452,17.9399,0.540403,1.225895,117.6958,345.3252,359.9281,355.1736,0,0,0,0.540403,1.225895,117.6958,-0.001214,0.253333,0.967378,0.539924,1.325994,118.078,-995,0,0,0.5,0.5,0.5,0.5,1,0.994432,Invalid
33:42.2,1453,17.952,0.535975,1.225889,117.7875,345.3301,359.9138,355.1675,0,0,0,0.535975,1.225889,117.7875,-0.001455,0.25325,0.9674,0.535399,1.325953,118.1697,-995,0,0,0.5,0.5,0.5,0.5,1,0.99772,Invalid
33:42.2,1454,17.9624,0.531523,1.225882,117.8792,345.3294,359.8954,355.162,0,0,0,0.531523,1.225882,117.8792,-0.001766,0.253262,0.967396,0.530825,1.325952,118.2615,-995,0,0,0.5,0.5,0.5,0.5,1,0.998541,Invalid
33:42.2,1455,17.9734,0.527033,1.225855,117.971,345.3134,359.8797,355.1531,0,0,0,0.527033,1.225855,117.971,-0.002031,0.253532,0.967325,0.52623,1.326041,118.3532,-995,0,0,0.5,0.5,0.5,0.5,1,0.998541,Invalid
33:42.2,1456,17.9845,0.522549,1.225863,118.0627,345.3178,359.8484,355.1495,0,0,0,0.522549,1.225863,118.0627,-0.00256,0.253457,0.967343,0.521537,1.32602,118.4449,-995,0,0,0.5,0.5,0.5,0.5,1,0.998541,Invalid
33:42.2,1457,17.9956,0.518005,1.225855,118.1544,345.3054,359.8258,355.1472,0,0,0,0.518005,1.225855,118.1544,-0.002941,0.253667,0.967287,0.516843,1.326102,118.5366,-995,0,0,0.5,0.5,0.5,0.5,1,0.999402,Invalid
33:42.2,1458,18.0063,0.513422,1.225896,118.2461,345.3232,359.7988,355.1508,0,0,0,0.513422,1.225896,118.2461,-0.003397,0.253366,0.967364,0.51208,1.326014,118.6283,-995,0,0,0.5,0.5,0.5,0.5,1,0.999402,Invalid
33:42.3,1459,18.0178,0.508822,1.225853,118.3378,345.3126,359.7769,355.144,0,0,0,0.508822,1.225853,118.3378,-0.003767,0.253546,0.967316,0.507333,1.326051,118.72,-995,0,0,0.5,0.5,0.5,0.5,1,0.999402,Invalid
33:42.3,1460,18.029,0.504173,1.225858,118.4294,345.3152,359.7563,355.134,0,0,0,0.504173,1.225858,118.4294,-0.004115,0.253502,0.967326,0.502547,1.326034,118.8117,-995,0,0,0.5,0.5,0.5,0.5,1,0.999694,Invalid
33:42.3,1461,18.0397,0.499523,1.225868,118.5211,345.3149,359.7362,355.1223,0,0,0,0.499523,1.225868,118.5211,-0.004453,0.253506,0.967324,0.497763,1.326047,118.9034,-995,0,0,0.5,0.5,0.5,0.5,1,0.999694,Invalid
33:42.3,1462,18.0517,0.49482,1.225863,118.6128,345.3105,359.7193,355.1171,0,0,0,0.49482,1.225863,118.6128,-0.004739,0.253581,0.967303,0.492947,1.326074,118.995,-995,0,0,0.5,0.5,0.5,0.5,1,0.999875,Invalid
33:42.3,1463,18.0621,0.490074,1.22588,118.7044,345.3226,359.6971,355.1139,0,0,0,0.490074,1.22588,118.7044,-0.005113,0.253377,0.967354,0.488054,1.326002,119.0867,-995,0,0,0.5,0.5,0.5,0.5,1,0.999875,Invalid
33:42.3,1464,18.0736,0.48531,1.225895,118.7961,345.3295,359.6809,355.1038,0,0,0,0.48531,1.225895,118.7961,-0.005388,0.25326,0.967383,0.483181,1.325966,119.1783,-995,0,0,0.5,0.5,0.5,0.5,1,0.9999,Invalid
33:42.3,1465,18.0848,0.480496,1.225882,118.8877,345.3179,359.6667,355.0844,0,0,0,0.480496,1.225882,118.8877,-0.005627,0.253456,0.967331,0.478272,1.326031,119.27,-995,0,0,0.5,0.5,0.5,0.5,1,0.9999,Invalid
33:42.3,1466,18.0958,0.475647,1.225889,118.9794,345.3246,359.6475,355.0708,0,0,0,0.475647,1.225889,118.9794,-0.005952,0.253343,0.967358,0.473295,1.325991,119.3616,-995,0,0,0.5,0.5,0.5,0.5,1,0.9999,Invalid
33:42.3,1467,18.1065,0.470772,1.225865,119.071,345.3282,359.6239,355.0768,0,0,0,0.470772,1.225865,119.071,-0.006349,0.253282,0.967372,0.468263,1.325942,119.4532,-995,0,0,0.5,0.5,0.5,0.5,1,0.999959,Invalid
33:42.4,1468,18.1176,0.46586,1.225857,119.1626,345.3408,359.5979,355.0871,0,0,0,0.46586,1.225857,119.1626,-0.00679,0.253069,0.967425,0.463178,1.32584,119.5448,-995,0,0,0.5,0.5,0.5,0.5,1,0.999959,Invalid
33:42.4,1469,18.1289,0.460928,1.225856,119.2542,345.3383,359.5702,355.0876,0,0,0,0.460928,1.225856,119.2542,-0.007258,0.253111,0.96741,0.458061,1.325848,119.6364,-995,0,0,0.5,0.5,0.5,0.5,1,0.999979,Invalid
33:42.4,1470,18.1402,0.456013,1.225864,119.3458,345.3387,359.5507,355.0863,0,0,0,0.456013,1.225864,119.3458,-0.007587,0.253105,0.967409,0.453016,1.325848,119.728,-995,0,0,0.5,0.5,0.5,0.5,1,0.999979,Invalid
33:42.4,1471,18.1515,0.451092,1.225871,119.4374,345.3268,359.5406,355.0769,0,0,0,0.451092,1.225871,119.4374,-0.007757,0.253306,0.967355,0.448028,1.325932,119.8195,-995,0,0,0.5,0.5,0.5,0.5,1,0.999979,Invalid
33:42.4,1472,18.1621,0.446209,1.225884,119.529,345.3152,359.5355,355.0535,0,0,0,0.446209,1.225884,119.529,-0.007842,0.253501,0.967303,0.443111,1.326021,119.9111,-995,0,0,0.5,0.5,0.5,0.5,1,0.999991,Invalid
33:42.4,1473,18.1731,0.441374,1.225889,119.6207,345.3224,359.5353,355.037,0,0,0,0.441374,1.225889,119.6207,-0.007845,0.25338,0.967335,0.438275,1.325967,120.0027,-995,0,0,0.5,0.5,0.5,0.5,1,0.999991,Invalid
33:42.4,1474,18.1844,0.436579,1.225875,119.7123,345.3091,359.5443,355.0199,0,0,0,0.436579,1.225875,119.7123,-0.007693,0.253605,0.967277,0.43354,1.326041,120.0943,-995,0,0,0.5,0.5,0.5,0.5,1,0.999991,Invalid
33:42.4,1475,18.1959,0.431818,1.225896,119.8039,345.3225,359.5564,355.0226,0,0,0,0.431818,1.225896,119.8039,-0.00749,0.253378,0.967338,0.42886,1.325961,120.1859,-995,0,0,0.5,0.5,0.5,0.5,1,0.999997,Invalid
33:42.4,1476,18.207,0.427153,1.225891,119.8955,345.324,359.5517,355.0307,0,0,0,0.427153,1.225891,119.8955,-0.007568,0.253353,0.967344,0.424164,1.32594,120.2775,-995,0,0,0.5,0.5,0.5,0.5,1,0.999997,Invalid
33:42.5,1477,18.2175,0.422541,1.225866,119.9871,345.314,359.5529,355.0113,0,0,0,0.422541,1.225866,119.9871,-0.007549,0.253523,0.9673,0.41956,1.325981,120.3691,-995,0,0,0.5,0.5,0.5,0.5,1,0.999997,Invalid
33:42.5,1478,18.2291,0.417973,1.225866,120.0787,345.3407,359.5606,355.0086,0,0,0,0.417973,1.225866,120.0787,-0.007419,0.253071,0.967419,0.415043,1.325786,120.4607,-995,0,0,0.5,0.5,0.5,0.5,1,0.999998,Invalid
33:42.5,1479,18.2399,0.413508,1.22584,120.1703,345.3557,359.5693,354.9969,0,0,0,0.413508,1.22584,120.1703,-0.007273,0.252817,0.967487,0.410636,1.325653,120.5522,-995,0,0,0.5,0.5,0.5,0.5,1,0.999998,Invalid
33:42.5,1480,18.2522,0.409123,1.225807,120.2619,345.3697,359.5967,354.982,0,0,0,0.409123,1.225807,120.2619,-0.00681,0.252581,0.967552,0.406434,1.325515,120.6438,-995,0,0,0.5,0.5,0.5,0.5,1,0.999999,Invalid
33:42.5,1481,18.2621,0.404844,1.225771,120.3535,345.3691,359.619,354.9796,0,0,0,0.404844,1.225771,120.3535,-0.006434,0.252591,0.967552,0.402304,1.325478,120.7354,-995,0,0,0.5,0.5,0.5,0.5,1,0.999999,Invalid
33:42.5,1482,18.2731,0.400671,1.225806,120.4451,345.3949,359.6478,354.9798,0,0,0,0.400671,1.225806,120.4451,-0.005948,0.252155,0.967669,0.398323,1.325329,120.827,-995,0,0,0.5,0.5,0.5,0.5,1,0.999999,Invalid
33:42.5,1483,18.2847,0.396616,1.225808,120.5367,345.3909,359.681,354.9778,0,0,0,0.396616,1.225808,120.5367,-0.005388,0.252223,0.967654,0.39449,1.325349,120.9186,-995,0,0,0.5,0.5,0.5,0.5,1,1,Invalid
33:42.5,1484,18.2957,0.392689,1.225813,120.6283,345.3892,359.71,354.979,0,0,0,0.392689,1.225813,120.6283,-0.004897,0.252252,0.967649,0.390756,1.325359,121.0102,-995,0,0,0.5,0.5,0.5,0.5,1,1,Invalid
33:42.5,1485,18.3064,0.388891,1.225835,120.72,345.3912,359.7496,354.9742,0,0,0,0.388891,1.225835,120.72,-0.004229,0.252218,0.967661,0.387222,1.32536,121.1018,-995,0,0,0.5,0.5,0.5,0.5,1,1,Invalid
33:42.6,1486,18.3178,0.385243,1.225807,120.8116,345.3683,359.7872,354.968,0,0,0,0.385243,1.225807,120.8116,-0.003594,0.252604,0.967563,0.383824,1.325488,121.1934,-995,0,0,0.5,0.5,0.5,0.5,1,1,Invalid
33:42.6,1487,18.329,0.38172,1.225816,120.9032,345.3907,359.8409,354.9667,0,0,0,0.38172,1.225816,120.9032,-0.002687,0.252227,0.967665,0.380659,1.32533,121.285,-995,0,0,0.5,0.5,0.5,0.5,1,1,Invalid
33:42.6,1488,18.34,0.378361,1.22579,120.9948,345.3914,359.905,354.9615,0,0,0,0.378361,1.22579,120.9948,-0.001604,0.252215,0.96767,0.377728,1.325301,121.3766,-995,0,0,0.5,0.5,0.5,0.5,1,1,Invalid
33:42.6,1489,18.3514,0.375172,1.225761,121.0864,345.3997,359.9666,354.9619,0,0,0,0.375172,1.225761,121.0864,-0.000564,0.252075,0.967708,0.374949,1.32521,121.4682,-995,0,0,0.5,0.5,0.5,0.5,1,1,Invalid
33:42.6,1490,18.3618,0.372135,1.225766,121.178,345.4191,0.046473,354.9488,0,0,0,0.372135,1.225766,121.178,0.000785,0.251747,0.967793,0.372445,1.32507,121.5598,-995,0,0,0.5,0.5,0.5,0.5,1,1,Invalid
33:42.6,1491,18.3734,0.369297,1.225748,121.2696,345.4211,0.119302,354.9524,0,0,0,0.369297,1.225748,121.2696,0.002015,0.251714,0.9678,0.370092,1.325034,121.6514,-995,0,0,0.5,0.5,0.5,0.5,1,1,Invalid
33:42.6,1492,18.3845,0.366623,1.225729,121.3613,345.4091,0.21672,354.9357,0,0,0,0.366623,1.225729,121.3613,0.00366,0.251916,0.967742,0.368067,1.325096,121.743,-995,0,0,0.5,0.5,0.5,0.5,1,1,Invalid
33:42.6,1493,18.3957,0.364151,1.225752,121.4529,345.4238,0.305005,354.9314,0,0,0,0.364151,1.225752,121.4529,0.005152,0.251668,0.9678,0.366183,1.325008,121.8346,-995,0,0,0.5,0.5,0.5,0.5,1,1,Invalid
33:42.6,1494,18.4067,0.361887,1.22574,121.5444,345.4221,0.409112,354.9118,0,0,0,0.361887,1.22574,121.5444,0.00691,0.251696,0.967782,0.364613,1.325016,121.9262,-995,0,0,0.5,0.5,0.5,0.5,1,1,Invalid
33:42.7,1495,18.4179,0.359781,1.22574,121.636,345.4261,0.525411,354.8936,0,0,0,0.359781,1.22574,121.636,0.008875,0.251628,0.967784,0.363282,1.324983,122.0177,-995,0,0,0.5,0.5,0.5,0.5,1,1,Invalid
33:42.7,1496,18.429,0.357876,1.225715,121.7276,345.408,0.649745,354.8708,0,0,0,0.357876,1.225715,121.7276,0.010974,0.251934,0.967682,0.362204,1.325085,122.1093,-995,0,0,0.5,0.5,0.5,0.5,1,1,Invalid
33:42.7,1497,18.44,0.356165,1.225729,121.8192,345.4264,0.76886,354.8799,0,0,0,0.356165,1.225729,121.8192,0.012987,0.251624,0.967738,0.361287,1.324969,122.2009,-995,0,0,0.5,0.5,0.5,0.5,1,1,Invalid
33:42.7,1498,18.4517,0.354626,1.225739,121.9108,345.4373,0.902146,354.8686,0,0,0,0.354626,1.225739,121.9108,0.015239,0.251439,0.967753,0.360636,1.324904,122.2924,-995,0,0,0.5,0.5,0.5,0.5,1,1,Invalid
33:42.7,1499,18.4621,0.35331,1.225746,122.0023,345.4394,1.026237,354.876,0,0,0,0.35331,1.225746,122.0023,0.017335,0.251404,0.967727,0.360146,1.324896,122.384,-995,0,0,0.5,0.5,0.5,0.5,1,1,Invalid
33:42.7,1500,18.4735,0.352177,1.225765,122.0939,345.4474,1.164438,354.8618,0,0,0,0.352177,1.225765,122.0939,0.01967,0.251269,0.967718,0.359934,1.324858,122.4755,-995,0,0,0.5,0.5,0.5,0.5,1,1,Invalid
33:42.7,1501,18.4843,0.351273,1.22572,122.1854,345.437,1.30412,354.8621,0,0,0,0.351273,1.22572,122.1854,0.022028,0.251444,0.967621,0.35996,1.324886,122.567,-995,0,0,0.5,0.5,0.5,0.5,1,1,Invalid
33:42.7,1502,18.4954,0.350544,1.225733,122.2769,345.4413,1.437932,354.8547,0,0,0,0.350544,1.225733,122.2769,0.024288,0.251373,0.967586,0.360123,1.324871,122.6585,-995,0,0,0.5,0.5,0.5,0.5,1,1,Invalid
33:42.7,1503,18.5072,0.350023,1.225725,122.3684,345.4333,1.592699,354.8424,0,0,0,0.350023,1.225725,122.3684,0.026901,0.251506,0.967482,0.360633,1.324924,122.75,-995,0,0,0.5,0.5,0.5,0.5,1,1,Invalid
33:42.8,1504,18.5176,0.349733,1.225794,122.4599,345.4622,1.74102,354.8449,0,0,0,0.349733,1.225794,122.4599,0.029409,0.251019,0.967535,0.361331,1.324786,122.8415,-995,0,0,0.5,0.5,0.5,0.5,1,1,Invalid
33:42.8,1505,18.529,0.349598,1.225782,122.5514,345.4282,1.904836,354.8369,0,0,0,0.349598,1.225782,122.5514,0.03217,0.251593,0.967299,0.362286,1.325015,122.933,-995,0,0,0.5,0.5,0.5,0.5,1,1,Invalid
33:42.8,1506,18.5399,0.349699,1.225786,122.6429,345.4055,2.058706,354.8316,0,0,0,0.349699,1.225786,122.6429,0.034764,0.251976,0.967109,0.363412,1.325182,123.0244,-995,0,0,0.5,0.5,0.5,0.5,1,1,Invalid
33:42.8,1507,18.5511,0.350004,1.225785,122.7344,345.3705,2.216473,354.8237,0,0,0,0.350004,1.225785,122.7344,0.037421,0.252568,0.966855,0.364768,1.325433,123.1158,-995,0,0,0.5,0.5,0.5,0.5,1,1,Invalid
33:42.8,1508,18.5637,0.350512,1.225827,122.8258,345.36,2.367899,354.8357,0,0,0,0.350512,1.225827,122.8258,0.039974,0.252745,0.966707,0.366283,1.325547,123.2073,-995,0,0,0.5,0.5,0.5,0.5,1,1,Invalid
33:42.8,1509,18.5735,0.351244,1.22585,122.9173,345.3509,2.521512,354.8468,0,0,0,0.351244,1.22585,122.9173,0.042564,0.252899,0.966556,0.368038,1.325635,123.2986,-995,0,0,0.5,0.5,0.5,0.5,1,1,Invalid
33:42.8,1510,18.5841,0.352196,1.225883,123.0087,345.3458,2.665455,354.8609,0,0,0,0.352196,1.225883,123.0087,0.044991,0.252984,0.966424,0.369948,1.325705,123.39,-995,0,0,0.5,0.5,0.5,0.5,1,1,Invalid
33:42.8,1511,18.5957,0.353294,1.225898,123.1001,345.3254,2.828097,354.8584,0,0,0,0.353294,1.225898,123.1001,0.04773,0.25333,0.966202,0.372129,1.325864,123.4814,-995,0,0,0.5,0.5,0.5,0.5,1,1,Invalid
33:42.8,1512,18.6067,0.354645,1.22592,123.1915,345.3269,2.974103,354.8602,0,0,0,0.354645,1.22592,123.1915,0.050192,0.253304,0.966084,0.374451,1.325877,123.5727,-995,0,0,0.5,0.5,0.5,0.5,1,1,Invalid
33:42.9,1513,18.6176,0.356146,1.225908,123.2829,345.3061,3.121559,354.8653,0,0,0,0.356146,1.225908,123.2829,0.052674,0.253654,0.96586,0.376935,1.326019,123.6641,-995,0,0,0.5,0.5,0.5,0.5,1,1,Invalid
33:42.9,1514,18.6293,0.357765,1.225927,123.3742,345.3076,3.271156,354.8802,0,0,0,0.357765,1.225927,123.3742,0.055196,0.25363,0.965725,0.379549,1.326025,123.7554,-995,0,0,0.5,0.5,0.5,0.5,1,1,Invalid
33:42.9,1515,18.6397,0.359549,1.225978,123.4656,345.3287,3.409739,354.8928,0,0,0,0.359549,1.225978,123.4656,0.057537,0.253274,0.965682,0.382253,1.32592,123.8466,-995,0,0,0.5,0.5,0.5,0.5,1,1,Invalid
33:42.9,1516,18.6517,0.361445,1.225955,123.5569,345.3065,3.556377,354.906,0,0,0,0.361445,1.225955,123.5569,0.060002,0.253648,0.965434,0.385126,1.326064,123.9379,-995,0,0,0.5,0.5,0.5,0.5,1,1,Invalid
33:42.9,1517,18.6666,0.363421,1.225974,123.6482,345.3067,3.68063,354.9194,0,0,0,0.363421,1.225974,123.6482,0.062096,0.253645,0.965302,0.387927,1.326076,124.0292,-995,0,0,0.5,0.5,0.5,0.5,1,1,Invalid
33:42.9,1518,18.677,0.365532,1.225992,123.7395,345.3025,3.808896,354.9316,0,0,0,0.365532,1.225992,123.7395,0.064255,0.253715,0.965142,0.390891,1.326125,124.1204,-995,0,0,0.5,0.5,0.5,0.5,1,1,Invalid
33:42.9,1519,18.6882,0.367714,1.226007,123.8308,345.2937,3.929565,354.9281,0,0,0,0.367714,1.226007,123.8308,0.066285,0.253864,0.964966,0.393874,1.326198,124.2116,-995,0,0,0.5,0.5,0.5,0.5,1,1,Invalid
33:42.9,1520,18.6995,0.36997,1.226007,123.9221,345.2904,4.041502,354.9512,0,0,0,0.36997,1.226007,123.9221,0.068169,0.253919,0.96482,0.396873,1.326214,124.3028,-995,0,0,0.5,0.5,0.5,0.5,1,1,Invalid
33:43.0,1521,18.7123,0.3748,1.226007,124.1045,345.279,4.263859,354.95,0,0,0,0.3748,1.226007,124.1045,0.071909,0.254112,0.964498,0.403182,1.326302,124.4852,-995,0,0,0.5,0.5,0.5,0.5,1,1,Invalid
33:43.0,1522,18.7235,0.37726,1.226044,124.1958,345.2951,4.361875,354.9666,0,0,0,0.37726,1.226044,124.1958,0.073564,0.253841,0.964444,0.406289,1.326211,124.5764,-995,0,0,0.5,0.5,0.5,0.5,1,1,Invalid
33:43.0,1523,18.7335,0.379828,1.226028,124.287,345.2782,4.454569,354.9759,0,0,0,0.379828,1.226028,124.287,0.075119,0.254126,0.964249,0.409472,1.326314,124.6675,-995,0,0,0.5,0.5,0.5,0.5,1,1,Invalid
33:43.0,1524,18.7437,0.379782,1.226045,124.287,345.2738,4.434181,354.98,0,0,0,0.379782,1.226045,124.287,0.074774,0.2542,0.964257,0.409289,1.326358,124.6675,-995,0,0,0.5,0.5,0.5,0.5,1,1,Invalid
33:43.0,1525,18.7549,0.382376,1.226049,124.3782,345.2634,4.514737,354.9871,0,0,0,0.382376,1.226049,124.3782,0.076126,0.254376,0.964105,0.412416,1.326429,124.7586,-995,0,0,0.5,0.5,0.5,0.5,1,1,Invalid
33:43.0,1526,18.7659,0.385048,1.226078,124.4694,345.2836,4.585716,354.998,0,0,0,0.385048,1.226078,124.4694,0.077328,0.254035,0.964099,0.415557,1.326307,124.8497,-995,0,0,0.5,0.5,0.5,0.5,1,1,Invalid
33:43.1,1527,18.8228,0.402576,1.22599,125.0159,345.3332,4.979135,354.989,0,0,0,0.402576,1.22599,125.0159,0.083965,0.253197,0.963764,0.435696,1.325864,125.396,-995,0,0,0.5,0.5,0.5,0.5,1,1,Invalid
33:43.1,1528,18.8325,0.402535,1.225986,125.0159,345.3342,4.987206,354.982,0,0,0,0.402535,1.225986,125.0159,0.084101,0.25318,0.963757,0.435707,1.32585,125.396,-995,0,0,0.5,0.5,0.5,0.5,1,1,Invalid
33:43.1,1529,18.8439,0.405735,1.225981,125.1069,345.3427,5.034147,354.9911,0,0,0,0.405735,1.225981,125.1069,0.084894,0.253037,0.963725,0.43922,1.325788,125.487,-995,0,0,0.5,0.5,0.5,0.5,1,1,Invalid
33:43.1,1530,18.8692,0.41576,1.225955,125.38,345.3294,5.194403,355.0088,0,0,0,0.41576,1.225955,125.38,0.087584,0.253262,0.963425,0.450302,1.32584,125.7599,-995,0,0,0.5,0.5,0.5,0.5,1,1,Invalid
33:43.1,1531,18.8812,0.419281,1.225948,125.4709,345.314,5.240521,355.016,0,0,0,0.419281,1.225948,125.4709,0.088353,0.253521,0.963286,0.454129,1.325942,125.8509,-995,0,0,0.5,0.5,0.5,0.5,1,1,Invalid
33:43.1,1532,18.8903,0.422871,1.225976,125.5619,345.3297,5.285981,355.0229,0,0,0,0.422871,1.225976,125.5619,0.089124,0.253257,0.963285,0.458018,1.325851,125.9418,-995,0,0,0.5,0.5,0.5,0.5,1,1,Invalid
33:43.1,1533,18.8992,0.422859,1.225964,125.5619,345.3391,5.290838,355.024,0,0,0,0.422859,1.225964,125.5619,0.089209,0.253098,0.963319,0.458037,1.325769,125.9418,-995,0,0,0.5,0.5,0.5,0.5,1,1,Invalid
33:43.2,1534,18.9107,0.426575,1.225981,125.6528,345.3684,5.342114,354.997,0,0,0,0.426575,1.225981,125.6528,0.090083,0.252603,0.963368,0.462094,1.325582,126.0327,-995,0,0,0.5,0.5,0.5,0.5,1,1,Invalid
33:43.2,1535,18.9217,0.430347,1.225901,125.7437,345.3608,5.392694,354.9806,0,0,0,0.430347,1.225901,125.7437,0.09093,0.252731,0.963254,0.466204,1.325559,126.1236,-995,0,0,0.5,0.5,0.5,0.5,1,1,Invalid
33:43.2,1536,18.9325,0.434162,1.225925,125.8346,345.39,5.443784,354.9731,0,0,0,0.434162,1.225925,125.8346,0.091802,0.252237,0.963301,0.470357,1.325375,126.2144,-995,0,0,0.5,0.5,0.5,0.5,1,1,Invalid
33:43.2,1537,18.9439,0.438097,1.225901,125.9255,345.386,5.49524,354.9643,0,0,0,0.438097,1.225901,125.9255,0.092665,0.252306,0.9632,0.474632,1.325378,126.3053,-995,0,0,0.5,0.5,0.5,0.5,1,1,Invalid
33:43.2,1538,18.9547,0.442095,1.225909,126.0164,345.3956,5.541504,354.9565,0,0,0,0.442095,1.225909,126.0164,0.093447,0.252144,0.963167,0.478935,1.325314,126.3961,-995,0,0,0.5,0.5,0.5,0.5,1,1,Invalid
33:43.2,1539,18.9682,0.450272,1.225905,126.1981,345.3955,5.614355,354.9622,0,0,0,0.450272,1.225905,126.1981,0.094671,0.252146,0.963047,0.487594,1.325309,126.5778,-995,0,0,0.5,0.5,0.5,0.5,1,1,Invalid
33:43.2,1540,18.9795,0.454489,1.225896,126.289,345.4,5.647277,354.9604,0,0,0,0.454489,1.225896,126.289,0.095227,0.25207,0.963012,0.492029,1.325266,126.6686,-995,0,0,0.5,0.5,0.5,0.5,1,1,Invalid
33:43.2,1541,18.9999,0.458763,1.225853,126.3798,345.3902,5.686759,354.9463,0,0,0,0.458763,1.225853,126.3798,0.095886,0.252235,0.962904,0.496566,1.325295,126.7594,-995,0,0,0.5,0.5,0.5,0.5,1,1,Invalid
33:43.3,1542,19.0116,0.467501,1.22585,126.5614,345.423,5.756363,354.9432,0,0,0,0.467501,1.22585,126.5614,0.09707,0.251681,0.96293,0.505765,1.325061,126.9409,-995,0,0,0.5,0.5,0.5,0.5,1,1,Invalid
33:43.3,1543,19.0234,0.471968,1.225822,126.6521,345.4267,5.796849,354.947,0,0,0,0.471968,1.225822,126.6521,0.097752,0.251618,0.962878,0.510501,1.325009,127.0317,-995,0,0,0.5,0.5,0.5,0.5,1,1,Invalid
33:43.3,1544,19.0332,0.471968,1.22583,126.6521,345.4445,5.801005,354.9531,0,0,0,0.471968,1.22583,126.6521,0.09783,0.251317,0.962948,0.51053,1.324894,127.0317,-995,0,0,0.5,0.5,0.5,0.5,1,1,Invalid
33:43.3,1545,19.0444,0.476511,1.225821,126.7429,345.4498,5.82842,354.9605,0,0,0,0.476511,1.225821,126.7429,0.098293,0.251228,0.962924,0.515255,1.324848,127.1225,-995,0,0,0.5,0.5,0.5,0.5,1,1,Invalid
33:43.3,1546,19.0712,0.490521,1.225813,127.0163,345.4463,5.916528,354.9724,0,0,0,0.490521,1.225813,127.0163,0.099772,0.251287,0.962757,0.529851,1.324872,127.3959,-995,0,0,0.5,0.5,0.5,0.5,1,1,Invalid
33:43.3,1547,19.0828,0.495369,1.225807,127.1083,345.4404,5.936625,354.9768,0,0,0,0.495369,1.225807,127.1083,0.100107,0.251388,0.962696,0.534834,1.324911,127.4878,-995,0,0,0.5,0.5,0.5,0.5,1,1,Invalid
33:43.3,1548,19.094,0.500261,1.22581,127.2002,345.4362,5.959636,354.9874,0,0,0,0.500261,1.22581,127.2002,0.100492,0.251458,0.962637,0.539879,1.324943,127.5797,-995,0,0,0.5,0.5,0.5,0.5,1,1,Invalid
33:43.4,1549,19.1569,0.530783,1.225805,127.7515,345.4068,6.032216,355.0191,0,0,0,0.530783,1.225805,127.7515,0.101697,0.251954,0.962381,0.570888,1.325165,128.131,-995,0,0,0.5,0.5,0.5,0.5,1,1,Invalid
33:43.4,1550,19.1771,0.536078,1.225801,127.8433,345.3949,6.039368,354.9801,0,0,0,0.536078,1.225801,127.8433,0.101812,0.252156,0.962316,0.576231,1.325249,128.2229,-995,0,0,0.5,0.5,0.5,0.5,1,1,Invalid
33:43.4,1551,19.1883,0.541422,1.22584,127.9352,345.4081,6.062304,354.975,0,0,0,0.541422,1.22584,127.9352,0.102203,0.251933,0.962333,0.581729,1.325197,128.3147,-995,0,0,0.5,0.5,0.5,0.5,1,1,Invalid
33:43.4,1552,19.1994,0.546806,1.225819,128.027,345.373,6.088496,354.9749,0,0,0,0.546806,1.225819,128.027,0.102627,0.252526,0.962132,0.587288,1.325428,128.4065,-995,0,0,0.5,0.5,0.5,0.5,1,1,Invalid
33:43.5,1553,19.2109,0.552265,1.225846,128.1188,345.3799,6.101191,354.9807,0,0,0,0.552265,1.225846,128.1188,0.102843,0.252409,0.96214,0.592833,1.325412,128.4983,-995,0,0,0.5,0.5,0.5,0.5,1,1,Invalid
33:43.5,1554,19.2223,0.563271,1.225868,128.3023,345.369,6.149828,354.9877,0,0,0,0.563271,1.225868,128.3023,0.103655,0.252594,0.962004,0.604162,1.325517,128.6819,-995,0,0,0.5,0.5,0.5,0.5,1,1,Invalid
33:43.5,1555,19.2363,0.568874,1.22588,128.3941,345.3566,6.174286,354.9671,0,0,0,0.568874,1.22588,128.3941,0.10406,0.252802,0.961906,0.609929,1.325619,128.7736,-995,0,0,0.5,0.5,0.5,0.5,1,1,Invalid
33:43.5,1556,19.2479,0.574547,1.225868,128.4859,345.3463,6.207714,354.9588,0,0,0,0.574547,1.225868,128.4859,0.104616,0.252976,0.9618,0.615825,1.325686,128.8654,-995,0,0,0.5,0.5,0.5,0.5,1,1,Invalid
33:43.5,1557,19.2812,0.591785,1.225873,128.761,345.3374,6.3192,354.9248,0,0,0,0.591785,1.225873,128.761,0.106483,0.253126,0.961555,0.633809,1.325771,129.1405,-995,0,0,0.5,0.5,0.5,0.5,0.926688,1,Invalid
33:43.5,1558,19.2943,0.597624,1.225872,128.8528,345.3261,6.363089,354.9193,0,0,0,0.597624,1.225872,128.8528,0.107214,0.253317,0.961424,0.63994,1.325854,129.2322,-995,0,0,0.5,0.5,0.5,0.5,0.926688,1,Invalid
33:43.5,1559,19.3053,0.603514,1.225898,128.9445,345.3362,6.401271,354.9135,0,0,0,0.603514,1.225898,128.9445,0.10786,0.253146,0.961397,0.646086,1.325814,129.3239,-995,0,0,0.5,0.5,0.5,0.5,0.926688,1,Invalid
33:43.6,1560,19.3138,0.609415,1.225883,129.0361,345.3317,6.432394,354.9087,0,0,0,0.609415,1.225883,129.0361,0.10838,0.253223,0.961318,0.652196,1.325839,129.4156,-995,0,0,0.5,0.5,0.5,0.5,0.92352,0.950823,Invalid
33:43.6,1561,19.3318,0.615408,1.225913,129.1278,345.3359,6.4815,354.8955,0,0,0,0.615408,1.225913,129.1278,0.109206,0.253151,0.961243,0.658515,1.325841,129.5073,-995,0,0,0.5,0.5,0.5,0.5,0.92352,0.950823,Invalid
33:43.6,1562,19.3433,0.621401,1.225903,129.2195,345.321,6.520813,354.8893,0,0,0,0.621401,1.225903,129.2195,0.109857,0.253404,0.961102,0.664773,1.325949,129.5989,-995,0,0,0.5,0.5,0.5,0.5,0.960842,0.960658,Invalid
33:43.6,1563,19.356,0.633467,1.22591,129.4028,345.314,6.579084,354.8814,0,0,0,0.633467,1.22591,129.4028,0.110831,0.253522,0.960959,0.677227,1.326011,129.7822,-995,0,0,0.5,0.5,0.5,0.5,0.960842,0.960658,Invalid
33:43.6,1564,19.3671,0.639566,1.225934,129.4944,345.315,6.619329,354.8708,0,0,0,0.639566,1.225934,129.4944,0.111507,0.253505,0.960886,0.683593,1.326027,129.8738,-995,0,0,0.5,0.5,0.5,0.5,0.960842,0.960658,Invalid
33:43.6,1565,19.3784,0.645712,1.225912,129.5861,345.3092,6.654783,354.8671,0,0,0,0.645712,1.225912,129.5861,0.112098,0.253602,0.960791,0.689977,1.326053,129.9655,-995,0,0,0.5,0.5,0.5,0.5,0.979951,0.974821,Invalid
33:43.6,1566,19.3908,0.651894,1.225901,129.6777,345.2917,6.690227,354.856,0,0,0,0.651894,1.225901,129.6777,0.112684,0.253897,0.960645,0.696394,1.326169,130.0571,-995,0,0,0.5,0.5,0.5,0.5,0.979951,0.974821,Invalid
33:43.6,1567,19.4027,0.65811,1.225915,129.7693,345.2901,6.722441,354.8562,0,0,0,0.65811,1.225915,129.7693,0.113223,0.253926,0.960574,0.702821,1.32619,130.1486,-995,0,0,0.5,0.5,0.5,0.5,0.979951,0.987109,Invalid
33:43.7,1568,19.4146,0.664301,1.225924,129.8609,345.2953,6.756228,354.8563,0,0,0,0.664301,1.225924,129.8609,0.113792,0.253837,0.96053,0.709238,1.326165,130.2402,-995,0,0,0.5,0.5,0.5,0.5,0.979951,0.987109,Invalid
33:43.7,1569,19.4261,0.670599,1.225912,129.9525,345.2818,6.776074,354.8623,0,0,0,0.670599,1.225912,129.9525,0.114118,0.254065,0.960431,0.715666,1.326247,130.3318,-995,0,0,0.5,0.5,0.5,0.5,0.979951,0.987109,Invalid
33:43.7,1570,19.4386,0.676893,1.225912,130.0441,345.2857,6.798921,354.8651,0,0,0,0.676893,1.225912,130.0441,0.114503,0.253999,0.960403,0.722111,1.326217,130.4234,-995,0,0,0.5,0.5,0.5,0.5,0.989735,0.9934,Invalid
33:43.7,1571,19.451,0.683207,1.225912,130.1357,345.2936,6.814219,354.8654,0,0,0,0.683207,1.225912,130.1357,0.114763,0.253865,0.960407,0.728529,1.326168,130.5149,-995,0,0,0.5,0.5,0.5,0.5,0.989735,0.9934,Invalid
33:43.7,1572,19.4625,0.689583,1.225895,130.2272,345.3004,6.832695,354.8634,0,0,0,0.689583,1.225895,130.2272,0.115077,0.253751,0.9604,0.735026,1.326101,130.6065,-995,0,0,0.5,0.5,0.5,0.5,0.989735,0.9934,Invalid
33:43.7,1573,19.4744,0.695984,1.225874,130.3188,345.3079,6.854007,354.8595,0,0,0,0.695984,1.225874,130.3188,0.115438,0.253624,0.96039,0.741568,1.326025,130.698,-995,0,0,0.5,0.5,0.5,0.5,0.994744,0.996621,Invalid
33:43.7,1574,19.4862,0.702389,1.225845,130.4103,345.326,6.869327,354.8493,0,0,0,0.702389,1.225845,130.4103,0.115704,0.253318,0.960439,0.748076,1.32587,130.7896,-995,0,0,0.5,0.5,0.5,0.5,0.994744,0.996621,Invalid
33:43.7,1575,19.4989,0.708864,1.225838,130.5019,345.3282,6.88433,354.8598,0,0,0,0.708864,1.225838,130.5019,0.115957,0.253281,0.960418,0.75465,1.325846,130.8811,-995,0,0,0.5,0.5,0.5,0.5,0.997309,0.99827,Invalid
33:43.8,1576,19.5109,0.715366,1.22584,130.5934,345.3297,6.892136,354.8648,0,0,0,0.715366,1.22584,130.5934,0.116089,0.253256,0.960409,0.7612,1.325831,130.9726,-995,0,0,0.5,0.5,0.5,0.5,0.997309,0.99827,Invalid
33:43.8,1577,19.5191,0.721907,1.225866,130.6849,345.3365,6.901549,354.8657,0,0,0,0.721907,1.225866,130.6849,0.11625,0.253142,0.960419,0.7678,1.325802,131.0641,-995,0,0,0.5,0.5,0.5,0.5,0.997309,0.99827,Invalid
33:43.8,1578,19.5423,0.735096,1.225872,130.868,345.3161,6.927515,354.8827,0,0,0,0.735096,1.225872,130.868,0.116674,0.253486,0.960277,0.781154,1.325938,131.247,-995,0,0,0.5,0.5,0.5,0.5,0.998898,0.999291,Invalid
33:43.8,1579,19.5545,0.741741,1.225857,130.9595,345.3076,6.940694,354.8763,0,0,0,0.741741,1.225857,130.9595,0.116891,0.25363,0.960213,0.787884,1.325977,131.3385,-995,0,0,0.5,0.5,0.5,0.5,0.998898,0.999291,Invalid
33:43.8,1580,19.5686,0.755158,1.225853,131.1424,345.3202,6.973308,354.8659,0,0,0,0.755158,1.225853,131.1424,0.117444,0.253418,0.960201,0.801514,1.325881,131.5214,-995,0,0,0.5,0.5,0.5,0.5,0.999436,0.999637,Invalid
33:43.8,1581,19.5802,0.761913,1.225826,131.2339,345.3266,6.994657,354.8608,0,0,0,0.761913,1.225826,131.2339,0.117805,0.253308,0.960186,0.808411,1.325807,131.6128,-995,0,0,0.5,0.5,0.5,0.5,0.999436,0.999637,Invalid
33:43.8,1582,19.5911,0.768704,1.225813,131.3253,345.3364,7.008981,354.8583,0,0,0,0.768704,1.225813,131.3253,0.11805,0.253144,0.960199,0.815295,1.325724,131.7043,-995,0,0,0.5,0.5,0.5,0.5,0.999769,0.999851,Invalid
33:43.8,1583,19.6027,0.775526,1.225818,131.4167,345.352,7.026152,354.8543,0,0,0,0.775526,1.225818,131.4167,0.118347,0.252881,0.960232,0.822231,1.325616,131.7957,-995,0,0,0.5,0.5,0.5,0.5,0.999769,0.999851,Invalid
33:43.9,1584,19.6152,0.782402,1.225796,131.5082,345.3557,7.044502,354.8633,0,0,0,0.782402,1.225796,131.5082,0.118656,0.252818,0.96021,0.829228,1.325567,131.8871,-995,0,0,0.5,0.5,0.5,0.5,0.999769,0.999851,Invalid
33:43.9,1585,19.6278,0.789282,1.225816,131.5996,345.3523,7.065285,354.8636,0,0,0,0.789282,1.225816,131.5996,0.119003,0.252875,0.960152,0.836243,1.325605,131.9785,-995,0,0,0.5,0.5,0.5,0.5,0.999882,0.999924,Invalid
33:43.9,1586,19.6402,0.7962,1.225839,131.691,345.3489,7.083435,354.8749,0,0,0,0.7962,1.225839,131.691,0.119305,0.252932,0.9601,0.843275,1.325639,132.0699,-995,0,0,0.5,0.5,0.5,0.5,0.999882,0.999924,Invalid
33:43.9,1587,19.6686,0.817194,1.225853,131.9652,345.3006,7.137231,354.9245,0,0,0,0.817194,1.225853,131.9652,0.12018,0.253748,0.959775,0.864619,1.325985,132.3439,-995,0,0,0.5,0.5,0.5,0.5,0.999969,0.99998,Invalid
33:43.9,1588,19.68,0.824251,1.225892,132.0566,345.2881,7.149227,354.924,0,0,0,0.824251,1.225892,132.0566,0.120374,0.253959,0.959695,0.871747,1.326095,132.4353,-995,0,0,0.5,0.5,0.5,0.5,0.999969,0.99998,Invalid
33:43.9,1589,19.6917,0.831392,1.225892,132.148,345.2638,7.172572,354.94,0,0,0,0.831392,1.225892,132.148,0.120751,0.254369,0.959539,0.879037,1.326259,132.5266,-995,0,0,0.5,0.5,0.5,0.5,0.99998,0.999987,Invalid
33:43.9,1590,19.705,0.838524,1.225891,132.2393,345.2792,7.184813,354.9382,0,0,0,0.838524,1.225891,132.2393,0.120965,0.254109,0.959581,0.886249,1.326147,132.6179,-995,0,0,0.5,0.5,0.5,0.5,0.99998,0.999987,Invalid
33:44.0,1591,19.7159,0.84569,1.225873,132.3306,345.2914,7.205323,354.9369,0,0,0,0.84569,1.225873,132.3306,0.121315,0.253904,0.959591,0.893552,1.326046,132.7092,-995,0,0,0.5,0.5,0.5,0.5,0.99999,0.999993,Invalid
33:44.0,1592,19.7245,0.852896,1.225852,132.422,345.3009,7.227878,354.9294,0,0,0,0.852896,1.225852,132.422,0.121698,0.253743,0.959585,0.900905,1.325952,132.8005,-995,0,0,0.5,0.5,0.5,0.5,0.99999,0.999993,Invalid
33:44.0,1593,19.7998,0.896835,1.225741,132.9698,345.3676,7.355616,354.8927,0,0,0,0.896835,1.225741,132.9698,0.123875,0.252617,0.959604,0.945668,1.325325,133.348,-995,0,0,0.5,0.5,0.5,0.5,0.999998,0.999999,Invalid
33:44.1,1594,19.8922,0.964876,1.22559,133.7906,345.4223,7.51853,354.9659,0,0,0,0.964876,1.22559,133.7906,0.126635,0.251693,0.959487,1.014763,1.324741,134.1686,-995,0,0,0.5,0.5,0.5,0.5,1,1,Invalid
33:44.1,1595,19.9045,0.972595,1.225578,133.8818,345.4303,7.517873,354.9694,0,0,0,0.972595,1.225578,133.8818,0.126628,0.251557,0.959523,1.022476,1.324671,134.2598,-995,0,0,0.5,0.5,0.5,0.5,1,1,Invalid
33:44.2,1596,19.9155,0.980312,1.225571,133.9729,345.4451,7.516068,354.9804,0,0,0,0.980312,1.225571,133.9729,0.126606,0.251308,0.959591,1.030179,1.324554,134.3509,-995,0,0,0.5,0.5,0.5,0.5,1,1,Invalid
33:44.2,1597,19.9254,0.988094,1.225563,134.064,345.4521,7.520042,354.9845,0,0,0,0.988094,1.225563,134.064,0.126677,0.251189,0.959613,1.037987,1.324495,134.442,-995,0,0,0.5,0.5,0.5,0.5,1,1,Invalid
33:44.2,1598,19.9368,0.995882,1.225558,134.1552,345.4483,7.50476,355.0009,0,0,0,0.995882,1.225558,134.1552,0.126419,0.251253,0.95963,1.045671,1.324512,134.5331,-995,0,0,0.5,0.5,0.5,0.5,1,1,Invalid
33:44.2,1599,19.9474,1.0037,1.225566,134.2463,345.4485,7.496314,355.0066,0,0,0,1.0037,1.225566,134.2463,0.126278,0.251249,0.95965,1.053429,1.324509,134.6242,-995,0,0,0.5,0.5,0.5,0.5,1,1,Invalid
33:44.2,1600,19.9589,1.011541,1.225574,134.3374,345.4473,7.485603,355.0077,0,0,0,1.011541,1.225574,134.3374,0.126097,0.251271,0.959668,1.061198,1.324525,134.7153,-995,0,0,0.5,0.5,0.5,0.5,1,1,Invalid
33:44.2,1601,19.9693,1.019384,1.225573,134.4285,345.4362,7.474424,354.9965,0,0,0,1.019384,1.225573,134.4285,0.125904,0.251457,0.959645,1.068961,1.324589,134.8064,-995,0,0,0.5,0.5,0.5,0.5,1,1,Invalid
33:44.2,1602,19.9808,1.027309,1.225562,134.5195,345.4363,7.470761,355.0153,0,0,0,1.027309,1.225562,134.5195,0.125843,0.251456,0.959653,1.076862,1.324577,134.8974,-995,0,0,0.5,0.5,0.5,0.5,1,1,Invalid
33:44.2,1603,19.9915,1.035267,1.225572,134.6106,345.4424,7.464079,355.0214,0,0,0,1.035267,1.225572,134.6106,0.125734,0.251353,0.959694,1.084773,1.324538,134.9885,-995,0,0,0.5,0.5,0.5,0.5,1,1,Invalid
33:44.2,1604,20.0024,1.043255,1.225575,134.7017,345.4341,7.449158,355.0262,0,0,0,1.043255,1.225575,134.7017,0.125479,0.251493,0.959691,1.092659,1.324595,135.0795,-995,0,0,0.5,0.5,0.5,0.5,1,1,Invalid
33:44.3,1605,20.0164,1.051279,1.225563,134.7927,345.4249,7.454823,355.03,0,0,0,1.051279,1.225563,134.7927,0.125569,0.251649,0.959638,1.100725,1.324656,135.1706,-995,0,0,0.5,0.5,0.5,0.5,1,1,Invalid
33:44.3,1606,20.0278,1.059359,1.225574,134.8837,345.4387,7.45765,355.0422,0,0,0,1.059359,1.225574,134.8837,0.125624,0.251416,0.959692,1.108821,1.324565,135.2616,-995,0,0,0.5,0.5,0.5,0.5,1,1,Invalid
33:44.3,1607,20.0395,1.067471,1.225582,134.9747,345.4417,7.474841,355.0406,0,0,0,1.067471,1.225582,134.9747,0.125914,0.251365,0.959667,1.11705,1.324559,135.3526,-995,0,0,0.5,0.5,0.5,0.5,1,1,Invalid
33:44.3,1608,20.052,1.075617,1.225581,135.0657,345.4396,7.497233,355.0437,0,0,0,1.075617,1.225581,135.0657,0.126288,0.2514,0.959609,1.125346,1.324577,135.4435,-995,0,0,0.5,0.5,0.5,0.5,1,1,Invalid
33:44.3,1609,20.0649,1.083803,1.225598,135.1566,345.4432,7.51679,355.0463,0,0,0,1.083803,1.225598,135.1566,0.126617,0.251339,0.959582,1.133664,1.324573,135.5345,-995,0,0,0.5,0.5,0.5,0.5,1,1,Invalid
33:44.3,1610,20.0761,1.092026,1.22561,135.2476,345.438,7.54725,355.0438,0,0,0,1.092026,1.22561,135.2476,0.127125,0.251428,0.959491,1.142088,1.324623,135.6255,-995,0,0,0.5,0.5,0.5,0.5,1,1,Invalid
33:44.3,1611,20.0879,1.100277,1.225607,135.3385,345.3988,7.565098,355.0472,0,0,0,1.100277,1.225607,135.3385,0.127401,0.25209,0.959281,1.15046,1.324906,135.7164,-995,0,0,0.5,0.5,0.5,0.5,1,1,Invalid
33:44.3,1612,20.0997,1.108551,1.225629,135.4295,345.3922,7.581409,355.055,0,0,0,1.108551,1.225629,135.4295,0.12767,0.252202,0.959216,1.15884,1.324971,135.8073,-995,0,0,0.5,0.5,0.5,0.5,1,1,Invalid
33:44.4,1613,20.1124,1.12524,1.225666,135.6114,345.3802,7.612947,355.0511,0,0,0,1.12524,1.225666,135.6114,0.128191,0.252403,0.959093,1.175739,1.325096,135.9892,-995,0,0,0.5,0.5,0.5,0.5,1,1,Invalid
33:44.4,1614,20.1232,1.133598,1.22573,135.7023,345.3977,7.623672,355.0634,0,0,0,1.133598,1.22573,135.7023,0.128381,0.252109,0.959145,1.18417,1.325041,136.0801,-995,0,0,0.5,0.5,0.5,0.5,1,1,Invalid
33:44.4,1615,20.1326,1.133575,1.225711,135.7023,345.3695,7.615428,355.0628,0,0,0,1.133575,1.225711,135.7023,0.128226,0.252584,0.959041,1.184095,1.325225,136.0801,-995,0,0,0.5,0.5,0.5,0.5,1,1,Invalid
33:44.4,1616,20.1452,1.150442,1.225728,135.884,345.3735,7.636647,355.0722,0,0,0,1.150442,1.225728,135.884,0.128584,0.252516,0.959011,1.201105,1.325221,136.2619,-995,0,0,0.5,0.5,0.5,0.5,1,1,Invalid
33:44.4,1617,20.1566,1.158873,1.225746,135.9749,345.3604,7.651089,355.0733,0,0,0,1.158873,1.225746,135.9749,0.128818,0.252737,0.958921,1.20963,1.32533,136.3528,-995,0,0,0.5,0.5,0.5,0.5,1,1,Invalid
33:44.4,1618,20.1692,1.167347,1.225746,136.0658,345.3314,7.658336,355.0749,0,0,0,1.167347,1.225746,136.0658,0.128922,0.253228,0.958778,1.218154,1.32554,136.4436,-995,0,0,0.5,0.5,0.5,0.5,1,1,Invalid
33:44.4,1619,20.181,1.175833,1.225791,136.1566,345.309,7.642132,355.0909,0,0,0,1.175833,1.225791,136.1566,0.128638,0.253606,0.958716,1.226534,1.325748,136.5345,-995,0,0,0.5,0.5,0.5,0.5,1,1,Invalid
33:44.4,1620,20.193,1.184334,1.225821,136.2475,345.2839,7.601155,355.0832,0,0,0,1.184334,1.225821,136.2475,0.127937,0.254029,0.958698,1.234762,1.32595,136.6254,-995,0,0,0.5,0.5,0.5,0.5,1,1,Invalid
33:44.4,1621,20.2043,1.192839,1.225839,136.3383,345.2629,7.555959,355.0856,0,0,0,1.192839,1.225839,136.3383,0.127169,0.254383,0.958706,1.242966,1.326112,136.7162,-995,0,0,0.5,0.5,0.5,0.5,1,1,Invalid
33:44.5,1622,20.2275,1.209932,1.225886,136.52,345.2381,7.421072,355.1043,0,0,0,1.209932,1.225886,136.52,0.124897,0.254803,0.958893,1.259166,1.326327,136.898,-995,0,0,0.5,0.5,0.5,0.5,1,1,Invalid
33:44.5,1623,20.2403,1.218464,1.225857,136.6108,345.2502,7.360344,355.0919,0,0,0,1.218464,1.225857,136.6108,0.123888,0.254599,0.959078,1.267299,1.326217,136.9888,-995,0,0,0.5,0.5,0.5,0.5,1,1,Invalid
33:44.5,1624,20.2521,1.22706,1.225856,136.7016,345.2511,7.286767,355.0998,0,0,0,1.22706,1.225856,136.7016,0.122656,0.254584,0.959241,1.275406,1.326201,137.0797,-995,0,0,0.5,0.5,0.5,0.5,1,1,Invalid
33:44.5,1625,20.2638,1.235661,1.225846,136.7924,345.2363,7.195957,355.1076,0,0,0,1.235661,1.225846,136.7924,0.121128,0.254834,0.959368,1.283404,1.326292,137.1706,-995,0,0,0.5,0.5,0.5,0.5,1,1,Invalid
33:44.5,1626,20.2757,1.244289,1.225858,136.8832,345.2463,7.108265,355.117,0,0,0,1.244289,1.225858,136.8832,0.119665,0.254664,0.959597,1.291455,1.326232,137.2614,-995,0,0,0.5,0.5,0.5,0.5,1,1,Invalid
33:44.5,1627,20.287,1.252949,1.225836,136.974,345.2288,7.010921,355.1241,0,0,0,1.252949,1.225836,136.974,0.118025,0.25496,0.959722,1.299466,1.326323,137.3522,-995,0,0,0.5,0.5,0.5,0.5,1,1,Invalid
33:44.5,1628,20.3001,1.270506,1.225846,137.1555,345.2441,6.919196,355.1379,0,0,0,1.270506,1.225846,137.1555,0.116496,0.254702,0.959977,1.316413,1.326216,137.5338,-995,0,0,0.5,0.5,0.5,0.5,1,1,Invalid
33:44.6,1629,20.3321,1.287777,1.22584,137.3371,345.2597,6.654012,355.2182,0,0,0,1.287777,1.22584,137.3371,0.11206,0.254438,0.960575,1.331923,1.326077,137.7155,-995,0,0,0.5,0.5,0.5,0.5,1,1,Invalid
33:44.6,1630,20.3443,1.296387,1.225827,137.4279,345.2422,6.514324,355.1629,0,0,0,1.296387,1.225827,137.4279,0.109709,0.254733,0.960768,1.339605,1.326175,137.8063,-995,0,0,0.5,0.5,0.5,0.5,1,1,Invalid
33:44.6,1631,20.3566,1.313683,1.225872,137.6093,345.2053,6.307981,355.1888,0,0,0,1.313683,1.225872,137.6093,0.10623,0.255357,0.960993,1.355527,1.326458,137.9879,-995,0,0,0.5,0.5,0.5,0.5,1,1,Invalid
33:44.6,1632,20.3692,1.322115,1.225886,137.7001,345.1851,6.099936,355.1653,0,0,0,1.322115,1.225886,137.7001,0.102731,0.255698,0.961283,1.362578,1.326599,138.0787,-995,0,0,0.5,0.5,0.5,0.5,1,1,Invalid
33:44.6,1633,20.3809,1.330519,1.225889,137.7913,345.1859,5.870405,355.158,0,0,0,1.330519,1.225889,137.7913,0.098879,0.255684,0.961691,1.36946,1.326584,138.17,-995,0,0,0.5,0.5,0.5,0.5,1,1,Invalid
33:44.6,1634,20.3931,1.338858,1.225898,137.8824,345.2103,5.634339,355.1581,0,0,0,1.338858,1.225898,137.8824,0.094927,0.255271,0.962198,1.376232,1.326403,138.2613,-995,0,0,0.5,0.5,0.5,0.5,1,1,Invalid
33:44.7,1635,20.4172,1.355257,1.225859,138.0647,345.2144,5.089356,355.2557,0,0,0,1.355257,1.225859,138.0647,0.085772,0.255202,0.963076,1.38902,1.326315,138.4438,-995,0,0,0.5,0.5,0.5,0.5,1,1,Invalid
33:44.7,1636,20.4298,1.363293,1.225861,138.1559,345.246,4.781931,355.2039,0,0,0,1.363293,1.225861,138.1559,0.080615,0.25467,0.963662,1.395017,1.326081,138.5351,-995,0,0,0.5,0.5,0.5,0.5,1,1,Invalid
33:44.7,1637,20.4423,1.371218,1.225836,138.247,345.2379,4.438547,355.2316,0,0,0,1.371218,1.225836,138.247,0.074835,0.254806,0.964092,1.400666,1.326105,138.6264,-995,0,0,0.5,0.5,0.5,0.5,1,1,Invalid
33:44.7,1638,20.4552,1.379087,1.225791,138.3382,345.215,4.050221,355.2866,0,0,0,1.379087,1.225791,138.3382,0.068292,0.255193,0.964475,1.405962,1.326214,138.7177,-995,0,0,0.5,0.5,0.5,0.5,1,1,Invalid
33:44.7,1639,20.4686,1.394995,1.225794,138.5212,345.2405,3.603254,355.3038,0,0,0,1.394995,1.225794,138.5212,0.060773,0.254762,0.965092,1.418905,1.326028,138.9009,-995,0,0,0.5,0.5,0.5,0.5,1,1,Invalid
33:44.7,1640,20.4811,1.402596,1.225773,138.6127,345.2617,3.220419,355.3185,0,0,0,1.402596,1.225773,138.6127,0.054329,0.254404,0.965571,1.42397,1.325861,138.9926,-995,0,0,0.5,0.5,0.5,0.5,1,1,Invalid
33:44.7,1641,20.4943,1.410086,1.22575,138.7042,345.2931,2.817756,355.3503,0,0,0,1.410086,1.22575,138.7042,0.047549,0.253874,0.966068,1.428791,1.325623,139.0842,-995,0,0,0.5,0.5,0.5,0.5,1,1,Invalid
33:44.7,1642,20.5068,1.417582,1.225742,138.7957,345.3356,2.481436,355.3726,0,0,0,1.417582,1.225742,138.7957,0.041885,0.253157,0.966518,1.434057,1.325319,139.1759,-995,0,0,0.5,0.5,0.5,0.5,1,1,Invalid
33:44.8,1643,20.52,1.42498,1.225724,138.8872,345.3834,2.110762,355.4069,0,0,0,1.42498,1.225724,138.8872,0.035639,0.252351,0.966979,1.438997,1.324973,139.2675,-995,0,0,0.5,0.5,0.5,0.5,1,1,Invalid
33:44.8,1644,20.5318,1.432178,1.225695,138.9791,345.408,1.663929,355.4153,0,0,0,1.432178,1.225695,138.9791,0.0281,0.251934,0.967336,1.443231,1.324786,139.3596,-995,0,0,0.5,0.5,0.5,0.5,1,1,Invalid
33:44.8,1645,20.5458,1.446754,1.225681,139.1627,345.4284,1.073253,355.4668,0,0,0,1.446754,1.225681,139.1627,0.018128,0.251589,0.967664,1.453887,1.324665,139.5434,-995,0,0,0.5,0.5,0.5,0.5,1,1,Invalid
33:44.8,1646,20.5585,1.45351,1.225627,139.2546,345.4567,0.511681,355.4635,0,0,0,1.45351,1.225627,139.2546,0.008644,0.251111,0.96792,1.456912,1.324456,139.6355,-995,0,0,0.5,0.5,0.5,0.5,1,1,Invalid
33:44.8,1647,20.5716,1.460203,1.225542,139.3465,345.4901,359.9912,355.448,0,0,0,1.460203,1.225542,139.3465,-0.000148,0.250548,0.968104,1.460145,1.324179,139.7276,-995,0,0,0.5,0.5,0.5,0.5,1,1,Invalid
33:44.8,1648,20.5852,1.466839,1.225445,139.4383,345.5299,359.4761,355.5142,0,0,0,1.466839,1.225445,139.4383,-0.008854,0.249875,0.968238,1.463351,1.323862,139.8196,-995,0,0,0.5,0.5,0.5,0.5,1,1,Invalid
33:44.8,1649,20.5995,1.47327,1.225363,139.5301,345.6047,358.9085,355.517,0,0,0,1.47327,1.225363,139.5301,-0.018451,0.24861,0.968428,1.466,1.323315,139.9117,-995,0,0,0.5,0.5,0.5,0.5,1,1,Invalid
33:44.9,1650,20.6136,1.486668,1.225288,139.7144,345.6262,358.2943,355.5518,0,0,0,1.486668,1.225288,139.7144,-0.028835,0.248248,0.968267,1.475299,1.323166,140.0962,-995,0,0,0.5,0.5,0.5,0.5,1,1,Invalid
33:44.9,1651,20.6278,1.492844,1.225263,139.8067,345.6868,357.7454,355.5202,0,0,0,1.492844,1.225263,139.8067,-0.038119,0.247222,0.968209,1.477807,1.322787,140.1886,-995,0,0,0.5,0.5,0.5,0.5,1,1,Invalid
33:44.9,1652,20.6409,1.49885,1.225215,139.8989,345.6797,357.1362,355.5909,0,0,0,1.49885,1.225215,139.8989,-0.04841,0.247343,0.967718,1.479732,1.322894,140.281,-995,0,0,0.5,0.5,0.5,0.5,1,1,Invalid
33:44.9,1653,20.654,1.504799,1.22516,139.991,345.7203,356.5661,355.5911,0,0,0,1.504799,1.22516,139.991,-0.058046,0.246655,0.967363,1.481852,1.322666,140.3734,-995,0,0,0.5,0.5,0.5,0.5,1,1,Invalid
33:44.9,1654,20.6672,1.517126,1.225118,140.1752,345.7619,355.997,355.6101,0,0,0,1.517126,1.225118,140.1752,-0.067664,0.245952,0.966917,1.490357,1.322421,140.5577,-995,0,0,0.5,0.5,0.5,0.5,1,1,Invalid
33:44.9,1655,20.6799,1.522823,1.225044,140.2673,345.7922,355.5102,355.5934,0,0,0,1.522823,1.225044,140.2673,-0.075888,0.24544,0.966437,1.492774,1.322228,140.65,-995,0,0,0.5,0.5,0.5,0.5,1,1,Invalid
33:44.9,1656,20.6923,1.528442,1.224949,140.3593,345.8297,355.0232,355.6203,0,0,0,1.528442,1.224949,140.3593,-0.084113,0.244804,0.965917,1.4951,1.32199,140.7422,-995,0,0,0.5,0.5,0.5,0.5,1,1,Invalid
33:44.9,1657,20.7052,1.533941,1.224915,140.4514,345.8596,354.5454,355.6416,0,0,0,1.533941,1.224915,140.4514,-0.092177,0.244299,0.965309,1.497367,1.321847,140.8345,-995,0,0,0.5,0.5,0.5,0.5,1,1,Invalid
33:45.0,1658,20.7193,1.53931,1.224878,140.544,345.8965,354.0582,355.6012,0,0,0,1.53931,1.224878,140.544,-0.100399,0.243674,0.964647,1.499435,1.321659,140.9271,-995,0,0,0.5,0.5,0.5,0.5,1,1,Invalid
33:45.0,1659,20.7337,1.550217,1.224836,140.7288,345.912,353.4179,355.6884,0,0,0,1.550217,1.224836,140.7288,-0.11118,0.243412,0.96353,1.505994,1.321655,141.1121,-995,0,0,0.5,0.5,0.5,0.5,1,1,Invalid
33:45.0,1660,20.7465,1.555286,1.224802,140.8213,345.953,352.9594,355.664,0,0,0,1.555286,1.224802,140.8213,-0.118908,0.242718,0.962782,1.507941,1.321445,141.2046,-995,0,0,0.5,0.5,0.5,0.5,1,1,Invalid
33:45.0,1661,20.7608,1.560234,1.224731,140.9137,345.9732,352.4935,355.6761,0,0,0,1.560234,1.224731,140.9137,-0.126743,0.242375,0.961868,1.509707,1.321355,141.2972,-995,0,0,0.5,0.5,0.5,0.5,1,1,Invalid
33:45.0,1662,20.7758,1.565083,1.224663,141.0061,345.9971,352.0194,355.685,0,0,0,1.565083,1.224663,141.0061,-0.134712,0.241971,0.960886,1.511308,1.321254,141.3897,-995,0,0,0.5,0.5,0.5,0.5,1,1,Invalid
33:45.0,1663,20.7897,1.575043,1.224663,141.191,346.0164,351.5227,355.7331,0,0,0,1.575043,1.224663,141.191,-0.143049,0.241643,0.959763,1.517875,1.321232,141.5745,-995,0,0,0.5,0.5,0.5,0.5,1,1,Invalid
33:45.0,1664,20.8038,1.579681,1.224651,141.2834,346.0413,351.1556,355.715,0,0,0,1.579681,1.224651,141.2834,-0.149211,0.241223,0.95893,1.519993,1.321147,141.667,-995,0,0,0.5,0.5,0.5,0.5,1,1,Invalid
33:45.1,1665,20.8169,1.584181,1.224619,141.3758,346.0256,350.7505,355.7625,0,0,0,1.584181,1.224619,141.3758,-0.155978,0.241488,0.957786,1.521704,1.321347,141.7594,-995,0,0,0.5,0.5,0.5,0.5,1,1,Invalid
33:45.1,1666,20.8399,1.593212,1.224651,141.5606,346.0212,350.1824,355.7723,0,0,0,1.593212,1.224651,141.5606,-0.165462,0.241563,0.956175,1.526837,1.321555,141.9442,-995,0,0,0.5,0.5,0.5,0.5,1,1,Invalid
33:45.1,1667,20.8527,1.597605,1.224685,141.653,345.9889,349.8955,355.7302,0,0,0,1.597605,1.224685,141.653,-0.170224,0.242109,0.9552,1.529253,1.321902,142.0366,-995,0,0,0.5,0.5,0.5,0.5,1,1,Invalid
33:45.1,1668,20.8655,1.601892,1.224762,141.7455,345.9155,349.5906,355.7155,0,0,0,1.601892,1.224762,141.7455,-0.175249,0.243353,0.953975,1.531445,1.322586,142.129,-995,0,0,0.5,0.5,0.5,0.5,1,1,Invalid
33:45.1,1669,20.8787,1.610645,1.224828,141.9303,345.8687,349.2883,355.7001,0,0,0,1.610645,1.224828,141.9303,-0.180243,0.244146,0.952841,1.538139,1.32304,142.3136,-995,0,0,0.5,0.5,0.5,0.5,1,1,Invalid
33:45.1,1670,20.8926,1.614883,1.224885,142.0227,345.8191,349.076,355.6707,0,0,0,1.614883,1.224885,142.0227,-0.183733,0.244985,0.951958,1.540907,1.323523,142.4059,-995,0,0,0.5,0.5,0.5,0.5,1,1,Invalid
33:45.1,1671,20.9067,1.619045,1.224935,142.1152,345.7826,348.8804,355.6591,0,0,0,1.619045,1.224935,142.1152,-0.18695,0.245602,0.951173,1.54374,1.323864,142.4983,-995,0,0,0.5,0.5,0.5,0.5,1,1,Invalid
33:45.2,1672,20.9231,1.627417,1.224948,142.3,345.7514,348.6338,355.6242,0,0,0,1.627417,1.224948,142.3,-0.191016,0.24613,0.950228,1.550431,1.324147,142.6829,-995,0,0,0.5,0.5,0.5,0.5,1,1,Invalid
33:45.2,1673,20.9412,1.631487,1.224981,142.3924,345.7388,348.4904,355.61,0,0,0,1.631487,1.224981,142.3924,-0.193383,0.246342,0.949694,1.553531,1.324286,142.7753,-995,0,0,0.5,0.5,0.5,0.5,1,1,Invalid
33:45.2,1674,20.9554,1.635565,1.22497,142.4848,345.6996,348.3661,355.5877,0,0,0,1.635565,1.22497,142.4848,-0.195409,0.247005,0.949107,1.556746,1.324601,142.8676,-995,0,0,0.5,0.5,0.5,0.5,1,1,Invalid
33:45.2,1675,20.9699,1.643559,1.225023,142.6697,345.689,348.2009,355.5741,0,0,0,1.643559,1.225023,142.6697,-0.198136,0.247186,0.948494,1.563633,1.324734,143.0523,-995,0,0,0.5,0.5,0.5,0.5,1,1,Invalid
33:45.2,1676,20.9861,1.647526,1.225024,142.7621,345.6882,348.1227,355.5522,0,0,0,1.647526,1.225024,142.7621,-0.199429,0.247198,0.94822,1.567072,1.324749,143.1446,-995,0,0,0.5,0.5,0.5,0.5,1,1,Invalid
33:45.2,1677,20.9978,1.651432,1.225015,142.8545,345.685,348.071,355.5202,0,0,0,1.651432,1.225015,142.8545,-0.200281,0.247252,0.948026,1.57064,1.324755,143.2369,-995,0,0,0.5,0.5,0.5,0.5,1,1,Invalid
33:45.3,1678,21.0112,1.659054,1.224977,143.0393,345.6796,348.0051,355.5131,0,0,0,1.659054,1.224977,143.0393,-0.201367,0.247344,0.947772,1.57784,1.324733,143.4216,-995,0,0,0.5,0.5,0.5,0.5,1,1,Invalid
33:45.3,1679,21.023,1.662891,1.224955,143.1317,345.7007,348.0239,355.4979,0,0,0,1.662891,1.224955,143.1317,-0.201076,0.246987,0.947927,1.581824,1.324531,143.5139,-995,0,0,0.5,0.5,0.5,0.5,1,1,Invalid
33:45.3,1680,21.0357,1.666601,1.224948,143.2242,345.73,348.0522,355.511,0,0,0,1.666601,1.224948,143.2242,-0.200632,0.246491,0.94815,1.585759,1.324268,143.6062,-995,0,0,0.5,0.5,0.5,0.5,1,1,Invalid
33:45.3,1681,21.0484,1.670269,1.224904,143.3166,345.7467,348.0903,355.5279,0,0,0,1.670269,1.224904,143.3166,-0.200017,0.24621,0.948353,1.589725,1.324048,143.6985,-995,0,0,0.5,0.5,0.5,0.5,1,1,Invalid
33:45.3,1682,21.0621,1.674007,1.224879,143.409,345.7664,348.1765,355.5378,0,0,0,1.674007,1.224879,143.409,-0.198608,0.245876,0.948736,1.594088,1.323818,143.7908,-995,0,0,0.5,0.5,0.5,0.5,1,1,Invalid
33:45.3,1683,21.0756,1.677582,1.224875,143.5015,345.7784,348.2204,355.5575,0,0,0,1.677582,1.224875,143.5015,-0.197891,0.245673,0.948938,1.597996,1.323677,143.8831,-995,0,0,0.5,0.5,0.5,0.5,1,1,Invalid
33:45.3,1684,21.0892,1.684408,1.224878,143.6863,345.7932,348.2152,355.5508,0,0,0,1.684408,1.224878,143.6863,-0.19799,0.245422,0.948983,1.604814,1.32354,144.0678,-995,0,0,0.5,0.5,0.5,0.5,1,1,Invalid
33:45.3,1685,21.1009,1.687765,1.224858,143.7787,345.7865,348.2519,355.5353,0,0,0,1.687765,1.224858,143.7787,-0.197377,0.245536,0.949081,1.60845,1.323526,144.1601,-995,0,0,0.5,0.5,0.5,0.5,1,1,Invalid
33:45.4,1686,21.1134,1.691057,1.224864,143.8711,345.8049,348.2993,355.5384,0,0,0,1.691057,1.224864,143.8711,-0.196607,0.245224,0.949321,1.612095,1.323352,144.2524,-995,0,0,0.5,0.5,0.5,0.5,1,1,Invalid
33:45.4,1687,21.1257,1.694368,1.224823,143.9635,345.814,348.3479,355.5345,0,0,0,1.694368,1.224823,143.9635,-0.195809,0.245071,0.949526,1.615757,1.323212,144.3447,-995,0,0,0.5,0.5,0.5,0.5,1,1,Invalid
33:45.4,1688,21.1385,1.69755,1.224817,144.0559,345.8316,348.4147,355.5395,0,0,0,1.69755,1.224817,144.0559,-0.194717,0.244772,0.949827,1.619428,1.323022,144.437,-995,0,0,0.5,0.5,0.5,0.5,1,1,Invalid
33:45.4,1689,21.1493,1.700737,1.224804,144.1483,345.8519,348.5216,355.5481,0,0,0,1.700737,1.224804,144.1483,-0.192963,0.244429,0.950274,1.623385,1.322787,144.5293,-995,0,0,0.5,0.5,0.5,0.5,1,1,Invalid
33:45.4,1690,21.1696,1.706842,1.224766,144.3331,345.8384,348.6147,355.5139,0,0,0,1.706842,1.224766,144.3331,-0.191406,0.244658,0.95053,1.630166,1.322774,144.7138,-995,0,0,0.5,0.5,0.5,0.5,1,1,Invalid
33:45.4,1691,21.1819,1.709787,1.224752,144.4254,345.8171,348.6667,355.5282,0,0,0,1.709787,1.224752,144.4254,-0.190527,0.245018,0.950613,1.633486,1.322876,144.8061,-995,0,0,0.5,0.5,0.5,0.5,1,1,Invalid
33:45.4,1692,21.1936,1.712702,1.224845,144.5177,345.8565,348.7056,355.5368,0,0,0,1.712702,1.224845,144.5177,-0.189914,0.244351,0.950908,1.636679,1.322659,144.8984,-995,0,0,0.5,0.5,0.5,0.5,1,1,Invalid
33:45.4,1693,21.2039,1.715508,1.224779,144.6101,345.8356,348.7532,355.5084,0,0,0,1.715508,1.224779,144.6101,-0.189106,0.244706,0.950977,1.639831,1.322704,144.9907,-995,0,0,0.5,0.5,0.5,0.5,1,1,Invalid
33:45.5,1694,21.2153,1.718267,1.224823,144.7025,345.8755,348.8013,355.5166,0,0,0,1.718267,1.224823,144.7025,-0.188341,0.244029,0.951303,1.64294,1.322422,145.0829,-995,0,0,0.5,0.5,0.5,0.5,1,1,Invalid
33:45.5,1695,21.228,1.721062,1.224787,144.7948,345.8702,348.8991,355.481,0,0,0,1.721062,1.224787,144.7948,-0.186713,0.244119,0.951601,1.646419,1.322379,145.1752,-995,0,0,0.5,0.5,0.5,0.5,1,1,Invalid
33:45.5,1696,21.2408,1.723757,1.224785,144.8871,345.8907,348.9962,355.4897,0,0,0,1.723757,1.224785,144.8871,-0.185117,0.243773,0.952001,1.649801,1.322173,145.2675,-995,0,0,0.5,0.5,0.5,0.5,1,1,Invalid
33:45.5,1697,21.2525,1.726439,1.224731,144.9795,345.8816,349.1075,355.4919,0,0,0,1.726439,1.224731,144.9795,-0.183259,0.243926,0.952321,1.653268,1.322124,145.3597,-995,0,0,0.5,0.5,0.5,0.5,1,1,Invalid
33:45.6,1698,21.3298,1.74391,1.224588,145.6256,346.0396,349.9601,355.3334,0,0,0,1.74391,1.224588,145.6256,-0.169185,0.241252,0.955602,1.676688,1.320444,146.0053,-995,0,0,0.5,0.5,0.5,0.5,1,1,Invalid
33:45.6,1699,21.342,1.746244,1.224552,145.7179,346.0048,350.1087,355.5166,0,0,0,1.746244,1.224552,145.7179,-0.166681,0.241841,0.955893,1.680053,1.320591,146.0975,-995,0,0,0.5,0.5,0.5,0.5,1,1,Invalid
33:45.6,1700,21.353,1.748653,1.224484,145.8102,346.0183,350.2974,355.5071,0,0,0,1.748653,1.224484,145.8102,-0.163542,0.241613,0.956492,1.683767,1.320346,146.1897,-995,0,0,0.5,0.5,0.5,0.5,1,1,Invalid
33:45.6,1701,21.3716,1.7528,1.224482,145.9947,346.0443,350.4262,355.5222,0,0,0,1.7528,1.224482,145.9947,-0.161408,0.241171,0.956966,1.688807,1.320098,146.3741,-995,0,0,0.5,0.5,0.5,0.5,1,1,Invalid
33:45.7,1702,21.4146,1.761223,1.224386,146.3635,346.1434,351.1109,355.4047,0,0,0,1.761223,1.224386,146.3635,-0.150026,0.239492,0.959237,1.701915,1.319061,146.7427,-995,0,0,0.5,0.5,0.5,0.5,1,1,Invalid
33:45.7,1703,21.4266,1.763224,1.224362,146.4557,346.1119,351.2673,355.554,0,0,0,1.763224,1.224362,146.4557,-0.147386,0.240027,0.959513,1.704985,1.319206,146.8349,-995,0,0,0.5,0.5,0.5,0.5,1,1,Invalid
33:45.7,1704,21.4398,1.765142,1.224358,146.5479,346.1265,351.4446,355.5207,0,0,0,1.765142,1.224358,146.5479,-0.144426,0.23978,0.960024,1.708111,1.319043,146.927,-995,0,0,0.5,0.5,0.5,0.5,1,1,Invalid
33:45.7,1705,21.4527,1.767063,1.224329,146.6401,346.1159,351.6054,355.5444,0,0,0,1.767063,1.224329,146.6401,-0.141724,0.239958,0.960382,1.71112,1.319047,147.0192,-995,0,0,0.5,0.5,0.5,0.5,1,1,Invalid
33:45.7,1706,21.4653,1.768898,1.22431,146.7322,346.0992,351.7451,355.5917,0,0,0,1.768898,1.22431,146.7322,-0.139373,0.240243,0.960656,1.713902,1.319108,147.1113,-995,0,0,0.5,0.5,0.5,0.5,1,1,Invalid
33:45.7,1707,21.4778,1.772202,1.224324,146.9165,346.0961,351.8992,355.6308,0,0,0,1.772202,1.224324,146.9165,-0.136787,0.240295,0.961014,1.718247,1.319106,147.2956,-995,0,0,0.5,0.5,0.5,0.5,1,1,Invalid
33:45.7,1708,21.49,1.773859,1.224317,147.0086,346.0744,351.9696,355.7014,0,0,0,1.773859,1.224317,147.0086,-0.135592,0.240662,0.961091,1.720375,1.319245,147.3877,-995,0,0,0.5,0.5,0.5,0.5,1,1,Invalid
33:45.7,1709,21.5026,1.775436,1.22436,147.1007,346.0558,352.0256,355.7906,0,0,0,1.775436,1.22436,147.1007,-0.134642,0.240977,0.961146,1.722323,1.31942,147.4798,-995,0,0,0.5,0.5,0.5,0.5,1,1,Invalid
33:45.8,1710,21.515,1.776943,1.224411,147.1927,346.0244,352.0687,355.8665,0,0,0,1.776943,1.224411,147.1927,-0.133901,0.241508,0.961116,1.724117,1.319691,147.5719,-995,0,0,0.5,0.5,0.5,0.5,1,1,Invalid
33:45.8,1711,21.5274,1.778391,1.224477,147.2848,345.9636,352.0496,355.8771,0,0,0,1.778391,1.224477,147.2848,-0.134186,0.242538,0.960817,1.725427,1.320207,147.664,-995,0,0,0.5,0.5,0.5,0.5,1,1,Invalid
33:45.8,1712,21.54,1.779663,1.224586,147.3768,345.9156,352.0236,355.87,0,0,0,1.779663,1.224586,147.3768,-0.134594,0.243351,0.960555,1.726515,1.320679,147.7561,-995,0,0,0.5,0.5,0.5,0.5,1,1,Invalid
33:45.8,1713,21.553,1.781002,1.224651,147.4689,345.8776,352.0025,355.857,0,0,0,1.781002,1.224651,147.4689,-0.134925,0.243994,0.960345,1.727701,1.32104,147.8483,-995,0,0,0.5,0.5,0.5,0.5,1,1,Invalid
33:45.8,1714,21.5648,1.782221,1.224691,147.5609,345.8303,351.991,355.8221,0,0,0,1.782221,1.224691,147.5609,-0.13509,0.244795,0.960118,1.728833,1.321434,147.9403,-995,0,0,0.5,0.5,0.5,0.5,1,1,Invalid
33:45.8,1715,21.5745,1.783367,1.224725,147.6529,345.8054,351.9679,355.8014,0,0,0,1.783367,1.224725,147.6529,-0.135462,0.245217,0.959958,1.729818,1.321661,148.0324,-995,0,0,0.5,0.5,0.5,0.5,1,1,Invalid
33:45.9,1716,21.6217,1.787836,1.224877,148.0209,345.7195,351.8213,355.7372,0,0,0,1.787836,1.224877,148.0209,-0.137866,0.246669,0.959243,1.733247,1.322547,148.4007,-995,0,0,0.5,0.5,0.5,0.5,1,1,Invalid
33:45.9,1717,21.6375,1.789738,1.224897,148.2049,345.6819,351.7664,355.7094,0,0,0,1.789738,1.224897,148.2049,-0.138761,0.247306,0.95895,1.734767,1.322868,148.5848,-995,0,0,0.5,0.5,0.5,0.5,1,1,Invalid
33:45.9,1718,21.6493,1.790714,1.224951,148.2969,345.6984,351.7441,355.6977,0,0,0,1.790714,1.224951,148.2969,-0.139145,0.247026,0.958966,1.735585,1.322823,148.6768,-995,0,0,0.5,0.5,0.5,0.5,1,1,Invalid
33:45.9,1719,21.6624,1.791613,1.224974,148.3888,345.6911,351.7349,355.6786,0,0,0,1.791613,1.224974,148.3888,-0.139294,0.24715,0.958913,1.736414,1.322913,148.7688,-995,0,0,0.5,0.5,0.5,0.5,1,1,Invalid
33:45.9,1720,21.6754,1.792461,1.225003,148.4808,345.6845,351.7276,355.6561,0,0,0,1.792461,1.225003,148.4808,-0.139411,0.247262,0.958867,1.737204,1.323008,148.8608,-995,0,0,0.5,0.5,0.5,0.5,1,1,Invalid
33:45.9,1721,21.6885,1.793352,1.22498,148.5727,345.6659,351.7229,355.6319,0,0,0,1.793352,1.22498,148.5727,-0.139479,0.247576,0.958776,1.738055,1.323132,148.9529,-995,0,0,0.5,0.5,0.5,0.5,1,1,Invalid
33:45.9,1722,21.703,1.794811,1.225005,148.7567,345.6721,351.7047,355.6151,0,0,0,1.794811,1.225005,148.7567,-0.139787,0.247471,0.958759,1.739387,1.323124,149.1368,-995,0,0,0.5,0.5,0.5,0.5,1,1,Invalid
33:46.0,1723,21.7158,1.795631,1.224983,148.8486,345.6661,351.7232,355.5833,0,0,0,1.795631,1.224983,148.8486,-0.139473,0.247572,0.958778,1.740323,1.323158,149.2288,-995,0,0,0.5,0.5,0.5,0.5,1,1,Invalid
33:46.0,1724,21.7308,1.796404,1.225009,148.9405,345.6878,351.7549,355.5733,0,0,0,1.796404,1.225009,148.9405,-0.138958,0.247205,0.958948,1.7413,1.323039,149.3208,-995,0,0,0.5,0.5,0.5,0.5,1,1,Invalid
33:46.0,1725,21.744,1.79705,1.225002,149.0325,345.6866,351.7761,355.5557,0,0,0,1.79705,1.225002,149.0325,-0.138602,0.247226,0.958994,1.742089,1.323037,149.4128,-995,0,0,0.5,0.5,0.5,0.5,1,1,Invalid
33:46.0,1726,21.7603,1.798227,1.225006,149.2164,345.6853,351.7967,355.5372,0,0,0,1.798227,1.225006,149.2164,-0.138256,0.247248,0.959038,1.743399,1.323056,149.5967,-995,0,0,0.5,0.5,0.5,0.5,1,1,Invalid
33:46.0,1727,21.7735,1.79884,1.224997,149.3083,345.6644,351.8488,355.5095,0,0,0,1.79884,1.224997,149.3083,-0.137371,0.247601,0.959074,1.744362,1.323189,149.6886,-995,0,0,0.5,0.5,0.5,0.5,1,1,Invalid
33:46.0,1728,21.7882,1.799484,1.225062,149.4002,345.6771,351.9149,355.5011,0,0,0,1.799484,1.225062,149.4002,-0.136271,0.247387,0.959286,1.745449,1.323158,149.7806,-995,0,0,0.5,0.5,0.5,0.5,1,1,Invalid
33:46.0,1729,21.8096,1.800428,1.225069,149.584,345.6645,351.987,355.4592,0,0,0,1.800428,1.225069,149.584,-0.135057,0.247599,0.959403,1.746874,1.323249,149.9644,-995,0,0,0.5,0.5,0.5,0.5,1,1,Invalid
33:46.1,1730,21.8238,1.801165,1.225081,149.7678,345.6571,352.0425,355.4488,0,0,0,1.801165,1.225081,149.7678,-0.134124,0.247725,0.959502,1.747983,1.323306,150.1483,-995,0,0,0.5,0.5,0.5,0.5,1,1,Invalid
33:46.1,1731,21.8371,1.801561,1.225073,149.8597,345.6329,352.1233,355.4302,0,0,0,1.801561,1.225073,149.8597,-0.132756,0.248134,0.959586,1.748922,1.323462,150.2402,-995,0,0,0.5,0.5,0.5,0.5,1,1,Invalid
33:46.1,1732,21.851,1.80195,1.22511,149.9516,345.6414,352.1916,355.413,0,0,0,1.80195,1.22511,149.9516,-0.131617,0.24799,0.95978,1.749771,1.323425,150.3321,-995,0,0,0.5,0.5,0.5,0.5,1,1,Invalid
33:46.1,1733,21.8647,1.802282,1.225135,150.0434,345.6332,352.2702,355.3962,0,0,0,1.802282,1.225135,150.0434,-0.130296,0.248128,0.959925,1.750635,1.323488,150.4239,-995,0,0,0.5,0.5,0.5,0.5,1,1,Invalid
33:46.1,1734,21.8783,1.802591,1.225144,150.2272,345.6141,352.3355,355.3738,0,0,0,1.802591,1.225144,150.2272,-0.12919,0.248451,0.959991,1.751387,1.323617,150.6077,-995,0,0,0.5,0.5,0.5,0.5,1,0.935597,Invalid
33:46.1,1735,21.8924,1.802855,1.225162,150.319,345.6135,352.4102,355.3607,0,0,0,1.802855,1.225162,150.319,-0.127938,0.248463,0.960155,1.752153,1.323626,150.6996,-995,0,0,0.5,0.5,0.5,0.5,1,0.935597,Invalid
33:46.1,1736,21.9052,1.803041,1.225166,150.4109,345.6026,352.4972,355.3391,0,0,0,1.803041,1.225166,150.4109,-0.126474,0.248647,0.960302,1.752928,1.323688,150.7914,-995,0,0,0.5,0.5,0.5,0.5,1,0.844749,Invalid
33:46.2,1737,21.9239,1.803211,1.225161,150.5946,345.5903,352.6183,355.3159,0,0,0,1.803211,1.225161,150.5946,-0.124436,0.248854,0.960514,1.753914,1.323747,150.9751,-995,0,0,0.5,0.5,0.5,0.5,1,0.844749,Invalid
33:46.2,1738,21.9378,1.803314,1.225172,150.6864,345.591,352.7268,355.2693,0,0,0,1.803314,1.225172,150.6864,-0.122619,0.248842,0.960751,1.754749,1.32373,151.0669,-995,0,0,0.5,0.5,0.5,0.5,1,0.844749,Invalid
33:46.2,1739,21.9506,1.803364,1.225203,150.7782,345.5917,352.8325,355.2522,0,0,0,1.803364,1.225203,150.7782,-0.120846,0.24883,0.960979,1.755509,1.323737,151.1587,-995,0,0,0.5,0.5,0.5,0.5,1,0.844749,Invalid
33:46.2,1740,21.9648,1.803411,1.225192,150.87,345.5759,352.9485,355.2157,0,0,0,1.803411,1.225192,150.87,-0.118892,0.249098,0.961153,1.756338,1.32382,151.2506,-995,0,0,0.5,0.5,0.5,0.5,1,0.844749,Invalid
33:46.2,1741,21.9769,1.803316,1.225224,150.9618,345.5852,353.0343,355.2058,0,0,0,1.803316,1.225224,150.9618,-0.117458,0.24894,0.96137,1.756822,1.323764,151.3424,-995,0,0,0.5,0.5,0.5,0.5,1,0.900639,Invalid
33:46.2,1742,21.9913,1.802896,1.225254,151.1454,345.5609,353.1202,355.1822,0,0,0,1.802896,1.225254,151.1454,-0.116003,0.249351,0.96144,1.756984,1.323943,151.526,-995,0,0,0.5,0.5,0.5,0.5,1,0.936409,Invalid
33:46.2,1743,22.004,1.802732,1.225297,151.2373,345.5353,353.2111,355.1691,0,0,0,1.802732,1.225297,151.2373,-0.114465,0.249783,0.961513,1.757433,1.324148,151.6178,-995,0,0,0.5,0.5,0.5,0.5,1,0.936409,Invalid
33:46.3,1744,22.0172,1.802513,1.225319,151.329,345.5065,353.3032,355.1462,0,0,0,1.802513,1.225319,151.329,-0.112904,0.250271,0.96157,1.757833,1.324359,151.7095,-995,0,0,0.5,0.5,0.5,0.5,1,0.967441,Invalid
33:46.3,1745,22.0314,1.802261,1.225356,151.4208,345.479,353.398,355.1546,0,0,0,1.802261,1.225356,151.4208,-0.111299,0.250736,0.961636,1.758221,1.324571,151.8013,-995,0,0,0.5,0.5,0.5,0.5,1,0.967441,Invalid
33:46.3,1746,22.0448,1.801443,1.22541,151.6044,345.4597,353.4818,355.1268,0,0,0,1.801443,1.22541,151.6044,-0.109883,0.251061,0.961714,1.757972,1.324733,151.9848,-995,0,0,0.5,0.5,0.5,0.5,1,0.986664,Invalid
33:46.3,1747,22.0588,1.80106,1.225429,151.6961,345.433,353.5749,355.1094,0,0,0,1.80106,1.225429,151.6961,-0.108307,0.251511,0.961775,1.758212,1.324931,152.0766,-995,0,0,0.5,0.5,0.5,0.5,1,0.986664,Invalid
33:46.3,1748,22.0718,1.80064,1.225454,151.7879,345.415,353.6628,355.0902,0,0,0,1.80064,1.225454,151.7879,-0.106824,0.251815,0.961862,1.758386,1.325058,152.1683,-995,0,0,0.5,0.5,0.5,0.5,1,0.986664,Invalid
33:46.3,1749,22.085,1.800257,1.225473,151.8796,345.3932,353.76,355.0641,0,0,0,1.800257,1.225473,151.8796,-0.10518,0.252185,0.961946,1.758655,1.325219,152.2601,-995,0,0,0.5,0.5,0.5,0.5,1,0.994538,Invalid
33:46.3,1750,22.0991,1.799862,1.225527,151.9714,345.3822,353.8595,355.0566,0,0,0,1.799862,1.225527,151.9714,-0.103504,0.25237,0.962079,1.758931,1.325327,152.3518,-995,0,0,0.5,0.5,0.5,0.5,1,0.994538,Invalid
33:46.4,1751,22.114,1.799013,1.225556,152.1549,345.3568,353.9361,355.0444,0,0,0,1.799013,1.225556,152.1549,-0.102206,0.252798,0.962106,1.758602,1.325508,152.5353,-995,0,0,0.5,0.5,0.5,0.5,1,0.997203,Invalid
33:46.4,1752,22.127,1.798754,1.225557,152.2467,345.3307,354.0109,355.041,0,0,0,1.798754,1.225557,152.2467,-0.100938,0.253241,0.962123,1.758849,1.325672,152.627,-995,0,0,0.5,0.5,0.5,0.5,1,0.997203,Invalid
33:46.4,1753,22.1461,1.798222,1.225577,152.4302,345.3176,354.122,355.0103,0,0,0,1.798222,1.225577,152.4302,-0.099067,0.253462,0.962259,1.759065,1.325759,152.8105,-995,0,0,0.5,0.5,0.5,0.5,1,0.998855,Invalid
33:46.4,1754,22.1597,1.798145,1.225595,152.522,345.3132,354.2272,355.0098,0,0,0,1.798145,1.225595,152.522,-0.097297,0.253535,0.962421,1.759696,1.325784,152.9023,-995,0,0,0.5,0.5,0.5,0.5,1,0.998855,Invalid
33:46.4,1755,22.1757,1.798054,1.225572,152.6137,345.3121,354.3073,354.9864,0,0,0,1.798054,1.225572,152.6137,-0.095951,0.253554,0.962551,1.760145,1.325747,152.994,-995,0,0,0.5,0.5,0.5,0.5,1,0.999531,Invalid
33:46.4,1756,22.1896,1.797943,1.225571,152.7889,345.3122,354.4127,354.9791,0,0,0,1.797943,1.225571,152.7889,-0.09418,0.253552,0.962726,1.760742,1.325723,153.1691,-995,0,0,0.5,0.5,0.5,0.5,1,0.999531,Invalid
33:46.4,1757,22.2034,1.797981,1.225578,152.8764,345.3197,354.4903,354.9858,0,0,0,1.797981,1.225578,152.8764,-0.092881,0.253426,0.962886,1.761303,1.325656,153.2567,-995,0,0,0.5,0.5,0.5,0.5,1,0.999808,Invalid
33:46.5,1758,22.2174,1.798019,1.225585,152.964,345.3315,354.5655,354.9835,0,0,0,1.798019,1.225585,152.964,-0.091621,0.253225,0.963059,1.761843,1.32557,153.3443,-995,0,0,0.5,0.5,0.5,0.5,1,0.999808,Invalid
33:46.5,1759,22.2315,1.79808,1.225543,153.0515,345.3165,354.6318,354.9799,0,0,0,1.79808,1.225543,153.0515,-0.090501,0.253479,0.963098,1.762348,1.325625,153.4318,-995,0,0,0.5,0.5,0.5,0.5,1,0.999877,Invalid
33:46.5,1760,22.2485,1.798191,1.225518,153.2266,345.3419,354.7185,354.9807,0,0,0,1.798191,1.225518,153.2266,-0.089052,0.25305,0.963346,1.763039,1.325407,153.6068,-995,0,0,0.5,0.5,0.5,0.5,1,0.999877,Invalid
33:46.5,1761,22.2623,1.798269,1.225489,153.3141,345.3684,354.7827,354.9857,0,0,0,1.798269,1.225489,153.3141,-0.087984,0.252603,0.963561,1.76355,1.325168,153.6944,-995,0,0,0.5,0.5,0.5,0.5,1,0.99995,Invalid
33:46.5,1762,22.2764,1.798349,1.225451,153.4016,345.4005,354.8333,354.9771,0,0,0,1.798349,1.225451,153.4016,-0.087145,0.252062,0.963779,1.763969,1.324892,153.7819,-995,0,0,0.5,0.5,0.5,0.5,1,0.99995,Invalid
33:46.5,1763,22.2895,1.798502,1.225391,153.5687,345.4188,354.9098,354.9836,0,0,0,1.798502,1.225391,153.5687,-0.085866,0.251752,0.963975,1.764634,1.324689,153.9489,-995,0,0,0.5,0.5,0.5,0.5,1,0.99995,Invalid
33:46.5,1764,22.3033,1.798603,1.225375,153.6522,345.4664,354.9377,354.9945,0,0,0,1.798603,1.225375,153.6522,-0.085416,0.250948,0.964225,1.764923,1.324324,154.0324,-995,0,0,0.5,0.5,0.5,0.5,1,0.999979,Invalid
33:46.6,1765,22.3173,1.798697,1.225314,153.7357,345.4959,354.9795,354.9866,0,0,0,1.798697,1.225314,153.7357,-0.084723,0.250449,0.964416,1.765296,1.324048,154.1159,-995,0,0,0.5,0.5,0.5,0.5,1,0.999984,Invalid
33:46.6,1766,22.3316,1.798794,1.225264,153.8192,345.5232,355.0228,354.9852,0,0,0,1.798794,1.225264,153.8192,-0.084004,0.249988,0.964598,1.765686,1.323787,154.1993,-995,0,0,0.5,0.5,0.5,0.5,1,0.999984,Invalid
33:46.6,1767,22.3462,1.799059,1.225234,153.9861,345.5454,355.0684,354.9968,0,0,0,1.799059,1.225234,153.9861,-0.083245,0.249613,0.964761,1.766258,1.323587,154.3663,-995,0,0,0.5,0.5,0.5,0.5,1,0.999993,Invalid
33:46.6,1768,22.362,1.79917,1.225189,154.0696,345.5522,355.0906,355.011,0,0,0,1.79917,1.225189,154.0696,-0.082874,0.249497,0.964823,1.766518,1.323488,154.4497,-995,0,0,0.5,0.5,0.5,0.5,1,0.999993,Invalid
33:46.6,1769,22.3777,1.799314,1.225157,154.1531,345.5727,355.0998,355.0287,0,0,0,1.799314,1.225157,154.1531,-0.082727,0.249151,0.964925,1.766726,1.323303,154.5332,-995,0,0,0.5,0.5,0.5,0.5,1,0.999997,Invalid
33:46.6,1770,22.3932,1.799696,1.225112,154.3124,345.5978,355.1275,355.029,0,0,0,1.799696,1.225112,154.3124,-0.08227,0.248728,0.965073,1.767292,1.323078,154.6925,-995,0,0,0.5,0.5,0.5,0.5,1,0.999997,Invalid
33:46.6,1771,22.4076,1.799906,1.225085,154.392,345.6263,355.1334,355.0186,0,0,0,1.799906,1.225085,154.392,-0.082181,0.248246,0.965205,1.767544,1.322842,154.7721,-995,0,0,0.5,0.5,0.5,0.5,1,0.999999,Invalid
33:46.7,1772,22.422,1.800171,1.225061,154.4716,345.6415,355.1375,355.0182,0,0,0,1.800171,1.225061,154.4716,-0.082117,0.247989,0.965276,1.767838,1.322703,154.8517,-995,0,0,0.5,0.5,0.5,0.5,1,0.999999,Invalid
33:46.7,1773,22.4364,1.800739,1.225014,154.6308,345.6482,355.162,355.0078,0,0,0,1.800739,1.225014,154.6308,-0.081708,0.247875,0.96534,1.768571,1.322603,155.0109,-995,0,0,0.5,0.5,0.5,0.5,1,0.999999,Invalid
33:46.7,1774,22.4521,1.801046,1.225049,154.7104,345.6955,355.1635,355.0177,0,0,0,1.801046,1.225049,154.7104,-0.0817,0.247075,0.965546,1.76889,1.322296,155.0905,-995,0,0,0.5,0.5,0.5,0.5,1,0.999999,Invalid
33:46.7,1775,22.4679,1.801767,1.225004,154.8696,345.6855,355.192,355.0081,0,0,0,1.801767,1.225004,154.8696,-0.081215,0.247243,0.965544,1.769802,1.322316,155.2496,-995,0,0,0.5,0.5,0.5,0.5,1,1,Invalid
33:46.7,1776,22.4844,1.802137,1.224978,154.9456,345.6944,355.2023,355.0002,0,0,0,1.802137,1.224978,154.9456,-0.081044,0.247093,0.965597,1.770242,1.322223,155.3256,-995,0,0,0.5,0.5,0.5,0.5,1,1,Invalid
33:46.7,1777,22.4983,1.802532,1.224955,155.0215,345.7047,355.2192,354.9958,0,0,0,1.802532,1.224955,155.0215,-0.080763,0.24692,0.965665,1.770751,1.322122,155.4015,-995,0,0,0.5,0.5,0.5,0.5,1,1,Invalid
33:46.8,1778,22.5121,1.803419,1.224899,155.1733,345.7106,355.2596,354.9856,0,0,0,1.803419,1.224899,155.1733,-0.080084,0.24682,0.965747,1.771908,1.322017,155.5533,-995,0,0,0.5,0.5,0.5,0.5,1,1,Invalid
33:46.8,1779,22.5259,1.803926,1.224864,155.2492,345.734,355.2901,354.9831,0,0,0,1.803926,1.224864,155.2492,-0.079579,0.246424,0.965889,1.772616,1.321821,155.6292,-995,0,0,0.5,0.5,0.5,0.5,1,1,Invalid
33:46.8,1780,22.5401,1.804457,1.224824,155.3251,345.7434,355.3232,354.9755,0,0,0,1.804457,1.224824,155.3251,-0.079023,0.246265,0.965976,1.773368,1.321707,155.7051,-995,0,0,0.5,0.5,0.5,0.5,1,1,Invalid
33:46.8,1781,22.556,1.805611,1.224801,155.4768,345.7633,355.3839,354.9874,0,0,0,1.805611,1.224801,155.4768,-0.078008,0.245928,0.966144,1.774924,1.321544,155.8569,-995,0,0,0.5,0.5,0.5,0.5,1,1,Invalid
33:46.8,1782,22.5777,1.806229,1.224796,155.5527,345.764,355.4398,354.9955,0,0,0,1.806229,1.224796,155.5527,-0.077065,0.245916,0.966223,1.775916,1.321524,155.9328,-995,0,0,0.5,0.5,0.5,0.5,1,1,Invalid
33:46.8,1783,22.5925,1.807478,1.22481,155.6975,345.7535,355.4989,355.0022,0,0,0,1.807478,1.22481,155.6975,-0.076065,0.246094,0.966257,1.777558,1.321609,156.0776,-995,0,0,0.5,0.5,0.5,0.5,1,1,Invalid
33:46.8,1784,22.6058,1.808138,1.224815,155.7699,345.7488,355.5327,355.0053,0,0,0,1.808138,1.224815,155.7699,-0.075493,0.246173,0.966281,1.778445,1.32164,156.1499,-995,0,0,0.5,0.5,0.5,0.5,1,1,Invalid
33:46.9,1785,22.62,1.808811,1.224825,155.8423,345.7455,355.5618,355.005,0,0,0,1.808811,1.224825,155.8423,-0.075001,0.246229,0.966306,1.779311,1.321673,156.2223,-995,0,0,0.5,0.5,0.5,0.5,1,1,Invalid
33:46.9,1786,22.6357,1.81023,1.224831,155.987,345.7499,355.6086,355.015,0,0,0,1.81023,1.224831,155.987,-0.074213,0.246155,0.966385,1.78104,1.321651,156.3671,-995,0,0,0.5,0.5,0.5,0.5,1,1,Invalid
33:46.9,1787,22.6509,1.810966,1.224832,156.0593,345.7544,355.6292,355.0264,0,0,0,1.810966,1.224832,156.0593,-0.073867,0.246078,0.966431,1.781911,1.321626,156.4394,-995,0,0,0.5,0.5,0.5,0.5,1,1,Invalid
33:46.9,1788,22.6661,1.811724,1.224833,156.1316,345.7522,355.6389,355.0415,0,0,0,1.811724,1.224833,156.1316,-0.073702,0.246117,0.966434,1.782731,1.32165,156.5118,-995,0,0,0.5,0.5,0.5,0.5,1,1,Invalid
33:46.9,1789,22.6802,1.81329,1.224854,156.273,345.7376,355.6738,355.0558,0,0,0,1.81329,1.224854,156.273,-0.07311,0.246363,0.966416,1.784526,1.321778,156.6532,-995,0,0,0.5,0.5,0.5,0.5,1,1,Invalid
33:46.9,1790,22.6955,1.814077,1.224872,156.342,345.7191,355.675,355.062,0,0,0,1.814077,1.224872,156.342,-0.073084,0.246677,0.966338,1.785321,1.321932,156.7222,-995,0,0,0.5,0.5,0.5,0.5,1,1,Invalid
33:47.0,1791,22.7114,1.81575,1.224913,156.48,345.7186,355.6973,355.0684,0,0,0,1.81575,1.224913,156.48,-0.072708,0.246685,0.966365,1.787142,1.321975,156.8602,-995,0,0,0.5,0.5,0.5,0.5,1,1,Invalid
33:47.0,1792,22.7269,1.816565,1.224911,156.549,345.7196,355.6956,355.0621,0,0,0,1.816565,1.224911,156.549,-0.072735,0.246668,0.966367,1.787941,1.321983,156.9292,-995,0,0,0.5,0.5,0.5,0.5,1,1,Invalid
33:47.0,1793,22.742,1.817411,1.22491,156.6179,345.7299,355.6931,355.0693,0,0,0,1.817411,1.22491,156.6179,-0.072781,0.246493,0.966408,1.788769,1.321914,156.9982,-995,0,0,0.5,0.5,0.5,0.5,1,1,Invalid
33:47.0,1794,22.7584,1.81925,1.224912,156.7559,345.7427,355.7015,355.0822,0,0,0,1.81925,1.224912,156.7559,-0.072644,0.246277,0.966473,1.790661,1.321834,157.1362,-995,0,0,0.5,0.5,0.5,0.5,1,1,Invalid
33:47.0,1795,22.7738,1.820152,1.224926,156.8248,345.7613,355.6848,355.0932,0,0,0,1.820152,1.224926,156.8248,-0.072933,0.245962,0.966532,1.791449,1.321727,157.2052,-995,0,0,0.5,0.5,0.5,0.5,1,1,Invalid
33:47.0,1796,22.7922,1.821993,1.224991,156.9565,345.7771,355.6757,355.1281,0,0,0,1.821993,1.224991,156.9565,-0.07309,0.245694,0.966588,1.793228,1.321684,157.3369,-995,0,0,0.5,0.5,0.5,0.5,1,1,Invalid
33:47.0,1797,22.8081,1.822897,1.225004,157.0223,345.765,355.6484,355.154,0,0,0,1.822897,1.225004,157.0223,-0.073546,0.2459,0.966501,1.793947,1.321796,157.4027,-995,0,0,0.5,0.5,0.5,0.5,1,1,Invalid
33:47.1,1798,22.8225,1.824883,1.22505,157.1538,345.75,355.6357,355.1664,0,0,0,1.824883,1.22505,157.1538,-0.073756,0.246154,0.96642,1.795845,1.321959,157.5343,-995,0,0,0.5,0.5,0.5,0.5,1,1,Invalid
33:47.1,1799,22.8375,1.82583,1.22508,157.2196,345.7759,355.6007,355.2159,0,0,0,1.82583,1.22508,157.2196,-0.074356,0.245715,0.966486,1.796555,1.321824,157.6001,-995,0,0,0.5,0.5,0.5,0.5,1,1,Invalid
33:47.1,1800,22.854,1.826784,1.225053,157.2853,345.8578,355.5762,355.2372,0,0,0,1.826784,1.225053,157.2853,-0.074796,0.244329,0.966803,1.797337,1.321246,157.6659,-995,0,0,0.5,0.5,0.5,0.5,1,1,Invalid
33:47.1,1801,22.8695,1.828953,1.225046,157.4167,345.898,355.5607,355.2432,0,0,0,1.828953,1.225046,157.4167,-0.07507,0.243648,0.966954,1.799395,1.320978,157.7975,-995,0,0,0.5,0.5,0.5,0.5,1,1,Invalid
33:47.1,1802,22.8863,1.829918,1.225095,157.4795,345.9218,355.5385,355.2669,0,0,0,1.829918,1.225095,157.4795,-0.075453,0.243246,0.967026,1.800205,1.320883,157.8603,-995,0,0,0.5,0.5,0.5,0.5,1,1,Invalid
33:47.1,1803,22.9033,1.83209,1.225128,157.6049,345.9211,355.506,355.289,0,0,0,1.83209,1.225128,157.6049,-0.076002,0.243258,0.966979,1.802153,1.320947,157.9858,-995,0,0,0.5,0.5,0.5,0.5,1,1,Invalid
33:47.2,1804,22.9208,1.833038,1.225083,157.6675,345.9651,355.4548,355.3238,0,0,0,1.833038,1.225083,157.6675,-0.07688,0.242513,0.967097,1.802748,1.320632,158.0485,-995,0,0,0.5,0.5,0.5,0.5,1,1,Invalid
33:47.2,1805,22.9382,1.835321,1.224959,157.7928,346.07,355.4143,355.3785,0,0,0,1.835321,1.224959,157.7928,-0.077599,0.240736,0.967484,1.804746,1.319813,158.174,-995,0,0,0.5,0.5,0.5,0.5,1,0.8,Invalid
33:47.2,1806,22.9559,1.837687,1.22483,157.9181,346.1969,355.3872,355.4452,0,0,0,1.837687,1.22483,157.9181,-0.078098,0.238586,0.967976,1.806914,1.318839,158.2995,-995,0,0,0.5,0.5,0.5,0.5,0.8,0.64,Invalid
33:47.2,1807,22.9731,1.838858,1.224782,157.9806,346.2561,355.3818,355.4769,0,0,0,1.838858,1.224782,157.9806,-0.07821,0.237582,0.968214,1.808038,1.318405,158.3622,-995,0,0,0.5,0.5,0.5,0.5,0.4096,0.32768,Invalid
33:47.2,1808,22.9895,1.841257,1.224797,158.1002,346.2605,355.4035,355.5083,0,0,0,1.841257,1.224797,158.1002,-0.077845,0.237508,0.968261,1.810572,1.318418,158.4819,-995,0,0,0.5,0.5,0.5,0.5,0.4096,0.32768,Invalid
33:47.3,1809,23.0102,1.842447,1.224844,158.16,346.2142,355.4189,355.5463,0,0,0,1.842447,1.224844,158.16,-0.07757,0.238293,0.968091,1.81186,1.318806,158.5417,-995,0,0,0.5,0.5,0.5,0.5,0.167772,0.134218,Invalid
33:47.3,1810,23.0262,1.845066,1.224873,158.2796,346.1814,355.4499,355.5676,0,0,0,1.845066,1.224873,158.2796,-0.077036,0.238849,0.967996,1.81468,1.319085,158.6614,-995,0,0,0.5,0.5,0.5,0.5,0.167772,0.134218,Invalid
33:47.3,1811,23.0398,1.846422,1.224898,158.3393,346.1789,355.4738,355.5883,0,0,0,1.846422,1.224898,158.3393,-0.076631,0.238891,0.968018,1.816189,1.319147,158.7212,-995,0,0,0.5,0.5,0.5,0.5,0,0,Invalid
33:47.3,1812,23.0485,1.847776,1.224908,158.399,346.1864,355.5005,355.5952,0,0,0,1.847776,1.224908,158.399,-0.076182,0.238764,0.968085,1.817719,1.319112,158.781,-995,0,0,0.5,0.5,0.5,0.5,0,0,Invalid
33:47.3,1813,23.0614,1.849182,1.224925,158.4587,346.1821,355.5434,355.5947,0,0,0,1.849182,1.224925,158.4587,-0.075456,0.238838,0.968123,1.819403,1.319183,158.8408,-995,0,0,0.5,0.5,0.5,0.5,0,0,Invalid
33:47.3,1814,23.0761,1.850607,1.224949,158.5184,346.1763,355.5863,355.5935,0,0,0,1.850607,1.224949,158.5184,-0.074728,0.238935,0.968156,1.821107,1.319271,158.9006,-995,0,0,0.5,0.5,0.5,0.5,0,0,Invalid
33:47.3,1815,23.0908,1.853376,1.224961,158.6324,346.1626,355.6473,355.5937,0,0,0,1.853376,1.224961,158.6324,-0.073694,0.239167,0.968178,1.824276,1.319402,159.0147,-995,0,0,0.5,0.5,0.5,0.5,0,0,Invalid
33:47.3,1816,23.1053,1.854837,1.224989,158.6893,346.1545,355.7007,355.5826,0,0,0,1.854837,1.224989,158.6893,-0.072788,0.239304,0.968213,1.826085,1.319517,159.0718,-995,0,0,0.5,0.5,0.5,0.5,0,0,Invalid
33:47.4,1817,23.1132,1.856268,1.224982,158.7463,346.1343,355.7478,355.5766,0,0,0,1.856268,1.224982,158.7463,-0.071986,0.239647,0.968188,1.827827,1.319665,159.1288,-995,0,0,0.5,0.5,0.5,0.5,0,0,Invalid
33:47.4,1818,23.1216,1.856321,1.225047,158.7462,346.1425,355.7823,355.5663,0,0,0,1.856321,1.225047,158.7462,-0.071406,0.239508,0.968265,1.828106,1.319684,159.1288,-995,0,0,0.5,0.5,0.5,0.5,0,0,Invalid
33:47.4,1819,23.1379,1.85932,1.225126,158.8602,346.0919,355.8938,355.5357,0,0,0,1.85932,1.225126,158.8602,-0.069506,0.240366,0.968191,1.831848,1.320128,159.2428,-995,0,0,0.5,0.5,0.5,0.5,0.272549,0,Invalid
33:47.4,1820,23.152,1.860876,1.22517,158.9171,346.0553,355.969,355.5413,0,0,0,1.860876,1.22517,158.9171,-0.068225,0.240986,0.968128,1.833901,1.320453,159.2999,-995,0,0,0.5,0.5,0.5,0.5,0.470227,0.170336,Invalid
33:47.4,1821,23.1664,1.862465,1.225233,158.974,346.0383,356.0459,355.5389,0,0,0,1.862465,1.225233,158.974,-0.06692,0.241273,0.968147,1.835999,1.320651,159.3568,-995,0,0,0.5,0.5,0.5,0.5,0.654643,0.442866,Invalid
33:47.4,1822,23.1807,1.865515,1.225156,159.0852,346.0412,356.1299,355.5335,0,0,0,1.865515,1.225156,159.0852,-0.065502,0.241224,0.968257,1.839604,1.320578,159.4682,-995,0,0,0.5,0.5,0.5,0.5,0.654643,0.442866,Invalid
33:47.4,1823,23.1959,1.867083,1.225049,159.1395,346.0364,356.2055,355.5335,0,0,0,1.867083,1.225049,159.1395,-0.064222,0.241305,0.968322,1.84167,1.320532,159.5226,-995,0,0,0.5,0.5,0.5,0.5,0.654643,0.554293,Invalid
33:47.5,1824,23.2099,1.868658,1.225003,159.1938,346.0463,356.2686,355.5399,0,0,0,1.868658,1.225003,159.1938,-0.063158,0.241138,0.968434,1.843664,1.320428,159.577,-995,0,0,0.5,0.5,0.5,0.5,0.654643,0.554293,Invalid
33:47.5,1825,23.2243,1.871794,1.22491,159.3024,346.0369,356.3554,355.5508,0,0,0,1.871794,1.22491,159.3024,-0.061688,0.241298,0.968489,1.847375,1.320427,159.6858,-995,0,0,0.5,0.5,0.5,0.5,0.778972,0.643434,Invalid
33:47.5,1826,23.2405,1.873432,1.224895,159.3566,346.0325,356.4311,355.5609,0,0,0,1.873432,1.224895,159.3566,-0.060408,0.241372,0.968551,1.849514,1.320466,159.7401,-995,0,0,0.5,0.5,0.5,0.5,0.778972,0.643434,Invalid
33:47.5,1827,23.2559,1.876642,1.22488,159.4652,346.0199,356.5315,355.5653,0,0,0,1.876642,1.22488,159.4652,-0.058708,0.241585,0.968602,1.853391,1.320558,159.8488,-995,0,0,0.5,0.5,0.5,0.5,0.909467,0.853951,Invalid
33:47.5,1828,23.2658,1.87673,1.224919,159.4651,346.0119,356.5606,355.5771,0,0,0,1.87673,1.224919,159.4651,-0.058214,0.241721,0.968598,1.85367,1.320669,159.8488,-995,0,0,0.5,0.5,0.5,0.5,0.909467,0.853951,Invalid
33:47.5,1829,23.2799,1.879913,1.224968,159.5713,346.0138,356.6516,355.5926,0,0,0,1.879913,1.224968,159.5713,-0.056677,0.241688,0.968697,1.85746,1.320716,159.955,-995,0,0,0.5,0.5,0.5,0.5,0.927573,0.883161,Invalid
33:47.5,1830,23.2939,1.881536,1.225016,159.623,345.9753,356.7111,355.6133,0,0,0,1.881536,1.225016,159.623,-0.055661,0.24234,0.968593,1.85948,1.321047,160.0069,-995,0,0,0.5,0.5,0.5,0.5,0.927573,0.883161,Invalid
33:47.5,1831,23.3069,1.883162,1.225056,159.6748,345.9382,356.765,355.6405,0,0,0,1.883162,1.225056,159.6748,-0.05474,0.242969,0.968488,1.861465,1.321358,160.0587,-995,0,0,0.5,0.5,0.5,0.5,0.970334,0.952143,Invalid
33:47.6,1832,23.3234,1.886396,1.225089,159.7785,345.8873,356.8505,355.6509,0,0,0,1.886396,1.225089,159.7785,-0.053283,0.24383,0.968353,1.865273,1.321751,160.1624,-995,0,0,0.5,0.5,0.5,0.5,0.970334,0.952143,Invalid
33:47.6,1833,23.3374,1.888084,1.225158,159.8303,345.8531,356.8936,355.6794,0,0,0,1.888084,1.225158,159.8303,-0.052547,0.244408,0.968248,1.867249,1.322068,160.2142,-995,0,0,0.5,0.5,0.5,0.5,0.987849,0.980398,Invalid
33:47.6,1834,23.35,1.889757,1.225185,159.8821,345.8424,356.9388,355.7008,0,0,0,1.889757,1.225185,159.8821,-0.051781,0.24459,0.968243,1.869225,1.322168,160.2661,-995,0,0,0.5,0.5,0.5,0.5,0.987849,0.980398,Invalid
33:47.6,1835,23.3622,1.89146,1.225189,159.9339,345.815,356.9691,355.7253,0,0,0,1.89146,1.225189,159.9339,-0.051263,0.245053,0.968153,1.871131,1.322369,160.3179,-995,0,0,0.5,0.5,0.5,0.5,0.993779,0.989964,Invalid
33:47.6,1836,23.3741,1.89316,1.225217,159.9857,345.8369,357.0085,355.7446,0,0,0,1.89316,1.225217,159.9857,-0.050602,0.244683,0.968282,1.873095,1.322239,160.3697,-995,0,0,0.5,0.5,0.5,0.5,0.993779,0.989964,Invalid
33:47.6,1837,23.3864,1.894802,1.225224,160.0352,345.8419,357.0398,355.7612,0,0,0,1.894802,1.225224,160.0352,-0.050073,0.244598,0.968331,1.874949,1.322204,160.4191,-995,0,0,0.5,0.5,0.5,0.5,0.993779,0.989964,Invalid
33:47.6,1838,23.3988,1.89646,1.22522,160.0847,345.836,357.0709,355.7716,0,0,0,1.89646,1.22522,160.0847,-0.049546,0.244699,0.968333,1.876815,1.322237,160.4686,-995,0,0,0.5,0.5,0.5,0.5,0.997452,0.995889,Invalid
33:47.7,1839,23.4118,1.899736,1.225206,160.1836,345.8072,357.1154,355.7784,0,0,0,1.899736,1.225206,160.1836,-0.048788,0.245185,0.968248,1.880394,1.322412,160.5674,-995,0,0,0.5,0.5,0.5,0.5,0.997452,0.995889,Invalid
33:47.7,1840,23.4251,1.901417,1.225274,160.233,345.8044,357.1364,355.7924,0,0,0,1.901417,1.225274,160.233,-0.048433,0.245233,0.968254,1.882217,1.322489,160.6169,-995,0,0,0.5,0.5,0.5,0.5,0.998956,0.998316,Invalid
33:47.7,1841,23.4416,1.903141,1.225301,160.2825,345.7917,357.1553,355.794,0,0,0,1.903141,1.225301,160.2825,-0.04811,0.245449,0.968215,1.884072,1.322587,160.6663,-995,0,0,0.5,0.5,0.5,0.5,0.998956,0.998316,Invalid
33:47.7,1842,23.4553,1.90486,1.225288,160.332,345.7897,357.1762,355.7831,0,0,0,1.90486,1.225288,160.332,-0.047758,0.245481,0.968224,1.885935,1.322564,160.7157,-995,0,0,0.5,0.5,0.5,0.5,0.999573,0.99931,Invalid
33:47.7,1843,23.4665,1.906574,1.225273,160.3815,345.7985,357.1969,355.7665,0,0,0,1.906574,1.225273,160.3815,-0.047409,0.245334,0.968279,1.887791,1.322471,160.7652,-995,0,0,0.5,0.5,0.5,0.5,0.999573,0.99931,Invalid
33:47.7,1844,23.4793,1.909901,1.225167,160.4782,345.8244,357.2275,355.7365,0,0,0,1.909901,1.225167,160.4782,-0.046897,0.244894,0.968415,1.891327,1.322159,160.8617,-995,0,0,0.5,0.5,0.5,0.5,0.999573,0.99931,Invalid
33:47.7,1845,23.493,1.911575,1.225083,160.5254,345.851,357.2379,355.7302,0,0,0,1.911575,1.225083,160.5254,-0.046726,0.244444,0.968537,1.893075,1.321864,160.9089,-995,0,0,0.5,0.5,0.5,0.5,0.999825,0.999718,Invalid
33:47.7,1846,23.506,1.913248,1.225025,160.5726,345.8839,357.2443,355.7238,0,0,0,1.913248,1.225025,160.5726,-0.046626,0.243889,0.968682,1.894793,1.321559,160.956,-995,0,0,0.5,0.5,0.5,0.5,0.999825,0.999718,Invalid
33:47.8,1847,23.52,1.914944,1.22501,160.6198,345.9036,357.2429,355.7261,0,0,0,1.914944,1.22501,160.6198,-0.046653,0.243554,0.968765,1.896485,1.321375,161.0031,-995,0,0,0.5,0.5,0.5,0.5,0.99991,0.999855,Invalid
33:47.8,1848,23.533,1.916655,1.224984,160.6671,345.8936,357.2437,355.7234,0,0,0,1.916655,1.224984,160.6671,-0.046637,0.243723,0.968723,1.898206,1.321395,161.0503,-995,0,0,0.5,0.5,0.5,0.5,0.99991,0.999855,Invalid
33:47.8,1849,23.5466,1.920044,1.225001,160.7614,345.9127,357.2581,355.7369,0,0,0,1.920044,1.225001,160.7614,-0.046398,0.2434,0.968816,1.901698,1.321246,161.1445,-995,0,0,0.5,0.5,0.5,0.5,0.999963,0.999941,Invalid
33:47.8,1850,23.5608,1.92178,1.224934,160.8087,345.9337,357.2547,355.7675,0,0,0,1.92178,1.224934,160.8087,-0.04646,0.243044,0.968902,1.903416,1.320997,161.1917,-995,0,0,0.5,0.5,0.5,0.5,0.999963,0.999941,Invalid
33:47.8,1851,23.5736,1.92354,1.224907,160.8559,345.975,357.2452,355.7785,0,0,0,1.92354,1.224907,160.8559,-0.046629,0.242345,0.969069,1.905119,1.320647,161.2388,-995,0,0,0.5,0.5,0.5,0.5,0.999963,0.999941,Invalid
33:47.8,1852,23.5871,1.92524,1.224854,160.901,346.0005,357.241,355.7865,0,0,0,1.92524,1.224854,160.901,-0.046706,0.241913,0.969173,1.906795,1.320388,161.2837,-995,0,0,0.5,0.5,0.5,0.5,0.999981,0.99997,Invalid
33:47.8,1853,23.6,1.926954,1.224799,160.946,346.0339,357.2359,355.7761,0,0,0,1.926954,1.224799,160.946,-0.046798,0.241348,0.96931,1.90848,1.320074,161.3287,-995,0,0,0.5,0.5,0.5,0.5,0.999981,0.99997,Invalid
33:47.9,1854,23.613,1.930359,1.224755,161.036,346.0871,357.2445,355.7733,0,0,0,1.930359,1.224755,161.036,-0.046663,0.240446,0.96954,1.911946,1.319633,161.4186,-995,0,0,0.5,0.5,0.5,0.5,0.999992,0.999988,Invalid
33:47.9,1855,23.6262,1.932127,1.22467,161.081,346.1192,357.2491,355.7545,0,0,0,1.932127,1.22467,161.081,-0.046592,0.239903,0.969678,1.913749,1.319299,161.4635,-995,0,0,0.5,0.5,0.5,0.5,0.999992,0.999988,Invalid
33:47.9,1856,23.6402,1.933908,1.224646,161.1261,346.1748,357.2537,355.7385,0,0,0,1.933908,1.224646,161.1261,-0.046526,0.23896,0.969914,1.915565,1.31886,161.5085,-995,0,0,0.5,0.5,0.5,0.5,0.999992,0.999988,Invalid
33:47.9,1857,23.6537,1.935741,1.224581,161.1711,346.1967,357.2742,355.71,0,0,0,1.935741,1.224581,161.1711,-0.046182,0.238589,0.970022,1.917541,1.318609,161.5534,-995,0,0,0.5,0.5,0.5,0.5,0.999996,0.999994,Invalid
33:47.9,1858,23.6621,1.937563,1.224562,161.2161,346.2161,357.2845,355.69,0,0,0,1.937563,1.224562,161.2161,-0.046011,0.238261,0.970111,1.919435,1.318435,161.5983,-995,0,0,0.5,0.5,0.5,0.5,0.999998,0.999996,Invalid
33:47.9,1859,23.6748,1.939381,1.224551,161.2611,346.2533,357.3043,355.6835,0,0,0,1.939381,1.224551,161.2611,-0.045684,0.23763,0.970281,1.921389,1.318133,161.6432,-995,0,0,0.5,0.5,0.5,0.5,0.999998,0.999997,Invalid
33:47.9,1860,23.6877,1.941168,1.2245,161.3041,346.2466,357.3205,355.6411,0,0,0,1.941168,1.2245,161.3041,-0.045408,0.237744,0.970266,1.923289,1.318106,161.6861,-995,0,0,0.5,0.5,0.5,0.5,0.999999,0.999998,Invalid
33:47.9,1861,23.701,1.944649,1.224466,161.3899,346.2768,357.3593,355.6152,0,0,0,1.944649,1.224466,161.3899,-0.044757,0.237232,0.970421,1.927034,1.317835,161.7718,-995,0,0,0.5,0.5,0.5,0.5,0.999999,0.999998,Invalid
33:48.0,1862,23.7148,1.946491,1.224429,161.4328,346.3059,357.3956,355.5873,0,0,0,1.946491,1.224429,161.4328,-0.044147,0.236739,0.97057,1.929123,1.317563,161.8147,-995,0,0,0.5,0.5,0.5,0.5,0.999999,0.999998,Invalid
33:48.0,1863,23.7295,1.948359,1.224394,161.4758,346.3392,357.4264,355.5703,0,0,0,1.948359,1.224394,161.4758,-0.043632,0.236173,0.970731,1.9312,1.317271,161.8575,-995,0,0,0.5,0.5,0.5,0.5,1,0.999999,Invalid
33:48.0,1864,23.7463,1.951942,1.22434,161.5615,346.3443,357.4814,355.5392,0,0,0,1.951942,1.22434,161.5615,-0.042702,0.236087,0.970793,1.935156,1.317147,161.9432,-995,0,0,0.5,0.5,0.5,0.5,1,0.999999,Invalid
33:48.0,1865,23.7603,1.953815,1.224337,161.6045,346.3645,357.5242,355.5313,0,0,0,1.953815,1.224337,161.6045,-0.04198,0.235745,0.970908,1.937319,1.316974,161.986,-995,0,0,0.5,0.5,0.5,0.5,1,1,Invalid
33:48.0,1866,23.7745,1.955706,1.224316,161.6474,346.364,357.5659,355.5212,0,0,0,1.955706,1.224316,161.6474,-0.041273,0.235753,0.970936,1.939492,1.316926,162.0288,-995,0,0,0.5,0.5,0.5,0.5,1,1,Invalid
33:48.0,1867,23.7893,1.959213,1.224262,161.7292,346.3296,357.6149,355.501,0,0,0,1.959213,1.224262,161.7292,-0.040437,0.236336,0.97083,1.94333,1.317089,162.1105,-995,0,0,0.5,0.5,0.5,0.5,1,1,Invalid
33:48.0,1868,23.8034,1.961046,1.224256,161.7702,346.3375,357.6471,355.5082,0,0,0,1.961046,1.224256,161.7702,-0.039893,0.236202,0.970885,1.945382,1.317001,162.1514,-995,0,0,0.5,0.5,0.5,0.5,1,1,Invalid
33:48.1,1869,23.8164,1.962875,1.224248,161.8111,346.3416,357.6826,355.5059,0,0,0,1.962875,1.224248,161.8111,-0.039291,0.236133,0.970926,1.947453,1.316935,162.1922,-995,0,0,0.5,0.5,0.5,0.5,1,1,Invalid
33:48.1,1870,23.8305,1.964706,1.224258,161.8521,346.3525,357.7182,355.5135,0,0,0,1.964706,1.224258,161.8521,-0.03869,0.235947,0.970995,1.949525,1.316842,162.2331,-995,0,0,0.5,0.5,0.5,0.5,1,1,Invalid
33:48.1,1871,23.8466,1.968294,1.224255,161.9339,346.3549,357.7545,355.4998,0,0,0,1.968294,1.224255,161.9339,-0.038074,0.235906,0.97103,1.953359,1.316792,162.3148,-995,0,0,0.5,0.5,0.5,0.5,1,1,Invalid
33:48.1,1872,23.8593,1.970156,1.224225,161.9748,346.3531,357.779,355.4751,0,0,0,1.970156,1.224225,161.9748,-0.037661,0.235937,0.971039,1.955386,1.316754,162.3556,-995,0,0,0.5,0.5,0.5,0.5,1,1,Invalid
33:48.1,1873,23.8675,1.971973,1.224231,162.0157,346.3676,357.8087,355.4582,0,0,0,1.971973,1.224231,162.0157,-0.03716,0.235692,0.971117,1.957403,1.316645,162.3964,-995,0,0,0.5,0.5,0.5,0.5,1,1,Invalid
33:48.1,1874,23.881,1.973801,1.224254,162.0547,346.3996,357.8336,355.4415,0,0,0,1.973801,1.224254,162.0547,-0.036743,0.235149,0.971265,1.959399,1.316422,162.4354,-995,0,0,0.5,0.5,0.5,0.5,1,1,Invalid
33:48.1,1875,23.8943,1.975592,1.2242,162.0937,346.4128,357.8707,355.4218,0,0,0,1.975592,1.2242,162.0937,-0.036115,0.234926,0.971342,1.961439,1.316256,162.4743,-995,0,0,0.5,0.5,0.5,0.5,1,1,Invalid
33:48.1,1876,23.9083,1.977406,1.224179,162.1327,346.4261,357.9011,355.4141,0,0,0,1.977406,1.224179,162.1327,-0.035602,0.2347,0.971416,1.963457,1.316128,162.5133,-995,0,0,0.5,0.5,0.5,0.5,1,1,Invalid
33:48.2,1877,23.9209,1.979263,1.224155,162.1718,346.4274,357.9175,355.3936,0,0,0,1.979263,1.224155,162.1718,-0.035324,0.234678,0.971431,1.965428,1.316074,162.5523,-995,0,0,0.5,0.5,0.5,0.5,1,1,Invalid
33:48.2,1878,23.9337,1.982758,1.224131,162.2497,346.4455,357.9524,355.3711,0,0,0,1.982758,1.224131,162.2497,-0.034735,0.23437,0.971527,1.969155,1.31591,162.6301,-995,0,0,0.5,0.5,0.5,0.5,1,1,Invalid
33:48.2,1879,23.971,1.988241,1.224032,162.3666,346.4974,358.0255,355.2834,0,0,0,1.988241,1.224032,162.3666,-0.033502,0.233489,0.971782,1.975128,1.315424,162.7469,-995,0,0,0.5,0.5,0.5,0.5,1,1,Invalid
33:48.2,1880,23.9844,1.99003,1.223993,162.4037,346.5192,358.0496,355.2482,0,0,0,1.99003,1.223993,162.4037,-0.033097,0.233119,0.971885,1.977078,1.315222,162.7841,-995,0,0,0.5,0.5,0.5,0.5,1,1,Invalid
33:48.2,1881,23.9984,1.991796,1.224003,162.4409,346.5312,358.0829,355.266,0,0,0,1.991796,1.224003,162.4409,-0.032533,0.232916,0.971953,1.979066,1.315148,162.8212,-995,0,0,0.5,0.5,0.5,0.5,1,1,Invalid
33:48.3,1882,24.0127,1.995218,1.223989,162.5152,346.5352,358.1252,355.2747,0,0,0,1.995218,1.223989,162.5152,-0.031817,0.232848,0.971992,1.98277,1.315092,162.8955,-995,0,0,0.5,0.5,0.5,0.5,1,1,Invalid
33:48.3,1883,24.0258,1.996962,1.223973,162.5524,346.5352,358.1322,355.2988,0,0,0,1.996962,1.223973,162.5524,-0.031698,0.232847,0.971997,1.98456,1.315075,162.9326,-995,0,0,0.5,0.5,0.5,0.5,1,1,Invalid
33:48.3,1884,24.0407,1.998707,1.223986,162.5895,346.5445,358.1369,355.3241,0,0,0,1.998707,1.223986,162.5895,-0.031619,0.23269,0.972037,1.986336,1.315027,162.9698,-995,0,0,0.5,0.5,0.5,0.5,1,1,Invalid
33:48.3,1885,24.056,2.002131,1.224001,162.6637,346.5388,358.1524,355.3521,0,0,0,2.002131,1.224001,162.6637,-0.031355,0.232787,0.972022,1.989862,1.315082,163.044,-995,0,0,0.5,0.5,0.5,0.5,1,0.913318,Invalid
33:48.3,1886,24.0701,2.003895,1.224031,162.7009,346.5543,358.1494,355.3886,0,0,0,2.003895,1.224031,162.7009,-0.031409,0.232524,0.972083,1.991606,1.315005,163.0812,-995,0,0,0.5,0.5,0.5,0.5,1,0.913318,Invalid
33:48.3,1887,24.0787,2.005554,1.224037,162.7363,346.5417,358.1559,355.4014,0,0,0,2.005554,1.224037,162.7363,-0.031296,0.232738,0.972036,1.993309,1.315099,163.1166,-995,0,0,0.5,0.5,0.5,0.5,0.554082,0.518577,Invalid
33:48.3,1888,24.0968,2.007282,1.224097,162.7717,346.5377,358.163,355.4675,0,0,0,2.007282,1.224097,162.7717,-0.031175,0.232805,0.972024,1.995085,1.315186,163.152,-995,0,0,0.5,0.5,0.5,0.5,0.554082,0.518577,Invalid
33:48.4,1889,24.1114,2.010666,1.224084,162.8425,346.5189,358.1629,355.5028,0,0,0,2.010666,1.224084,162.8425,-0.031175,0.233125,0.971947,1.998467,1.31531,163.2229,-995,0,0,0.5,0.5,0.5,0.5,0.681924,0.663745,Invalid
33:48.4,1890,24.1269,2.012415,1.224082,162.8779,346.5077,358.1673,355.5464,0,0,0,2.012415,1.224082,162.8779,-0.031099,0.233314,0.971904,2.000244,1.315389,163.2583,-995,0,0,0.5,0.5,0.5,0.5,0.681924,0.663745,Invalid
33:48.4,1891,24.1427,2.014187,1.224136,162.9133,346.5289,358.1674,355.5784,0,0,0,2.014187,1.224136,162.9133,-0.0311,0.232955,0.97199,2.002015,1.315306,163.2937,-995,0,0,0.5,0.5,0.5,0.5,0.745539,0.784797,Invalid
33:48.4,1892,24.157,2.017672,1.224134,162.9841,346.5053,358.1939,355.6011,0,0,0,2.017672,1.224134,162.9841,-0.030647,0.233355,0.971909,2.005676,1.31547,163.3645,-995,0,0,0.5,0.5,0.5,0.5,0.745539,0.784797,Invalid
33:48.4,1893,24.1717,2.019497,1.224158,163.0194,346.4915,358.2061,355.6353,0,0,0,2.019497,1.224158,163.0194,-0.030439,0.233591,0.971858,2.007582,1.315592,163.3999,-995,0,0,0.5,0.5,0.5,0.5,0.869716,0.86227,Invalid
33:48.4,1894,24.1859,2.021301,1.224192,163.0532,346.4714,358.2231,355.6735,0,0,0,2.021301,1.224192,163.0532,-0.030148,0.23393,0.971786,2.009498,1.315778,163.4336,-995,0,0,0.5,0.5,0.5,0.5,0.869716,0.86227,Invalid
33:48.4,1895,24.2004,2.024704,1.224195,163.1207,346.4676,358.2431,355.7036,0,0,0,2.024704,1.224195,163.1207,-0.029808,0.233996,0.971781,2.013033,1.315814,163.5012,-995,0,0,0.5,0.5,0.5,0.5,0.933295,0.929482,Invalid
33:48.5,1896,24.2153,2.026464,1.224245,163.1544,346.4931,358.2552,355.7266,0,0,0,2.026464,1.224245,163.1544,-0.029606,0.233562,0.971891,2.014872,1.315697,163.5349,-995,0,0,0.5,0.5,0.5,0.5,0.933295,0.929482,Invalid
33:48.5,1897,24.2301,2.028296,1.22423,163.1881,346.4989,358.2715,355.742,0,0,0,2.028296,1.22423,163.1881,-0.029329,0.233463,0.971923,2.01681,1.315653,163.5687,-995,0,0,0.5,0.5,0.5,0.5,0.933295,0.929482,Invalid
33:48.5,1898,24.2459,2.031748,1.224232,163.2555,346.5209,358.3015,355.7621,0,0,0,2.031748,1.224232,163.2555,-0.028824,0.233091,0.972028,2.020459,1.315519,163.6362,-995,0,0,0.5,0.5,0.5,0.5,0.972677,0.963895,Invalid
33:48.5,1899,24.2615,2.033619,1.224217,163.2892,346.5231,358.3183,355.7733,0,0,0,2.033619,1.224217,163.2892,-0.028539,0.233054,0.972045,2.022441,1.3155,163.6699,-995,0,0,0.5,0.5,0.5,0.5,0.972677,0.963895,Invalid
33:48.5,1900,24.277,2.035454,1.224229,163.3229,346.5184,358.337,355.7956,0,0,0,2.035454,1.224229,163.3229,-0.028221,0.233133,0.972035,2.024398,1.31556,163.7037,-995,0,0,0.5,0.5,0.5,0.5,0.972677,0.963895,Invalid
33:48.5,1901,24.2865,2.037161,1.224263,163.355,346.5271,358.3396,355.8219,0,0,0,2.037161,1.224263,163.355,-0.028177,0.232986,0.972072,2.026122,1.315539,163.7359,-995,0,0,0.5,0.5,0.5,0.5,0.972677,0.963895,Invalid
33:48.6,1902,24.3126,2.042347,1.224246,163.4515,346.4726,358.3951,355.8521,0,0,0,2.042347,1.224246,163.4515,-0.027231,0.233911,0.971877,2.031674,1.315921,163.8324,-995,0,0,0.5,0.5,0.5,0.5,0.845891,0.659469,Invalid
33:48.6,1903,24.3269,2.044174,1.224267,163.4837,346.457,358.4087,355.8864,0,0,0,2.044174,1.224267,163.4837,-0.026997,0.234176,0.971819,2.033592,1.316055,163.8646,-995,0,0,0.5,0.5,0.5,0.5,0.845891,0.659469,Invalid
33:48.6,1904,24.343,2.046061,1.224329,163.5159,346.4567,358.4208,355.9243,0,0,0,2.046061,1.224329,163.5159,-0.026792,0.23418,0.971824,2.035559,1.31612,163.8968,-995,0,0,0.5,0.5,0.5,0.5,0.921096,0.814685,Invalid
33:48.6,1905,24.3567,2.049519,1.224297,163.5802,346.4392,358.4451,355.9511,0,0,0,2.049519,1.224297,163.5802,-0.026379,0.234477,0.971764,2.039177,1.316217,163.9611,-995,0,0,0.5,0.5,0.5,0.5,0.921096,0.814685,Invalid
33:48.6,1906,24.3699,2.051355,1.224311,163.6123,346.4546,358.4547,355.961,0,0,0,2.051355,1.224311,163.6123,-0.026216,0.234216,0.971831,2.041078,1.316132,163.9933,-995,0,0,0.5,0.5,0.5,0.5,0.921096,0.814685,Invalid
33:48.6,1907,24.3841,2.053095,1.224249,163.643,346.458,358.4738,355.9761,0,0,0,2.053095,1.224249,163.643,-0.025893,0.234158,0.971854,2.042944,1.316045,164.024,-995,0,0,0.5,0.5,0.5,0.5,0.936877,0.814685,Invalid
33:48.6,1908,24.399,2.054888,1.224233,163.6737,346.4845,358.496,356.0097,0,0,0,2.054888,1.224233,163.6737,-0.02552,0.233708,0.971972,2.044884,1.315845,164.0547,-995,0,0,0.5,0.5,0.5,0.5,0.936877,0.814685,Invalid
33:48.7,1909,24.4141,2.058239,1.224211,163.7351,346.5152,358.5194,356.0597,0,0,0,2.058239,1.224211,163.7351,-0.025126,0.233187,0.972107,2.04839,1.315611,164.1161,-995,0,0,0.5,0.5,0.5,0.5,0.967681,0.924095,Invalid
33:48.7,1910,24.4297,2.06004,1.224178,163.7657,346.5412,358.5282,356.1097,0,0,0,2.06004,1.224178,163.7657,-0.024979,0.232745,0.972217,2.05025,1.315396,164.1468,-995,0,0,0.5,0.5,0.5,0.5,0.967681,0.924095,Invalid
33:48.7,1911,24.4429,2.061813,1.224154,163.7964,346.5638,358.5363,356.1544,0,0,0,2.061813,1.224154,163.7964,-0.024844,0.232362,0.972312,2.052077,1.315215,164.1775,-995,0,0,0.5,0.5,0.5,0.5,0.983453,0.961137,Invalid
33:48.7,1912,24.4563,2.065228,1.224091,163.8578,346.6164,358.5609,356.2319,0,0,0,2.065228,1.224091,163.8578,-0.024432,0.231469,0.972535,2.055655,1.314781,164.2388,-995,0,0,0.5,0.5,0.5,0.5,0.98941,0.975127,Invalid
33:48.7,1913,24.4708,2.067032,1.224039,163.8884,346.679,358.5622,356.2934,0,0,0,2.067032,1.224039,163.8884,-0.024417,0.230406,0.972788,2.057467,1.314295,164.2695,-995,0,0,0.5,0.5,0.5,0.5,0.98941,0.975127,Invalid
33:48.7,1914,24.4843,2.068747,1.223957,163.9177,346.7462,358.5676,356.3477,0,0,0,2.068747,1.223957,163.9177,-0.024332,0.229266,0.97306,2.059217,1.31374,164.2988,-995,0,0,0.5,0.5,0.5,0.5,0.99653,0.99185,Invalid
33:48.7,1915,24.4927,2.070381,1.223883,163.947,346.7694,358.5793,356.3754,0,0,0,2.070381,1.223883,163.947,-0.024136,0.228871,0.973158,2.06093,1.313505,164.3281,-995,0,0,0.5,0.5,0.5,0.5,0.99653,0.99185,Invalid
33:48.7,1916,24.5081,2.072144,1.223715,163.9762,346.8174,358.5856,356.4449,0,0,0,2.072144,1.223715,163.9762,-0.024032,0.228056,0.973351,2.062735,1.313002,164.3573,-995,0,0,0.5,0.5,0.5,0.5,0.99653,0.99185,Invalid
33:48.8,1917,24.5294,2.075552,1.2236,164.0348,346.9125,358.5973,356.5742,0,0,0,2.075552,1.2236,164.0348,-0.023843,0.226439,0.973733,2.06622,1.312224,164.4159,-995,0,0,0.5,0.5,0.5,0.5,0.998223,0.995827,Invalid
33:48.8,1918,24.5436,2.077326,1.223509,164.064,346.9613,358.5945,356.6489,0,0,0,2.077326,1.223509,164.064,-0.023897,0.225609,0.973925,2.067975,1.311792,164.4451,-995,0,0,0.5,0.5,0.5,0.5,0.999272,0.998291,Invalid
33:48.8,1919,24.5584,2.080549,1.223361,164.1225,346.9921,358.6009,356.6985,0,0,0,2.080549,1.223361,164.1225,-0.02379,0.225086,0.974049,2.071239,1.311445,164.5036,-995,0,0,0.5,0.5,0.5,0.5,0.999272,0.998291,Invalid
33:48.8,1920,24.5725,2.0823,1.223341,164.1517,347.0475,358.6082,356.765,0,0,0,2.0823,1.223341,164.1517,-0.023672,0.224144,0.974269,2.073039,1.311035,164.5329,-995,0,0,0.5,0.5,0.5,0.5,0.999534,0.998906,Invalid
33:48.8,1921,24.5869,2.084015,1.223281,164.1796,347.124,358.6,356.8524,0,0,0,2.084015,1.223281,164.1796,-0.023818,0.222843,0.974563,2.074698,1.310453,164.5608,-995,0,0,0.5,0.5,0.5,0.5,0.999534,0.998906,Invalid
33:48.8,1922,24.6017,2.087259,1.223193,164.2353,347.1736,358.6107,356.9185,0,0,0,2.087259,1.223193,164.2353,-0.023641,0.221997,0.974761,2.078012,1.310031,164.6166,-995,0,0,0.5,0.5,0.5,0.5,0.999534,0.998906,Invalid
33:48.9,1923,24.6166,2.089058,1.223126,164.2632,347.2237,358.6002,356.9924,0,0,0,2.089058,1.223126,164.2632,-0.023825,0.221146,0.97495,2.079739,1.309623,164.6445,-995,0,0,0.5,0.5,0.5,0.5,0.999809,0.999552,Invalid
33:48.9,1924,24.6302,2.090857,1.223106,164.291,347.2666,358.5881,357.062,0,0,0,2.090857,1.223106,164.291,-0.024034,0.220415,0.97511,2.081456,1.309315,164.6724,-995,0,0,0.5,0.5,0.5,0.5,0.999809,0.999552,Invalid
33:48.9,1925,24.6439,2.092676,1.223164,164.3189,347.306,358.5811,357.1627,0,0,0,2.092676,1.223164,164.3189,-0.024157,0.219744,0.975259,2.083228,1.309108,164.7003,-995,0,0,0.5,0.5,0.5,0.5,0.999878,0.999713,Invalid
33:48.9,1926,24.6572,2.095989,1.223126,164.3746,347.3231,358.5691,357.2461,0,0,0,2.095989,1.223126,164.3746,-0.024363,0.219453,0.975319,2.086459,1.308974,164.7561,-995,0,0,0.5,0.5,0.5,0.5,0.999878,0.999713,Invalid
33:48.9,1927,24.671,2.097908,1.22311,164.4024,347.3566,358.5361,357.3608,0,0,0,2.097908,1.22311,164.4024,-0.024928,0.218882,0.975433,2.088155,1.308743,164.784,-995,0,0,0.5,0.5,0.5,0.5,0.99995,0.999883,Invalid
33:48.9,1928,24.6851,2.099667,1.223107,164.4289,347.38,358.4934,357.4439,0,0,0,2.099667,1.223107,164.4289,-0.025657,0.218483,0.975503,2.089628,1.308592,164.8106,-995,0,0,0.5,0.5,0.5,0.5,0.99995,0.999883,Invalid
33:48.9,1929,24.6932,2.101374,1.223089,164.4555,347.3954,358.4475,357.5051,0,0,0,2.101374,1.223089,164.4555,-0.02644,0.218222,0.975541,2.091026,1.308489,164.8372,-995,0,0,0.5,0.5,0.5,0.5,0.99995,0.999883,Invalid
33:48.9,1930,24.7083,2.10322,1.223068,164.482,347.4172,358.3751,357.6035,0,0,0,2.10322,1.223068,164.482,-0.027675,0.21785,0.97559,2.092387,1.308343,164.8638,-995,0,0,0.5,0.5,0.5,0.5,0.99998,0.999952,Invalid
33:49.0,1931,24.7207,2.105072,1.223065,164.5085,347.4145,358.3015,357.6862,0,0,0,2.105072,1.223065,164.5085,-0.028927,0.217897,0.975543,2.093745,1.308388,164.8905,-995,0,0,0.5,0.5,0.5,0.5,0.99998,0.999952,Invalid
33:49.0,1932,24.7333,2.106987,1.223084,164.535,347.4295,358.2126,357.7537,0,0,0,2.106987,1.223084,164.535,-0.030444,0.217641,0.975554,2.095062,1.308331,164.9171,-995,0,0,0.5,0.5,0.5,0.5,0.99999,0.999975,Invalid
33:49.0,1933,24.7452,2.110292,1.22309,164.5881,347.4209,358.1587,357.788,0,0,0,2.110292,1.22309,164.5881,-0.03136,0.217787,0.975492,2.098006,1.308412,164.9703,-995,0,0,0.5,0.5,0.5,0.5,0.99999,0.999975,Invalid
33:49.0,1934,24.7588,2.112387,1.223143,164.6147,347.3671,358.0792,357.8413,0,0,0,2.112387,1.223143,164.6147,-0.032707,0.218704,0.975243,2.099567,1.308862,164.9969,-995,0,0,0.5,0.5,0.5,0.5,0.999996,0.99999,Invalid
33:49.0,1935,24.7721,2.114359,1.22321,164.6412,347.3278,358.0075,357.8704,0,0,0,2.114359,1.22321,164.6412,-0.033922,0.219372,0.975051,2.101059,1.309221,165.0235,-995,0,0,0.5,0.5,0.5,0.5,0.999996,0.99999,Invalid
33:49.0,1936,24.7853,2.116198,1.223239,164.6665,347.2616,357.9591,357.8675,0,0,0,2.116198,1.223239,164.6665,-0.034736,0.2205,0.974768,2.102574,1.309721,165.0488,-995,0,0,0.5,0.5,0.5,0.5,0.999996,0.99999,Invalid
33:49.0,1937,24.7985,2.118124,1.22328,164.6919,347.1734,357.8982,357.8649,0,0,0,2.118124,1.22328,164.6919,-0.035759,0.222002,0.97439,2.104091,1.310396,165.0742,-995,0,0,0.5,0.5,0.5,0.5,0.999998,0.999996,Invalid
33:49.1,1938,24.8131,2.121473,1.223376,164.7426,347.1297,357.8448,357.8719,0,0,0,2.121473,1.223376,164.7426,-0.036661,0.222745,0.974187,2.107083,1.310806,165.125,-995,0,0,0.5,0.5,0.5,0.5,0.999998,0.999996,Invalid
33:49.1,1939,24.8268,2.123438,1.223434,164.7679,347.0641,357.7834,357.8384,0,0,0,2.123438,1.223434,164.7679,-0.037696,0.223862,0.973892,2.108636,1.311338,165.1503,-995,0,0,0.5,0.5,0.5,0.5,0.999999,0.999998,Invalid
33:49.1,1940,24.8413,2.12538,1.223472,164.7932,347.0274,357.7233,357.7969,0,0,0,2.12538,1.223472,164.7932,-0.038712,0.224484,0.973709,2.110174,1.311644,165.1757,-995,0,0,0.5,0.5,0.5,0.5,0.999999,0.999999,Invalid
33:49.1,1941,24.8557,2.128702,1.223457,164.8439,346.9797,357.6823,357.7502,0,0,0,2.128702,1.223457,164.8439,-0.039402,0.225295,0.973493,2.11322,1.311979,165.2264,-995,0,0,0.5,0.5,0.5,0.5,0.999999,0.999999,Invalid
33:49.1,1942,24.8695,2.13064,1.223499,164.8692,346.9732,357.6312,357.6862,0,0,0,2.13064,1.223499,164.8692,-0.040267,0.225407,0.973432,2.114816,1.312078,165.2518,-995,0,0,0.5,0.5,0.5,0.5,1,1,Invalid
33:49.1,1943,24.8859,2.132496,1.223531,164.8934,346.9531,357.5915,357.6079,0,0,0,2.132496,1.223531,164.8934,-0.04094,0.225748,0.973325,2.116405,1.312261,165.2759,-995,0,0,0.5,0.5,0.5,0.5,1,1,Invalid
33:49.1,1944,24.9019,2.135799,1.22352,164.9417,346.9323,357.5555,357.5203,0,0,0,2.135799,1.22352,164.9417,-0.041547,0.226103,0.973217,2.119466,1.312409,165.3243,-995,0,0,0.5,0.5,0.5,0.5,1,1,Invalid
33:49.2,1945,24.9116,2.137476,1.223517,164.9659,346.9292,357.5459,357.4746,0,0,0,2.137476,1.223517,164.9659,-0.041709,0.226154,0.973198,2.121077,1.312436,165.3485,-995,0,0,0.5,0.5,0.5,0.5,1,1,Invalid
33:49.2,1946,24.9245,2.139252,1.223547,164.9901,346.9337,357.5246,357.4113,0,0,0,2.139252,1.223547,164.9901,-0.042072,0.226079,0.9732,2.12271,1.312436,165.3727,-995,0,0,0.5,0.5,0.5,0.5,1,1,Invalid
33:49.2,1947,24.9387,2.141027,1.223503,165.0142,346.9247,357.5072,357.3503,0,0,0,2.141027,1.223503,165.0142,-0.042366,0.226231,0.973152,2.124368,1.312464,165.3969,-995,0,0,0.5,0.5,0.5,0.5,1,1,Invalid
33:49.2,1948,24.9795,2.147436,1.223508,165.1096,346.9639,357.5041,357.2372,0,0,0,2.147436,1.223508,165.1096,-0.042425,0.225564,0.973304,2.130751,1.31222,165.4924,-995,0,0,0.5,0.5,0.5,0.5,1,1,Invalid
33:49.2,1949,24.993,2.149033,1.223498,165.1326,346.9677,357.536,357.2058,0,0,0,2.149033,1.223498,165.1326,-0.041884,0.225501,0.973342,2.132559,1.312193,165.5155,-995,0,0,0.5,0.5,0.5,0.5,1,1,Invalid
33:49.2,1950,25.006,2.150629,1.223465,165.1556,346.9671,357.5411,357.1903,0,0,0,2.150629,1.223465,165.1556,-0.041797,0.225511,0.973344,2.134185,1.312184,165.5385,-995,0,0,0.5,0.5,0.5,0.5,1,1,Invalid
33:49.3,1951,25.0204,2.152107,1.22346,165.1786,346.9736,357.5528,357.1991,0,0,0,2.152107,1.22346,165.1786,-0.041599,0.2254,0.973378,2.135741,1.31214,165.5616,-995,0,0,0.5,0.5,0.5,0.5,1,1,Invalid
33:49.3,1952,25.0295,2.153612,1.223467,165.2017,346.9767,357.5615,357.2032,0,0,0,2.153612,1.223467,165.2017,-0.041453,0.225347,0.973396,2.137302,1.312132,165.5847,-995,0,0,0.5,0.5,0.5,0.5,1,1,Invalid
33:49.3,1953,25.0437,2.155254,1.223478,165.2246,346.9284,357.5743,357.2127,0,0,0,2.155254,1.223478,165.2246,-0.041227,0.226168,0.973216,2.139025,1.312509,165.6077,-995,0,0,0.5,0.5,0.5,0.5,1,1,Invalid
33:49.3,1954,25.0531,2.156734,1.223511,165.2476,346.9247,357.5756,357.2265,0,0,0,2.156734,1.223511,165.2476,-0.041205,0.226232,0.973202,2.140512,1.312576,165.6308,-995,0,0,0.5,0.5,0.5,0.5,1,1,Invalid
33:49.3,1955,25.0675,2.159658,1.223551,165.2936,346.8338,357.6051,357.2082,0,0,0,2.159658,1.223551,165.2936,-0.040689,0.227776,0.972863,2.143631,1.313272,165.6768,-995,0,0,0.5,0.5,0.5,0.5,1,1,Invalid
33:49.3,1956,25.0783,2.161091,1.223602,165.3156,346.7869,357.6095,357.2092,0,0,0,2.161091,1.223602,165.3156,-0.040605,0.228574,0.97268,2.145091,1.313665,165.6988,-995,0,0,0.5,0.5,0.5,0.5,1,1,Invalid
33:49.3,1957,25.0916,2.16258,1.223658,165.3375,346.7239,357.6193,357.2151,0,0,0,2.16258,1.223658,165.3375,-0.040428,0.229644,0.972435,2.146646,1.314172,165.7208,-995,0,0,0.5,0.5,0.5,0.5,1,1,Invalid
33:49.3,1958,25.1043,2.164034,1.223759,165.3595,346.6713,357.6156,357.2087,0,0,0,2.164034,1.223759,165.3595,-0.040483,0.230537,0.972221,2.148071,1.31466,165.7428,-995,0,0,0.5,0.5,0.5,0.5,1,1,Invalid
33:49.4,1959,25.1125,2.165394,1.22379,165.3814,346.6532,357.6201,357.2059,0,0,0,2.165394,1.22379,165.3814,-0.040403,0.230845,0.972151,2.149461,1.314824,165.7648,-995,0,0,0.5,0.5,0.5,0.5,1,1,Invalid
33:49.4,1960,25.1282,2.166807,1.223944,165.4034,346.6011,357.6236,357.1921,0,0,0,2.166807,1.223944,165.4034,-0.040336,0.231729,0.971944,2.150896,1.315354,165.7868,-995,0,0,0.5,0.5,0.5,0.5,1,1,Invalid
33:49.4,1961,25.1419,2.168236,1.22401,165.4253,346.562,357.6221,357.1653,0,0,0,2.168236,1.22401,165.4253,-0.040354,0.232393,0.971785,2.152311,1.315716,165.8088,-995,0,0,0.5,0.5,0.5,0.5,1,1,Invalid
33:49.4,1962,25.1498,2.169617,1.224047,165.4472,346.5432,357.6332,357.1595,0,0,0,2.169617,1.224047,165.4472,-0.040163,0.232712,0.971716,2.153764,1.315897,165.8307,-995,0,0,0.5,0.5,0.5,0.5,1,1,Invalid
33:49.4,1963,25.1657,2.171064,1.224119,165.4691,346.5299,357.6318,357.1055,0,0,0,2.171064,1.224119,165.4691,-0.040184,0.232938,0.971661,2.1552,1.316079,165.8527,-995,0,0,0.5,0.5,0.5,0.5,1,1,Invalid
33:49.4,1964,25.2077,2.176355,1.224165,165.5537,346.544,357.6568,357.0023,0,0,0,2.176355,1.224165,165.5537,-0.039763,0.232698,0.971736,2.160646,1.316095,165.9376,-995,0,0,0.5,0.5,0.5,0.5,1,1,Invalid
33:49.5,1965,25.223,2.178909,1.224162,165.5956,346.552,357.6919,356.97,0,0,0,2.178909,1.224162,165.5956,-0.039169,0.232564,0.971792,2.163431,1.316062,165.9796,-995,0,0,0.5,0.5,0.5,0.5,1,1,Invalid
33:49.5,1966,25.2334,2.180191,1.224164,165.6165,346.5608,357.6966,356.9541,0,0,0,2.180191,1.224164,165.6165,-0.039091,0.232414,0.971831,2.164742,1.316018,166.0005,-995,0,0,0.5,0.5,0.5,0.5,1,1,Invalid
33:49.5,1967,25.2429,2.18018,1.224153,165.6164,346.5622,357.7047,356.9398,0,0,0,2.18018,1.224153,165.6164,-0.038953,0.23239,0.971843,2.164781,1.316017,166.0005,-995,0,0,0.5,0.5,0.5,0.5,1,1,Invalid
33:49.5,1968,25.2505,2.181435,1.224144,165.6372,346.562,357.7169,356.9364,0,0,0,2.181435,1.224144,165.6372,-0.038745,0.232392,0.97185,2.166114,1.316033,166.0215,-995,0,0,0.5,0.5,0.5,0.5,1,1,Invalid
33:49.5,1969,25.2598,2.182674,1.224162,165.658,346.5602,357.7387,356.9278,0,0,0,2.182674,1.224162,165.658,-0.038376,0.232424,0.971857,2.167495,1.316097,166.0424,-995,0,0,0.5,0.5,0.5,0.5,1,1,Invalid
33:49.5,1970,25.2791,2.185061,1.224184,165.6988,346.5446,357.7559,356.9329,0,0,0,2.185061,1.224184,165.6988,-0.038082,0.232687,0.971806,2.169989,1.316273,166.0834,-995,0,0,0.5,0.5,0.5,0.5,1,1,Invalid
33:49.5,1971,25.2921,2.186213,1.22427,165.7187,346.5493,357.7666,356.974,0,0,0,2.186213,1.22427,165.7187,-0.037901,0.232608,0.971832,2.171209,1.31635,166.1034,-995,0,0,0.5,0.5,0.5,0.5,1,1,Invalid
33:49.5,1972,25.3007,2.187378,1.224269,165.7386,346.5448,357.7654,356.9873,0,0,0,2.187378,1.224269,165.7386,-0.037922,0.232685,0.971813,2.172364,1.316395,166.1234,-995,0,0,0.5,0.5,0.5,0.5,1,1,Invalid
33:49.6,1973,25.3108,2.187281,1.224288,165.7385,346.5364,357.7537,357.026,0,0,0,2.187281,1.224288,165.7385,-0.038119,0.232828,0.971771,2.172183,1.316505,166.1234,-995,0,0,0.5,0.5,0.5,0.5,1,1,Invalid
33:49.6,1974,25.3236,2.189621,1.224275,165.7784,346.5273,357.7506,357.0602,0,0,0,2.189621,1.224275,165.7784,-0.038168,0.232982,0.971732,2.174498,1.316586,166.1634,-995,0,0,0.5,0.5,0.5,0.5,1,1,Invalid
33:49.6,1975,25.3388,2.19071,1.224261,165.7983,346.521,357.7289,357.1068,0,0,0,2.19071,1.224261,165.7983,-0.038537,0.233089,0.971692,2.175434,1.316658,166.1834,-995,0,0,0.5,0.5,0.5,0.5,1,1,Invalid
33:49.6,1976,25.3514,2.191799,1.224278,165.8181,346.5226,357.7081,357.1593,0,0,0,2.191799,1.224278,165.8181,-0.03889,0.233062,0.971684,2.176378,1.316697,166.2034,-995,0,0,0.5,0.5,0.5,0.5,1,1,Invalid
33:49.6,1977,25.3703,2.194056,1.224277,165.8579,346.508,357.6691,357.2166,0,0,0,2.194056,1.224277,165.8579,-0.039548,0.233309,0.971598,2.178362,1.316858,166.2434,-995,0,0,0.5,0.5,0.5,0.5,1,1,Invalid
33:49.6,1978,25.3827,2.195074,1.224298,165.8768,346.5216,357.6305,357.2574,0,0,0,2.195074,1.224298,165.8768,-0.040205,0.233079,0.971626,2.179115,1.316819,166.2625,-995,0,0,0.5,0.5,0.5,0.5,1,1,Invalid
33:49.6,1979,25.3908,2.196167,1.224283,165.8958,346.5047,357.5992,357.2728,0,0,0,2.196167,1.224283,165.8958,-0.040733,0.233366,0.971535,2.179992,1.316951,166.2816,-995,0,0,0.5,0.5,0.5,0.5,1,1,Invalid
33:49.6,1980,25.4055,2.197195,1.224311,165.9147,346.506,357.5664,357.3069,0,0,0,2.197195,1.224311,165.9147,-0.04129,0.233344,0.971517,2.180791,1.317013,166.3007,-995,0,0,0.5,0.5,0.5,0.5,1,1,Invalid
33:49.7,1981,25.4189,2.19824,1.224341,165.9337,346.5154,357.5171,357.3568,0,0,0,2.19824,1.224341,165.9337,-0.042127,0.233185,0.97152,2.181497,1.317018,166.3198,-995,0,0,0.5,0.5,0.5,0.5,1,1,Invalid
33:49.7,1982,25.4323,2.199297,1.22433,165.9526,346.4818,357.4751,357.3701,0,0,0,2.199297,1.22433,165.9526,-0.042833,0.233755,0.971352,2.182263,1.31729,166.3389,-995,0,0,0.5,0.5,0.5,0.5,1,1,Invalid
33:49.7,1983,25.4431,2.20042,1.224372,165.9716,346.4822,357.438,357.3955,0,0,0,2.20042,1.224372,165.9716,-0.043462,0.233747,0.971326,2.183131,1.317357,166.358,-995,0,0,0.5,0.5,0.5,0.5,1,1,Invalid
33:49.7,1984,25.4523,2.201508,1.224408,165.9906,346.4799,357.4222,357.4034,0,0,0,2.201508,1.224408,165.9906,-0.04373,0.233787,0.971304,2.184107,1.317434,166.3771,-995,0,0,0.5,0.5,0.5,0.5,1,1,Invalid
33:49.7,1985,25.4653,2.202616,1.22446,166.0095,346.4591,357.3925,357.4174,0,0,0,2.202616,1.22446,166.0095,-0.04423,0.234139,0.971197,2.185009,1.317664,166.3961,-995,0,0,0.5,0.5,0.5,0.5,1,1,Invalid
33:49.7,1986,25.4737,2.20376,1.224483,166.0285,346.4475,357.3802,357.4186,0,0,0,2.20376,1.224483,166.0285,-0.044436,0.234337,0.971139,2.186066,1.317795,166.4152,-995,0,0,0.5,0.5,0.5,0.5,1,1,Invalid
33:49.7,1987,25.4826,2.204842,1.224505,166.0466,346.4384,357.3707,357.4355,0,0,0,2.204842,1.224505,166.0466,-0.044595,0.234491,0.971095,2.187079,1.317905,166.4334,-995,0,0,0.5,0.5,0.5,0.5,1,1,Invalid
33:49.7,1988,25.496,2.205978,1.224514,166.0647,346.4249,357.3694,357.4418,0,0,0,2.205978,1.224514,166.0647,-0.044614,0.234719,0.971039,2.188202,1.318035,166.4516,-995,0,0,0.5,0.5,0.5,0.5,1,1,Invalid
33:49.7,1989,25.5091,2.20709,1.224564,166.0827,346.4286,357.3707,357.4553,0,0,0,2.20709,1.224564,166.0827,-0.044592,0.234658,0.971055,2.189318,1.318088,166.4698,-995,0,0,0.5,0.5,0.5,0.5,1,1,Invalid
33:49.8,1990,25.5176,2.208252,1.224544,166.1008,346.4162,357.3708,357.4622,0,0,0,2.208252,1.224544,166.1008,-0.044589,0.234867,0.971004,2.190475,1.31818,166.4879,-995,0,0,0.5,0.5,0.5,0.5,1,1,Invalid
33:49.8,1991,25.5328,2.209379,1.224575,166.1189,346.4161,357.3848,357.4674,0,0,0,2.209379,1.224575,166.1189,-0.044352,0.234869,0.971015,2.191692,1.318238,166.5061,-995,0,0,0.5,0.5,0.5,0.5,1,1,Invalid
33:49.8,1992,25.5468,2.211678,1.2246,166.1551,346.4001,357.4007,357.4705,0,0,0,2.211678,1.2246,166.1551,-0.04408,0.235141,0.970961,2.194093,1.318402,166.5425,-995,0,0,0.5,0.5,0.5,0.5,1,1,Invalid
33:49.8,1993,25.5818,2.215143,1.224653,166.2086,346.3346,357.468,357.4519,0,0,0,2.215143,1.224653,166.2086,-0.042926,0.236251,0.970744,2.198009,1.318956,166.5961,-995,0,0,0.5,0.5,0.5,0.5,1,1,Invalid
33:49.8,1994,25.595,2.216261,1.224685,166.2259,346.3248,357.4896,357.4722,0,0,0,2.216261,1.224685,166.2259,-0.042559,0.236418,0.970719,2.19927,1.319068,166.6134,-995,0,0,0.5,0.5,0.5,0.5,1,1,Invalid
33:49.9,1995,25.6856,2.225176,1.224755,166.3636,346.2345,357.6336,357.4391,0,0,0,2.225176,1.224755,166.3636,-0.040103,0.237949,0.970449,2.209157,1.319801,166.7512,-995,0,0,0.5,0.5,0.5,0.5,1,1,Invalid
33:49.9,1996,25.697,2.226252,1.224772,166.3802,346.2144,357.6378,357.4787,0,0,0,2.226252,1.224772,166.3802,-0.040029,0.23829,0.970369,2.210262,1.319957,166.7678,-995,0,0,0.5,0.5,0.5,0.5,1,1,Invalid
33:50.0,1997,25.7107,2.227324,1.224837,166.3967,346.1946,357.6608,357.4834,0,0,0,2.227324,1.224837,166.3967,-0.039637,0.238625,0.970303,2.211492,1.320146,166.7843,-995,0,0,0.5,0.5,0.5,0.5,1,1,Invalid
33:50.0,1998,25.7195,2.228397,1.224845,166.4133,346.1881,357.668,357.5025,0,0,0,2.228397,1.224845,166.4133,-0.039514,0.238736,0.97028,2.212616,1.320191,166.8008,-995,0,0,0.5,0.5,0.5,0.5,1,1,Invalid
33:50.0,1999,25.7318,2.229469,1.224833,166.4299,346.1681,357.6828,357.5045,0,0,0,2.229469,1.224833,166.4299,-0.03926,0.239074,0.970207,2.213791,1.320306,166.8174,-995,0,0,0.5,0.5,0.5,0.5,1,1,Invalid
33:50.0,2000,25.7447,2.2316,1.224864,166.463,346.1848,357.6953,357.5108,0,0,0,2.2316,1.224864,166.463,-0.03905,0.238791,0.970286,2.216008,1.320205,166.8504,-995,0,0,0.5,0.5,0.5,0.5,1,1,Invalid
33:50.0,2001,25.7583,2.232687,1.224794,166.4796,346.1781,357.7086,357.5121,0,0,0,2.232687,1.224794,166.4796,-0.038824,0.238905,0.970267,2.217188,1.320165,166.8669,-995,0,0,0.5,0.5,0.5,0.5,1,1,Invalid
33:50.0,2002,25.7731,2.23374,1.224805,166.4961,346.1948,357.7112,357.5074,0,0,0,2.23374,1.224805,166.4961,-0.038782,0.238622,0.970338,2.218261,1.320043,166.8834,-995,0,0,0.5,0.5,0.5,0.5,1,1,Invalid
33:50.0,2003,25.7919,2.235748,1.224784,166.5277,346.2132,357.7188,357.5112,0,0,0,2.235748,1.224784,166.5277,-0.038656,0.238309,0.97042,2.220323,1.319876,166.9149,-995,0,0,0.5,0.5,0.5,0.5,1,1,Invalid
33:50.0,2004,25.8055,2.236723,1.22477,166.5435,346.2236,357.7238,357.5088,0,0,0,2.236723,1.22477,166.5435,-0.038575,0.238133,0.970466,2.221334,1.319767,166.9307,-995,0,0,0.5,0.5,0.5,0.5,1,1,Invalid
33:50.1,2005,25.8826,2.243578,1.224614,166.6537,346.2894,357.6649,357.6058,0,0,0,2.243578,1.224614,166.6537,-0.039583,0.237018,0.970699,2.227811,1.319022,167.0403,-995,0,0,0.5,0.5,0.5,0.5,1,1,Invalid
33:50.1,2006,25.8951,2.244534,1.224541,166.6688,346.3036,357.6454,357.5782,0,0,0,2.244534,1.224541,166.6688,-0.039917,0.236777,0.970744,2.228638,1.318827,167.0553,-995,0,0,0.5,0.5,0.5,0.5,1,1,Invalid
33:50.1,2007,25.9087,2.245466,1.224535,166.6839,346.335,357.6409,357.5782,0,0,0,2.245466,1.224535,166.6839,-0.039997,0.236245,0.97087,2.229546,1.318568,167.0704,-995,0,0,0.5,0.5,0.5,0.5,1,1,Invalid
33:50.2,2008,25.9226,2.247419,1.224499,166.7141,346.3586,357.6295,357.5894,0,0,0,2.247419,1.224499,166.7141,-0.040194,0.235844,0.970959,2.231427,1.318336,167.1004,-995,0,0,0.5,0.5,0.5,0.5,1,1,Invalid
33:50.2,2009,25.9329,2.247387,1.224459,166.7142,346.3778,357.6134,357.588,0,0,0,2.247387,1.224459,166.7142,-0.040471,0.235518,0.971027,2.231289,1.31814,167.1004,-995,0,0,0.5,0.5,0.5,0.5,1,1,Invalid
33:50.2,2010,25.9524,2.249325,1.224396,166.7444,346.4223,357.5931,357.5905,0,0,0,2.249325,1.224396,166.7444,-0.040822,0.234763,0.971195,2.233095,1.317731,167.1305,-995,0,0,0.5,0.5,0.5,0.5,1,1,Invalid
33:50.2,2011,25.9605,2.250263,1.224279,166.7595,346.4557,357.5855,357.5834,0,0,0,2.250263,1.224279,166.7595,-0.040956,0.234197,0.971326,2.233984,1.317367,167.1455,-995,0,0,0.5,0.5,0.5,0.5,1,1,Invalid
33:50.2,2012,25.9699,2.25124,1.22426,166.7745,346.4842,357.5798,357.5826,0,0,0,2.25124,1.22426,166.7745,-0.041058,0.233714,0.971438,2.234924,1.317134,167.1606,-995,0,0,0.5,0.5,0.5,0.5,1,1,Invalid
33:50.2,2013,25.9781,2.252144,1.224228,166.7889,346.5117,357.5802,357.5734,0,0,0,2.252144,1.224228,166.7889,-0.041056,0.233247,0.971551,2.235833,1.316893,167.1749,-995,0,0,0.5,0.5,0.5,0.5,1,1,Invalid
33:50.2,2014,25.9922,2.253061,1.224177,166.8034,346.5471,357.5778,357.5858,0,0,0,2.253061,1.224177,166.8034,-0.041104,0.232647,0.971692,2.236738,1.316565,167.1893,-995,0,0,0.5,0.5,0.5,0.5,1,1,Invalid
33:50.2,2015,26.0053,2.253984,1.224131,166.8178,346.5778,357.5773,357.5854,0,0,0,2.253984,1.224131,166.8178,-0.041118,0.232125,0.971817,2.237661,1.31628,167.2036,-995,0,0,0.5,0.5,0.5,0.5,1,1,Invalid
33:50.3,2016,26.0291,2.255877,1.224093,166.8465,346.5991,357.5744,357.5894,0,0,0,2.255877,1.224093,166.8465,-0.04117,0.231763,0.971901,2.239537,1.316071,167.2323,-995,0,0,0.5,0.5,0.5,0.5,1,1,Invalid
